C0000100,C0005700,predictor_cutoff_year,persistent_violence_contact_age15_25,n_original_bol_features_pre15_by_year
301,1981.0,1996.0,0.0,155
302,1983.0,1998.0,0.0,201
303,1986.0,2001.0,0.0,283
801,1976.0,1991.0,1.0,81
802,1979.0,1994.0,1.0,105
803,1982.0,1997.0,0.0,201
1001,1983.0,1998.0,0.0,201
3001,1982.0,1997.0,0.0,201
3002,1987.0,2002.0,0.0,283
4301,1982.0,1997.0,0.0,201
4401,1981.0,1996.0,0.0,155
4402,1985.0,2000.0,0.0,250
4901,1982.0,1997.0,0.0,201
4902,1987.0,2002.0,0.0,283
5001,1985.0,2000.0,1.0,250
5701,1979.0,1994.0,0.0,105
5801,1981.0,1996.0,0.0,155
5802,1984.0,1999.0,0.0,250
8601,1977.0,1992.0,0.0,82
9201,1982.0,1997.0,0.0,201
9501,1985.0,2000.0,0.0,250
9502,1987.0,2002.0,0.0,283
9601,1980.0,1995.0,0.0,150
9602,1986.0,2001.0,0.0,283
9701,1987.0,2002.0,0.0,283
9801,1987.0,2002.0,0.0,283
9901,1987.0,2002.0,0.0,283
11101,1982.0,1997.0,0.0,201
11102,1983.0,1998.0,0.0,201
11201,1982.0,1997.0,0.0,201
12801,1982.0,1997.0,0.0,201
12802,1986.0,2001.0,0.0,283
14701,1987.0,2002.0,0.0,283
15301,1985.0,2000.0,0.0,250
15302,1986.0,2001.0,0.0,283
15702,1987.0,2002.0,0.0,283
15901,1985.0,2000.0,0.0,250
15902,1987.0,2002.0,0.0,283
17401,1985.0,2000.0,0.0,250
17501,1982.0,1997.0,0.0,201
17502,1983.0,1998.0,0.0,201
17503,1986.0,2001.0,0.0,283
17901,1981.0,1996.0,0.0,155
17902,1983.0,1998.0,0.0,201
18001,1978.0,1993.0,1.0,105
18002,1982.0,1997.0,0.0,201
18003,1984.0,1999.0,0.0,250
18301,1984.0,1999.0,0.0,250
18801,1985.0,2000.0,0.0,250
20001,1983.0,1998.0,1.0,201
20002,1987.0,2002.0,0.0,283
20402,1984.0,1999.0,0.0,250
20501,1978.0,1993.0,0.0,105
20502,1981.0,1996.0,0.0,155
20503,1986.0,2001.0,0.0,283
20801,1975.0,1990.0,0.0,53
22101,1986.0,2001.0,1.0,283
22102,1987.0,2002.0,0.0,283
22401,1974.0,1989.0,0.0,53
22402,1977.0,1992.0,0.0,82
22403,1979.0,1994.0,0.0,105
22701,1975.0,1990.0,0.0,53
22702,1977.0,1992.0,0.0,82
22703,1985.0,2000.0,0.0,250
22801,1980.0,1995.0,0.0,150
22802,1986.0,2001.0,0.0,283
23701,1981.0,1996.0,0.0,155
23901,1980.0,1995.0,1.0,150
23903,1984.0,1999.0,0.0,250
24001,1984.0,1999.0,0.0,250
24002,1986.0,2001.0,0.0,283
24201,1986.0,2001.0,0.0,283
24401,1975.0,1990.0,0.0,53
24402,1979.0,1994.0,0.0,105
24901,1982.0,1997.0,0.0,201
24902,1984.0,1999.0,0.0,250
25001,1982.0,1997.0,0.0,201
25002,1986.0,2001.0,0.0,283
25201,1983.0,1998.0,0.0,201
25401,1981.0,1996.0,1.0,155
25402,1982.0,1997.0,0.0,201
25502,1984.0,1999.0,0.0,250
25503,1987.0,2002.0,0.0,283
25601,1980.0,1995.0,0.0,150
25801,1980.0,1995.0,0.0,150
25802,1981.0,1996.0,0.0,155
26201,1985.0,2000.0,0.0,250
27201,1984.0,1999.0,0.0,250
27801,1987.0,2002.0,0.0,283
28501,1977.0,1992.0,0.0,82
28502,1981.0,1996.0,1.0,155
28503,1985.0,2000.0,1.0,250
28701,1981.0,1996.0,0.0,155
28801,1979.0,1994.0,0.0,105
28802,1986.0,2001.0,0.0,283
28901,1981.0,1996.0,0.0,155
28902,1985.0,2000.0,0.0,250
29001,1979.0,1994.0,0.0,105
29002,1983.0,1998.0,0.0,201
29301,1985.0,2000.0,0.0,250
29401,1983.0,1998.0,0.0,201
29701,1978.0,1993.0,1.0,105
31201,1983.0,1998.0,1.0,201
31202,1985.0,2000.0,0.0,250
31401,1981.0,1996.0,0.0,155
31402,1983.0,1998.0,0.0,201
31404,1986.0,2001.0,0.0,283
33301,1980.0,1995.0,0.0,150
33801,1980.0,1995.0,0.0,150
33901,1981.0,1996.0,0.0,155
34001,1981.0,1996.0,0.0,155
34002,1983.0,1998.0,0.0,201
34301,1978.0,1993.0,0.0,105
37301,1981.0,1996.0,1.0,155
37302,1983.0,1998.0,1.0,201
37401,1980.0,1995.0,0.0,150
37402,1983.0,1998.0,0.0,201
37901,1983.0,1998.0,0.0,201
37902,1985.0,2000.0,0.0,250
37903,1986.0,2001.0,0.0,283
38201,1976.0,1991.0,0.0,81
38202,1983.0,1998.0,0.0,201
38501,1986.0,2001.0,0.0,283
38502,1987.0,2002.0,0.0,283
38801,1987.0,2002.0,0.0,283
39001,1979.0,1994.0,0.0,105
39101,1982.0,1997.0,0.0,201
39102,1985.0,2000.0,1.0,250
39501,1984.0,1999.0,0.0,250
39502,1986.0,2001.0,0.0,283
39701,1976.0,1991.0,0.0,81
39702,1982.0,1997.0,1.0,201
39901,1984.0,1999.0,0.0,250
40101,1982.0,1997.0,1.0,201
40201,1981.0,1996.0,0.0,155
40202,1985.0,2000.0,0.0,250
41401,1986.0,2001.0,0.0,283
41601,1984.0,1999.0,1.0,250
41602,1986.0,2001.0,0.0,283
42501,1976.0,1991.0,0.0,81
42502,1978.0,1993.0,0.0,105
42503,1981.0,1996.0,0.0,155
42701,1980.0,1995.0,0.0,150
42801,1982.0,1997.0,0.0,201
43101,1987.0,2002.0,1.0,283
43701,1981.0,1996.0,0.0,155
43702,1984.0,1999.0,0.0,250
43703,1987.0,2002.0,0.0,283
43801,1987.0,2002.0,0.0,283
44201,1975.0,1990.0,0.0,53
44202,1979.0,1994.0,0.0,105
44203,1982.0,1997.0,0.0,201
44601,1981.0,1996.0,0.0,155
44602,1984.0,1999.0,0.0,250
46501,1984.0,1999.0,1.0,250
46701,1985.0,2000.0,0.0,250
47101,1979.0,1994.0,0.0,105
47102,1981.0,1996.0,0.0,155
47801,1975.0,1990.0,0.0,53
47802,1978.0,1993.0,0.0,105
49901,1981.0,1996.0,0.0,155
50301,1981.0,1996.0,0.0,155
50302,1986.0,2001.0,0.0,283
50701,1985.0,2000.0,0.0,250
50702,1987.0,2002.0,0.0,283
51401,1986.0,2001.0,1.0,283
52201,1978.0,1993.0,1.0,105
52801,1981.0,1996.0,0.0,155
52802,1985.0,2000.0,0.0,250
52901,1982.0,1997.0,0.0,201
52903,1985.0,2000.0,0.0,250
53002,1975.0,1990.0,0.0,53
53003,1977.0,1992.0,1.0,82
53601,1985.0,2000.0,0.0,250
54201,1983.0,1998.0,0.0,201
54601,1981.0,1996.0,0.0,155
54801,1982.0,1997.0,0.0,201
54802,1986.0,2001.0,0.0,283
55001,1980.0,1995.0,0.0,150
55002,1983.0,1998.0,0.0,201
55201,1985.0,2000.0,0.0,250
56301,1979.0,1994.0,0.0,105
56302,1982.0,1997.0,0.0,201
58201,1986.0,2001.0,0.0,283
58501,1979.0,1994.0,1.0,105
58502,1980.0,1995.0,1.0,150
58503,1983.0,1998.0,0.0,201
58801,1979.0,1994.0,0.0,105
58802,1981.0,1996.0,0.0,155
58901,1980.0,1995.0,1.0,150
59001,1978.0,1993.0,0.0,105
59002,1979.0,1994.0,0.0,105
59003,1981.0,1996.0,0.0,155
59004,1983.0,1998.0,0.0,201
61101,1983.0,1998.0,0.0,201
61102,1986.0,2001.0,0.0,283
61401,1978.0,1993.0,0.0,105
61402,1982.0,1997.0,0.0,201
61501,1983.0,1998.0,0.0,201
61802,1980.0,1995.0,0.0,150
61901,1975.0,1990.0,0.0,53
61902,1978.0,1993.0,0.0,105
61903,1980.0,1995.0,0.0,150
62101,1987.0,2002.0,0.0,283
62301,1979.0,1994.0,1.0,105
62302,1983.0,1998.0,0.0,201
62701,1976.0,1991.0,1.0,81
62702,1979.0,1994.0,0.0,105
63201,1978.0,1993.0,0.0,105
63202,1980.0,1995.0,0.0,150
63501,1979.0,1994.0,0.0,105
63502,1982.0,1997.0,0.0,201
64001,1985.0,2000.0,0.0,250
65401,1987.0,2002.0,0.0,283
66801,1983.0,1998.0,0.0,201
67701,1985.0,2000.0,0.0,250
68801,1986.0,2001.0,0.0,283
68901,1986.0,2001.0,0.0,283
69201,1981.0,1996.0,0.0,155
69202,1985.0,2000.0,0.0,250
69601,1980.0,1995.0,0.0,150
69801,1977.0,1992.0,1.0,82
69802,1981.0,1996.0,0.0,155
70301,1980.0,1995.0,0.0,150
70302,1986.0,2001.0,0.0,283
70401,1980.0,1995.0,0.0,150
70402,1984.0,1999.0,0.0,250
70601,1976.0,1991.0,0.0,81
70603,1985.0,2000.0,0.0,250
70604,1987.0,2002.0,0.0,283
70801,1980.0,1995.0,0.0,150
71201,1983.0,1998.0,0.0,201
71202,1986.0,2001.0,0.0,283
71301,1987.0,2002.0,1.0,283
72001,1980.0,1995.0,0.0,150
72002,1982.0,1997.0,0.0,201
72101,1986.0,2001.0,0.0,283
72401,1985.0,2000.0,0.0,250
73301,1985.0,2000.0,0.0,250
73302,1985.0,2000.0,0.0,250
73601,1984.0,1999.0,0.0,250
73901,1978.0,1993.0,0.0,105
73902,1980.0,1995.0,0.0,150
73903,1987.0,2002.0,0.0,283
74001,1983.0,1998.0,0.0,201
74401,1980.0,1995.0,0.0,150
74601,1987.0,2002.0,0.0,283
75501,1978.0,1993.0,0.0,105
75502,1981.0,1996.0,0.0,155
75601,1983.0,1998.0,0.0,201
75602,1984.0,1999.0,0.0,250
75701,1980.0,1995.0,1.0,150
75801,1983.0,1998.0,0.0,201
75901,1977.0,1992.0,1.0,82
75902,1982.0,1997.0,0.0,201
76101,1979.0,1994.0,1.0,105
76102,1983.0,1998.0,1.0,201
76401,1982.0,1997.0,0.0,201
76402,1986.0,2001.0,0.0,283
76801,1979.0,1994.0,1.0,105
77001,1980.0,1995.0,1.0,150
77002,1983.0,1998.0,1.0,201
77502,1986.0,2001.0,1.0,283
78301,1981.0,1996.0,0.0,155
78901,1981.0,1996.0,0.0,155
79201,1982.0,1997.0,0.0,201
79202,1985.0,2000.0,0.0,250
80101,1981.0,1996.0,0.0,155
80102,1984.0,1999.0,1.0,250
80103,1987.0,2002.0,0.0,283
80301,1981.0,1996.0,1.0,155
80302,1987.0,2002.0,1.0,283
80401,1986.0,2001.0,0.0,283
80402,1987.0,2002.0,0.0,283
81201,1985.0,2000.0,0.0,250
81202,1987.0,2002.0,0.0,283
81401,1982.0,1997.0,0.0,201
81402,1985.0,2000.0,0.0,250
83001,1979.0,1994.0,0.0,105
83101,1984.0,1999.0,0.0,250
83102,1987.0,2002.0,0.0,283
83401,1983.0,1998.0,0.0,201
83502,1986.0,2001.0,0.0,283
83601,1979.0,1994.0,1.0,105
84101,1981.0,1996.0,1.0,155
84102,1986.0,2001.0,0.0,283
84201,1978.0,1993.0,0.0,105
84301,1982.0,1997.0,0.0,201
84501,1976.0,1991.0,0.0,81
84503,1986.0,2001.0,0.0,283
84801,1979.0,1994.0,0.0,105
85201,1981.0,1996.0,0.0,155
85401,1985.0,2000.0,0.0,250
85501,1983.0,1998.0,0.0,201
85502,1986.0,2001.0,0.0,283
85601,1983.0,1998.0,0.0,201
85602,1985.0,2000.0,0.0,250
86201,1978.0,1993.0,0.0,105
86202,1981.0,1996.0,0.0,155
86601,1985.0,2000.0,0.0,250
86602,1987.0,2002.0,0.0,283
88001,1982.0,1997.0,0.0,201
88002,1984.0,1999.0,0.0,250
88003,1986.0,2001.0,0.0,283
88701,1987.0,2002.0,0.0,283
88901,1979.0,1994.0,0.0,105
88902,1984.0,1999.0,0.0,250
89301,1984.0,1999.0,0.0,250
89302,1986.0,2001.0,0.0,283
89601,1987.0,2002.0,0.0,283
91201,1984.0,1999.0,0.0,250
91202,1987.0,2002.0,0.0,283
91801,1987.0,2002.0,0.0,283
92301,1983.0,1998.0,0.0,201
92302,1987.0,2002.0,0.0,283
92801,1981.0,1996.0,0.0,155
92802,1984.0,1999.0,0.0,250
93003,1979.0,1994.0,0.0,105
93004,1981.0,1996.0,0.0,155
93201,1977.0,1992.0,0.0,82
93202,1980.0,1995.0,0.0,150
93501,1984.0,1999.0,0.0,250
93502,1985.0,2000.0,0.0,250
93601,1986.0,2001.0,0.0,283
93902,1981.0,1996.0,0.0,155
93903,1984.0,1999.0,0.0,250
93904,1986.0,2001.0,0.0,283
94001,1982.0,1997.0,0.0,201
94002,1984.0,1999.0,0.0,250
94901,1983.0,1998.0,0.0,201
94902,1984.0,1999.0,0.0,250
95201,1982.0,1997.0,0.0,201
95301,1978.0,1993.0,0.0,105
95302,1984.0,1999.0,1.0,250
96201,1983.0,1998.0,0.0,201
97502,1985.0,2000.0,0.0,250
97801,1984.0,1999.0,0.0,250
97802,1987.0,2002.0,0.0,283
97901,1981.0,1996.0,0.0,155
97902,1984.0,1999.0,0.0,250
99201,1977.0,1992.0,0.0,82
99202,1979.0,1994.0,0.0,105
99203,1981.0,1996.0,0.0,155
99502,1979.0,1994.0,0.0,105
99802,1987.0,2002.0,0.0,283
99901,1984.0,1999.0,0.0,250
99902,1986.0,2001.0,0.0,283
100501,1979.0,1994.0,0.0,105
100502,1981.0,1996.0,0.0,155
100503,1986.0,2001.0,0.0,283
100901,1976.0,1991.0,0.0,81
101501,1984.0,1999.0,0.0,250
101502,1986.0,2001.0,0.0,283
102503,1980.0,1995.0,0.0,150
102504,1982.0,1997.0,0.0,201
102505,1983.0,1998.0,1.0,201
103001,1979.0,1994.0,1.0,105
103002,1983.0,1998.0,0.0,201
103003,1987.0,2002.0,0.0,283
103301,1985.0,2000.0,0.0,250
103401,1973.0,1988.0,1.0,24
103403,1978.0,1993.0,0.0,105
103501,1984.0,1999.0,0.0,250
103502,1985.0,2000.0,0.0,250
104001,1985.0,2000.0,0.0,250
104801,1977.0,1992.0,0.0,82
104802,1980.0,1995.0,0.0,150
105601,1980.0,1995.0,0.0,150
105701,1973.0,1988.0,0.0,24
105702,1976.0,1991.0,0.0,81
105703,1978.0,1993.0,0.0,105
105704,1980.0,1995.0,0.0,150
106301,1978.0,1993.0,0.0,105
106302,1983.0,1998.0,0.0,201
106501,1984.0,1999.0,0.0,250
106901,1982.0,1997.0,0.0,201
106902,1985.0,2000.0,0.0,250
107001,1975.0,1990.0,0.0,53
107002,1981.0,1996.0,0.0,155
107003,1982.0,1997.0,0.0,201
107101,1979.0,1994.0,0.0,105
107102,1984.0,1999.0,0.0,250
107103,1985.0,2000.0,0.0,250
107601,1982.0,1997.0,0.0,201
107901,1980.0,1995.0,0.0,150
108001,1987.0,2002.0,1.0,283
108302,1987.0,2002.0,0.0,283
109001,1980.0,1995.0,0.0,150
109002,1982.0,1997.0,0.0,201
110101,1985.0,2000.0,0.0,250
111101,1976.0,1991.0,0.0,81
111102,1985.0,2000.0,0.0,250
111201,1984.0,1999.0,0.0,250
111202,1986.0,2001.0,0.0,283
111801,1985.0,2000.0,1.0,250
112301,1977.0,1992.0,0.0,82
112302,1978.0,1993.0,0.0,105
112304,1986.0,2001.0,0.0,283
113101,1987.0,2002.0,0.0,283
113201,1985.0,2000.0,0.0,250
114101,1984.0,1999.0,0.0,250
114102,1985.0,2000.0,0.0,250
115201,1981.0,1996.0,0.0,155
115202,1986.0,2001.0,0.0,283
115501,1981.0,1996.0,0.0,155
115701,1979.0,1994.0,0.0,105
115801,1985.0,2000.0,0.0,250
115802,1987.0,2002.0,0.0,283
116001,1984.0,1999.0,0.0,250
116101,1975.0,1990.0,0.0,53
116102,1978.0,1993.0,0.0,105
116301,1980.0,1995.0,0.0,150
116302,1986.0,2001.0,0.0,283
116401,1981.0,1996.0,0.0,155
116501,1979.0,1994.0,0.0,105
116502,1981.0,1996.0,0.0,155
116503,1982.0,1997.0,0.0,201
116601,1984.0,1999.0,0.0,250
116801,1981.0,1996.0,1.0,155
117001,1985.0,2000.0,0.0,250
117202,1984.0,1999.0,0.0,250
117901,1985.0,2000.0,0.0,250
118101,1983.0,1998.0,0.0,201
118402,1987.0,2002.0,0.0,283
118701,1987.0,2002.0,0.0,283
118901,1975.0,1990.0,0.0,53
118902,1977.0,1992.0,0.0,82
119101,1983.0,1998.0,0.0,201
119901,1977.0,1992.0,0.0,82
120201,1982.0,1997.0,0.0,201
120701,1979.0,1994.0,0.0,105
120702,1984.0,1999.0,0.0,250
120901,1976.0,1991.0,0.0,81
120902,1984.0,1999.0,0.0,250
120903,1987.0,2002.0,0.0,283
121001,1975.0,1990.0,1.0,53
121002,1977.0,1992.0,0.0,82
121003,1986.0,2001.0,0.0,283
121201,1974.0,1989.0,0.0,53
121302,1983.0,1998.0,0.0,201
121401,1982.0,1997.0,0.0,201
121601,1977.0,1992.0,0.0,82
121603,1981.0,1996.0,0.0,155
122001,1984.0,1999.0,0.0,250
122101,1975.0,1990.0,0.0,53
122102,1981.0,1996.0,0.0,155
122401,1976.0,1991.0,0.0,81
122403,1987.0,2002.0,0.0,283
122501,1973.0,1988.0,0.0,24
122502,1982.0,1997.0,1.0,201
122601,1973.0,1988.0,1.0,24
122602,1982.0,1997.0,0.0,201
122701,1975.0,1990.0,0.0,53
122702,1977.0,1992.0,0.0,82
122704,1986.0,2001.0,0.0,283
123001,1979.0,1994.0,0.0,105
123002,1983.0,1998.0,0.0,201
123301,1980.0,1995.0,0.0,150
123302,1985.0,2000.0,0.0,250
123801,1978.0,1993.0,0.0,105
123802,1980.0,1995.0,1.0,150
123803,1981.0,1996.0,0.0,155
123804,1984.0,1999.0,0.0,250
123805,1987.0,2002.0,0.0,283
124103,1987.0,2002.0,0.0,283
124401,1982.0,1997.0,0.0,201
124402,1985.0,2000.0,0.0,250
124403,1986.0,2001.0,0.0,283
124601,1984.0,1999.0,0.0,250
124602,1985.0,2000.0,1.0,250
125001,1979.0,1994.0,0.0,105
125002,1985.0,2000.0,0.0,250
125101,1981.0,1996.0,0.0,155
125301,1987.0,2002.0,0.0,283
125801,1985.0,2000.0,0.0,250
125901,1983.0,1998.0,0.0,201
126301,1985.0,2000.0,0.0,250
126901,1982.0,1997.0,0.0,201
127901,1983.0,1998.0,0.0,201
129001,1975.0,1990.0,0.0,53
129002,1985.0,2000.0,0.0,250
129301,1974.0,1989.0,0.0,53
129302,1982.0,1997.0,0.0,201
129303,1984.0,1999.0,0.0,250
129601,1985.0,2000.0,0.0,250
129701,1977.0,1992.0,0.0,82
129702,1981.0,1996.0,0.0,155
130401,1986.0,2001.0,0.0,283
130501,1986.0,2001.0,0.0,283
130601,1982.0,1997.0,0.0,201
130602,1986.0,2001.0,0.0,283
130801,1977.0,1992.0,0.0,82
131201,1977.0,1992.0,0.0,82
131301,1981.0,1996.0,0.0,155
132201,1985.0,2000.0,0.0,250
132401,1986.0,2001.0,0.0,283
132701,1987.0,2002.0,0.0,283
132801,1987.0,2002.0,0.0,283
134101,1979.0,1994.0,0.0,105
134103,1987.0,2002.0,0.0,283
134301,1980.0,1995.0,0.0,150
134302,1984.0,1999.0,0.0,250
135201,1980.0,1995.0,0.0,150
135202,1981.0,1996.0,0.0,155
135203,1985.0,2000.0,0.0,250
136101,1983.0,1998.0,1.0,201
137501,1987.0,2002.0,0.0,283
137601,1975.0,1990.0,0.0,53
137602,1983.0,1998.0,0.0,201
137603,1985.0,2000.0,0.0,250
137701,1980.0,1995.0,0.0,150
137702,1985.0,2000.0,0.0,250
138101,1982.0,1997.0,0.0,201
138102,1985.0,2000.0,1.0,250
138801,1983.0,1998.0,0.0,201
138804,1987.0,2002.0,0.0,283
139101,1977.0,1992.0,0.0,82
139102,1979.0,1994.0,0.0,105
139103,1980.0,1995.0,0.0,150
139401,1980.0,1995.0,0.0,150
139402,1982.0,1997.0,0.0,201
139802,1985.0,2000.0,0.0,250
139901,1987.0,2002.0,0.0,283
140001,1980.0,1995.0,0.0,150
140601,1978.0,1993.0,1.0,105
140604,1982.0,1997.0,0.0,201
140606,1985.0,2000.0,0.0,250
140901,1983.0,1998.0,0.0,201
140902,1986.0,2001.0,0.0,283
141001,1980.0,1995.0,0.0,150
141101,1983.0,1998.0,1.0,201
141201,1982.0,1997.0,1.0,201
141401,1976.0,1991.0,0.0,81
141402,1977.0,1992.0,0.0,82
141403,1981.0,1996.0,0.0,155
141404,1983.0,1998.0,0.0,201
141405,1984.0,1999.0,0.0,250
141501,1977.0,1992.0,0.0,82
141502,1979.0,1994.0,0.0,105
141503,1981.0,1996.0,1.0,155
141504,1982.0,1997.0,0.0,201
141505,1983.0,1998.0,1.0,201
141506,1984.0,1999.0,0.0,250
141601,1979.0,1994.0,1.0,105
141602,1981.0,1996.0,1.0,155
141603,1982.0,1997.0,0.0,201
141901,1980.0,1995.0,0.0,150
141902,1983.0,1998.0,0.0,201
142301,1978.0,1993.0,0.0,105
142302,1979.0,1994.0,0.0,105
142303,1981.0,1996.0,0.0,155
142304,1983.0,1998.0,0.0,201
143501,1986.0,2001.0,0.0,283
143601,1983.0,1998.0,0.0,201
143602,1986.0,2001.0,0.0,283
143603,1987.0,2002.0,0.0,283
143701,1983.0,1998.0,0.0,201
143702,1985.0,2000.0,0.0,250
143703,1986.0,2001.0,0.0,283
143801,1977.0,1992.0,0.0,82
143802,1985.0,2000.0,0.0,250
144001,1980.0,1995.0,0.0,150
144002,1983.0,1998.0,1.0,201
144003,1984.0,1999.0,0.0,250
144004,1985.0,2000.0,0.0,250
144201,1986.0,2001.0,0.0,283
144301,1983.0,1998.0,0.0,201
144302,1985.0,2000.0,0.0,250
144601,1983.0,1998.0,1.0,201
145101,1979.0,1994.0,0.0,105
145102,1981.0,1996.0,0.0,155
145402,1985.0,2000.0,0.0,250
145501,1973.0,1988.0,0.0,24
145502,1976.0,1991.0,0.0,81
145503,1977.0,1992.0,0.0,82
145504,1978.0,1993.0,0.0,105
145901,1983.0,1998.0,0.0,201
146501,1984.0,1999.0,0.0,250
146902,1977.0,1992.0,0.0,82
146903,1982.0,1997.0,0.0,201
147001,1978.0,1993.0,0.0,105
147002,1979.0,1994.0,0.0,105
147401,1981.0,1996.0,0.0,155
147402,1984.0,1999.0,0.0,250
148201,1976.0,1991.0,0.0,81
148202,1978.0,1993.0,0.0,105
148203,1979.0,1994.0,1.0,105
148401,1981.0,1996.0,0.0,155
148901,1980.0,1995.0,0.0,150
148903,1987.0,2002.0,0.0,283
149001,1983.0,1998.0,0.0,201
149101,1980.0,1995.0,0.0,150
149102,1983.0,1998.0,0.0,201
149301,1981.0,1996.0,0.0,155
149302,1986.0,2001.0,0.0,283
149401,1980.0,1995.0,0.0,150
149402,1984.0,1999.0,0.0,250
149403,1985.0,2000.0,1.0,250
149501,1977.0,1992.0,1.0,82
149502,1981.0,1996.0,0.0,155
149901,1983.0,1998.0,0.0,201
152401,1980.0,1995.0,0.0,150
152402,1981.0,1996.0,0.0,155
152403,1983.0,1998.0,1.0,201
152501,1976.0,1991.0,0.0,81
152503,1982.0,1997.0,0.0,201
152504,1984.0,1999.0,0.0,250
153201,1982.0,1997.0,1.0,201
153301,1983.0,1998.0,0.0,201
153402,1986.0,2001.0,0.0,283
153801,1985.0,2000.0,1.0,250
153901,1983.0,1998.0,0.0,201
153902,1986.0,2001.0,0.0,283
154101,1983.0,1998.0,0.0,201
154102,1985.0,2000.0,0.0,250
154401,1979.0,1994.0,1.0,105
154402,1981.0,1996.0,1.0,155
154603,1986.0,2001.0,0.0,283
154801,1978.0,1993.0,0.0,105
154802,1983.0,1998.0,0.0,201
154901,1982.0,1997.0,0.0,201
154902,1984.0,1999.0,0.0,250
154903,1986.0,2001.0,0.0,283
155101,1980.0,1995.0,1.0,150
155102,1981.0,1996.0,0.0,155
155201,1977.0,1992.0,0.0,82
155801,1983.0,1998.0,1.0,201
155901,1977.0,1992.0,0.0,82
155902,1979.0,1994.0,0.0,105
156601,1980.0,1995.0,0.0,150
156602,1981.0,1996.0,0.0,155
156603,1982.0,1997.0,1.0,201
156604,1985.0,2000.0,0.0,250
156605,1987.0,2002.0,0.0,283
157101,1982.0,1997.0,0.0,201
158101,1983.0,1998.0,0.0,201
158301,1977.0,1992.0,0.0,82
158302,1979.0,1994.0,1.0,105
158401,1984.0,1999.0,0.0,250
158402,1987.0,2002.0,1.0,283
158701,1986.0,2001.0,0.0,283
159201,1985.0,2000.0,0.0,250
159601,1978.0,1993.0,1.0,105
159602,1980.0,1995.0,0.0,150
159603,1981.0,1996.0,0.0,155
159604,1984.0,1999.0,0.0,250
159605,1986.0,2001.0,0.0,283
159606,1986.0,2001.0,0.0,283
159607,1987.0,2002.0,0.0,283
159901,1981.0,1996.0,0.0,155
160001,1973.0,1988.0,0.0,24
160002,1977.0,1992.0,0.0,82
160003,1980.0,1995.0,0.0,150
160004,1981.0,1996.0,1.0,155
160801,1975.0,1990.0,0.0,53
160901,1976.0,1991.0,0.0,81
160902,1980.0,1995.0,0.0,150
161001,1977.0,1992.0,0.0,82
161002,1979.0,1994.0,0.0,105
161601,1979.0,1994.0,0.0,105
161602,1982.0,1997.0,0.0,201
161701,1982.0,1997.0,0.0,201
161702,1984.0,1999.0,1.0,250
161703,1986.0,2001.0,0.0,283
162301,1986.0,2001.0,0.0,283
162901,1984.0,1999.0,0.0,250
163801,1980.0,1995.0,0.0,150
163802,1982.0,1997.0,0.0,201
163803,1987.0,2002.0,0.0,283
164001,1984.0,1999.0,0.0,250
164201,1982.0,1997.0,0.0,201
164202,1985.0,2000.0,0.0,250
164901,1983.0,1998.0,0.0,201
165001,1982.0,1997.0,1.0,201
165201,1985.0,2000.0,0.0,250
165501,1986.0,2001.0,1.0,283
165601,1985.0,2000.0,0.0,250
166101,1985.0,2000.0,0.0,250
166201,1981.0,1996.0,1.0,155
166601,1986.0,2001.0,0.0,283
167401,1981.0,1996.0,0.0,155
167601,1987.0,2002.0,0.0,283
168301,1982.0,1997.0,0.0,201
169001,1977.0,1992.0,0.0,82
169002,1978.0,1993.0,0.0,105
169003,1984.0,1999.0,0.0,250
169004,1985.0,2000.0,0.0,250
170401,1981.0,1996.0,0.0,155
170402,1982.0,1997.0,0.0,201
170403,1987.0,2002.0,0.0,283
170501,1985.0,2000.0,0.0,250
172001,1981.0,1996.0,0.0,155
172301,1987.0,2002.0,0.0,283
172501,1987.0,2002.0,0.0,283
172601,1985.0,2000.0,0.0,250
172901,1975.0,1990.0,0.0,53
172902,1977.0,1992.0,0.0,82
173301,1987.0,2002.0,0.0,283
173501,1987.0,2002.0,0.0,283
174701,1980.0,1995.0,0.0,150
175101,1982.0,1997.0,0.0,201
175201,1983.0,1998.0,0.0,201
175401,1979.0,1994.0,0.0,105
175404,1986.0,2001.0,0.0,283
176001,1976.0,1991.0,0.0,81
176002,1980.0,1995.0,0.0,150
176601,1982.0,1997.0,0.0,201
176901,1983.0,1998.0,0.0,201
176902,1987.0,2002.0,0.0,283
177002,1985.0,2000.0,0.0,250
177801,1979.0,1994.0,0.0,105
177802,1983.0,1998.0,0.0,201
178501,1980.0,1995.0,0.0,150
178502,1982.0,1997.0,0.0,201
178601,1982.0,1997.0,0.0,201
178602,1984.0,1999.0,0.0,250
178603,1986.0,2001.0,0.0,283
178901,1980.0,1995.0,0.0,150
178902,1981.0,1996.0,0.0,155
179401,1985.0,2000.0,0.0,250
179501,1976.0,1991.0,0.0,81
179502,1979.0,1994.0,0.0,105
179701,1980.0,1995.0,0.0,150
180401,1986.0,2001.0,0.0,283
180801,1982.0,1997.0,0.0,201
180802,1986.0,2001.0,0.0,283
181401,1980.0,1995.0,0.0,150
181501,1979.0,1994.0,0.0,105
181502,1984.0,1999.0,0.0,250
181602,1980.0,1995.0,0.0,150
181603,1984.0,1999.0,0.0,250
181801,1978.0,1993.0,0.0,105
182401,1975.0,1990.0,0.0,53
182402,1976.0,1991.0,0.0,81
182501,1974.0,1989.0,0.0,53
182502,1975.0,1990.0,0.0,53
182503,1976.0,1991.0,0.0,81
182504,1978.0,1993.0,0.0,105
182601,1981.0,1996.0,0.0,155
182602,1984.0,1999.0,0.0,250
182801,1982.0,1997.0,1.0,201
182901,1977.0,1992.0,0.0,82
182902,1980.0,1995.0,1.0,150
183301,1975.0,1990.0,0.0,53
183302,1977.0,1992.0,1.0,82
183303,1983.0,1998.0,1.0,201
183801,1982.0,1997.0,0.0,201
183803,1987.0,2002.0,0.0,283
183901,1985.0,2000.0,0.0,250
183902,1987.0,2002.0,0.0,283
184001,1978.0,1993.0,0.0,105
184401,1981.0,1996.0,0.0,155
184402,1983.0,1998.0,0.0,201
184403,1984.0,1999.0,0.0,250
184404,1986.0,2001.0,0.0,283
184701,1980.0,1995.0,1.0,150
184801,1985.0,2000.0,1.0,250
184802,1987.0,2002.0,0.0,283
185301,1985.0,2000.0,0.0,250
185302,1987.0,2002.0,0.0,283
185601,1983.0,1998.0,0.0,201
185801,1983.0,1998.0,0.0,201
185802,1987.0,2002.0,0.0,283
186201,1979.0,1994.0,1.0,105
186203,1981.0,1996.0,1.0,155
186204,1983.0,1998.0,0.0,201
186301,1987.0,2002.0,0.0,283
186501,1984.0,1999.0,0.0,250
186601,1987.0,2002.0,0.0,283
186801,1980.0,1995.0,0.0,150
186802,1982.0,1997.0,0.0,201
187001,1984.0,1999.0,0.0,250
187601,1977.0,1992.0,0.0,82
187602,1978.0,1993.0,0.0,105
187603,1983.0,1998.0,0.0,201
187801,1978.0,1993.0,0.0,105
187802,1983.0,1998.0,0.0,201
190001,1980.0,1995.0,0.0,150
190002,1982.0,1997.0,0.0,201
190401,1980.0,1995.0,0.0,150
190402,1985.0,2000.0,0.0,250
192601,1986.0,2001.0,0.0,283
192701,1984.0,1999.0,0.0,250
192702,1986.0,2001.0,0.0,283
192801,1975.0,1990.0,0.0,53
192802,1979.0,1994.0,1.0,105
192803,1982.0,1997.0,0.0,201
193801,1987.0,2002.0,0.0,283
194001,1986.0,2001.0,0.0,283
195401,1985.0,2000.0,0.0,250
195402,1987.0,2002.0,0.0,283
196001,1987.0,2002.0,0.0,283
196201,1980.0,1995.0,0.0,150
196202,1984.0,1999.0,0.0,250
196501,1979.0,1994.0,0.0,105
196502,1981.0,1996.0,1.0,155
198001,1984.0,1999.0,0.0,250
198002,1986.0,2001.0,0.0,283
199001,1981.0,1996.0,0.0,155
199002,1983.0,1998.0,0.0,201
199301,1978.0,1993.0,0.0,105
199302,1985.0,2000.0,0.0,250
199401,1979.0,1994.0,1.0,105
199402,1983.0,1998.0,0.0,201
199701,1980.0,1995.0,1.0,150
199702,1982.0,1997.0,0.0,201
200201,1977.0,1992.0,0.0,82
200202,1981.0,1996.0,0.0,155
200203,1982.0,1997.0,0.0,201
200204,1984.0,1999.0,0.0,250
200205,1987.0,2002.0,0.0,283
201201,1982.0,1997.0,0.0,201
201202,1985.0,2000.0,0.0,250
201203,1985.0,2000.0,0.0,250
201302,1987.0,2002.0,0.0,283
202101,1977.0,1992.0,0.0,82
202102,1982.0,1997.0,0.0,201
202103,1986.0,2001.0,0.0,283
202701,1980.0,1995.0,0.0,150
202702,1981.0,1996.0,0.0,155
205401,1978.0,1993.0,0.0,105
205402,1980.0,1995.0,0.0,150
205701,1984.0,1999.0,1.0,250
205702,1986.0,2001.0,0.0,283
205801,1987.0,2002.0,0.0,283
206201,1984.0,1999.0,0.0,250
206301,1981.0,1996.0,0.0,155
206401,1983.0,1998.0,0.0,201
206601,1982.0,1997.0,0.0,201
207001,1985.0,2000.0,0.0,250
207201,1986.0,2001.0,0.0,283
207401,1982.0,1997.0,0.0,201
207402,1984.0,1999.0,0.0,250
207601,1979.0,1994.0,0.0,105
207602,1981.0,1996.0,0.0,155
207603,1982.0,1997.0,0.0,201
207701,1973.0,1988.0,0.0,24
207703,1975.0,1990.0,0.0,53
207901,1983.0,1998.0,0.0,201
208201,1985.0,2000.0,0.0,250
209401,1975.0,1990.0,0.0,53
209402,1977.0,1992.0,0.0,82
209403,1978.0,1993.0,0.0,105
209801,1984.0,1999.0,0.0,250
210201,1975.0,1990.0,0.0,53
210202,1977.0,1992.0,0.0,82
210203,1979.0,1994.0,0.0,105
210204,1982.0,1997.0,0.0,201
210205,1987.0,2002.0,0.0,283
210301,1983.0,1998.0,0.0,201
210302,1985.0,2000.0,0.0,250
210303,1987.0,2002.0,0.0,283
210401,1980.0,1995.0,0.0,150
210402,1982.0,1997.0,0.0,201
210501,1974.0,1989.0,0.0,53
210502,1985.0,2000.0,0.0,250
211201,1977.0,1992.0,0.0,82
211202,1980.0,1995.0,0.0,150
211901,1976.0,1991.0,0.0,81
211902,1978.0,1993.0,0.0,105
211903,1981.0,1996.0,1.0,155
211904,1983.0,1998.0,0.0,201
212001,1984.0,1999.0,0.0,250
212101,1978.0,1993.0,0.0,105
212102,1980.0,1995.0,0.0,150
212501,1982.0,1997.0,0.0,201
212502,1985.0,2000.0,0.0,250
212801,1985.0,2000.0,0.0,250
213001,1980.0,1995.0,1.0,150
213002,1984.0,1999.0,0.0,250
213101,1980.0,1995.0,1.0,150
213201,1985.0,2000.0,0.0,250
213401,1980.0,1995.0,0.0,150
213402,1983.0,1998.0,1.0,201
213701,1982.0,1997.0,0.0,201
213702,1985.0,2000.0,0.0,250
215301,1984.0,1999.0,0.0,250
215302,1987.0,2002.0,0.0,283
215303,1987.0,2002.0,0.0,283
215401,1986.0,2001.0,0.0,283
215801,1975.0,1990.0,0.0,53
215802,1981.0,1996.0,0.0,155
216101,1976.0,1991.0,0.0,81
216102,1981.0,1996.0,0.0,155
217401,1980.0,1995.0,0.0,150
217501,1976.0,1991.0,0.0,81
217502,1984.0,1999.0,0.0,250
217901,1980.0,1995.0,0.0,150
217903,1984.0,1999.0,0.0,250
219001,1982.0,1997.0,0.0,201
219002,1984.0,1999.0,0.0,250
219301,1981.0,1996.0,0.0,155
219302,1977.0,1992.0,0.0,82
219601,1975.0,1990.0,0.0,53
219602,1977.0,1992.0,0.0,82
220601,1978.0,1993.0,0.0,105
220602,1981.0,1996.0,0.0,155
220603,1982.0,1997.0,0.0,201
221001,1984.0,1999.0,1.0,250
221002,1986.0,2001.0,0.0,283
221101,1984.0,1999.0,0.0,250
221201,1986.0,2001.0,0.0,283
221401,1983.0,1998.0,0.0,201
221701,1977.0,1992.0,0.0,82
221702,1985.0,2000.0,0.0,250
222401,1987.0,2002.0,0.0,283
223401,1986.0,2001.0,0.0,283
223701,1987.0,2002.0,0.0,283
224001,1980.0,1995.0,0.0,150
224002,1983.0,1998.0,0.0,201
224003,1987.0,2002.0,0.0,283
224301,1984.0,1999.0,0.0,250
224302,1986.0,2001.0,0.0,283
224901,1983.0,1998.0,0.0,201
225001,1978.0,1993.0,1.0,105
225002,1979.0,1994.0,0.0,105
225101,1979.0,1994.0,0.0,105
225102,1982.0,1997.0,0.0,201
225301,1978.0,1993.0,1.0,105
225302,1981.0,1996.0,0.0,155
225701,1983.0,1998.0,0.0,201
226001,1980.0,1995.0,0.0,150
226002,1983.0,1998.0,0.0,201
226201,1972.0,1987.0,0.0,24
226202,1974.0,1989.0,0.0,53
226203,1975.0,1990.0,1.0,53
226204,1977.0,1992.0,0.0,82
226205,1978.0,1993.0,0.0,105
226501,1978.0,1993.0,1.0,105
226502,1983.0,1998.0,0.0,201
226701,1976.0,1991.0,1.0,81
226702,1977.0,1992.0,0.0,82
226704,1980.0,1995.0,1.0,150
226705,1981.0,1996.0,0.0,155
226706,1983.0,1998.0,0.0,201
226801,1979.0,1994.0,0.0,105
227201,1979.0,1994.0,0.0,105
227501,1984.0,1999.0,0.0,250
227801,1984.0,1999.0,0.0,250
227802,1985.0,2000.0,0.0,250
228101,1977.0,1992.0,0.0,82
228102,1979.0,1994.0,0.0,105
228103,1984.0,1999.0,0.0,250
228501,1984.0,1999.0,0.0,250
229901,1985.0,2000.0,0.0,250
229902,1987.0,2002.0,0.0,283
229903,1987.0,2002.0,0.0,283
230101,1985.0,2000.0,0.0,250
230102,1987.0,2002.0,0.0,283
230801,1979.0,1994.0,0.0,105
231101,1976.0,1991.0,0.0,81
231102,1981.0,1996.0,0.0,155
231103,1987.0,2002.0,1.0,283
231301,1980.0,1995.0,0.0,150
231502,1982.0,1997.0,0.0,201
231503,1986.0,2001.0,0.0,283
231701,1987.0,2002.0,0.0,283
231901,1978.0,1993.0,0.0,105
231902,1984.0,1999.0,0.0,250
231903,1985.0,2000.0,1.0,250
234001,1979.0,1994.0,1.0,105
234701,1979.0,1994.0,1.0,105
234702,1980.0,1995.0,0.0,150
234801,1976.0,1991.0,0.0,81
235501,1982.0,1997.0,0.0,201
235503,1986.0,2001.0,1.0,283
235701,1977.0,1992.0,0.0,82
235702,1981.0,1996.0,0.0,155
235901,1983.0,1998.0,0.0,201
235902,1984.0,1999.0,0.0,250
235903,1987.0,2002.0,0.0,283
236001,1979.0,1994.0,0.0,105
236201,1980.0,1995.0,0.0,150
236801,1980.0,1995.0,0.0,150
236802,1985.0,2000.0,0.0,250
237501,1987.0,2002.0,0.0,283
238301,1983.0,1998.0,0.0,201
239401,1983.0,1998.0,0.0,201
239402,1986.0,2001.0,0.0,283
239501,1980.0,1995.0,1.0,150
239502,1982.0,1997.0,0.0,201
239601,1981.0,1996.0,0.0,155
239602,1982.0,1997.0,0.0,201
239603,1984.0,1999.0,0.0,250
239604,1986.0,2001.0,0.0,283
239801,1977.0,1992.0,0.0,82
239802,1983.0,1998.0,0.0,201
239901,1979.0,1994.0,1.0,105
240201,1978.0,1993.0,0.0,105
240202,1981.0,1996.0,0.0,155
240501,1981.0,1996.0,1.0,155
240701,1980.0,1995.0,0.0,150
240702,1985.0,2000.0,1.0,250
240802,1985.0,2000.0,0.0,250
241201,1986.0,2001.0,0.0,283
241801,1985.0,2000.0,0.0,250
242001,1984.0,1999.0,0.0,250
243401,1976.0,1991.0,0.0,81
243402,1979.0,1994.0,0.0,105
243601,1981.0,1996.0,0.0,155
243602,1986.0,2001.0,0.0,283
244102,1984.0,1999.0,0.0,250
244103,1986.0,2001.0,0.0,283
244201,1985.0,2000.0,0.0,250
244702,1980.0,1995.0,1.0,150
244703,1981.0,1996.0,0.0,155
244704,1983.0,1998.0,0.0,201
244801,1977.0,1992.0,0.0,82
244802,1978.0,1993.0,0.0,105
245001,1978.0,1993.0,0.0,105
245002,1980.0,1995.0,1.0,150
245801,1977.0,1992.0,0.0,82
245802,1979.0,1994.0,0.0,105
245901,1981.0,1996.0,0.0,155
245902,1982.0,1997.0,0.0,201
246201,1985.0,2000.0,0.0,250
246202,1986.0,2001.0,0.0,283
247402,1981.0,1996.0,0.0,155
247801,1984.0,1999.0,0.0,250
247802,1986.0,2001.0,0.0,283
248001,1982.0,1997.0,0.0,201
248002,1985.0,2000.0,0.0,250
248201,1976.0,1991.0,0.0,81
248202,1977.0,1992.0,0.0,82
248203,1983.0,1998.0,0.0,201
248204,1987.0,2002.0,0.0,283
248301,1981.0,1996.0,0.0,155
248501,1983.0,1998.0,0.0,201
248802,1977.0,1992.0,0.0,82
248803,1979.0,1994.0,0.0,105
248804,1981.0,1996.0,0.0,155
249901,1979.0,1994.0,0.0,105
249902,1982.0,1997.0,0.0,201
250101,1985.0,2000.0,0.0,250
250501,1976.0,1991.0,0.0,81
250502,1985.0,2000.0,0.0,250
250701,1984.0,1999.0,0.0,250
251401,1983.0,1998.0,0.0,201
252101,1987.0,2002.0,0.0,283
252301,1977.0,1992.0,0.0,82
252302,1980.0,1995.0,0.0,150
252303,1983.0,1998.0,0.0,201
252501,1975.0,1990.0,1.0,53
252502,1977.0,1992.0,0.0,82
252802,1985.0,2000.0,0.0,250
252901,1987.0,2002.0,0.0,283
253603,1979.0,1994.0,0.0,105
253604,1981.0,1996.0,0.0,155
253801,1986.0,2001.0,0.0,283
254201,1986.0,2001.0,0.0,283
254401,1985.0,2000.0,0.0,250
254901,1986.0,2001.0,0.0,283
255901,1981.0,1996.0,1.0,155
255902,1983.0,1998.0,0.0,201
255903,1986.0,2001.0,1.0,283
256001,1983.0,1998.0,0.0,201
256002,1985.0,2000.0,0.0,250
256401,1983.0,1998.0,1.0,201
256402,1984.0,1999.0,0.0,250
256501,1987.0,2002.0,0.0,283
256901,1984.0,1999.0,0.0,250
256902,1986.0,2001.0,0.0,283
257001,1982.0,1997.0,0.0,201
257002,1987.0,2002.0,0.0,283
257301,1983.0,1998.0,0.0,201
257701,1981.0,1996.0,0.0,155
257702,1982.0,1997.0,0.0,201
259101,1981.0,1996.0,0.0,155
259201,1981.0,1996.0,0.0,155
259601,1977.0,1992.0,0.0,82
259903,1986.0,2001.0,0.0,283
260501,1985.0,2000.0,0.0,250
261501,1985.0,2000.0,0.0,250
262301,1980.0,1995.0,0.0,150
262901,1977.0,1992.0,1.0,82
263501,1984.0,1999.0,0.0,250
264001,1976.0,1991.0,0.0,81
264002,1979.0,1994.0,0.0,105
264501,1980.0,1995.0,0.0,150
264502,1985.0,2000.0,0.0,250
264601,1986.0,2001.0,0.0,283
265101,1981.0,1996.0,0.0,155
265401,1984.0,1999.0,0.0,250
265402,1986.0,2001.0,0.0,283
265901,1982.0,1997.0,0.0,201
266201,1981.0,1996.0,0.0,155
266202,1983.0,1998.0,0.0,201
266203,1985.0,2000.0,0.0,250
266301,1980.0,1995.0,0.0,150
266302,1982.0,1997.0,0.0,201
266303,1983.0,1998.0,1.0,201
266401,1977.0,1992.0,0.0,82
266901,1986.0,2001.0,0.0,283
267001,1981.0,1996.0,0.0,155
267201,1979.0,1994.0,0.0,105
267202,1984.0,1999.0,0.0,250
267501,1980.0,1995.0,0.0,150
267502,1983.0,1998.0,0.0,201
267701,1986.0,2001.0,0.0,283
267901,1980.0,1995.0,0.0,150
267902,1981.0,1996.0,1.0,155
267903,1985.0,2000.0,0.0,250
267904,1987.0,2002.0,0.0,283
268101,1985.0,2000.0,0.0,250
268301,1979.0,1994.0,1.0,105
268302,1983.0,1998.0,1.0,201
268303,1985.0,2000.0,0.0,250
269001,1981.0,1996.0,1.0,155
269002,1987.0,2002.0,0.0,283
269101,1986.0,2001.0,0.0,283
269201,1980.0,1995.0,1.0,150
269202,1985.0,2000.0,1.0,250
269801,1981.0,1996.0,0.0,155
269901,1982.0,1997.0,0.0,201
270501,1979.0,1994.0,0.0,105
270502,1982.0,1997.0,0.0,201
270901,1983.0,1998.0,0.0,201
271001,1983.0,1998.0,0.0,201
271201,1987.0,2002.0,0.0,283
272001,1975.0,1990.0,0.0,53
272003,1981.0,1996.0,0.0,155
272201,1981.0,1996.0,0.0,155
272901,1978.0,1993.0,1.0,105
272902,1981.0,1996.0,0.0,155
273501,1984.0,1999.0,0.0,250
273601,1980.0,1995.0,0.0,150
273701,1980.0,1995.0,0.0,150
273702,1983.0,1998.0,0.0,201
273703,1987.0,2002.0,0.0,283
274201,1977.0,1992.0,0.0,82
274202,1986.0,2001.0,0.0,283
274301,1981.0,1996.0,0.0,155
274401,1986.0,2001.0,0.0,283
274601,1976.0,1991.0,0.0,81
274602,1982.0,1997.0,1.0,201
274801,1982.0,1997.0,0.0,201
274802,1985.0,2000.0,0.0,250
275201,1974.0,1989.0,0.0,53
275202,1977.0,1992.0,0.0,82
275301,1979.0,1994.0,0.0,105
275302,1983.0,1998.0,1.0,201
275701,1975.0,1990.0,0.0,53
276901,1981.0,1996.0,0.0,155
276902,1983.0,1998.0,0.0,201
277001,1984.0,1999.0,0.0,250
277101,1981.0,1996.0,0.0,155
277102,1987.0,2002.0,0.0,283
277501,1980.0,1995.0,0.0,150
277801,1979.0,1994.0,0.0,105
278101,1980.0,1995.0,0.0,150
278102,1982.0,1997.0,0.0,201
278401,1985.0,2000.0,0.0,250
278501,1980.0,1995.0,0.0,150
279001,1985.0,2000.0,0.0,250
279201,1979.0,1994.0,0.0,105
279202,1982.0,1997.0,0.0,201
279203,1986.0,2001.0,0.0,283
279501,1978.0,1993.0,0.0,105
279502,1979.0,1994.0,0.0,105
279503,1981.0,1996.0,0.0,155
279504,1984.0,1999.0,0.0,250
280801,1983.0,1998.0,0.0,201
280901,1980.0,1995.0,0.0,150
280902,1983.0,1998.0,0.0,201
281401,1987.0,2002.0,0.0,283
281701,1980.0,1995.0,0.0,150
281702,1981.0,1996.0,0.0,155
281703,1984.0,1999.0,0.0,250
281801,1986.0,2001.0,0.0,283
282301,1984.0,1999.0,0.0,250
282801,1979.0,1994.0,1.0,105
282802,1981.0,1996.0,0.0,155
282803,1982.0,1997.0,0.0,201
283401,1978.0,1993.0,0.0,105
283402,1980.0,1995.0,0.0,150
283501,1984.0,1999.0,0.0,250
283502,1987.0,2002.0,0.0,283
284101,1982.0,1997.0,0.0,201
284102,1985.0,2000.0,0.0,250
284103,1987.0,2002.0,0.0,283
287803,1981.0,1996.0,0.0,155
287804,1983.0,1998.0,1.0,201
287901,1984.0,1999.0,0.0,250
288001,1985.0,2000.0,0.0,250
288501,1984.0,1999.0,0.0,250
288502,1986.0,2001.0,0.0,283
288601,1976.0,1991.0,0.0,81
288602,1976.0,1991.0,0.0,81
288603,1978.0,1993.0,0.0,105
291101,1980.0,1995.0,0.0,150
291801,1986.0,2001.0,0.0,283
294801,1981.0,1996.0,0.0,155
294802,1983.0,1998.0,0.0,201
294803,1985.0,2000.0,0.0,250
294901,1986.0,2001.0,0.0,283
294902,1987.0,2002.0,1.0,283
296101,1985.0,2000.0,0.0,250
296102,1987.0,2002.0,0.0,283
297001,1980.0,1995.0,1.0,150
297002,1982.0,1997.0,0.0,201
297003,1983.0,1998.0,0.0,201
297801,1984.0,1999.0,0.0,250
299301,1985.0,2000.0,0.0,250
299501,1986.0,2001.0,0.0,283
300401,1975.0,1990.0,0.0,53
300402,1977.0,1992.0,0.0,82
302101,1975.0,1990.0,0.0,53
302102,1977.0,1992.0,0.0,82
302501,1982.0,1997.0,0.0,201
302502,1984.0,1999.0,0.0,250
302701,1976.0,1991.0,0.0,81
303501,1980.0,1995.0,0.0,150
303601,1978.0,1993.0,1.0,105
303602,1980.0,1995.0,0.0,150
304101,1975.0,1990.0,0.0,53
304102,1979.0,1994.0,0.0,105
304201,1986.0,2001.0,0.0,283
304301,1987.0,2002.0,0.0,283
304502,1978.0,1993.0,0.0,105
304503,1981.0,1996.0,0.0,155
304504,1986.0,2001.0,0.0,283
304602,1975.0,1990.0,0.0,53
304603,1978.0,1993.0,1.0,105
304604,1980.0,1995.0,0.0,150
304605,1985.0,2000.0,0.0,250
304701,1977.0,1992.0,0.0,82
304702,1978.0,1993.0,0.0,105
305102,1980.0,1995.0,0.0,150
305701,1976.0,1991.0,1.0,81
305702,1981.0,1996.0,0.0,155
305801,1977.0,1992.0,0.0,82
305802,1980.0,1995.0,0.0,150
305803,1982.0,1997.0,0.0,201
305804,1987.0,2002.0,0.0,283
306601,1979.0,1994.0,0.0,105
306602,1985.0,2000.0,1.0,250
306802,1981.0,1996.0,0.0,155
306901,1982.0,1997.0,0.0,201
306902,1987.0,2002.0,0.0,283
307401,1985.0,2000.0,0.0,250
307501,1980.0,1995.0,1.0,150
307901,1985.0,2000.0,0.0,250
308101,1985.0,2000.0,0.0,250
309301,1984.0,1999.0,0.0,250
309302,1987.0,2002.0,0.0,283
309501,1976.0,1991.0,0.0,81
309502,1979.0,1994.0,1.0,105
309601,1983.0,1998.0,0.0,201
309801,1986.0,2001.0,0.0,283
310101,1983.0,1998.0,0.0,201
310102,1984.0,1999.0,0.0,250
310103,1987.0,2002.0,0.0,283
310501,1980.0,1995.0,0.0,150
310802,1985.0,2000.0,1.0,250
311101,1985.0,2000.0,0.0,250
311301,1980.0,1995.0,0.0,150
311302,1982.0,1997.0,0.0,201
312101,1981.0,1996.0,0.0,155
315101,1985.0,2000.0,0.0,250
315102,1985.0,2000.0,0.0,250
316301,1980.0,1995.0,0.0,150
316302,1983.0,1998.0,0.0,201
316401,1983.0,1998.0,0.0,201
316402,1986.0,2001.0,0.0,283
317801,1982.0,1997.0,0.0,201
319001,1982.0,1997.0,0.0,201
319701,1983.0,1998.0,0.0,201
319702,1984.0,1999.0,0.0,250
319801,1980.0,1995.0,0.0,150
319802,1981.0,1996.0,0.0,155
320101,1982.0,1997.0,0.0,201
320102,1987.0,2002.0,0.0,283
322501,1985.0,2000.0,0.0,250
322502,1987.0,2002.0,0.0,283
323701,1981.0,1996.0,0.0,155
324301,1984.0,1999.0,0.0,250
324302,1986.0,2001.0,0.0,283
325001,1984.0,1999.0,0.0,250
325002,1986.0,2001.0,0.0,283
325201,1981.0,1996.0,0.0,155
325901,1977.0,1992.0,1.0,82
325902,1981.0,1996.0,0.0,155
325903,1982.0,1997.0,0.0,201
325904,1983.0,1998.0,1.0,201
326001,1977.0,1992.0,1.0,82
326002,1979.0,1994.0,0.0,105
326901,1985.0,2000.0,0.0,250
327301,1982.0,1997.0,0.0,201
327302,1985.0,2000.0,0.0,250
328701,1982.0,1997.0,0.0,201
330301,1982.0,1997.0,0.0,201
330302,1984.0,1999.0,0.0,250
330303,1987.0,2002.0,0.0,283
330601,1980.0,1995.0,0.0,150
330602,1982.0,1997.0,0.0,201
331201,1981.0,1996.0,1.0,155
331501,1973.0,1988.0,0.0,24
331502,1975.0,1990.0,0.0,53
331503,1977.0,1992.0,0.0,82
331504,1979.0,1994.0,0.0,105
331505,1982.0,1997.0,0.0,201
331506,1983.0,1998.0,0.0,201
331601,1975.0,1990.0,0.0,53
331602,1980.0,1995.0,0.0,150
331702,1979.0,1994.0,0.0,105
331704,1982.0,1997.0,0.0,201
332101,1983.0,1998.0,0.0,201
332102,1984.0,1999.0,0.0,250
332501,1979.0,1994.0,1.0,105
334701,1983.0,1998.0,0.0,201
334802,1981.0,1996.0,0.0,155
335501,1985.0,2000.0,0.0,250
335502,1987.0,2002.0,0.0,283
336201,1981.0,1996.0,0.0,155
337101,1982.0,1997.0,0.0,201
338701,1983.0,1998.0,0.0,201
338702,1983.0,1998.0,0.0,201
339701,1986.0,2001.0,0.0,283
340701,1982.0,1997.0,0.0,201
341202,1984.0,1999.0,0.0,250
341301,1980.0,1995.0,0.0,150
341302,1983.0,1998.0,0.0,201
342101,1981.0,1996.0,0.0,155
342102,1986.0,2001.0,0.0,283
342401,1986.0,2001.0,0.0,283
342801,1985.0,2000.0,0.0,250
342802,1987.0,2002.0,0.0,283
342901,1983.0,1998.0,0.0,201
342902,1983.0,1998.0,0.0,201
342903,1986.0,2001.0,0.0,283
343001,1985.0,2000.0,0.0,250
343002,1987.0,2002.0,0.0,283
343301,1984.0,1999.0,0.0,250
343302,1986.0,2001.0,0.0,283
343501,1978.0,1993.0,0.0,105
343601,1983.0,1998.0,0.0,201
343801,1985.0,2000.0,0.0,250
344401,1978.0,1993.0,1.0,105
344402,1980.0,1995.0,0.0,150
344501,1978.0,1993.0,0.0,105
344601,1976.0,1991.0,0.0,81
344602,1983.0,1998.0,0.0,201
344701,1976.0,1991.0,0.0,81
344702,1977.0,1992.0,1.0,82
344703,1981.0,1996.0,1.0,155
344801,1980.0,1995.0,0.0,150
344803,1987.0,2002.0,0.0,283
345401,1983.0,1998.0,0.0,201
345402,1984.0,1999.0,0.0,250
345403,1986.0,2001.0,0.0,283
346501,1987.0,2002.0,0.0,283
347501,1984.0,1999.0,0.0,250
347601,1981.0,1996.0,1.0,155
348101,1979.0,1994.0,0.0,105
348102,1984.0,1999.0,0.0,250
348601,1982.0,1997.0,0.0,201
348602,1987.0,2002.0,0.0,283
348701,1979.0,1994.0,0.0,105
348702,1982.0,1997.0,0.0,201
349101,1986.0,2001.0,0.0,283
350101,1985.0,2000.0,0.0,250
351101,1987.0,2002.0,0.0,283
351801,1982.0,1997.0,0.0,201
352401,1987.0,2002.0,0.0,283
352701,1984.0,1999.0,0.0,250
353101,1986.0,2001.0,0.0,283
353201,1983.0,1998.0,0.0,201
353202,1987.0,2002.0,1.0,283
353701,1986.0,2001.0,0.0,283
354201,1974.0,1989.0,0.0,53
354202,1976.0,1991.0,0.0,81
354203,1977.0,1992.0,0.0,82
354301,1984.0,1999.0,0.0,250
354302,1985.0,2000.0,1.0,250
354401,1983.0,1998.0,0.0,201
354404,1987.0,2002.0,1.0,283
354501,1985.0,2000.0,0.0,250
354502,1987.0,2002.0,0.0,283
354701,1986.0,2001.0,0.0,283
354801,1984.0,1999.0,0.0,250
354901,1987.0,2002.0,0.0,283
355401,1980.0,1995.0,0.0,150
355601,1981.0,1996.0,0.0,155
355801,1987.0,2002.0,0.0,283
356001,1980.0,1995.0,0.0,150
356501,1983.0,1998.0,0.0,201
356502,1985.0,2000.0,0.0,250
356601,1981.0,1996.0,0.0,155
356602,1985.0,2000.0,0.0,250
356603,1987.0,2002.0,0.0,283
357201,1982.0,1997.0,0.0,201
357301,1985.0,2000.0,0.0,250
357601,1982.0,1997.0,0.0,201
357602,1987.0,2002.0,0.0,283
358401,1982.0,1997.0,0.0,201
359401,1981.0,1996.0,1.0,155
359402,1986.0,2001.0,0.0,283
359701,1980.0,1995.0,1.0,150
359702,1984.0,1999.0,0.0,250
359703,1985.0,2000.0,0.0,250
359704,1987.0,2002.0,0.0,283
360101,1986.0,2001.0,0.0,283
360301,1985.0,2000.0,0.0,250
360601,1980.0,1995.0,0.0,150
360602,1982.0,1997.0,0.0,201
360603,1984.0,1999.0,0.0,250
361001,1984.0,1999.0,0.0,250
361101,1983.0,1998.0,0.0,201
361102,1985.0,2000.0,0.0,250
361301,1987.0,2002.0,0.0,283
361401,1982.0,1997.0,0.0,201
361402,1987.0,2002.0,0.0,283
363301,1985.0,2000.0,0.0,250
363501,1979.0,1994.0,1.0,105
363502,1981.0,1996.0,0.0,155
363701,1975.0,1990.0,0.0,53
363703,1980.0,1995.0,0.0,150
364101,1981.0,1996.0,0.0,155
364702,1980.0,1995.0,0.0,150
364703,1981.0,1996.0,0.0,155
364801,1981.0,1996.0,0.0,155
364803,1984.0,1999.0,0.0,250
364804,1985.0,2000.0,0.0,250
364805,1987.0,2002.0,0.0,283
364901,1982.0,1997.0,0.0,201
364902,1983.0,1998.0,1.0,201
365001,1983.0,1998.0,0.0,201
365002,1985.0,2000.0,0.0,250
365101,1982.0,1997.0,0.0,201
365201,1980.0,1995.0,0.0,150
365401,1985.0,2000.0,0.0,250
365402,1985.0,2000.0,0.0,250
365501,1980.0,1995.0,0.0,150
365502,1985.0,2000.0,0.0,250
365901,1979.0,1994.0,1.0,105
365902,1981.0,1996.0,0.0,155
365903,1982.0,1997.0,0.0,201
366201,1985.0,2000.0,0.0,250
369101,1986.0,2001.0,0.0,283
369201,1982.0,1997.0,0.0,201
369202,1983.0,1998.0,0.0,201
369701,1983.0,1998.0,0.0,201
369702,1984.0,1999.0,0.0,250
369801,1981.0,1996.0,0.0,155
369802,1982.0,1997.0,0.0,201
369901,1981.0,1996.0,0.0,155
370301,1975.0,1990.0,0.0,53
370302,1978.0,1993.0,0.0,105
370303,1980.0,1995.0,0.0,150
370402,1983.0,1998.0,0.0,201
370501,1976.0,1991.0,0.0,81
370502,1981.0,1996.0,0.0,155
371401,1976.0,1991.0,0.0,81
371402,1978.0,1993.0,0.0,105
371403,1979.0,1994.0,0.0,105
371502,1983.0,1998.0,0.0,201
371801,1981.0,1996.0,0.0,155
371901,1981.0,1996.0,0.0,155
371902,1983.0,1998.0,1.0,201
372601,1979.0,1994.0,0.0,105
372602,1983.0,1998.0,0.0,201
372801,1979.0,1994.0,0.0,105
372803,1986.0,2001.0,0.0,283
372902,1982.0,1997.0,0.0,201
373801,1981.0,1996.0,0.0,155
374001,1985.0,2000.0,0.0,250
374401,1982.0,1997.0,0.0,201
374601,1983.0,1998.0,0.0,201
374602,1986.0,2001.0,0.0,283
375201,1986.0,2001.0,0.0,283
375301,1979.0,1994.0,0.0,105
375302,1982.0,1997.0,0.0,201
375303,1984.0,1999.0,0.0,250
375601,1983.0,1998.0,1.0,201
375901,1983.0,1998.0,0.0,201
375902,1985.0,2000.0,0.0,250
376801,1973.0,1988.0,1.0,24
376802,1975.0,1990.0,0.0,53
376901,1977.0,1992.0,0.0,82
376902,1978.0,1993.0,0.0,105
376903,1987.0,2002.0,0.0,283
377001,1984.0,1999.0,0.0,250
377002,1987.0,2002.0,0.0,283
377201,1985.0,2000.0,0.0,250
377401,1980.0,1995.0,0.0,150
377402,1985.0,2000.0,0.0,250
377901,1976.0,1991.0,0.0,81
377902,1980.0,1995.0,0.0,150
377903,1984.0,1999.0,0.0,250
377904,1986.0,2001.0,0.0,283
378401,1979.0,1994.0,0.0,105
378701,1980.0,1995.0,1.0,150
379101,1979.0,1994.0,0.0,105
379102,1982.0,1997.0,0.0,201
379301,1984.0,1999.0,0.0,250
379701,1987.0,2002.0,0.0,283
379801,1987.0,2002.0,0.0,283
381303,1985.0,2000.0,0.0,250
381304,1986.0,2001.0,0.0,283
381901,1984.0,1999.0,0.0,250
381902,1987.0,2002.0,0.0,283
382101,1982.0,1997.0,0.0,201
382102,1984.0,1999.0,0.0,250
382301,1984.0,1999.0,1.0,250
382302,1986.0,2001.0,0.0,283
382401,1982.0,1997.0,0.0,201
382402,1983.0,1998.0,0.0,201
382403,1986.0,2001.0,0.0,283
383201,1984.0,1999.0,0.0,250
383701,1980.0,1995.0,0.0,150
383702,1984.0,1999.0,0.0,250
383703,1987.0,2002.0,1.0,283
383902,1982.0,1997.0,0.0,201
384202,1981.0,1996.0,0.0,155
385101,1981.0,1996.0,0.0,155
385102,1985.0,2000.0,0.0,250
387701,1984.0,1999.0,0.0,250
387702,1985.0,2000.0,0.0,250
387902,1982.0,1997.0,0.0,201
388901,1987.0,2002.0,0.0,283
390601,1984.0,1999.0,0.0,250
391401,1980.0,1995.0,0.0,150
391402,1981.0,1996.0,0.0,155
391901,1985.0,2000.0,0.0,250
392101,1986.0,2001.0,0.0,283
392201,1983.0,1998.0,0.0,201
392901,1976.0,1991.0,0.0,81
393101,1977.0,1992.0,0.0,82
393102,1977.0,1992.0,0.0,82
393103,1983.0,1998.0,0.0,201
393104,1983.0,1998.0,1.0,201
393401,1979.0,1994.0,0.0,105
393501,1983.0,1998.0,0.0,201
393601,1986.0,2001.0,0.0,283
394401,1977.0,1992.0,0.0,82
394801,1974.0,1989.0,0.0,53
394802,1975.0,1990.0,0.0,53
394803,1981.0,1996.0,0.0,155
395201,1982.0,1997.0,0.0,201
395202,1979.0,1994.0,0.0,105
395301,1983.0,1998.0,0.0,201
395302,1987.0,2002.0,0.0,283
396201,1982.0,1997.0,0.0,201
396202,1983.0,1998.0,0.0,201
396203,1986.0,2001.0,0.0,283
396401,1985.0,2000.0,0.0,250
396402,1987.0,2002.0,0.0,283
397001,1987.0,2002.0,0.0,283
397201,1987.0,2002.0,0.0,283
397501,1978.0,1993.0,0.0,105
397502,1979.0,1994.0,0.0,105
397701,1980.0,1995.0,0.0,150
398201,1979.0,1994.0,1.0,105
398202,1981.0,1996.0,0.0,155
398203,1985.0,2000.0,0.0,250
398204,1986.0,2001.0,0.0,283
398601,1978.0,1993.0,0.0,105
398801,1979.0,1994.0,0.0,105
398802,1982.0,1997.0,0.0,201
399101,1982.0,1997.0,0.0,201
399301,1977.0,1992.0,0.0,82
399302,1978.0,1993.0,0.0,105
399303,1983.0,1998.0,0.0,201
399501,1979.0,1994.0,0.0,105
399502,1983.0,1998.0,0.0,201
399503,1985.0,2000.0,0.0,250
399601,1984.0,1999.0,1.0,250
400301,1977.0,1992.0,0.0,82
400501,1980.0,1995.0,0.0,150
400502,1981.0,1996.0,0.0,155
400503,1983.0,1998.0,1.0,201
400701,1980.0,1995.0,0.0,150
401202,1984.0,1999.0,0.0,250
401501,1982.0,1997.0,0.0,201
401502,1985.0,2000.0,0.0,250
401503,1987.0,2002.0,0.0,283
401601,1975.0,1990.0,0.0,53
402101,1982.0,1997.0,0.0,201
402401,1972.0,1987.0,1.0,24
402402,1977.0,1992.0,1.0,82
402403,1979.0,1994.0,1.0,105
402801,1982.0,1997.0,0.0,201
402802,1984.0,1999.0,0.0,250
402803,1987.0,2002.0,0.0,283
403802,1986.0,2001.0,0.0,283
404101,1978.0,1993.0,0.0,105
404102,1980.0,1995.0,0.0,150
404103,1985.0,2000.0,0.0,250
404501,1981.0,1996.0,0.0,155
404901,1981.0,1996.0,0.0,155
404902,1983.0,1998.0,0.0,201
405101,1984.0,1999.0,0.0,250
406001,1983.0,1998.0,0.0,201
406002,1985.0,2000.0,0.0,250
406601,1979.0,1994.0,0.0,105
406602,1980.0,1995.0,0.0,150
407701,1986.0,2001.0,1.0,283
408401,1981.0,1996.0,0.0,155
408402,1986.0,2001.0,0.0,283
408501,1980.0,1995.0,0.0,150
408901,1979.0,1994.0,0.0,105
408902,1982.0,1997.0,0.0,201
408903,1984.0,1999.0,0.0,250
410301,1985.0,2000.0,0.0,250
410501,1977.0,1992.0,1.0,82
410502,1979.0,1994.0,0.0,105
411001,1985.0,2000.0,0.0,250
412001,1977.0,1992.0,0.0,82
412002,1980.0,1995.0,0.0,150
412101,1974.0,1989.0,0.0,53
412102,1977.0,1992.0,0.0,82
412103,1982.0,1997.0,0.0,201
412301,1985.0,2000.0,0.0,250
413201,1984.0,1999.0,0.0,250
413202,1986.0,2001.0,0.0,283
413301,1980.0,1995.0,0.0,150
413302,1981.0,1996.0,0.0,155
413303,1987.0,2002.0,0.0,283
413601,1975.0,1990.0,0.0,53
413602,1981.0,1996.0,0.0,155
413603,1985.0,2000.0,1.0,250
414801,1984.0,1999.0,0.0,250
414802,1986.0,2001.0,0.0,283
414901,1975.0,1990.0,1.0,53
414902,1982.0,1997.0,0.0,201
415101,1977.0,1992.0,0.0,82
415102,1980.0,1995.0,0.0,150
416701,1984.0,1999.0,0.0,250
416702,1985.0,2000.0,1.0,250
417001,1985.0,2000.0,0.0,250
417002,1987.0,2002.0,0.0,283
417701,1979.0,1994.0,1.0,105
417801,1983.0,1998.0,0.0,201
417901,1975.0,1990.0,0.0,53
417902,1984.0,1999.0,0.0,250
417903,1987.0,2002.0,0.0,283
418001,1981.0,1996.0,0.0,155
418002,1985.0,2000.0,0.0,250
418003,1987.0,2002.0,0.0,283
418201,1979.0,1994.0,0.0,105
418202,1981.0,1996.0,0.0,155
418701,1984.0,1999.0,0.0,250
419401,1980.0,1995.0,0.0,150
419402,1983.0,1998.0,0.0,201
419501,1985.0,2000.0,0.0,250
419701,1978.0,1993.0,0.0,105
419702,1979.0,1994.0,0.0,105
419703,1985.0,2000.0,0.0,250
419801,1985.0,2000.0,1.0,250
419901,1974.0,1989.0,0.0,53
419903,1978.0,1993.0,0.0,105
419904,1980.0,1995.0,0.0,150
419905,1983.0,1998.0,0.0,201
420301,1984.0,1999.0,0.0,250
420302,1986.0,2001.0,0.0,283
420303,1987.0,2002.0,1.0,283
420601,1982.0,1997.0,1.0,201
421001,1979.0,1994.0,0.0,105
421002,1987.0,2002.0,0.0,283
421202,1986.0,2001.0,0.0,283
421203,1987.0,2002.0,0.0,283
421501,1980.0,1995.0,0.0,150
421801,1986.0,2001.0,0.0,283
421901,1981.0,1996.0,1.0,155
422801,1978.0,1993.0,0.0,105
423101,1984.0,1999.0,0.0,250
423102,1987.0,2002.0,0.0,283
423201,1979.0,1994.0,1.0,105
423203,1982.0,1997.0,0.0,201
423601,1980.0,1995.0,0.0,150
423602,1985.0,2000.0,0.0,250
424601,1982.0,1997.0,0.0,201
424602,1984.0,1999.0,0.0,250
424901,1981.0,1996.0,1.0,155
424902,1987.0,2002.0,0.0,283
425201,1983.0,1998.0,0.0,201
425601,1980.0,1995.0,0.0,150
426201,1972.0,1987.0,0.0,24
426202,1975.0,1990.0,0.0,53
426203,1984.0,1999.0,0.0,250
426801,1976.0,1991.0,0.0,81
427001,1976.0,1991.0,0.0,81
427002,1981.0,1996.0,0.0,155
427003,1987.0,2002.0,1.0,283
427401,1978.0,1993.0,0.0,105
427402,1979.0,1994.0,1.0,105
427403,1985.0,2000.0,0.0,250
427502,1983.0,1998.0,0.0,201
428001,1978.0,1993.0,1.0,105
428002,1980.0,1995.0,0.0,150
428101,1981.0,1996.0,0.0,155
428201,1981.0,1996.0,0.0,155
428202,1985.0,2000.0,0.0,250
428301,1984.0,1999.0,0.0,250
429001,1985.0,2000.0,0.0,250
429101,1983.0,1998.0,0.0,201
429401,1985.0,2000.0,0.0,250
429501,1977.0,1992.0,0.0,82
429502,1981.0,1996.0,0.0,155
429503,1984.0,1999.0,0.0,250
430401,1980.0,1995.0,0.0,150
430801,1984.0,1999.0,0.0,250
431001,1979.0,1994.0,0.0,105
432301,1980.0,1995.0,0.0,150
432302,1982.0,1997.0,0.0,201
432303,1983.0,1998.0,0.0,201
432304,1985.0,2000.0,0.0,250
432501,1978.0,1993.0,0.0,105
432502,1985.0,2000.0,0.0,250
432601,1983.0,1998.0,0.0,201
432602,1986.0,2001.0,0.0,283
433701,1987.0,2002.0,0.0,283
434101,1981.0,1996.0,0.0,155
434501,1984.0,1999.0,0.0,250
434601,1984.0,1999.0,0.0,250
435401,1980.0,1995.0,0.0,150
435402,1982.0,1997.0,0.0,201
436701,1986.0,2001.0,0.0,283
436801,1978.0,1993.0,1.0,105
436802,1980.0,1995.0,0.0,150
437101,1985.0,2000.0,0.0,250
437301,1985.0,2000.0,0.0,250
437501,1981.0,1996.0,0.0,155
437601,1982.0,1997.0,0.0,201
437602,1984.0,1999.0,1.0,250
437801,1981.0,1996.0,0.0,155
437802,1982.0,1997.0,0.0,201
437901,1980.0,1995.0,0.0,150
438301,1979.0,1994.0,1.0,105
438302,1985.0,2000.0,0.0,250
438601,1983.0,1998.0,0.0,201
438602,1985.0,2000.0,0.0,250
438603,1987.0,2002.0,0.0,283
439101,1980.0,1995.0,0.0,150
439102,1982.0,1997.0,0.0,201
439602,1985.0,2000.0,0.0,250
440001,1977.0,1992.0,0.0,82
440002,1980.0,1995.0,0.0,150
440401,1979.0,1994.0,0.0,105
440402,1986.0,2001.0,0.0,283
441601,1974.0,1989.0,0.0,53
441602,1976.0,1991.0,1.0,81
441603,1981.0,1996.0,0.0,155
441604,1986.0,2001.0,0.0,283
441605,1987.0,2002.0,0.0,283
441701,1981.0,1996.0,0.0,155
441702,1985.0,2000.0,0.0,250
444501,1986.0,2001.0,0.0,283
444701,1984.0,1999.0,0.0,250
444702,1987.0,2002.0,0.0,283
445001,1975.0,1990.0,0.0,53
445801,1986.0,2001.0,0.0,283
446901,1982.0,1997.0,0.0,201
447301,1985.0,2000.0,0.0,250
447401,1982.0,1997.0,1.0,201
447601,1978.0,1993.0,1.0,105
447901,1986.0,2001.0,0.0,283
448101,1980.0,1995.0,0.0,150
448102,1987.0,2002.0,0.0,283
448301,1974.0,1989.0,0.0,53
448302,1976.0,1991.0,0.0,81
448303,1977.0,1992.0,1.0,82
448304,1979.0,1994.0,1.0,105
448305,1980.0,1995.0,0.0,150
448306,1982.0,1997.0,0.0,201
448307,1982.0,1997.0,0.0,201
448501,1980.0,1995.0,0.0,150
448502,1985.0,2000.0,0.0,250
448701,1983.0,1998.0,0.0,201
448702,1986.0,2001.0,0.0,283
449001,1979.0,1994.0,1.0,105
449002,1980.0,1995.0,1.0,150
449003,1985.0,2000.0,0.0,250
449401,1985.0,2000.0,0.0,250
449601,1979.0,1994.0,0.0,105
450601,1983.0,1998.0,0.0,201
450602,1986.0,2001.0,0.0,283
452301,1984.0,1999.0,0.0,250
452302,1987.0,2002.0,0.0,283
453401,1983.0,1998.0,0.0,201
453402,1986.0,2001.0,0.0,283
453601,1985.0,2000.0,0.0,250
453602,1987.0,2002.0,0.0,283
453701,1977.0,1992.0,1.0,82
453702,1980.0,1995.0,0.0,150
453703,1984.0,1999.0,0.0,250
453801,1978.0,1993.0,0.0,105
453802,1980.0,1995.0,0.0,150
454101,1981.0,1996.0,0.0,155
454301,1980.0,1995.0,0.0,150
454302,1986.0,2001.0,0.0,283
454401,1982.0,1997.0,0.0,201
454402,1984.0,1999.0,0.0,250
454601,1981.0,1996.0,0.0,155
455102,1987.0,2002.0,0.0,283
455701,1987.0,2002.0,0.0,283
456101,1985.0,2000.0,0.0,250
457001,1982.0,1997.0,0.0,201
457101,1984.0,1999.0,0.0,250
457102,1987.0,2002.0,1.0,283
457801,1983.0,1998.0,0.0,201
457802,1987.0,2002.0,0.0,283
458001,1981.0,1996.0,1.0,155
458101,1977.0,1992.0,0.0,82
458102,1982.0,1997.0,0.0,201
458201,1978.0,1993.0,0.0,105
458202,1980.0,1995.0,0.0,150
458901,1980.0,1995.0,0.0,150
458902,1986.0,2001.0,0.0,283
459201,1987.0,2002.0,0.0,283
459301,1983.0,1998.0,0.0,201
459401,1984.0,1999.0,0.0,250
461401,1983.0,1998.0,0.0,201
461402,1987.0,2002.0,0.0,283
461801,1978.0,1993.0,1.0,105
461802,1984.0,1999.0,0.0,250
462202,1983.0,1998.0,0.0,201
462501,1985.0,2000.0,0.0,250
462502,1986.0,2001.0,0.0,283
463101,1986.0,2001.0,0.0,283
463701,1983.0,1998.0,1.0,201
463702,1985.0,2000.0,1.0,250
463703,1987.0,2002.0,0.0,283
463801,1979.0,1994.0,1.0,105
463802,1982.0,1997.0,1.0,201
463803,1984.0,1999.0,0.0,250
463804,1985.0,2000.0,0.0,250
464101,1983.0,1998.0,0.0,201
464102,1985.0,2000.0,0.0,250
464103,1987.0,2002.0,0.0,283
464501,1983.0,1998.0,0.0,201
465701,1978.0,1993.0,1.0,105
465702,1981.0,1996.0,0.0,155
467201,1981.0,1996.0,0.0,155
469001,1985.0,2000.0,0.0,250
469002,1987.0,2002.0,0.0,283
471101,1977.0,1992.0,0.0,82
471102,1981.0,1996.0,0.0,155
471301,1984.0,1999.0,0.0,250
471401,1984.0,1999.0,0.0,250
472301,1986.0,2001.0,0.0,283
472401,1975.0,1990.0,1.0,53
472402,1977.0,1992.0,0.0,82
472601,1976.0,1991.0,0.0,81
472701,1983.0,1998.0,0.0,201
473002,1983.0,1998.0,0.0,201
473003,1986.0,2001.0,0.0,283
473301,1980.0,1995.0,1.0,150
473302,1982.0,1997.0,0.0,201
473303,1986.0,2001.0,1.0,283
473401,1982.0,1997.0,0.0,201
473402,1985.0,2000.0,0.0,250
473403,1985.0,2000.0,0.0,250
473501,1979.0,1994.0,0.0,105
473502,1980.0,1995.0,0.0,150
473503,1984.0,1999.0,0.0,250
474101,1980.0,1995.0,0.0,150
474102,1987.0,2002.0,0.0,283
474501,1977.0,1992.0,0.0,82
474502,1980.0,1995.0,0.0,150
474503,1983.0,1998.0,1.0,201
474601,1985.0,2000.0,0.0,250
476301,1975.0,1990.0,1.0,53
476302,1977.0,1992.0,0.0,82
476901,1979.0,1994.0,0.0,105
476903,1987.0,2002.0,1.0,283
477201,1981.0,1996.0,0.0,155
478001,1978.0,1993.0,0.0,105
478002,1980.0,1995.0,0.0,150
478301,1986.0,2001.0,0.0,283
478401,1981.0,1996.0,0.0,155
478402,1982.0,1997.0,0.0,201
478403,1987.0,2002.0,0.0,283
478501,1986.0,2001.0,0.0,283
478701,1980.0,1995.0,0.0,150
478702,1983.0,1998.0,0.0,201
479001,1987.0,2002.0,0.0,283
480102,1978.0,1993.0,0.0,105
480103,1980.0,1995.0,0.0,150
480201,1981.0,1996.0,0.0,155
480202,1985.0,2000.0,0.0,250
480301,1984.0,1999.0,0.0,250
480302,1986.0,2001.0,0.0,283
480901,1982.0,1997.0,0.0,201
481003,1987.0,2002.0,0.0,283
481501,1986.0,2001.0,0.0,283
483701,1979.0,1994.0,1.0,105
483702,1982.0,1997.0,0.0,201
483801,1983.0,1998.0,1.0,201
484201,1979.0,1994.0,1.0,105
484202,1982.0,1997.0,0.0,201
484203,1982.0,1997.0,0.0,201
484204,1986.0,2001.0,0.0,283
484801,1983.0,1998.0,0.0,201
484901,1986.0,2001.0,0.0,283
485201,1984.0,1999.0,0.0,250
486301,1978.0,1993.0,0.0,105
486302,1982.0,1997.0,0.0,201
486401,1987.0,2002.0,0.0,283
486901,1985.0,2000.0,0.0,250
487601,1981.0,1996.0,0.0,155
487602,1985.0,2000.0,0.0,250
488201,1983.0,1998.0,0.0,201
488202,1985.0,2000.0,0.0,250
488502,1982.0,1997.0,0.0,201
488503,1983.0,1998.0,0.0,201
488504,1985.0,2000.0,0.0,250
489901,1985.0,2000.0,0.0,250
491601,1983.0,1998.0,0.0,201
491901,1980.0,1995.0,0.0,150
491902,1982.0,1997.0,0.0,201
491903,1984.0,1999.0,0.0,250
492001,1980.0,1995.0,0.0,150
492002,1982.0,1997.0,0.0,201
492003,1984.0,1999.0,0.0,250
492501,1987.0,2002.0,1.0,283
493001,1983.0,1998.0,0.0,201
493002,1984.0,1999.0,0.0,250
493301,1985.0,2000.0,0.0,250
493401,1982.0,1997.0,0.0,201
493402,1984.0,1999.0,0.0,250
493801,1982.0,1997.0,0.0,201
494701,1980.0,1995.0,0.0,150
494702,1987.0,2002.0,0.0,283
494801,1979.0,1994.0,0.0,105
494802,1983.0,1998.0,0.0,201
495001,1973.0,1988.0,0.0,24
495002,1975.0,1990.0,0.0,53
495003,1977.0,1992.0,0.0,82
495004,1979.0,1994.0,1.0,105
495201,1986.0,2001.0,0.0,283
495301,1985.0,2000.0,0.0,250
495302,1986.0,2001.0,0.0,283
495701,1982.0,1997.0,0.0,201
495702,1984.0,1999.0,0.0,250
496201,1984.0,1999.0,0.0,250
496202,1986.0,2001.0,0.0,283
496203,1987.0,2002.0,0.0,283
497201,1982.0,1997.0,0.0,201
497302,1984.0,1999.0,0.0,250
497303,1986.0,2001.0,0.0,283
497401,1978.0,1993.0,0.0,105
497402,1980.0,1995.0,0.0,150
497404,1986.0,2001.0,0.0,283
497801,1981.0,1996.0,0.0,155
498101,1982.0,1997.0,0.0,201
498102,1984.0,1999.0,1.0,250
499701,1985.0,2000.0,0.0,250
499702,1986.0,2001.0,0.0,283
499901,1982.0,1997.0,0.0,201
499902,1984.0,1999.0,0.0,250
499903,1986.0,2001.0,0.0,283
500901,1987.0,2002.0,0.0,283
501401,1986.0,2001.0,0.0,283
501501,1986.0,2001.0,0.0,283
501601,1981.0,1996.0,1.0,155
503201,1986.0,2001.0,0.0,283
503501,1982.0,1997.0,0.0,201
503701,1984.0,1999.0,0.0,250
504101,1987.0,2002.0,0.0,283
504401,1978.0,1993.0,1.0,105
504501,1987.0,2002.0,0.0,283
504901,1978.0,1993.0,0.0,105
504902,1980.0,1995.0,0.0,150
504903,1982.0,1997.0,0.0,201
505901,1985.0,2000.0,1.0,250
506101,1977.0,1992.0,0.0,82
506102,1979.0,1994.0,0.0,105
506301,1982.0,1997.0,0.0,201
506302,1983.0,1998.0,0.0,201
506303,1986.0,2001.0,0.0,283
506401,1976.0,1991.0,0.0,81
506402,1980.0,1995.0,1.0,150
506403,1984.0,1999.0,0.0,250
506404,1987.0,2002.0,0.0,283
506901,1978.0,1993.0,1.0,105
506902,1984.0,1999.0,0.0,250
507101,1973.0,1988.0,0.0,24
507102,1975.0,1990.0,0.0,53
507401,1979.0,1994.0,1.0,105
508801,1979.0,1994.0,1.0,105
508802,1980.0,1995.0,0.0,150
508901,1983.0,1998.0,0.0,201
509801,1980.0,1995.0,0.0,150
509802,1980.0,1995.0,1.0,150
509901,1985.0,2000.0,0.0,250
510001,1979.0,1994.0,0.0,105
510002,1982.0,1997.0,0.0,201
510301,1986.0,2001.0,0.0,283
510501,1973.0,1988.0,0.0,24
510502,1976.0,1991.0,0.0,81
510701,1982.0,1997.0,0.0,201
510702,1987.0,2002.0,0.0,283
510801,1981.0,1996.0,0.0,155
510802,1985.0,2000.0,0.0,250
511001,1985.0,2000.0,0.0,250
511301,1986.0,2001.0,0.0,283
511401,1987.0,2002.0,0.0,283
511501,1984.0,1999.0,0.0,250
511701,1978.0,1993.0,1.0,105
511702,1983.0,1998.0,0.0,201
511901,1980.0,1995.0,0.0,150
512101,1975.0,1990.0,0.0,53
512102,1978.0,1993.0,1.0,105
512301,1982.0,1997.0,0.0,201
512302,1986.0,2001.0,0.0,283
512501,1978.0,1993.0,0.0,105
512502,1980.0,1995.0,0.0,150
512503,1982.0,1997.0,0.0,201
513101,1981.0,1996.0,1.0,155
513102,1982.0,1997.0,0.0,201
513401,1983.0,1998.0,0.0,201
513402,1985.0,2000.0,0.0,250
513501,1980.0,1995.0,1.0,150
513502,1982.0,1997.0,0.0,201
513503,1983.0,1998.0,0.0,201
513801,1982.0,1997.0,0.0,201
514301,1986.0,2001.0,1.0,283
514802,1982.0,1997.0,0.0,201
515101,1981.0,1996.0,0.0,155
515102,1984.0,1999.0,0.0,250
516401,1985.0,2000.0,0.0,250
516402,1986.0,2001.0,0.0,283
517901,1984.0,1999.0,0.0,250
518001,1985.0,2000.0,0.0,250
518002,1987.0,2002.0,0.0,283
518901,1985.0,2000.0,0.0,250
519501,1982.0,1997.0,0.0,201
519502,1983.0,1998.0,0.0,201
519801,1983.0,1998.0,0.0,201
519802,1986.0,2001.0,0.0,283
519901,1980.0,1995.0,0.0,150
519902,1985.0,2000.0,0.0,250
520901,1985.0,2000.0,0.0,250
520902,1987.0,2002.0,0.0,283
521201,1981.0,1996.0,1.0,155
521202,1983.0,1998.0,0.0,201
521601,1983.0,1998.0,1.0,201
521602,1985.0,2000.0,0.0,250
521901,1978.0,1993.0,1.0,105
521902,1982.0,1997.0,0.0,201
521903,1984.0,1999.0,1.0,250
522401,1982.0,1997.0,0.0,201
522402,1983.0,1998.0,0.0,201
523101,1984.0,1999.0,0.0,250
523102,1987.0,2002.0,0.0,283
523201,1984.0,1999.0,0.0,250
523601,1978.0,1993.0,0.0,105
523602,1981.0,1996.0,0.0,155
524701,1983.0,1998.0,0.0,201
524702,1985.0,2000.0,0.0,250
525501,1977.0,1992.0,0.0,82
526101,1981.0,1996.0,0.0,155
526401,1980.0,1995.0,0.0,150
526402,1985.0,2000.0,0.0,250
526501,1985.0,2000.0,0.0,250
526801,1982.0,1997.0,0.0,201
527101,1979.0,1994.0,0.0,105
527102,1980.0,1995.0,0.0,150
527103,1983.0,1998.0,0.0,201
527201,1980.0,1995.0,0.0,150
527202,1983.0,1998.0,0.0,201
527301,1981.0,1996.0,0.0,155
527302,1983.0,1998.0,0.0,201
527303,1985.0,2000.0,0.0,250
528001,1980.0,1995.0,0.0,150
528002,1984.0,1999.0,0.0,250
528302,1982.0,1997.0,0.0,201
528501,1980.0,1995.0,0.0,150
528502,1984.0,1999.0,0.0,250
528601,1978.0,1993.0,0.0,105
528602,1980.0,1995.0,0.0,150
528603,1984.0,1999.0,0.0,250
528801,1985.0,2000.0,0.0,250
528901,1984.0,1999.0,0.0,250
528902,1986.0,2001.0,0.0,283
529401,1975.0,1990.0,1.0,53
529402,1977.0,1992.0,0.0,82
529501,1980.0,1995.0,0.0,150
529502,1983.0,1998.0,0.0,201
529801,1985.0,2000.0,1.0,250
529802,1987.0,2002.0,0.0,283
529901,1987.0,2002.0,0.0,283
530101,1985.0,2000.0,0.0,250
530801,1984.0,1999.0,0.0,250
530802,1987.0,2002.0,0.0,283
530903,1984.0,1999.0,0.0,250
531101,1974.0,1989.0,0.0,53
531102,1983.0,1998.0,0.0,201
531103,1985.0,2000.0,0.0,250
531501,1984.0,1999.0,0.0,250
531502,1986.0,2001.0,0.0,283
531701,1985.0,2000.0,0.0,250
531702,1987.0,2002.0,0.0,283
532501,1979.0,1994.0,0.0,105
532502,1981.0,1996.0,0.0,155
532503,1982.0,1997.0,0.0,201
532701,1985.0,2000.0,0.0,250
532702,1987.0,2002.0,0.0,283
532801,1984.0,1999.0,0.0,250
533001,1987.0,2002.0,0.0,283
533201,1979.0,1994.0,0.0,105
533202,1983.0,1998.0,0.0,201
533203,1984.0,1999.0,0.0,250
533204,1986.0,2001.0,0.0,283
533301,1979.0,1994.0,0.0,105
533302,1982.0,1997.0,0.0,201
533303,1985.0,2000.0,0.0,250
533801,1983.0,1998.0,0.0,201
533901,1976.0,1991.0,0.0,81
533902,1981.0,1996.0,0.0,155
534101,1985.0,2000.0,0.0,250
534901,1983.0,1998.0,0.0,201
534902,1984.0,1999.0,0.0,250
536002,1980.0,1995.0,0.0,150
536003,1984.0,1999.0,0.0,250
536901,1982.0,1997.0,0.0,201
536902,1987.0,2002.0,0.0,283
537201,1986.0,2001.0,0.0,283
537301,1987.0,2002.0,0.0,283
537401,1985.0,2000.0,0.0,250
537601,1982.0,1997.0,0.0,201
538101,1987.0,2002.0,0.0,283
538901,1986.0,2001.0,0.0,283
539101,1979.0,1994.0,0.0,105
539102,1981.0,1996.0,0.0,155
539103,1984.0,1999.0,0.0,250
539104,1987.0,2002.0,0.0,283
539701,1982.0,1997.0,0.0,201
539702,1984.0,1999.0,0.0,250
540601,1977.0,1992.0,0.0,82
540602,1979.0,1994.0,0.0,105
540603,1982.0,1997.0,0.0,201
540604,1984.0,1999.0,0.0,250
540605,1986.0,2001.0,0.0,283
540801,1985.0,2000.0,0.0,250
540901,1979.0,1994.0,0.0,105
540902,1983.0,1998.0,0.0,201
542101,1981.0,1996.0,0.0,155
542102,1983.0,1998.0,0.0,201
542103,1985.0,2000.0,0.0,250
542104,1987.0,2002.0,0.0,283
542201,1977.0,1992.0,0.0,82
542202,1980.0,1995.0,0.0,150
542401,1985.0,2000.0,0.0,250
542402,1987.0,2002.0,0.0,283
542501,1975.0,1990.0,0.0,53
542701,1980.0,1995.0,0.0,150
542702,1985.0,2000.0,0.0,250
543401,1978.0,1993.0,0.0,105
543402,1981.0,1996.0,0.0,155
545401,1982.0,1997.0,0.0,201
545501,1980.0,1995.0,0.0,150
545801,1981.0,1996.0,0.0,155
546001,1978.0,1993.0,0.0,105
546201,1981.0,1996.0,1.0,155
546202,1982.0,1997.0,0.0,201
546203,1983.0,1998.0,0.0,201
546401,1985.0,2000.0,0.0,250
546501,1976.0,1991.0,0.0,81
546502,1978.0,1993.0,0.0,105
546503,1983.0,1998.0,0.0,201
546504,1984.0,1999.0,1.0,250
546601,1981.0,1996.0,0.0,155
546602,1986.0,2001.0,0.0,283
546701,1980.0,1995.0,0.0,150
546702,1986.0,2001.0,0.0,283
546901,1983.0,1998.0,0.0,201
547301,1977.0,1992.0,0.0,82
547302,1979.0,1994.0,1.0,105
547601,1979.0,1994.0,0.0,105
547701,1979.0,1994.0,0.0,105
547702,1981.0,1996.0,0.0,155
547801,1985.0,2000.0,1.0,250
548001,1984.0,1999.0,0.0,250
548501,1986.0,2001.0,0.0,283
548601,1984.0,1999.0,0.0,250
548701,1979.0,1994.0,0.0,105
548801,1976.0,1991.0,0.0,81
548802,1979.0,1994.0,0.0,105
548803,1981.0,1996.0,0.0,155
549201,1978.0,1993.0,0.0,105
549801,1980.0,1995.0,0.0,150
549802,1986.0,2001.0,0.0,283
550201,1986.0,2001.0,0.0,283
550801,1979.0,1994.0,0.0,105
550901,1980.0,1995.0,0.0,150
551501,1982.0,1997.0,0.0,201
551801,1984.0,1999.0,0.0,250
552402,1985.0,2000.0,1.0,250
552801,1982.0,1997.0,0.0,201
552802,1987.0,2002.0,0.0,283
553001,1980.0,1995.0,1.0,150
553002,1982.0,1997.0,0.0,201
553601,1982.0,1997.0,1.0,201
553701,1986.0,2001.0,0.0,283
554701,1974.0,1989.0,0.0,53
554702,1975.0,1990.0,1.0,53
554703,1977.0,1992.0,1.0,82
554705,1980.0,1995.0,0.0,150
554801,1980.0,1995.0,0.0,150
554802,1984.0,1999.0,0.0,250
555001,1986.0,2001.0,0.0,283
555501,1977.0,1992.0,0.0,82
555502,1984.0,1999.0,0.0,250
555701,1973.0,1988.0,0.0,24
555702,1976.0,1991.0,1.0,81
556001,1978.0,1993.0,1.0,105
556101,1985.0,2000.0,1.0,250
556601,1979.0,1994.0,0.0,105
557101,1984.0,1999.0,0.0,250
557401,1986.0,2001.0,0.0,283
557701,1979.0,1994.0,0.0,105
557702,1984.0,1999.0,0.0,250
558101,1983.0,1998.0,0.0,201
558201,1982.0,1997.0,0.0,201
558301,1978.0,1993.0,0.0,105
559302,1983.0,1998.0,0.0,201
559501,1982.0,1997.0,0.0,201
559502,1983.0,1998.0,0.0,201
559601,1981.0,1996.0,0.0,155
560001,1982.0,1997.0,0.0,201
560501,1984.0,1999.0,1.0,250
560502,1984.0,1999.0,1.0,250
560601,1984.0,1999.0,0.0,250
560901,1984.0,1999.0,0.0,250
561201,1978.0,1993.0,0.0,105
561202,1979.0,1994.0,0.0,105
561203,1981.0,1996.0,0.0,155
561204,1984.0,1999.0,0.0,250
561401,1984.0,1999.0,0.0,250
561402,1985.0,2000.0,1.0,250
561403,1987.0,2002.0,0.0,283
561501,1976.0,1991.0,1.0,81
561502,1978.0,1993.0,0.0,105
561901,1985.0,2000.0,0.0,250
561902,1987.0,2002.0,0.0,283
562401,1984.0,1999.0,1.0,250
562701,1982.0,1997.0,0.0,201
562702,1985.0,2000.0,0.0,250
563101,1980.0,1995.0,0.0,150
563401,1986.0,2001.0,0.0,283
564001,1978.0,1993.0,0.0,105
564002,1980.0,1995.0,0.0,150
564601,1980.0,1995.0,1.0,150
564701,1982.0,1997.0,1.0,201
564702,1984.0,1999.0,0.0,250
564801,1980.0,1995.0,0.0,150
564802,1981.0,1996.0,0.0,155
564803,1983.0,1998.0,0.0,201
565401,1983.0,1998.0,1.0,201
565601,1985.0,2000.0,0.0,250
566901,1982.0,1997.0,0.0,201
567401,1981.0,1996.0,1.0,155
568401,1975.0,1990.0,0.0,53
568402,1976.0,1991.0,0.0,81
568502,1984.0,1999.0,0.0,250
568601,1981.0,1996.0,0.0,155
568701,1982.0,1997.0,0.0,201
568901,1977.0,1992.0,0.0,82
569501,1984.0,1999.0,0.0,250
570501,1981.0,1996.0,0.0,155
570502,1983.0,1998.0,1.0,201
570801,1987.0,2002.0,0.0,283
571301,1980.0,1995.0,0.0,150
571302,1981.0,1996.0,1.0,155
571701,1987.0,2002.0,0.0,283
572001,1977.0,1992.0,0.0,82
572002,1984.0,1999.0,0.0,250
572401,1978.0,1993.0,0.0,105
572402,1981.0,1996.0,0.0,155
572801,1985.0,2000.0,0.0,250
572901,1985.0,2000.0,0.0,250
572902,1987.0,2002.0,0.0,283
574001,1976.0,1991.0,0.0,81
574002,1979.0,1994.0,0.0,105
574003,1981.0,1996.0,1.0,155
574004,1983.0,1998.0,0.0,201
574101,1987.0,2002.0,0.0,283
574601,1982.0,1997.0,1.0,201
574602,1987.0,2002.0,0.0,283
575601,1979.0,1994.0,0.0,105
575602,1981.0,1996.0,1.0,155
575603,1983.0,1998.0,0.0,201
576601,1985.0,2000.0,0.0,250
576701,1984.0,1999.0,0.0,250
576901,1987.0,2002.0,1.0,283
577301,1984.0,1999.0,0.0,250
577401,1983.0,1998.0,0.0,201
578001,1984.0,1999.0,0.0,250
578101,1982.0,1997.0,0.0,201
578102,1986.0,2001.0,0.0,283
578201,1978.0,1993.0,1.0,105
579001,1979.0,1994.0,0.0,105
579002,1986.0,2001.0,0.0,283
579301,1980.0,1995.0,0.0,150
579302,1982.0,1997.0,0.0,201
579303,1983.0,1998.0,0.0,201
579304,1984.0,1999.0,0.0,250
579601,1975.0,1990.0,0.0,53
579801,1982.0,1997.0,0.0,201
579802,1985.0,2000.0,0.0,250
579901,1983.0,1998.0,0.0,201
580102,1987.0,2002.0,0.0,283
580301,1980.0,1995.0,0.0,150
580302,1981.0,1996.0,1.0,155
580501,1980.0,1995.0,0.0,150
580502,1981.0,1996.0,0.0,155
580601,1980.0,1995.0,0.0,150
580602,1985.0,2000.0,0.0,250
580901,1982.0,1997.0,0.0,201
580902,1987.0,2002.0,0.0,283
581302,1982.0,1997.0,0.0,201
581701,1982.0,1997.0,0.0,201
581702,1985.0,2000.0,0.0,250
581801,1978.0,1993.0,1.0,105
581802,1980.0,1995.0,0.0,150
581901,1984.0,1999.0,0.0,250
581902,1987.0,2002.0,0.0,283
582001,1985.0,2000.0,0.0,250
582002,1986.0,2001.0,0.0,283
582101,1983.0,1998.0,0.0,201
582701,1979.0,1994.0,0.0,105
582901,1980.0,1995.0,0.0,150
583401,1982.0,1997.0,0.0,201
583601,1976.0,1991.0,0.0,81
583603,1979.0,1994.0,0.0,105
583604,1984.0,1999.0,0.0,250
583901,1980.0,1995.0,0.0,150
583902,1983.0,1998.0,0.0,201
584002,1980.0,1995.0,0.0,150
584003,1982.0,1997.0,0.0,201
584004,1982.0,1997.0,0.0,201
584005,1987.0,2002.0,0.0,283
584101,1976.0,1991.0,0.0,81
584102,1980.0,1995.0,1.0,150
584402,1986.0,2001.0,0.0,283
584901,1976.0,1991.0,0.0,81
584902,1985.0,2000.0,0.0,250
585201,1981.0,1996.0,0.0,155
585202,1984.0,1999.0,0.0,250
585203,1987.0,2002.0,0.0,283
585501,1976.0,1991.0,0.0,81
585502,1977.0,1992.0,0.0,82
585503,1987.0,2002.0,0.0,283
586101,1981.0,1996.0,1.0,155
586102,1983.0,1998.0,0.0,201
586103,1984.0,1999.0,1.0,250
586201,1983.0,1998.0,0.0,201
586202,1985.0,2000.0,0.0,250
586801,1984.0,1999.0,0.0,250
586802,1987.0,2002.0,0.0,283
587001,1983.0,1998.0,0.0,201
587301,1983.0,1998.0,0.0,201
587302,1987.0,2002.0,0.0,283
588301,1983.0,1998.0,0.0,201
588701,1979.0,1994.0,1.0,105
588702,1986.0,2001.0,0.0,283
588801,1981.0,1996.0,0.0,155
588802,1982.0,1997.0,0.0,201
588901,1975.0,1990.0,0.0,53
588902,1982.0,1997.0,0.0,201
589501,1983.0,1998.0,0.0,201
589701,1983.0,1998.0,0.0,201
589702,1985.0,2000.0,0.0,250
589901,1983.0,1998.0,0.0,201
590601,1976.0,1991.0,0.0,81
590602,1980.0,1995.0,0.0,150
590901,1982.0,1997.0,0.0,201
590902,1983.0,1998.0,0.0,201
590903,1984.0,1999.0,0.0,250
590904,1986.0,2001.0,0.0,283
591101,1984.0,1999.0,0.0,250
591301,1974.0,1989.0,0.0,53
591302,1975.0,1990.0,0.0,53
591303,1976.0,1991.0,0.0,81
591601,1983.0,1998.0,0.0,201
591901,1977.0,1992.0,0.0,82
591902,1981.0,1996.0,0.0,155
591903,1983.0,1998.0,0.0,201
592301,1984.0,1999.0,0.0,250
592601,1973.0,1988.0,0.0,24
592602,1979.0,1994.0,0.0,105
592603,1983.0,1998.0,0.0,201
593203,1985.0,2000.0,0.0,250
593401,1984.0,1999.0,1.0,250
593601,1984.0,1999.0,0.0,250
594102,1983.0,1998.0,0.0,201
594701,1979.0,1994.0,0.0,105
594702,1980.0,1995.0,0.0,150
594801,1979.0,1994.0,0.0,105
595101,1979.0,1994.0,0.0,105
595102,1980.0,1995.0,0.0,150
595104,1984.0,1999.0,0.0,250
595105,1985.0,2000.0,0.0,250
595202,1981.0,1996.0,0.0,155
595203,1983.0,1998.0,0.0,201
595204,1984.0,1999.0,0.0,250
595401,1981.0,1996.0,0.0,155
595701,1979.0,1994.0,1.0,105
596501,1977.0,1992.0,0.0,82
596503,1981.0,1996.0,0.0,155
596504,1985.0,2000.0,0.0,250
597301,1979.0,1994.0,0.0,105
597601,1979.0,1994.0,0.0,105
597602,1984.0,1999.0,0.0,250
597801,1974.0,1989.0,0.0,53
598001,1984.0,1999.0,0.0,250
598301,1983.0,1998.0,0.0,201
598601,1982.0,1997.0,0.0,201
599801,1981.0,1996.0,1.0,155
599901,1978.0,1993.0,0.0,105
599902,1981.0,1996.0,0.0,155
600201,1982.0,1997.0,0.0,201
600202,1987.0,2002.0,0.0,283
600302,1985.0,2000.0,0.0,250
600401,1979.0,1994.0,1.0,105
600402,1983.0,1998.0,0.0,201
600501,1981.0,1996.0,0.0,155
600502,1985.0,2000.0,0.0,250
601501,1978.0,1993.0,0.0,105
601901,1979.0,1994.0,0.0,105
601902,1980.0,1995.0,0.0,150
601903,1982.0,1997.0,0.0,201
602301,1980.0,1995.0,0.0,150
602302,1983.0,1998.0,0.0,201
602303,1985.0,2000.0,0.0,250
602401,1976.0,1991.0,0.0,81
603001,1981.0,1996.0,1.0,155
603002,1982.0,1997.0,0.0,201
603003,1984.0,1999.0,0.0,250
603301,1980.0,1995.0,0.0,150
603302,1981.0,1996.0,0.0,155
603303,1983.0,1998.0,0.0,201
603304,1985.0,2000.0,0.0,250
603601,1982.0,1997.0,1.0,201
604001,1981.0,1996.0,0.0,155
604002,1982.0,1997.0,0.0,201
604004,1986.0,2001.0,0.0,283
604601,1978.0,1993.0,0.0,105
604602,1979.0,1994.0,0.0,105
604603,1981.0,1996.0,0.0,155
604604,1983.0,1998.0,0.0,201
604605,1983.0,1998.0,1.0,201
604606,1987.0,2002.0,1.0,283
604701,1974.0,1989.0,1.0,53
604703,1979.0,1994.0,0.0,105
604801,1973.0,1988.0,1.0,24
604802,1979.0,1994.0,0.0,105
604803,1983.0,1998.0,0.0,201
604804,1985.0,2000.0,0.0,250
604901,1986.0,2001.0,0.0,283
605301,1985.0,2000.0,0.0,250
605302,1987.0,2002.0,0.0,283
605501,1981.0,1996.0,0.0,155
606601,1978.0,1993.0,1.0,105
606602,1985.0,2000.0,0.0,250
606901,1973.0,1988.0,0.0,24
606902,1977.0,1992.0,0.0,82
606903,1987.0,2002.0,0.0,283
607201,1979.0,1994.0,0.0,105
607202,1984.0,1999.0,1.0,250
607301,1973.0,1988.0,0.0,24
607302,1979.0,1994.0,0.0,105
607401,1984.0,1999.0,0.0,250
607402,1986.0,2001.0,1.0,283
607403,1987.0,2002.0,0.0,283
607601,1980.0,1995.0,0.0,150
607602,1982.0,1997.0,0.0,201
607801,1974.0,1989.0,0.0,53
607803,1983.0,1998.0,0.0,201
608001,1978.0,1993.0,0.0,105
608002,1982.0,1997.0,0.0,201
608401,1980.0,1995.0,1.0,150
608402,1985.0,2000.0,0.0,250
608403,1986.0,2001.0,0.0,283
608801,1976.0,1991.0,0.0,81
608802,1977.0,1992.0,0.0,82
608803,1981.0,1996.0,0.0,155
609101,1976.0,1991.0,0.0,81
609102,1978.0,1993.0,0.0,105
610101,1978.0,1993.0,0.0,105
610102,1980.0,1995.0,0.0,150
610701,1982.0,1997.0,0.0,201
610702,1983.0,1998.0,0.0,201
610703,1985.0,2000.0,0.0,250
611401,1981.0,1996.0,1.0,155
611402,1986.0,2001.0,0.0,283
611601,1977.0,1992.0,0.0,82
611602,1982.0,1997.0,0.0,201
611801,1978.0,1993.0,0.0,105
611901,1979.0,1994.0,0.0,105
611902,1981.0,1996.0,0.0,155
611903,1982.0,1997.0,0.0,201
611904,1984.0,1999.0,0.0,250
612901,1979.0,1994.0,0.0,105
613001,1985.0,2000.0,1.0,250
613201,1986.0,2001.0,0.0,283
613402,1986.0,2001.0,1.0,283
615101,1983.0,1998.0,1.0,201
615901,1984.0,1999.0,0.0,250
616001,1981.0,1996.0,0.0,155
616101,1978.0,1993.0,0.0,105
616102,1983.0,1998.0,0.0,201
616301,1986.0,2001.0,0.0,283
616801,1983.0,1998.0,0.0,201
616901,1978.0,1993.0,0.0,105
616902,1980.0,1995.0,1.0,150
616903,1979.0,1994.0,1.0,105
616904,1983.0,1998.0,0.0,201
617401,1977.0,1992.0,1.0,82
617402,1984.0,1999.0,0.0,250
617501,1979.0,1994.0,0.0,105
617502,1984.0,1999.0,0.0,250
617503,1986.0,2001.0,0.0,283
617701,1977.0,1992.0,0.0,82
617702,1983.0,1998.0,0.0,201
617801,1978.0,1993.0,0.0,105
617901,1976.0,1991.0,0.0,81
618101,1981.0,1996.0,0.0,155
618102,1984.0,1999.0,0.0,250
619501,1981.0,1996.0,0.0,155
619701,1975.0,1990.0,0.0,53
619702,1976.0,1991.0,0.0,81
619703,1979.0,1994.0,0.0,105
620201,1980.0,1995.0,0.0,150
620202,1981.0,1996.0,0.0,155
620601,1980.0,1995.0,1.0,150
620901,1974.0,1989.0,0.0,53
620902,1977.0,1992.0,1.0,82
621001,1981.0,1996.0,1.0,155
621002,1985.0,2000.0,0.0,250
621501,1987.0,2002.0,0.0,283
621701,1987.0,2002.0,0.0,283
622001,1979.0,1994.0,0.0,105
622002,1982.0,1997.0,0.0,201
622101,1980.0,1995.0,0.0,150
622102,1981.0,1996.0,1.0,155
622501,1979.0,1994.0,0.0,105
622502,1984.0,1999.0,0.0,250
622702,1982.0,1997.0,0.0,201
622703,1986.0,2001.0,0.0,283
623101,1973.0,1988.0,0.0,24
623102,1974.0,1989.0,0.0,53
623201,1981.0,1996.0,0.0,155
623202,1983.0,1998.0,0.0,201
623301,1977.0,1992.0,0.0,82
623302,1981.0,1996.0,0.0,155
623303,1983.0,1998.0,0.0,201
623401,1976.0,1991.0,0.0,81
623402,1977.0,1992.0,0.0,82
623403,1979.0,1994.0,0.0,105
623501,1976.0,1991.0,1.0,81
623502,1979.0,1994.0,0.0,105
623503,1981.0,1996.0,1.0,155
623801,1986.0,2001.0,0.0,283
623901,1982.0,1997.0,0.0,201
624301,1980.0,1995.0,1.0,150
624302,1985.0,2000.0,0.0,250
624401,1983.0,1998.0,0.0,201
624502,1986.0,2001.0,0.0,283
625501,1978.0,1993.0,0.0,105
625502,1985.0,2000.0,0.0,250
625802,1978.0,1993.0,0.0,105
625803,1984.0,1999.0,0.0,250
625901,1976.0,1991.0,0.0,81
626201,1984.0,1999.0,0.0,250
626301,1977.0,1992.0,0.0,82
626501,1985.0,2000.0,0.0,250
626802,1978.0,1993.0,0.0,105
627001,1982.0,1997.0,0.0,201
627401,1987.0,2002.0,0.0,283
627501,1979.0,1994.0,0.0,105
627701,1987.0,2002.0,0.0,283
627801,1981.0,1996.0,0.0,155
627802,1982.0,1997.0,0.0,201
627803,1987.0,2002.0,0.0,283
628001,1973.0,1988.0,0.0,24
628002,1974.0,1989.0,0.0,53
628003,1976.0,1991.0,0.0,81
628004,1979.0,1994.0,0.0,105
628005,1982.0,1997.0,0.0,201
628201,1980.0,1995.0,1.0,150
628202,1981.0,1996.0,0.0,155
628203,1982.0,1997.0,0.0,201
628204,1984.0,1999.0,0.0,250
628205,1986.0,2001.0,0.0,283
628401,1979.0,1994.0,0.0,105
628901,1984.0,1999.0,0.0,250
628902,1986.0,2001.0,0.0,283
629101,1974.0,1989.0,0.0,53
629102,1977.0,1992.0,0.0,82
629301,1980.0,1995.0,0.0,150
629303,1984.0,1999.0,0.0,250
629304,1987.0,2002.0,0.0,283
629401,1977.0,1992.0,1.0,82
629402,1981.0,1996.0,0.0,155
629403,1986.0,2001.0,0.0,283
629601,1980.0,1995.0,0.0,150
629602,1984.0,1999.0,0.0,250
629701,1975.0,1990.0,0.0,53
629702,1978.0,1993.0,0.0,105
629703,1983.0,1998.0,0.0,201
629901,1985.0,2000.0,0.0,250
629902,1987.0,2002.0,0.0,283
630801,1976.0,1991.0,0.0,81
630802,1977.0,1992.0,0.0,82
631001,1976.0,1991.0,1.0,81
631002,1979.0,1994.0,0.0,105
631003,1980.0,1995.0,0.0,150
631004,1981.0,1996.0,1.0,155
631005,1982.0,1997.0,0.0,201
631201,1983.0,1998.0,0.0,201
631301,1977.0,1992.0,0.0,82
631302,1978.0,1993.0,0.0,105
631501,1977.0,1992.0,1.0,82
631502,1979.0,1994.0,1.0,105
631503,1980.0,1995.0,0.0,150
631801,1980.0,1995.0,0.0,150
632101,1982.0,1997.0,0.0,201
632201,1978.0,1993.0,0.0,105
632202,1980.0,1995.0,0.0,150
632701,1978.0,1993.0,0.0,105
632702,1978.0,1993.0,0.0,105
632703,1979.0,1994.0,0.0,105
632704,1983.0,1998.0,0.0,201
632705,1984.0,1999.0,0.0,250
632706,1986.0,2001.0,0.0,283
633301,1985.0,2000.0,0.0,250
633401,1987.0,2002.0,0.0,283
633501,1981.0,1996.0,0.0,155
633502,1983.0,1998.0,0.0,201
633601,1980.0,1995.0,1.0,150
633602,1983.0,1998.0,0.0,201
633701,1976.0,1991.0,1.0,81
633801,1978.0,1993.0,0.0,105
633802,1979.0,1994.0,0.0,105
633803,1982.0,1997.0,0.0,201
633901,1980.0,1995.0,0.0,150
633902,1987.0,2002.0,0.0,283
634201,1983.0,1998.0,0.0,201
634401,1978.0,1993.0,0.0,105
634402,1981.0,1996.0,1.0,155
634501,1975.0,1990.0,0.0,53
634502,1976.0,1991.0,0.0,81
634503,1986.0,2001.0,0.0,283
635601,1982.0,1997.0,0.0,201
635602,1986.0,2001.0,0.0,283
635701,1983.0,1998.0,0.0,201
635801,1980.0,1995.0,0.0,150
636301,1976.0,1991.0,0.0,81
636302,1978.0,1993.0,0.0,105
636303,1981.0,1996.0,1.0,155
636401,1986.0,2001.0,0.0,283
636501,1982.0,1997.0,0.0,201
636502,1984.0,1999.0,0.0,250
636503,1986.0,2001.0,0.0,283
636601,1982.0,1997.0,0.0,201
636801,1981.0,1996.0,1.0,155
636802,1983.0,1998.0,0.0,201
636803,1985.0,2000.0,1.0,250
636901,1976.0,1991.0,0.0,81
636902,1986.0,2001.0,0.0,283
637001,1976.0,1991.0,0.0,81
637101,1979.0,1994.0,0.0,105
637103,1982.0,1997.0,0.0,201
637104,1987.0,2002.0,0.0,283
637401,1978.0,1993.0,0.0,105
637402,1987.0,2002.0,0.0,283
637501,1979.0,1994.0,0.0,105
637502,1980.0,1995.0,0.0,150
637701,1986.0,2001.0,0.0,283
637901,1984.0,1999.0,1.0,250
638001,1976.0,1991.0,0.0,81
638101,1977.0,1992.0,0.0,82
638102,1979.0,1994.0,1.0,105
638201,1977.0,1992.0,0.0,82
638202,1983.0,1998.0,1.0,201
638301,1974.0,1989.0,0.0,53
638401,1979.0,1994.0,0.0,105
638402,1983.0,1998.0,0.0,201
638701,1980.0,1995.0,1.0,150
638702,1986.0,2001.0,0.0,283
638901,1976.0,1991.0,0.0,81
638902,1982.0,1997.0,0.0,201
639301,1982.0,1997.0,0.0,201
639302,1985.0,2000.0,0.0,250
639401,1980.0,1995.0,0.0,150
639601,1983.0,1998.0,0.0,201
639602,1986.0,2001.0,0.0,283
639901,1973.0,1988.0,0.0,24
639902,1974.0,1989.0,0.0,53
639903,1976.0,1991.0,0.0,81
639904,1980.0,1995.0,0.0,150
640001,1977.0,1992.0,1.0,82
640002,1980.0,1995.0,0.0,150
640003,1982.0,1997.0,0.0,201
640401,1975.0,1990.0,0.0,53
640402,1980.0,1995.0,0.0,150
640501,1980.0,1995.0,0.0,150
640701,1981.0,1996.0,1.0,155
640702,1986.0,2001.0,0.0,283
641001,1980.0,1995.0,0.0,150
641301,1976.0,1991.0,0.0,81
641401,1975.0,1990.0,1.0,53
641402,1977.0,1992.0,0.0,82
641403,1982.0,1997.0,0.0,201
641601,1978.0,1993.0,0.0,105
641602,1981.0,1996.0,1.0,155
642601,1979.0,1994.0,0.0,105
642602,1984.0,1999.0,0.0,250
642701,1984.0,1999.0,0.0,250
642801,1982.0,1997.0,0.0,201
642901,1982.0,1997.0,0.0,201
642902,1984.0,1999.0,0.0,250
642903,1984.0,1999.0,1.0,250
642904,1986.0,2001.0,0.0,283
643401,1975.0,1990.0,0.0,53
643402,1984.0,1999.0,0.0,250
644201,1986.0,2001.0,0.0,283
644502,1984.0,1999.0,0.0,250
644503,1987.0,2002.0,0.0,283
644801,1977.0,1992.0,0.0,82
644802,1978.0,1993.0,0.0,105
644803,1982.0,1997.0,0.0,201
644804,1985.0,2000.0,0.0,250
644805,1986.0,2001.0,0.0,283
644901,1985.0,2000.0,1.0,250
645001,1980.0,1995.0,1.0,150
645501,1984.0,1999.0,0.0,250
646101,1987.0,2002.0,0.0,283
647201,1985.0,2000.0,0.0,250
648201,1979.0,1994.0,0.0,105
648202,1980.0,1995.0,0.0,150
648601,1979.0,1994.0,0.0,105
648901,1985.0,2000.0,0.0,250
651301,1986.0,2001.0,0.0,283
651601,1979.0,1994.0,0.0,105
651602,1981.0,1996.0,0.0,155
651603,1982.0,1997.0,0.0,201
651604,1982.0,1997.0,1.0,201
651605,1984.0,1999.0,0.0,250
655501,1983.0,1998.0,0.0,201
657501,1981.0,1996.0,0.0,155
658702,1978.0,1993.0,0.0,105
658703,1982.0,1997.0,0.0,201
658704,1984.0,1999.0,0.0,250
660201,1981.0,1996.0,0.0,155
660202,1982.0,1997.0,0.0,201
660203,1986.0,2001.0,0.0,283
660401,1979.0,1994.0,0.0,105
660402,1983.0,1998.0,0.0,201
660501,1984.0,1999.0,0.0,250
660502,1986.0,2001.0,1.0,283
660601,1977.0,1992.0,0.0,82
660603,1981.0,1996.0,1.0,155
660604,1987.0,2002.0,0.0,283
664203,1983.0,1998.0,0.0,201
664301,1972.0,1987.0,1.0,24
664302,1973.0,1988.0,0.0,24
664303,1981.0,1996.0,0.0,155
664401,1982.0,1997.0,0.0,201
665101,1984.0,1999.0,0.0,250
665401,1979.0,1994.0,0.0,105
665402,1986.0,2001.0,0.0,283
665801,1977.0,1992.0,0.0,82
665802,1985.0,2000.0,0.0,250
665901,1979.0,1994.0,0.0,105
665902,1981.0,1996.0,0.0,155
666201,1986.0,2001.0,0.0,283
666701,1984.0,1999.0,0.0,250
666801,1987.0,2002.0,0.0,283
667102,1985.0,2000.0,0.0,250
667401,1980.0,1995.0,0.0,150
667402,1982.0,1997.0,0.0,201
667403,1986.0,2001.0,0.0,283
667501,1982.0,1997.0,0.0,201
667502,1985.0,2000.0,0.0,250
667601,1979.0,1994.0,0.0,105
667602,1981.0,1996.0,0.0,155
667603,1984.0,1999.0,0.0,250
668401,1976.0,1991.0,0.0,81
668402,1981.0,1996.0,0.0,155
669301,1987.0,2002.0,0.0,283
669401,1978.0,1993.0,0.0,105
670401,1980.0,1995.0,0.0,150
670901,1981.0,1996.0,1.0,155
670902,1984.0,1999.0,0.0,250
671101,1982.0,1997.0,0.0,201
672001,1983.0,1998.0,0.0,201
672201,1976.0,1991.0,0.0,81
672501,1987.0,2002.0,0.0,283
673001,1982.0,1997.0,0.0,201
673402,1987.0,2002.0,0.0,283
674001,1978.0,1993.0,1.0,105
674201,1984.0,1999.0,0.0,250
674202,1987.0,2002.0,0.0,283
674401,1981.0,1996.0,0.0,155
674501,1986.0,2001.0,0.0,283
674901,1979.0,1994.0,0.0,105
674903,1982.0,1997.0,0.0,201
675201,1980.0,1995.0,0.0,150
675202,1987.0,2002.0,0.0,283
675301,1985.0,2000.0,0.0,250
675501,1983.0,1998.0,0.0,201
675601,1981.0,1996.0,0.0,155
675602,1983.0,1998.0,0.0,201
675701,1981.0,1996.0,0.0,155
675801,1978.0,1993.0,0.0,105
675802,1981.0,1996.0,0.0,155
676101,1979.0,1994.0,0.0,105
676501,1987.0,2002.0,0.0,283
677201,1979.0,1994.0,1.0,105
677202,1981.0,1996.0,1.0,155
677301,1978.0,1993.0,0.0,105
677302,1983.0,1998.0,0.0,201
677402,1984.0,1999.0,0.0,250
677403,1986.0,2001.0,0.0,283
678301,1982.0,1997.0,0.0,201
678701,1975.0,1990.0,0.0,53
678702,1976.0,1991.0,1.0,81
678703,1978.0,1993.0,1.0,105
680701,1980.0,1995.0,0.0,150
680702,1985.0,2000.0,1.0,250
681601,1985.0,2000.0,0.0,250
681602,1986.0,2001.0,0.0,283
682501,1976.0,1991.0,0.0,81
682502,1985.0,2000.0,0.0,250
682801,1972.0,1987.0,0.0,24
682802,1974.0,1989.0,0.0,53
682803,1977.0,1992.0,1.0,82
682901,1982.0,1997.0,0.0,201
682902,1986.0,2001.0,0.0,283
683201,1981.0,1996.0,0.0,155
684501,1980.0,1995.0,0.0,150
684502,1981.0,1996.0,0.0,155
684503,1983.0,1998.0,0.0,201
684701,1981.0,1996.0,0.0,155
684702,1984.0,1999.0,0.0,250
684703,1985.0,2000.0,0.0,250
685401,1982.0,1997.0,0.0,201
685402,1982.0,1997.0,0.0,201
685801,1978.0,1993.0,0.0,105
685802,1979.0,1994.0,0.0,105
685803,1980.0,1995.0,0.0,150
685804,1981.0,1996.0,0.0,155
685805,1983.0,1998.0,0.0,201
685806,1984.0,1999.0,0.0,250
686201,1978.0,1993.0,0.0,105
686202,1985.0,2000.0,0.0,250
686601,1975.0,1990.0,0.0,53
687601,1986.0,2001.0,0.0,283
688101,1985.0,2000.0,0.0,250
688501,1985.0,2000.0,0.0,250
689001,1980.0,1995.0,1.0,150
689101,1986.0,2001.0,0.0,283
693001,1980.0,1995.0,0.0,150
693002,1984.0,1999.0,0.0,250
693003,1987.0,2002.0,0.0,283
694001,1986.0,2001.0,0.0,283
694801,1979.0,1994.0,0.0,105
695001,1981.0,1996.0,0.0,155
695002,1986.0,2001.0,0.0,283
695201,1982.0,1997.0,0.0,201
695202,1985.0,2000.0,0.0,250
695301,1985.0,2000.0,1.0,250
695302,1987.0,2002.0,0.0,283
696601,1982.0,1997.0,0.0,201
696701,1978.0,1993.0,0.0,105
696703,1987.0,2002.0,0.0,283
697001,1975.0,1990.0,0.0,53
697101,1981.0,1996.0,0.0,155
697102,1987.0,2002.0,0.0,283
698901,1979.0,1994.0,0.0,105
699401,1977.0,1992.0,0.0,82
699501,1977.0,1992.0,0.0,82
699502,1979.0,1994.0,0.0,105
699503,1981.0,1996.0,0.0,155
700002,1985.0,2000.0,0.0,250
700202,1987.0,2002.0,0.0,283
704601,1983.0,1998.0,0.0,201
704901,1980.0,1995.0,0.0,150
704902,1985.0,2000.0,0.0,250
705401,1981.0,1996.0,0.0,155
706401,1981.0,1996.0,0.0,155
706501,1978.0,1993.0,0.0,105
706502,1987.0,2002.0,1.0,283
706503,1987.0,2002.0,1.0,283
706601,1976.0,1991.0,0.0,81
706602,1977.0,1992.0,0.0,82
706603,1979.0,1994.0,1.0,105
706604,1980.0,1995.0,1.0,150
706605,1981.0,1996.0,0.0,155
707301,1985.0,2000.0,0.0,250
707401,1978.0,1993.0,0.0,105
707402,1986.0,2001.0,1.0,283
707501,1986.0,2001.0,0.0,283
707701,1979.0,1994.0,0.0,105
707703,1983.0,1998.0,0.0,201
708101,1986.0,2001.0,0.0,283
708401,1985.0,2000.0,1.0,250
708402,1987.0,2002.0,0.0,283
708501,1979.0,1994.0,0.0,105
708502,1980.0,1995.0,0.0,150
708503,1986.0,2001.0,0.0,283
708901,1977.0,1992.0,0.0,82
708902,1980.0,1995.0,0.0,150
709201,1978.0,1993.0,0.0,105
709401,1974.0,1989.0,1.0,53
709402,1979.0,1994.0,0.0,105
709403,1982.0,1997.0,0.0,201
709701,1974.0,1989.0,0.0,53
710201,1986.0,2001.0,0.0,283
710202,1987.0,2002.0,0.0,283
710501,1981.0,1996.0,0.0,155
711501,1983.0,1998.0,0.0,201
711502,1985.0,2000.0,0.0,250
711601,1976.0,1991.0,0.0,81
711602,1980.0,1995.0,0.0,150
711603,1981.0,1996.0,1.0,155
712001,1986.0,2001.0,0.0,283
712301,1986.0,2001.0,0.0,283
712401,1975.0,1990.0,0.0,53
712402,1985.0,2000.0,0.0,250
712602,1979.0,1994.0,0.0,105
712603,1981.0,1996.0,0.0,155
712701,1981.0,1996.0,0.0,155
712702,1983.0,1998.0,0.0,201
712703,1985.0,2000.0,0.0,250
712801,1979.0,1994.0,0.0,105
712802,1981.0,1996.0,0.0,155
713001,1978.0,1993.0,0.0,105
713002,1983.0,1998.0,0.0,201
713802,1977.0,1992.0,0.0,82
713803,1985.0,2000.0,0.0,250
713901,1984.0,1999.0,0.0,250
713902,1985.0,2000.0,0.0,250
713903,1987.0,2002.0,0.0,283
714401,1980.0,1995.0,0.0,150
714402,1987.0,2002.0,0.0,283
714601,1986.0,2001.0,0.0,283
714801,1984.0,1999.0,0.0,250
714802,1986.0,2001.0,0.0,283
715201,1983.0,1998.0,0.0,201
715202,1986.0,2001.0,0.0,283
715301,1982.0,1997.0,0.0,201
715601,1983.0,1998.0,0.0,201
715602,1985.0,2000.0,0.0,250
715801,1975.0,1990.0,1.0,53
715802,1977.0,1992.0,0.0,82
715803,1980.0,1995.0,0.0,150
716301,1978.0,1993.0,0.0,105
716302,1984.0,1999.0,0.0,250
717001,1977.0,1992.0,0.0,82
717002,1982.0,1997.0,1.0,201
717501,1987.0,2002.0,0.0,283
717901,1979.0,1994.0,0.0,105
717902,1982.0,1997.0,1.0,201
717903,1985.0,2000.0,0.0,250
718001,1979.0,1994.0,0.0,105
718002,1984.0,1999.0,0.0,250
718101,1980.0,1995.0,0.0,150
718301,1984.0,1999.0,0.0,250
718302,1986.0,2001.0,0.0,283
718401,1981.0,1996.0,0.0,155
718402,1986.0,2001.0,0.0,283
718601,1986.0,2001.0,0.0,283
718901,1983.0,1998.0,0.0,201
719201,1977.0,1992.0,0.0,82
719401,1984.0,1999.0,0.0,250
719402,1986.0,2001.0,0.0,283
719701,1978.0,1993.0,0.0,105
719702,1981.0,1996.0,0.0,155
719801,1978.0,1993.0,0.0,105
719802,1984.0,1999.0,0.0,250
719901,1977.0,1992.0,0.0,82
720702,1977.0,1992.0,0.0,82
720703,1980.0,1995.0,0.0,150
720704,1981.0,1996.0,0.0,155
720901,1979.0,1994.0,0.0,105
720902,1984.0,1999.0,0.0,250
721401,1982.0,1997.0,0.0,201
721501,1985.0,2000.0,1.0,250
721701,1977.0,1992.0,0.0,82
721703,1981.0,1996.0,0.0,155
721704,1982.0,1997.0,0.0,201
721705,1984.0,1999.0,0.0,250
722003,1983.0,1998.0,0.0,201
722004,1985.0,2000.0,0.0,250
722601,1984.0,1999.0,0.0,250
722602,1987.0,2002.0,0.0,283
722801,1986.0,2001.0,0.0,283
723201,1980.0,1995.0,1.0,150
723502,1987.0,2002.0,0.0,283
724401,1982.0,1997.0,0.0,201
724402,1983.0,1998.0,0.0,201
724403,1985.0,2000.0,0.0,250
724601,1983.0,1998.0,0.0,201
724602,1986.0,2001.0,0.0,283
724701,1985.0,2000.0,0.0,250
724901,1977.0,1992.0,0.0,82
725201,1974.0,1989.0,0.0,53
725202,1981.0,1996.0,1.0,155
725301,1981.0,1996.0,0.0,155
725501,1980.0,1995.0,0.0,150
725602,1983.0,1998.0,0.0,201
725603,1985.0,2000.0,0.0,250
725801,1980.0,1995.0,1.0,150
725802,1982.0,1997.0,0.0,201
725901,1985.0,2000.0,0.0,250
725902,1987.0,2002.0,0.0,283
727501,1978.0,1993.0,0.0,105
727502,1982.0,1997.0,0.0,201
727503,1985.0,2000.0,0.0,250
727601,1979.0,1994.0,0.0,105
727602,1984.0,1999.0,0.0,250
727801,1975.0,1990.0,0.0,53
727802,1979.0,1994.0,0.0,105
727803,1982.0,1997.0,0.0,201
728201,1980.0,1995.0,1.0,150
728301,1981.0,1996.0,1.0,155
729501,1976.0,1991.0,0.0,81
729502,1979.0,1994.0,0.0,105
730201,1979.0,1994.0,1.0,105
730203,1984.0,1999.0,0.0,250
730401,1984.0,1999.0,0.0,250
730501,1975.0,1990.0,0.0,53
730502,1986.0,2001.0,0.0,283
731401,1974.0,1989.0,0.0,53
731601,1975.0,1990.0,0.0,53
731701,1987.0,2002.0,0.0,283
732201,1984.0,1999.0,0.0,250
732202,1987.0,2002.0,0.0,283
732301,1979.0,1994.0,1.0,105
732302,1986.0,2001.0,0.0,283
732402,1982.0,1997.0,0.0,201
732403,1983.0,1998.0,0.0,201
732501,1982.0,1997.0,0.0,201
732502,1984.0,1999.0,0.0,250
737701,1982.0,1997.0,0.0,201
737801,1983.0,1998.0,0.0,201
738201,1985.0,2000.0,0.0,250
738901,1981.0,1996.0,0.0,155
738902,1985.0,2000.0,0.0,250
738903,1986.0,2001.0,0.0,283
739001,1986.0,2001.0,0.0,283
739101,1975.0,1990.0,0.0,53
739102,1984.0,1999.0,0.0,250
739201,1975.0,1990.0,0.0,53
740301,1976.0,1991.0,0.0,81
742601,1985.0,2000.0,0.0,250
743001,1977.0,1992.0,0.0,82
743201,1980.0,1995.0,1.0,150
743301,1975.0,1990.0,0.0,53
743302,1977.0,1992.0,0.0,82
743303,1979.0,1994.0,0.0,105
743304,1981.0,1996.0,0.0,155
743601,1980.0,1995.0,0.0,150
743602,1985.0,2000.0,0.0,250
743802,1983.0,1998.0,0.0,201
743803,1985.0,2000.0,0.0,250
743901,1985.0,2000.0,1.0,250
743902,1987.0,2002.0,0.0,283
744101,1978.0,1993.0,0.0,105
744102,1979.0,1994.0,1.0,105
744201,1972.0,1987.0,0.0,24
744202,1974.0,1989.0,0.0,53
744301,1981.0,1996.0,0.0,155
744302,1983.0,1998.0,0.0,201
744701,1975.0,1990.0,0.0,53
744702,1976.0,1991.0,0.0,81
744703,1980.0,1995.0,0.0,150
744704,1984.0,1999.0,0.0,250
744801,1982.0,1997.0,0.0,201
744901,1979.0,1994.0,1.0,105
745102,1983.0,1998.0,0.0,201
745503,1984.0,1999.0,0.0,250
745901,1986.0,2001.0,0.0,283
746201,1985.0,2000.0,0.0,250
746401,1977.0,1992.0,0.0,82
746402,1979.0,1994.0,0.0,105
746403,1986.0,2001.0,0.0,283
746404,1987.0,2002.0,0.0,283
747001,1977.0,1992.0,0.0,82
747002,1981.0,1996.0,0.0,155
747003,1982.0,1997.0,1.0,201
747004,1986.0,2001.0,0.0,283
747901,1986.0,2001.0,0.0,283
748001,1980.0,1995.0,0.0,150
748002,1982.0,1997.0,0.0,201
748501,1982.0,1997.0,0.0,201
749201,1984.0,1999.0,0.0,250
749301,1978.0,1993.0,0.0,105
749302,1980.0,1995.0,0.0,150
749303,1981.0,1996.0,0.0,155
749401,1981.0,1996.0,1.0,155
749402,1982.0,1997.0,0.0,201
749601,1978.0,1993.0,0.0,105
749602,1982.0,1997.0,0.0,201
749603,1984.0,1999.0,0.0,250
750001,1982.0,1997.0,0.0,201
750101,1976.0,1991.0,0.0,81
750102,1980.0,1995.0,0.0,150
750103,1981.0,1996.0,0.0,155
750104,1987.0,2002.0,0.0,283
750301,1981.0,1996.0,1.0,155
750801,1979.0,1994.0,0.0,105
750802,1982.0,1997.0,0.0,201
751001,1979.0,1994.0,0.0,105
751401,1977.0,1992.0,0.0,82
751402,1981.0,1996.0,0.0,155
751801,1985.0,2000.0,0.0,250
752001,1981.0,1996.0,0.0,155
752401,1979.0,1994.0,0.0,105
752402,1987.0,2002.0,0.0,283
754801,1978.0,1993.0,0.0,105
754802,1979.0,1994.0,0.0,105
754803,1985.0,2000.0,0.0,250
757801,1986.0,2001.0,0.0,283
758301,1978.0,1993.0,0.0,105
758302,1980.0,1995.0,1.0,150
758303,1987.0,2002.0,0.0,283
758501,1984.0,1999.0,0.0,250
758701,1984.0,1999.0,0.0,250
759501,1987.0,2002.0,0.0,283
759801,1982.0,1997.0,0.0,201
759802,1984.0,1999.0,0.0,250
760101,1983.0,1998.0,1.0,201
760102,1986.0,2001.0,0.0,283
760601,1984.0,1999.0,0.0,250
761601,1983.0,1998.0,0.0,201
761602,1984.0,1999.0,0.0,250
761701,1984.0,1999.0,0.0,250
761801,1980.0,1995.0,0.0,150
761902,1982.0,1997.0,0.0,201
762201,1975.0,1990.0,1.0,53
762202,1979.0,1994.0,0.0,105
762601,1986.0,2001.0,0.0,283
763601,1976.0,1991.0,0.0,81
763602,1978.0,1993.0,0.0,105
763603,1978.0,1993.0,0.0,105
764201,1983.0,1998.0,1.0,201
764501,1980.0,1995.0,0.0,150
764503,1985.0,2000.0,0.0,250
764801,1973.0,1988.0,0.0,24
764802,1976.0,1991.0,0.0,81
764803,1978.0,1993.0,0.0,105
764804,1980.0,1995.0,0.0,150
764901,1975.0,1990.0,0.0,53
765202,1985.0,2000.0,0.0,250
765501,1979.0,1994.0,0.0,105
765502,1985.0,2000.0,1.0,250
765503,1987.0,2002.0,0.0,283
765701,1976.0,1991.0,0.0,81
765702,1986.0,2001.0,0.0,283
766201,1980.0,1995.0,0.0,150
766501,1974.0,1989.0,0.0,53
766901,1974.0,1989.0,0.0,53
766902,1976.0,1991.0,0.0,81
767001,1982.0,1997.0,0.0,201
767002,1985.0,2000.0,0.0,250
767003,1986.0,2001.0,0.0,283
767301,1984.0,1999.0,0.0,250
767901,1982.0,1997.0,0.0,201
768101,1975.0,1990.0,0.0,53
768102,1976.0,1991.0,0.0,81
768104,1980.0,1995.0,0.0,150
768201,1981.0,1996.0,0.0,155
768401,1987.0,2002.0,0.0,283
768501,1978.0,1993.0,1.0,105
768502,1982.0,1997.0,1.0,201
768503,1986.0,2001.0,0.0,283
768801,1984.0,1999.0,0.0,250
768802,1985.0,2000.0,0.0,250
768901,1982.0,1997.0,0.0,201
768902,1984.0,1999.0,0.0,250
769401,1983.0,1998.0,0.0,201
769402,1987.0,2002.0,0.0,283
769501,1983.0,1998.0,0.0,201
771001,1977.0,1992.0,0.0,82
771002,1980.0,1995.0,1.0,150
775001,1982.0,1997.0,0.0,201
775002,1987.0,2002.0,0.0,283
775401,1983.0,1998.0,0.0,201
777401,1981.0,1996.0,0.0,155
778901,1975.0,1990.0,0.0,53
778902,1980.0,1995.0,0.0,150
778903,1981.0,1996.0,0.0,155
778904,1985.0,2000.0,0.0,250
779401,1977.0,1992.0,0.0,82
779402,1982.0,1997.0,0.0,201
779501,1976.0,1991.0,0.0,81
779502,1979.0,1994.0,0.0,105
779503,1982.0,1997.0,0.0,201
779601,1980.0,1995.0,0.0,150
779701,1979.0,1994.0,1.0,105
779702,1981.0,1996.0,0.0,155
779801,1978.0,1993.0,0.0,105
780201,1979.0,1994.0,0.0,105
780202,1980.0,1995.0,0.0,150
780401,1980.0,1995.0,0.0,150
780601,1983.0,1998.0,0.0,201
781401,1977.0,1992.0,0.0,82
781402,1980.0,1995.0,0.0,150
781403,1983.0,1998.0,1.0,201
781501,1986.0,2001.0,0.0,283
781801,1972.0,1987.0,0.0,24
781802,1975.0,1990.0,0.0,53
781803,1986.0,2001.0,0.0,283
781901,1983.0,1998.0,1.0,201
782001,1981.0,1996.0,0.0,155
782301,1980.0,1995.0,0.0,150
782302,1983.0,1998.0,0.0,201
782801,1987.0,2002.0,0.0,283
782901,1979.0,1994.0,0.0,105
783001,1982.0,1997.0,1.0,201
783002,1984.0,1999.0,0.0,250
783101,1982.0,1997.0,0.0,201
783102,1986.0,2001.0,0.0,283
783103,1987.0,2002.0,0.0,283
783104,1987.0,2002.0,0.0,283
783301,1986.0,2001.0,0.0,283
783501,1977.0,1992.0,0.0,82
783502,1980.0,1995.0,0.0,150
783503,1987.0,2002.0,0.0,283
783801,1982.0,1997.0,0.0,201
784601,1983.0,1998.0,0.0,201
784602,1986.0,2001.0,0.0,283
784901,1984.0,1999.0,0.0,250
785101,1986.0,2001.0,1.0,283
786401,1980.0,1995.0,0.0,150
786501,1983.0,1998.0,0.0,201
786502,1985.0,2000.0,1.0,250
786503,1987.0,2002.0,0.0,283
786901,1981.0,1996.0,0.0,155
786902,1983.0,1998.0,0.0,201
786903,1984.0,1999.0,0.0,250
786904,1985.0,2000.0,0.0,250
788201,1975.0,1990.0,0.0,53
788202,1979.0,1994.0,0.0,105
788203,1981.0,1996.0,0.0,155
788301,1979.0,1994.0,1.0,105
788601,1977.0,1992.0,0.0,82
788602,1978.0,1993.0,0.0,105
788603,1982.0,1997.0,0.0,201
789101,1981.0,1996.0,0.0,155
791001,1986.0,2001.0,0.0,283
792102,1978.0,1993.0,0.0,105
792701,1976.0,1991.0,0.0,81
792702,1977.0,1992.0,0.0,82
792703,1981.0,1996.0,0.0,155
792704,1985.0,2000.0,0.0,250
792801,1982.0,1997.0,0.0,201
793001,1985.0,2000.0,0.0,250
793002,1987.0,2002.0,0.0,283
793302,1975.0,1990.0,0.0,53
793801,1978.0,1993.0,1.0,105
793802,1979.0,1994.0,0.0,105
793803,1980.0,1995.0,0.0,150
793804,1981.0,1996.0,0.0,155
793805,1984.0,1999.0,0.0,250
794501,1982.0,1997.0,0.0,201
794502,1985.0,2000.0,0.0,250
794901,1985.0,2000.0,0.0,250
794902,1987.0,2002.0,1.0,283
795201,1987.0,2002.0,0.0,283
795801,1982.0,1997.0,0.0,201
795802,1984.0,1999.0,0.0,250
796701,1976.0,1991.0,0.0,81
796702,1978.0,1993.0,0.0,105
796703,1981.0,1996.0,0.0,155
796801,1980.0,1995.0,0.0,150
796803,1986.0,2001.0,0.0,283
797101,1981.0,1996.0,1.0,155
797102,1983.0,1998.0,0.0,201
797103,1987.0,2002.0,1.0,283
797401,1983.0,1998.0,0.0,201
797901,1982.0,1997.0,0.0,201
797902,1986.0,2001.0,0.0,283
798001,1987.0,2002.0,0.0,283
798101,1979.0,1994.0,0.0,105
798102,1981.0,1996.0,0.0,155
798301,1982.0,1997.0,0.0,201
798501,1982.0,1997.0,0.0,201
798502,1984.0,1999.0,0.0,250
800001,1981.0,1996.0,0.0,155
800002,1983.0,1998.0,0.0,201
800003,1984.0,1999.0,0.0,250
800101,1973.0,1988.0,0.0,24
800102,1976.0,1991.0,0.0,81
800103,1978.0,1993.0,0.0,105
800104,1981.0,1996.0,0.0,155
800105,1984.0,1999.0,0.0,250
800601,1981.0,1996.0,0.0,155
802301,1984.0,1999.0,0.0,250
802801,1974.0,1989.0,0.0,53
802901,1979.0,1994.0,0.0,105
802902,1980.0,1995.0,0.0,150
802903,1982.0,1997.0,0.0,201
803001,1981.0,1996.0,0.0,155
803101,1981.0,1996.0,0.0,155
803102,1982.0,1997.0,0.0,201
803901,1981.0,1996.0,0.0,155
804401,1983.0,1998.0,0.0,201
804402,1985.0,2000.0,0.0,250
804403,1987.0,2002.0,0.0,283
804501,1978.0,1993.0,0.0,105
804502,1979.0,1994.0,1.0,105
804701,1980.0,1995.0,0.0,150
804702,1983.0,1998.0,0.0,201
804801,1984.0,1999.0,0.0,250
804901,1983.0,1998.0,0.0,201
804902,1987.0,2002.0,0.0,283
805702,1985.0,2000.0,0.0,250
805901,1978.0,1993.0,0.0,105
805902,1979.0,1994.0,0.0,105
805903,1980.0,1995.0,0.0,150
805904,1982.0,1997.0,0.0,201
805905,1984.0,1999.0,0.0,250
805906,1985.0,2000.0,0.0,250
805907,1987.0,2002.0,1.0,283
806801,1982.0,1997.0,0.0,201
808301,1983.0,1998.0,0.0,201
809101,1978.0,1993.0,0.0,105
809102,1979.0,1994.0,0.0,105
809103,1984.0,1999.0,0.0,250
809301,1982.0,1997.0,1.0,201
810201,1984.0,1999.0,0.0,250
810302,1977.0,1992.0,0.0,82
810303,1985.0,2000.0,0.0,250
810901,1978.0,1993.0,1.0,105
810902,1982.0,1997.0,0.0,201
810903,1986.0,2001.0,0.0,283
811001,1986.0,2001.0,0.0,283
811301,1979.0,1994.0,0.0,105
811302,1985.0,2000.0,0.0,250
811402,1986.0,2001.0,0.0,283
811404,1979.0,1994.0,0.0,105
812301,1984.0,1999.0,0.0,250
812501,1975.0,1990.0,0.0,53
812502,1977.0,1992.0,1.0,82
812701,1976.0,1991.0,0.0,81
814001,1978.0,1993.0,0.0,105
814002,1981.0,1996.0,0.0,155
814003,1984.0,1999.0,0.0,250
814101,1983.0,1998.0,0.0,201
814102,1984.0,1999.0,0.0,250
814301,1980.0,1995.0,0.0,150
814302,1985.0,2000.0,0.0,250
814801,1984.0,1999.0,0.0,250
816101,1981.0,1996.0,0.0,155
816901,1984.0,1999.0,0.0,250
816902,1986.0,2001.0,1.0,283
817401,1976.0,1991.0,0.0,81
817402,1978.0,1993.0,0.0,105
817403,1983.0,1998.0,0.0,201
817404,1984.0,1999.0,0.0,250
817501,1981.0,1996.0,0.0,155
817502,1983.0,1998.0,0.0,201
817801,1987.0,2002.0,1.0,283
818401,1980.0,1995.0,1.0,150
819302,1981.0,1996.0,0.0,155
819303,1986.0,2001.0,0.0,283
819401,1975.0,1990.0,0.0,53
819403,1983.0,1998.0,0.0,201
819501,1980.0,1995.0,0.0,150
819502,1981.0,1996.0,0.0,155
819801,1985.0,2000.0,0.0,250
819802,1986.0,2001.0,0.0,283
820201,1979.0,1994.0,0.0,105
820202,1980.0,1995.0,0.0,150
820203,1982.0,1997.0,0.0,201
821002,1978.0,1993.0,0.0,105
821003,1981.0,1996.0,1.0,155
821004,1984.0,1999.0,0.0,250
821201,1982.0,1997.0,0.0,201
821202,1985.0,2000.0,0.0,250
821301,1982.0,1997.0,0.0,201
821701,1977.0,1992.0,0.0,82
822601,1981.0,1996.0,0.0,155
822602,1987.0,2002.0,0.0,283
823501,1982.0,1997.0,0.0,201
823502,1986.0,2001.0,0.0,283
824301,1978.0,1993.0,0.0,105
825401,1976.0,1991.0,0.0,81
825701,1979.0,1994.0,0.0,105
825702,1983.0,1998.0,0.0,201
825901,1977.0,1992.0,0.0,82
826001,1978.0,1993.0,0.0,105
826002,1987.0,2002.0,0.0,283
826101,1977.0,1992.0,0.0,82
826102,1978.0,1993.0,1.0,105
826103,1983.0,1998.0,0.0,201
826104,1986.0,2001.0,1.0,283
826401,1979.0,1994.0,1.0,105
826402,1982.0,1997.0,0.0,201
826403,1982.0,1997.0,0.0,201
826901,1982.0,1997.0,0.0,201
826902,1984.0,1999.0,0.0,250
827101,1979.0,1994.0,0.0,105
827302,1980.0,1995.0,0.0,150
827601,1978.0,1993.0,1.0,105
827602,1979.0,1994.0,0.0,105
827901,1981.0,1996.0,1.0,155
827902,1986.0,2001.0,0.0,283
828301,1977.0,1992.0,1.0,82
828302,1979.0,1994.0,0.0,105
828601,1976.0,1991.0,1.0,81
828602,1978.0,1993.0,0.0,105
828701,1974.0,1989.0,0.0,53
828703,1981.0,1996.0,0.0,155
829401,1985.0,2000.0,0.0,250
829601,1982.0,1997.0,0.0,201
829602,1983.0,1998.0,1.0,201
829603,1987.0,2002.0,0.0,283
829801,1979.0,1994.0,0.0,105
829802,1983.0,1998.0,0.0,201
829803,1986.0,2001.0,0.0,283
830501,1979.0,1994.0,0.0,105
830502,1980.0,1995.0,0.0,150
830503,1981.0,1996.0,0.0,155
830504,1983.0,1998.0,0.0,201
830901,1978.0,1993.0,0.0,105
830902,1979.0,1994.0,0.0,105
830903,1981.0,1996.0,0.0,155
830904,1982.0,1997.0,0.0,201
831701,1979.0,1994.0,0.0,105
831702,1984.0,1999.0,0.0,250
831901,1980.0,1995.0,0.0,150
831902,1985.0,2000.0,0.0,250
833001,1986.0,2001.0,0.0,283
833401,1985.0,2000.0,0.0,250
834001,1975.0,1990.0,0.0,53
834302,1982.0,1997.0,0.0,201
834501,1983.0,1998.0,0.0,201
834601,1987.0,2002.0,0.0,283
834901,1978.0,1993.0,0.0,105
834902,1982.0,1997.0,0.0,201
834903,1987.0,2002.0,0.0,283
835101,1985.0,2000.0,0.0,250
835301,1980.0,1995.0,0.0,150
835302,1981.0,1996.0,0.0,155
835303,1983.0,1998.0,0.0,201
835304,1987.0,2002.0,0.0,283
835401,1982.0,1997.0,0.0,201
835402,1983.0,1998.0,0.0,201
835701,1982.0,1997.0,0.0,201
835702,1983.0,1998.0,0.0,201
835901,1980.0,1995.0,0.0,150
835902,1982.0,1997.0,0.0,201
835903,1985.0,2000.0,0.0,250
836701,1980.0,1995.0,0.0,150
837401,1987.0,2002.0,0.0,283
837501,1981.0,1996.0,1.0,155
837502,1985.0,2000.0,0.0,250
837601,1986.0,2001.0,0.0,283
837602,1987.0,2002.0,0.0,283
837701,1982.0,1997.0,1.0,201
837702,1983.0,1998.0,0.0,201
838301,1980.0,1995.0,0.0,150
838901,1982.0,1997.0,0.0,201
838902,1985.0,2000.0,0.0,250
839101,1980.0,1995.0,1.0,150
839102,1984.0,1999.0,0.0,250
839103,1987.0,2002.0,0.0,283
839301,1981.0,1996.0,0.0,155
839501,1983.0,1998.0,0.0,201
839502,1985.0,2000.0,0.0,250
839503,1986.0,2001.0,0.0,283
839801,1987.0,2002.0,0.0,283
840101,1976.0,1991.0,0.0,81
840102,1980.0,1995.0,0.0,150
840701,1977.0,1992.0,0.0,82
840702,1979.0,1994.0,0.0,105
840801,1980.0,1995.0,0.0,150
842201,1985.0,2000.0,0.0,250
842202,1987.0,2002.0,0.0,283
843001,1980.0,1995.0,0.0,150
843201,1983.0,1998.0,1.0,201
843202,1986.0,2001.0,0.0,283
843401,1978.0,1993.0,1.0,105
843402,1982.0,1997.0,0.0,201
846301,1986.0,2001.0,0.0,283
847302,1981.0,1996.0,0.0,155
847501,1981.0,1996.0,0.0,155
847502,1987.0,2002.0,0.0,283
847701,1985.0,2000.0,0.0,250
847902,1987.0,2002.0,1.0,283
848001,1982.0,1997.0,0.0,201
848002,1987.0,2002.0,0.0,283
848301,1980.0,1995.0,1.0,150
848302,1985.0,2000.0,0.0,250
848801,1979.0,1994.0,0.0,105
848802,1980.0,1995.0,1.0,150
848803,1982.0,1997.0,0.0,201
849002,1987.0,2002.0,0.0,283
849201,1974.0,1989.0,0.0,53
849202,1985.0,2000.0,0.0,250
849301,1979.0,1994.0,0.0,105
849302,1982.0,1997.0,0.0,201
849401,1982.0,1997.0,0.0,201
850001,1982.0,1997.0,0.0,201
850002,1986.0,2001.0,0.0,283
850201,1977.0,1992.0,1.0,82
850202,1978.0,1993.0,0.0,105
850203,1982.0,1997.0,0.0,201
850301,1984.0,1999.0,0.0,250
850501,1976.0,1991.0,0.0,81
850502,1979.0,1994.0,0.0,105
850503,1983.0,1998.0,0.0,201
851001,1978.0,1993.0,0.0,105
851002,1980.0,1995.0,1.0,150
851004,1986.0,2001.0,0.0,283
851401,1982.0,1997.0,0.0,201
853201,1982.0,1997.0,0.0,201
853202,1985.0,2000.0,0.0,250
853901,1975.0,1990.0,0.0,53
853902,1979.0,1994.0,1.0,105
854001,1977.0,1992.0,0.0,82
854002,1982.0,1997.0,0.0,201
854003,1983.0,1998.0,0.0,201
854901,1979.0,1994.0,0.0,105
854902,1981.0,1996.0,1.0,155
855301,1977.0,1992.0,0.0,82
855302,1980.0,1995.0,0.0,150
855701,1983.0,1998.0,0.0,201
855801,1984.0,1999.0,0.0,250
856102,1984.0,1999.0,0.0,250
856801,1985.0,2000.0,0.0,250
857001,1983.0,1998.0,0.0,201
857002,1984.0,1999.0,0.0,250
857003,1985.0,2000.0,0.0,250
857901,1976.0,1991.0,1.0,81
857902,1981.0,1996.0,0.0,155
857903,1983.0,1998.0,0.0,201
858001,1975.0,1990.0,0.0,53
858002,1978.0,1993.0,0.0,105
858003,1984.0,1999.0,0.0,250
858301,1976.0,1991.0,0.0,81
858302,1980.0,1995.0,0.0,150
859801,1974.0,1989.0,0.0,53
859802,1975.0,1990.0,1.0,53
859803,1984.0,1999.0,1.0,250
859804,1986.0,2001.0,0.0,283
859805,1986.0,2001.0,1.0,283
859806,1987.0,2002.0,0.0,283
860001,1978.0,1993.0,1.0,105
860002,1987.0,2002.0,0.0,283
860101,1986.0,2001.0,0.0,283
861201,1986.0,2001.0,0.0,283
861301,1976.0,1991.0,0.0,81
861302,1980.0,1995.0,0.0,150
861401,1981.0,1996.0,0.0,155
861501,1976.0,1991.0,0.0,81
861502,1978.0,1993.0,1.0,105
861503,1986.0,2001.0,0.0,283
861801,1976.0,1991.0,0.0,81
861802,1980.0,1995.0,0.0,150
861803,1987.0,2002.0,0.0,283
861901,1985.0,2000.0,0.0,250
863401,1975.0,1990.0,1.0,53
863402,1982.0,1997.0,0.0,201
863601,1984.0,1999.0,0.0,250
863902,1986.0,2001.0,0.0,283
864101,1976.0,1991.0,0.0,81
864102,1982.0,1997.0,0.0,201
864201,1978.0,1993.0,0.0,105
864301,1984.0,1999.0,0.0,250
864803,1979.0,1994.0,0.0,105
864901,1984.0,1999.0,0.0,250
865201,1978.0,1993.0,0.0,105
865202,1985.0,2000.0,0.0,250
865203,1987.0,2002.0,1.0,283
865801,1983.0,1998.0,0.0,201
866201,1979.0,1994.0,0.0,105
866202,1981.0,1996.0,1.0,155
866203,1983.0,1998.0,0.0,201
866205,1986.0,2001.0,0.0,283
866206,1987.0,2002.0,1.0,283
866401,1978.0,1993.0,0.0,105
866402,1986.0,2001.0,0.0,283
866501,1982.0,1997.0,1.0,201
866502,1986.0,2001.0,0.0,283
867301,1978.0,1993.0,0.0,105
867302,1982.0,1997.0,0.0,201
867901,1975.0,1990.0,0.0,53
867902,1980.0,1995.0,0.0,150
868401,1982.0,1997.0,0.0,201
868501,1978.0,1993.0,0.0,105
868502,1980.0,1995.0,0.0,150
868503,1981.0,1996.0,0.0,155
869001,1980.0,1995.0,0.0,150
869002,1982.0,1997.0,0.0,201
869003,1983.0,1998.0,0.0,201
869201,1981.0,1996.0,1.0,155
869301,1978.0,1993.0,1.0,105
869302,1984.0,1999.0,0.0,250
869401,1983.0,1998.0,0.0,201
869402,1984.0,1999.0,0.0,250
869501,1981.0,1996.0,0.0,155
869601,1979.0,1994.0,0.0,105
869602,1981.0,1996.0,0.0,155
869603,1982.0,1997.0,0.0,201
869604,1987.0,2002.0,0.0,283
870501,1979.0,1994.0,1.0,105
870502,1986.0,2001.0,0.0,283
870503,1987.0,2002.0,0.0,283
870601,1980.0,1995.0,1.0,150
870602,1981.0,1996.0,1.0,155
870801,1980.0,1995.0,0.0,150
871401,1979.0,1994.0,0.0,105
871402,1982.0,1997.0,0.0,201
875901,1985.0,2000.0,0.0,250
875902,1987.0,2002.0,0.0,283
878701,1980.0,1995.0,0.0,150
878702,1982.0,1997.0,0.0,201
879401,1978.0,1993.0,0.0,105
879402,1981.0,1996.0,0.0,155
881801,1981.0,1996.0,0.0,155
881802,1983.0,1998.0,0.0,201
884001,1978.0,1993.0,0.0,105
884002,1980.0,1995.0,0.0,150
884003,1982.0,1997.0,0.0,201
885801,1986.0,2001.0,0.0,283
886101,1986.0,2001.0,0.0,283
886401,1984.0,1999.0,0.0,250
886402,1986.0,2001.0,0.0,283
886701,1981.0,1996.0,0.0,155
886702,1983.0,1998.0,0.0,201
886703,1984.0,1999.0,0.0,250
886901,1979.0,1994.0,0.0,105
886902,1982.0,1997.0,0.0,201
886903,1982.0,1997.0,0.0,201
886904,1986.0,2001.0,0.0,283
887001,1979.0,1994.0,0.0,105
887002,1983.0,1998.0,0.0,201
887003,1986.0,2001.0,0.0,283
888301,1981.0,1996.0,0.0,155
888302,1983.0,1998.0,0.0,201
888801,1984.0,1999.0,0.0,250
888901,1979.0,1994.0,0.0,105
888902,1981.0,1996.0,0.0,155
889001,1982.0,1997.0,1.0,201
889501,1981.0,1996.0,0.0,155
889601,1982.0,1997.0,0.0,201
889901,1987.0,2002.0,0.0,283
890001,1987.0,2002.0,0.0,283
890401,1983.0,1998.0,0.0,201
890901,1981.0,1996.0,0.0,155
890902,1983.0,1998.0,0.0,201
891001,1985.0,2000.0,0.0,250
891201,1981.0,1996.0,0.0,155
891202,1986.0,2001.0,0.0,283
891601,1975.0,1990.0,0.0,53
892001,1984.0,1999.0,0.0,250
892501,1983.0,1998.0,0.0,201
892502,1984.0,1999.0,0.0,250
892601,1979.0,1994.0,0.0,105
892602,1981.0,1996.0,0.0,155
892603,1985.0,2000.0,0.0,250
892701,1985.0,2000.0,0.0,250
893201,1981.0,1996.0,1.0,155
893202,1984.0,1999.0,1.0,250
893401,1980.0,1995.0,0.0,150
893402,1983.0,1998.0,0.0,201
893801,1981.0,1996.0,0.0,155
893802,1985.0,2000.0,0.0,250
893901,1984.0,1999.0,0.0,250
894601,1983.0,1998.0,0.0,201
894801,1981.0,1996.0,0.0,155
894901,1980.0,1995.0,0.0,150
894902,1984.0,1999.0,0.0,250
895301,1983.0,1998.0,0.0,201
895302,1984.0,1999.0,0.0,250
895502,1984.0,1999.0,0.0,250
895601,1975.0,1990.0,0.0,53
895602,1979.0,1994.0,0.0,105
896001,1977.0,1992.0,0.0,82
896002,1978.0,1993.0,1.0,105
896201,1978.0,1993.0,1.0,105
896202,1985.0,2000.0,0.0,250
896701,1979.0,1994.0,0.0,105
896702,1981.0,1996.0,0.0,155
896703,1983.0,1998.0,0.0,201
896705,1986.0,2001.0,0.0,283
896901,1987.0,2002.0,0.0,283
897001,1984.0,1999.0,0.0,250
897401,1980.0,1995.0,0.0,150
897701,1976.0,1991.0,0.0,81
897702,1977.0,1992.0,0.0,82
898501,1983.0,1998.0,0.0,201
898502,1985.0,2000.0,0.0,250
899601,1982.0,1997.0,0.0,201
899602,1987.0,2002.0,0.0,283
901201,1975.0,1990.0,0.0,53
901801,1983.0,1998.0,0.0,201
901902,1985.0,2000.0,0.0,250
902101,1984.0,1999.0,0.0,250
902301,1980.0,1995.0,0.0,150
903301,1982.0,1997.0,0.0,201
903501,1980.0,1995.0,0.0,150
903502,1986.0,2001.0,0.0,283
903701,1982.0,1997.0,0.0,201
903702,1985.0,2000.0,1.0,250
903801,1978.0,1993.0,0.0,105
904002,1985.0,2000.0,0.0,250
904501,1979.0,1994.0,0.0,105
904502,1981.0,1996.0,0.0,155
904601,1978.0,1993.0,0.0,105
904801,1974.0,1989.0,0.0,53
904802,1979.0,1994.0,0.0,105
904803,1980.0,1995.0,1.0,150
904804,1983.0,1998.0,0.0,201
904805,1985.0,2000.0,0.0,250
904806,1987.0,2002.0,1.0,283
905001,1977.0,1992.0,1.0,82
905002,1979.0,1994.0,0.0,105
905301,1980.0,1995.0,1.0,150
905701,1984.0,1999.0,0.0,250
905702,1987.0,2002.0,0.0,283
906001,1971.0,1986.0,1.0,6
906002,1973.0,1988.0,0.0,24
906003,1974.0,1989.0,0.0,53
906004,1976.0,1991.0,0.0,81
906005,1977.0,1992.0,1.0,82
906301,1975.0,1990.0,0.0,53
906302,1979.0,1994.0,0.0,105
906401,1978.0,1993.0,1.0,105
906402,1981.0,1996.0,0.0,155
906403,1984.0,1999.0,0.0,250
906404,1985.0,2000.0,0.0,250
906501,1980.0,1995.0,0.0,150
906502,1986.0,2001.0,0.0,283
906702,1987.0,2002.0,0.0,283
907001,1986.0,2001.0,0.0,283
907401,1977.0,1992.0,0.0,82
907402,1981.0,1996.0,0.0,155
907403,1983.0,1998.0,0.0,201
908001,1975.0,1990.0,0.0,53
908003,1981.0,1996.0,1.0,155
908101,1983.0,1998.0,0.0,201
908102,1985.0,2000.0,0.0,250
908103,1987.0,2002.0,0.0,283
909201,1981.0,1996.0,0.0,155
909202,1982.0,1997.0,0.0,201
909501,1986.0,2001.0,0.0,283
910001,1985.0,2000.0,0.0,250
910101,1979.0,1994.0,0.0,105
910102,1981.0,1996.0,1.0,155
910801,1977.0,1992.0,0.0,82
910802,1981.0,1996.0,1.0,155
910803,1982.0,1997.0,0.0,201
910901,1981.0,1996.0,0.0,155
910902,1985.0,2000.0,1.0,250
911501,1979.0,1994.0,1.0,105
911502,1984.0,1999.0,0.0,250
911701,1985.0,2000.0,0.0,250
914401,1987.0,2002.0,0.0,283
915701,1980.0,1995.0,0.0,150
915702,1982.0,1997.0,1.0,201
915703,1984.0,1999.0,0.0,250
917401,1980.0,1995.0,0.0,150
918001,1976.0,1991.0,0.0,81
918002,1979.0,1994.0,0.0,105
918003,1980.0,1995.0,1.0,150
918004,1984.0,1999.0,0.0,250
918005,1986.0,2001.0,0.0,283
918201,1979.0,1994.0,0.0,105
918202,1980.0,1995.0,0.0,150
918301,1979.0,1994.0,0.0,105
918302,1985.0,2000.0,0.0,250
918303,1985.0,2000.0,0.0,250
919201,1977.0,1992.0,0.0,82
919501,1982.0,1997.0,0.0,201
920101,1976.0,1991.0,0.0,81
920102,1977.0,1992.0,0.0,82
920501,1981.0,1996.0,0.0,155
920502,1984.0,1999.0,0.0,250
920601,1983.0,1998.0,0.0,201
920602,1985.0,2000.0,0.0,250
921401,1982.0,1997.0,0.0,201
921402,1983.0,1998.0,0.0,201
921403,1985.0,2000.0,0.0,250
921404,1986.0,2001.0,0.0,283
922001,1974.0,1989.0,0.0,53
922002,1978.0,1993.0,0.0,105
922901,1987.0,2002.0,0.0,283
923301,1980.0,1995.0,0.0,150
923302,1982.0,1997.0,1.0,201
923303,1982.0,1997.0,0.0,201
923402,1987.0,2002.0,0.0,283
925501,1976.0,1991.0,1.0,81
925502,1981.0,1996.0,1.0,155
925503,1984.0,1999.0,0.0,250
925504,1987.0,2002.0,0.0,283
925601,1986.0,2001.0,0.0,283
925701,1979.0,1994.0,0.0,105
925703,1984.0,1999.0,0.0,250
925901,1975.0,1990.0,0.0,53
925902,1978.0,1993.0,0.0,105
926001,1978.0,1993.0,0.0,105
926101,1979.0,1994.0,0.0,105
926102,1980.0,1995.0,0.0,150
926201,1979.0,1994.0,0.0,105
926402,1981.0,1996.0,0.0,155
926403,1982.0,1997.0,0.0,201
926801,1983.0,1998.0,0.0,201
927201,1975.0,1990.0,1.0,53
927202,1977.0,1992.0,1.0,82
927203,1984.0,1999.0,0.0,250
927301,1975.0,1990.0,0.0,53
927302,1977.0,1992.0,0.0,82
927303,1983.0,1998.0,0.0,201
927401,1975.0,1990.0,0.0,53
927402,1979.0,1994.0,0.0,105
927403,1983.0,1998.0,0.0,201
927501,1980.0,1995.0,0.0,150
927502,1982.0,1997.0,0.0,201
927503,1985.0,2000.0,0.0,250
927504,1987.0,2002.0,0.0,283
927701,1978.0,1993.0,0.0,105
927702,1980.0,1995.0,0.0,150
927703,1982.0,1997.0,0.0,201
927801,1981.0,1996.0,1.0,155
927802,1986.0,2001.0,0.0,283
928101,1981.0,1996.0,0.0,155
928102,1983.0,1998.0,0.0,201
928401,1976.0,1991.0,0.0,81
928402,1977.0,1992.0,1.0,82
928403,1978.0,1993.0,0.0,105
928404,1982.0,1997.0,0.0,201
928601,1986.0,2001.0,0.0,283
928701,1981.0,1996.0,0.0,155
929801,1980.0,1995.0,0.0,150
929802,1982.0,1997.0,0.0,201
930801,1984.0,1999.0,0.0,250
931201,1981.0,1996.0,0.0,155
931701,1981.0,1996.0,1.0,155
931702,1985.0,2000.0,0.0,250
931703,1987.0,2002.0,0.0,283
931902,1982.0,1997.0,1.0,201
932501,1983.0,1998.0,0.0,201
933701,1980.0,1995.0,1.0,150
934001,1986.0,2001.0,0.0,283
934101,1987.0,2002.0,0.0,283
934201,1985.0,2000.0,0.0,250
934402,1985.0,2000.0,0.0,250
934601,1976.0,1991.0,0.0,81
934702,1982.0,1997.0,1.0,201
934901,1977.0,1992.0,1.0,82
934902,1979.0,1994.0,0.0,105
935401,1982.0,1997.0,0.0,201
935501,1976.0,1991.0,1.0,81
937101,1983.0,1998.0,0.0,201
937102,1987.0,2002.0,0.0,283
937401,1978.0,1993.0,0.0,105
937403,1983.0,1998.0,0.0,201
937404,1984.0,1999.0,0.0,250
938101,1977.0,1992.0,1.0,82
938102,1983.0,1998.0,0.0,201
938103,1985.0,2000.0,0.0,250
938201,1976.0,1991.0,0.0,81
938202,1978.0,1993.0,0.0,105
938203,1979.0,1994.0,0.0,105
938302,1981.0,1996.0,0.0,155
938401,1985.0,2000.0,0.0,250
938801,1983.0,1998.0,0.0,201
938802,1986.0,2001.0,0.0,283
939201,1980.0,1995.0,0.0,150
939202,1982.0,1997.0,0.0,201
939601,1979.0,1994.0,0.0,105
939602,1980.0,1995.0,0.0,150
939701,1978.0,1993.0,0.0,105
939702,1980.0,1995.0,0.0,150
940101,1975.0,1990.0,1.0,53
940102,1987.0,2002.0,0.0,283
941301,1976.0,1991.0,0.0,81
941601,1984.0,1999.0,0.0,250
941602,1986.0,2001.0,0.0,283
942101,1987.0,2002.0,0.0,283
943301,1978.0,1993.0,0.0,105
943302,1980.0,1995.0,0.0,150
944101,1977.0,1992.0,0.0,82
944601,1982.0,1997.0,0.0,201
944602,1985.0,2000.0,0.0,250
948301,1987.0,2002.0,0.0,283
948504,1986.0,2001.0,0.0,283
948701,1982.0,1997.0,0.0,201
948702,1987.0,2002.0,0.0,283
951201,1983.0,1998.0,0.0,201
951601,1980.0,1995.0,0.0,150
951602,1982.0,1997.0,0.0,201
951603,1982.0,1997.0,0.0,201
951604,1984.0,1999.0,0.0,250
951605,1986.0,2001.0,0.0,283
951701,1977.0,1992.0,0.0,82
951702,1979.0,1994.0,0.0,105
952101,1977.0,1992.0,0.0,82
952202,1983.0,1998.0,0.0,201
952301,1979.0,1994.0,1.0,105
952303,1984.0,1999.0,0.0,250
952304,1987.0,2002.0,0.0,283
952901,1978.0,1993.0,0.0,105
952902,1979.0,1994.0,0.0,105
952903,1984.0,1999.0,0.0,250
953001,1983.0,1998.0,0.0,201
953201,1982.0,1997.0,0.0,201
953202,1985.0,2000.0,0.0,250
953601,1985.0,2000.0,0.0,250
953602,1985.0,2000.0,1.0,250
953701,1981.0,1996.0,0.0,155
953702,1983.0,1998.0,0.0,201
953703,1984.0,1999.0,0.0,250
953704,1985.0,2000.0,1.0,250
954201,1980.0,1995.0,0.0,150
954202,1982.0,1997.0,0.0,201
955401,1978.0,1993.0,0.0,105
955402,1979.0,1994.0,1.0,105
955403,1983.0,1998.0,1.0,201
955601,1976.0,1991.0,1.0,81
955602,1978.0,1993.0,0.0,105
955701,1978.0,1993.0,0.0,105
955801,1982.0,1997.0,0.0,201
956701,1984.0,1999.0,0.0,250
957401,1976.0,1991.0,0.0,81
957402,1978.0,1993.0,1.0,105
957501,1976.0,1991.0,0.0,81
957502,1977.0,1992.0,1.0,82
957503,1982.0,1997.0,0.0,201
957802,1981.0,1996.0,0.0,155
957803,1982.0,1997.0,0.0,201
957804,1986.0,2001.0,0.0,283
960901,1984.0,1999.0,0.0,250
961901,1981.0,1996.0,0.0,155
961902,1986.0,2001.0,0.0,283
962001,1978.0,1993.0,0.0,105
962002,1980.0,1995.0,0.0,150
962003,1982.0,1997.0,0.0,201
962701,1982.0,1997.0,0.0,201
962702,1985.0,2000.0,0.0,250
962703,1987.0,2002.0,0.0,283
963701,1984.0,1999.0,0.0,250
963702,1987.0,2002.0,0.0,283
964001,1986.0,2001.0,0.0,283
964801,1978.0,1993.0,0.0,105
964802,1982.0,1997.0,0.0,201
964803,1983.0,1998.0,0.0,201
964804,1985.0,2000.0,0.0,250
965501,1981.0,1996.0,0.0,155
966001,1986.0,2001.0,0.0,283
966101,1984.0,1999.0,0.0,250
967601,1982.0,1997.0,1.0,201
967602,1983.0,1998.0,0.0,201
967603,1986.0,2001.0,0.0,283
968001,1984.0,1999.0,1.0,250
968002,1986.0,2001.0,0.0,283
968401,1980.0,1995.0,0.0,150
968402,1984.0,1999.0,0.0,250
968601,1982.0,1997.0,0.0,201
970701,1978.0,1993.0,0.0,105
970702,1987.0,2002.0,1.0,283
975402,1978.0,1993.0,0.0,105
975601,1974.0,1989.0,0.0,53
975602,1975.0,1990.0,0.0,53
975801,1980.0,1995.0,0.0,150
976501,1981.0,1996.0,0.0,155
976502,1987.0,2002.0,0.0,283
976801,1977.0,1992.0,1.0,82
977801,1980.0,1995.0,0.0,150
977802,1987.0,2002.0,0.0,283
978401,1983.0,1998.0,0.0,201
978402,1986.0,2001.0,0.0,283
978403,1987.0,2002.0,1.0,283
978901,1985.0,2000.0,0.0,250
980901,1976.0,1991.0,0.0,81
980902,1982.0,1997.0,0.0,201
981101,1980.0,1995.0,0.0,150
981102,1984.0,1999.0,0.0,250
981701,1980.0,1995.0,0.0,150
981702,1982.0,1997.0,0.0,201
981703,1987.0,2002.0,0.0,283
982001,1987.0,2002.0,0.0,283
982601,1983.0,1998.0,0.0,201
982801,1981.0,1996.0,0.0,155
982802,1982.0,1997.0,0.0,201
982803,1983.0,1998.0,0.0,201
982804,1984.0,1999.0,0.0,250
982805,1986.0,2001.0,0.0,283
983001,1985.0,2000.0,0.0,250
983002,1987.0,2002.0,0.0,283
983701,1984.0,1999.0,0.0,250
983702,1985.0,2000.0,0.0,250
983801,1977.0,1992.0,0.0,82
983802,1981.0,1996.0,0.0,155
983901,1981.0,1996.0,0.0,155
983902,1984.0,1999.0,0.0,250
983903,1987.0,2002.0,0.0,283
984001,1983.0,1998.0,0.0,201
984002,1985.0,2000.0,0.0,250
984003,1986.0,2001.0,0.0,283
984401,1983.0,1998.0,0.0,201
984402,1985.0,2000.0,0.0,250
984403,1986.0,2001.0,0.0,283
984501,1985.0,2000.0,0.0,250
984502,1987.0,2002.0,0.0,283
985801,1979.0,1994.0,1.0,105
985802,1982.0,1997.0,0.0,201
985803,1987.0,2002.0,0.0,283
986201,1983.0,1998.0,1.0,201
986202,1984.0,1999.0,0.0,250
987001,1984.0,1999.0,0.0,250
987101,1975.0,1990.0,0.0,53
987102,1983.0,1998.0,0.0,201
987701,1985.0,2000.0,0.0,250
988101,1986.0,2001.0,0.0,283
988501,1981.0,1996.0,1.0,155
988502,1983.0,1998.0,0.0,201
988701,1980.0,1995.0,0.0,150
989201,1984.0,1999.0,0.0,250
989501,1984.0,1999.0,0.0,250
989502,1985.0,2000.0,1.0,250
991602,1987.0,2002.0,0.0,283
992201,1980.0,1995.0,0.0,150
992501,1983.0,1998.0,0.0,201
992701,1983.0,1998.0,0.0,201
993001,1982.0,1997.0,0.0,201
993002,1983.0,1998.0,0.0,201
993003,1985.0,2000.0,0.0,250
993501,1981.0,1996.0,0.0,155
993502,1983.0,1998.0,0.0,201
993503,1986.0,2001.0,0.0,283
993801,1984.0,1999.0,0.0,250
993802,1985.0,2000.0,0.0,250
994001,1977.0,1992.0,0.0,82
994002,1981.0,1996.0,1.0,155
994501,1977.0,1992.0,0.0,82
994502,1981.0,1996.0,0.0,155
994503,1984.0,1999.0,0.0,250
994601,1977.0,1992.0,0.0,82
994602,1981.0,1996.0,0.0,155
995101,1984.0,1999.0,0.0,250
995102,1985.0,2000.0,0.0,250
996601,1975.0,1990.0,0.0,53
996602,1978.0,1993.0,1.0,105
996603,1983.0,1998.0,0.0,201
996701,1974.0,1989.0,0.0,53
996702,1977.0,1992.0,0.0,82
996703,1982.0,1997.0,0.0,201
997001,1981.0,1996.0,0.0,155
997002,1987.0,2002.0,0.0,283
997201,1983.0,1998.0,0.0,201
997401,1980.0,1995.0,0.0,150
997402,1987.0,2002.0,0.0,283
998002,1981.0,1996.0,0.0,155
998003,1986.0,2001.0,0.0,283
998101,1979.0,1994.0,0.0,105
998102,1981.0,1996.0,0.0,155
998601,1982.0,1997.0,1.0,201
998602,1984.0,1999.0,1.0,250
999201,1986.0,2001.0,0.0,283
999501,1985.0,2000.0,0.0,250
999701,1979.0,1994.0,1.0,105
1000002,1984.0,1999.0,0.0,250
1000201,1986.0,2001.0,1.0,283
1000801,1984.0,1999.0,0.0,250
1002401,1981.0,1996.0,0.0,155
1002402,1984.0,1999.0,0.0,250
1002601,1980.0,1995.0,1.0,150
1002602,1981.0,1996.0,0.0,155
1002603,1982.0,1997.0,0.0,201
1002604,1984.0,1999.0,0.0,250
1002605,1985.0,2000.0,0.0,250
1002606,1987.0,2002.0,0.0,283
1002901,1978.0,1993.0,0.0,105
1002902,1979.0,1994.0,0.0,105
1003201,1981.0,1996.0,0.0,155
1003202,1983.0,1998.0,0.0,201
1003203,1986.0,2001.0,0.0,283
1003601,1979.0,1994.0,0.0,105
1003602,1981.0,1996.0,0.0,155
1003603,1982.0,1997.0,0.0,201
1003604,1987.0,2002.0,0.0,283
1003801,1976.0,1991.0,0.0,81
1003802,1979.0,1994.0,0.0,105
1004201,1979.0,1994.0,0.0,105
1004202,1985.0,2000.0,0.0,250
1004701,1982.0,1997.0,0.0,201
1004801,1986.0,2001.0,0.0,283
1005201,1982.0,1997.0,0.0,201
1005202,1984.0,1999.0,0.0,250
1005401,1985.0,2000.0,0.0,250
1005601,1979.0,1994.0,0.0,105
1005602,1980.0,1995.0,0.0,150
1006001,1978.0,1993.0,0.0,105
1006002,1980.0,1995.0,0.0,150
1006201,1976.0,1991.0,0.0,81
1006203,1983.0,1998.0,0.0,201
1007201,1985.0,2000.0,0.0,250
1007202,1986.0,2001.0,0.0,283
1007701,1983.0,1998.0,0.0,201
1007702,1987.0,2002.0,0.0,283
1010601,1983.0,1998.0,0.0,201
1010602,1984.0,1999.0,0.0,250
1011201,1970.0,1985.0,0.0,6
1011202,1976.0,1991.0,0.0,81
1011203,1977.0,1992.0,1.0,82
1011204,1979.0,1994.0,0.0,105
1011302,1977.0,1992.0,0.0,82
1011601,1984.0,1999.0,1.0,250
1012701,1980.0,1995.0,0.0,150
1012901,1979.0,1994.0,0.0,105
1013201,1980.0,1995.0,0.0,150
1013501,1982.0,1997.0,0.0,201
1013502,1984.0,1999.0,0.0,250
1015101,1976.0,1991.0,0.0,81
1015601,1985.0,2000.0,0.0,250
1015602,1985.0,2000.0,0.0,250
1016201,1987.0,2002.0,0.0,283
1016401,1975.0,1990.0,0.0,53
1016402,1976.0,1991.0,0.0,81
1016601,1977.0,1992.0,0.0,82
1016603,1981.0,1996.0,0.0,155
1016801,1984.0,1999.0,0.0,250
1017501,1978.0,1993.0,1.0,105
1017502,1980.0,1995.0,0.0,150
1017503,1984.0,1999.0,0.0,250
1018101,1983.0,1998.0,0.0,201
1018102,1984.0,1999.0,0.0,250
1018104,1986.0,2001.0,0.0,283
1018201,1974.0,1989.0,0.0,53
1018301,1976.0,1991.0,0.0,81
1018302,1977.0,1992.0,0.0,82
1018303,1980.0,1995.0,0.0,150
1018304,1986.0,2001.0,1.0,283
1018401,1978.0,1993.0,1.0,105
1018402,1979.0,1994.0,1.0,105
1018403,1983.0,1998.0,0.0,201
1018404,1985.0,2000.0,0.0,250
1018501,1982.0,1997.0,0.0,201
1018801,1987.0,2002.0,0.0,283
1019101,1979.0,1994.0,0.0,105
1019301,1983.0,1998.0,0.0,201
1020301,1980.0,1995.0,0.0,150
1020302,1985.0,2000.0,0.0,250
1021101,1979.0,1994.0,1.0,105
1021102,1983.0,1998.0,0.0,201
1022601,1985.0,2000.0,0.0,250
1023401,1979.0,1994.0,0.0,105
1023402,1982.0,1997.0,0.0,201
1023403,1983.0,1998.0,0.0,201
1023601,1979.0,1994.0,0.0,105
1023602,1980.0,1995.0,0.0,150
1023603,1983.0,1998.0,0.0,201
1023701,1981.0,1996.0,0.0,155
1023801,1979.0,1994.0,1.0,105
1023802,1985.0,2000.0,0.0,250
1025901,1974.0,1989.0,0.0,53
1025902,1975.0,1990.0,0.0,53
1030301,1983.0,1998.0,0.0,201
1030302,1987.0,2002.0,0.0,283
1031001,1983.0,1998.0,0.0,201
1031301,1985.0,2000.0,0.0,250
1031401,1974.0,1989.0,0.0,53
1031402,1976.0,1991.0,0.0,81
1031403,1978.0,1993.0,1.0,105
1031404,1979.0,1994.0,0.0,105
1031701,1980.0,1995.0,1.0,150
1032101,1981.0,1996.0,0.0,155
1033101,1971.0,1986.0,0.0,6
1033102,1973.0,1988.0,0.0,24
1033103,1976.0,1991.0,0.0,81
1033104,1979.0,1994.0,1.0,105
1033401,1978.0,1993.0,0.0,105
1033402,1979.0,1994.0,0.0,105
1033403,1982.0,1997.0,0.0,201
1033601,1985.0,2000.0,0.0,250
1034001,1980.0,1995.0,0.0,150
1034002,1981.0,1996.0,0.0,155
1035901,1983.0,1998.0,0.0,201
1035902,1985.0,2000.0,0.0,250
1036001,1984.0,1999.0,0.0,250
1036002,1986.0,2001.0,0.0,283
1037101,1980.0,1995.0,0.0,150
1037102,1985.0,2000.0,0.0,250
1037501,1979.0,1994.0,0.0,105
1037701,1984.0,1999.0,0.0,250
1037801,1983.0,1998.0,0.0,201
1037901,1981.0,1996.0,0.0,155
1038301,1978.0,1993.0,0.0,105
1038302,1980.0,1995.0,0.0,150
1042101,1982.0,1997.0,0.0,201
1042201,1981.0,1996.0,1.0,155
1042701,1983.0,1998.0,0.0,201
1042702,1987.0,2002.0,0.0,283
1042801,1983.0,1998.0,0.0,201
1042802,1984.0,1999.0,0.0,250
1042803,1986.0,2001.0,0.0,283
1042901,1984.0,1999.0,0.0,250
1042902,1986.0,2001.0,0.0,283
1043301,1979.0,1994.0,1.0,105
1043302,1984.0,1999.0,0.0,250
1043601,1982.0,1997.0,0.0,201
1043602,1985.0,2000.0,0.0,250
1044301,1985.0,2000.0,0.0,250
1044401,1981.0,1996.0,0.0,155
1044402,1982.0,1997.0,0.0,201
1044501,1977.0,1992.0,0.0,82
1044502,1982.0,1997.0,0.0,201
1045101,1979.0,1994.0,1.0,105
1045102,1980.0,1995.0,0.0,150
1045201,1981.0,1996.0,0.0,155
1048101,1978.0,1993.0,0.0,105
1048102,1983.0,1998.0,0.0,201
1048103,1984.0,1999.0,0.0,250
1048602,1982.0,1997.0,1.0,201
1048603,1986.0,2001.0,0.0,283
1049101,1976.0,1991.0,0.0,81
1049102,1980.0,1995.0,0.0,150
1050001,1986.0,2001.0,0.0,283
1050602,1978.0,1993.0,0.0,105
1050603,1983.0,1998.0,0.0,201
1050701,1984.0,1999.0,0.0,250
1050702,1987.0,2002.0,0.0,283
1051201,1982.0,1997.0,0.0,201
1051601,1984.0,1999.0,0.0,250
1051602,1987.0,2002.0,0.0,283
1052901,1985.0,2000.0,0.0,250
1053001,1975.0,1990.0,0.0,53
1053002,1979.0,1994.0,0.0,105
1053003,1981.0,1996.0,0.0,155
1053201,1979.0,1994.0,1.0,105
1053202,1980.0,1995.0,0.0,150
1053801,1980.0,1995.0,0.0,150
1053802,1985.0,2000.0,0.0,250
1054402,1983.0,1998.0,0.0,201
1055401,1979.0,1994.0,0.0,105
1056501,1978.0,1993.0,0.0,105
1056502,1982.0,1997.0,0.0,201
1056503,1987.0,2002.0,0.0,283
1056901,1980.0,1995.0,0.0,150
1056902,1983.0,1998.0,0.0,201
1057301,1983.0,1998.0,0.0,201
1057302,1986.0,2001.0,0.0,283
1057901,1978.0,1993.0,1.0,105
1057902,1981.0,1996.0,1.0,155
1057903,1982.0,1997.0,0.0,201
1058101,1983.0,1998.0,0.0,201
1058102,1986.0,2001.0,0.0,283
1058201,1976.0,1991.0,0.0,81
1058202,1982.0,1997.0,0.0,201
1058203,1982.0,1997.0,0.0,201
1058601,1979.0,1994.0,1.0,105
1058602,1981.0,1996.0,1.0,155
1058603,1983.0,1998.0,0.0,201
1058604,1984.0,1999.0,0.0,250
1059002,1987.0,2002.0,0.0,283
1063401,1979.0,1994.0,0.0,105
1063403,1982.0,1997.0,0.0,201
1075201,1979.0,1994.0,0.0,105
1081101,1980.0,1995.0,1.0,150
1081102,1981.0,1996.0,1.0,155
1081103,1983.0,1998.0,1.0,201
1081801,1979.0,1994.0,0.0,105
1093301,1982.0,1997.0,0.0,201
1113202,1986.0,2001.0,0.0,283
1113203,1987.0,2002.0,0.0,283
1130901,1982.0,1997.0,0.0,201
1131901,1982.0,1997.0,0.0,201
1175201,1977.0,1992.0,0.0,82
1175202,1980.0,1995.0,0.0,150
1176101,1985.0,2000.0,0.0,250
1176901,1987.0,2002.0,0.0,283
1177201,1982.0,1997.0,0.0,201
1177204,1985.0,2000.0,0.0,250
1177302,1981.0,1996.0,0.0,155
1177303,1986.0,2001.0,0.0,283
1177304,1987.0,2002.0,0.0,283
1178701,1984.0,1999.0,0.0,250
1178702,1987.0,2002.0,0.0,283
1179201,1980.0,1995.0,0.0,150
1179202,1983.0,1998.0,0.0,201
1179401,1987.0,2002.0,0.0,283
1179701,1986.0,2001.0,0.0,283
1179801,1983.0,1998.0,0.0,201
1180001,1975.0,1990.0,0.0,53
1180201,1978.0,1993.0,1.0,105
1181101,1982.0,1997.0,0.0,201
1181102,1986.0,2001.0,0.0,283
1181301,1979.0,1994.0,0.0,105
1181302,1986.0,2001.0,0.0,283
1181401,1982.0,1997.0,0.0,201
1181402,1985.0,2000.0,0.0,250
1181601,1982.0,1997.0,0.0,201
1181801,1978.0,1993.0,0.0,105
1181803,1981.0,1996.0,1.0,155
1181901,1982.0,1997.0,0.0,201
1182601,1977.0,1992.0,0.0,82
1182602,1978.0,1993.0,0.0,105
1182603,1983.0,1998.0,0.0,201
1182604,1984.0,1999.0,0.0,250
1183101,1986.0,2001.0,0.0,283
1183201,1979.0,1994.0,0.0,105
1183202,1983.0,1998.0,0.0,201
1183801,1986.0,2001.0,0.0,283
1183901,1986.0,2001.0,0.0,283
1184201,1982.0,1997.0,0.0,201
1184701,1983.0,1998.0,0.0,201
1184702,1984.0,1999.0,0.0,250
1185001,1977.0,1992.0,0.0,82
1185002,1981.0,1996.0,0.0,155
1185003,1982.0,1997.0,0.0,201
1185601,1984.0,1999.0,0.0,250
1185602,1985.0,2000.0,0.0,250
1185902,1975.0,1990.0,0.0,53
1185903,1976.0,1991.0,0.0,81
1185904,1978.0,1993.0,0.0,105
1185905,1978.0,1993.0,1.0,105
1185906,1983.0,1998.0,1.0,201
1185907,1985.0,2000.0,0.0,250
1186501,1985.0,2000.0,0.0,250
1187301,1977.0,1992.0,0.0,82
1187302,1979.0,1994.0,0.0,105
1187303,1986.0,2001.0,0.0,283
1187401,1978.0,1993.0,0.0,105
1187601,1980.0,1995.0,1.0,150
1187602,1987.0,2002.0,0.0,283
1187701,1981.0,1996.0,0.0,155
1187901,1987.0,2002.0,0.0,283
1188601,1979.0,1994.0,0.0,105
1188602,1983.0,1998.0,0.0,201
1189101,1984.0,1999.0,0.0,250
1189102,1987.0,2002.0,0.0,283
1189401,1982.0,1997.0,0.0,201
1190101,1983.0,1998.0,0.0,201
1190201,1987.0,2002.0,0.0,283
1190501,1978.0,1993.0,1.0,105
1190502,1982.0,1997.0,0.0,201
1190601,1981.0,1996.0,0.0,155
1191001,1986.0,2001.0,0.0,283
1191201,1982.0,1997.0,0.0,201
1191501,1983.0,1998.0,0.0,201
1192301,1987.0,2002.0,0.0,283
1192701,1982.0,1997.0,0.0,201
1193001,1979.0,1994.0,0.0,105
1193002,1984.0,1999.0,0.0,250
1193201,1980.0,1995.0,0.0,150
1193202,1984.0,1999.0,0.0,250
1193501,1987.0,2002.0,0.0,283
1194001,1979.0,1994.0,0.0,105
1194002,1981.0,1996.0,0.0,155
1194301,1984.0,1999.0,0.0,250
1195001,1981.0,1996.0,0.0,155
1195002,1983.0,1998.0,0.0,201
1195101,1981.0,1996.0,0.0,155
1195102,1983.0,1998.0,0.0,201
1195103,1985.0,2000.0,0.0,250
1196801,1981.0,1996.0,0.0,155
1196802,1976.0,1991.0,0.0,81
1197001,1982.0,1997.0,0.0,201
1197901,1981.0,1996.0,0.0,155
1197903,1987.0,2002.0,0.0,283
1198001,1980.0,1995.0,0.0,150
1198701,1980.0,1995.0,0.0,150
1198702,1983.0,1998.0,0.0,201
1198801,1984.0,1999.0,0.0,250
1198901,1986.0,2001.0,0.0,283
1199301,1975.0,1990.0,0.0,53
1199302,1986.0,2001.0,0.0,283
1200101,1982.0,1997.0,0.0,201
1200102,1984.0,1999.0,0.0,250
1200401,1981.0,1996.0,0.0,155
1200402,1983.0,1998.0,0.0,201
1200501,1986.0,2001.0,0.0,283
1201501,1978.0,1993.0,1.0,105
1201502,1982.0,1997.0,0.0,201
1201701,1983.0,1998.0,0.0,201
1201702,1984.0,1999.0,0.0,250
1202901,1979.0,1994.0,0.0,105
1202902,1986.0,2001.0,0.0,283
1203001,1986.0,2001.0,0.0,283
1203201,1986.0,2001.0,0.0,283
1203501,1976.0,1991.0,0.0,81
1203502,1980.0,1995.0,0.0,150
1205101,1978.0,1993.0,0.0,105
1205201,1979.0,1994.0,0.0,105
1205202,1987.0,2002.0,0.0,283
1205401,1986.0,2001.0,0.0,283
1205701,1985.0,2000.0,0.0,250
1205702,1986.0,2001.0,1.0,283
1206101,1974.0,1989.0,0.0,53
1206102,1977.0,1992.0,0.0,82
1206103,1978.0,1993.0,0.0,105
1206201,1981.0,1996.0,0.0,155
1206203,1986.0,2001.0,0.0,283
1208301,1980.0,1995.0,0.0,150
1208302,1983.0,1998.0,0.0,201
1208501,1977.0,1992.0,0.0,82
1208502,1984.0,1999.0,0.0,250
1208601,1986.0,2001.0,0.0,283
1208701,1974.0,1989.0,0.0,53
1209701,1980.0,1995.0,0.0,150
1209702,1982.0,1997.0,0.0,201
1210401,1985.0,2000.0,0.0,250
1210801,1977.0,1992.0,0.0,82
1210802,1984.0,1999.0,0.0,250
1211501,1977.0,1992.0,0.0,82
1211701,1984.0,1999.0,0.0,250
1211702,1985.0,2000.0,0.0,250
1211703,1987.0,2002.0,0.0,283
1212001,1976.0,1991.0,0.0,81
1212002,1980.0,1995.0,0.0,150
1212003,1987.0,2002.0,0.0,283
1212301,1975.0,1990.0,1.0,53
1212302,1979.0,1994.0,1.0,105
1212303,1981.0,1996.0,0.0,155
1213001,1980.0,1995.0,0.0,150
1213501,1985.0,2000.0,0.0,250
1213701,1981.0,1996.0,0.0,155
1213702,1983.0,1998.0,0.0,201
1213703,1987.0,2002.0,0.0,283
1213801,1980.0,1995.0,0.0,150
1213802,1983.0,1998.0,1.0,201
1214002,1984.0,1999.0,0.0,250
1214601,1982.0,1997.0,0.0,201
1214801,1980.0,1995.0,0.0,150
1214802,1983.0,1998.0,0.0,201
1214901,1977.0,1992.0,0.0,82
1215001,1977.0,1992.0,0.0,82
1215002,1986.0,2001.0,0.0,283
1217201,1980.0,1995.0,0.0,150
1217202,1982.0,1997.0,0.0,201
1217203,1984.0,1999.0,0.0,250
1217204,1985.0,2000.0,0.0,250
1217205,1987.0,2002.0,0.0,283
1217601,1983.0,1998.0,0.0,201
1217602,1985.0,2000.0,0.0,250
1217701,1985.0,2000.0,0.0,250
1217702,1987.0,2002.0,0.0,283
1218101,1977.0,1992.0,0.0,82
1218102,1978.0,1993.0,0.0,105
1218103,1980.0,1995.0,0.0,150
1218801,1980.0,1995.0,0.0,150
1218802,1985.0,2000.0,0.0,250
1219102,1985.0,2000.0,0.0,250
1219103,1987.0,2002.0,0.0,283
1219401,1974.0,1989.0,1.0,53
1219402,1981.0,1996.0,0.0,155
1219403,1982.0,1997.0,0.0,201
1219404,1985.0,2000.0,0.0,250
1220101,1986.0,2001.0,0.0,283
1220801,1983.0,1998.0,1.0,201
1221001,1980.0,1995.0,0.0,150
1221002,1983.0,1998.0,0.0,201
1221401,1979.0,1994.0,0.0,105
1221701,1981.0,1996.0,0.0,155
1222201,1976.0,1991.0,0.0,81
1222202,1977.0,1992.0,1.0,82
1222204,1978.0,1993.0,1.0,105
1222801,1981.0,1996.0,0.0,155
1222802,1983.0,1998.0,0.0,201
1224101,1980.0,1995.0,0.0,150
1225401,1982.0,1997.0,0.0,201
1225402,1987.0,2002.0,0.0,283
1226901,1979.0,1994.0,0.0,105
1228101,1979.0,1994.0,1.0,105
1228102,1983.0,1998.0,0.0,201
1228201,1982.0,1997.0,0.0,201
1228202,1985.0,2000.0,0.0,250
1228203,1987.0,2002.0,1.0,283
1229301,1978.0,1993.0,0.0,105
1229302,1980.0,1995.0,0.0,150
1229303,1982.0,1997.0,0.0,201
1230301,1978.0,1993.0,0.0,105
1230302,1980.0,1995.0,1.0,150
1230401,1979.0,1994.0,0.0,105
1230402,1980.0,1995.0,0.0,150
1251501,1981.0,1996.0,0.0,155
1256601,1979.0,1994.0,0.0,105
1256602,1985.0,2000.0,1.0,250
1266701,1980.0,1995.0,0.0,150
1266702,1983.0,1998.0,1.0,201
1266703,1987.0,2002.0,0.0,283
