C0000100,wave,event,later_any_delinquency_contact_2000_2020,later_delinquency_contact_first_event_year_2000_2020,later_delinquency_contact_last_observed_year_2000_2020,hazard_probability,hazard_prediction_0_50
302,2000,1,1,2000.0,2020.0,0.18313211448438552,0
303,2000,0,1,2002.0,2020.0,0.2174693215566576,0
303,2002,1,1,2002.0,2020.0,0.23910112219246235,0
802,2000,1,1,2000.0,2020.0,0.08067649924250292,0
1001,2000,0,0,,2020.0,0.11980863328078145,0
1001,2002,0,0,,2020.0,0.13338187583382527,0
1001,2004,0,0,,2020.0,0.1094106486255645,0
1001,2006,0,0,,2020.0,0.11710766922187524,0
1001,2008,0,0,,2020.0,0.12236922843086312,0
1001,2010,0,0,,2020.0,0.12291202073069156,0
1001,2012,0,0,,2020.0,0.11157086814592948,0
1001,2014,0,0,,2020.0,0.0529799915962571,0
1001,2016,0,0,,2020.0,0.05240373103722747,0
1001,2018,0,0,,2020.0,0.05216586654433558,0
1001,2020,0,0,,2020.0,0.05335256671565606,0
1901,2000,0,0,,2010.0,0.17351429419675948,0
1901,2002,0,0,,2010.0,0.19184576203648634,0
1901,2004,0,0,,2010.0,0.15929884917340772,0
1901,2006,0,0,,2010.0,0.1698362072383375,0
1901,2008,0,0,,2010.0,0.0911743447058222,0
1901,2010,0,0,,2010.0,0.09159320705214596,0
2502,2000,0,1,2008.0,2020.0,0.14025109608728234,0
2502,2002,0,1,2008.0,2020.0,0.15573053010604485,0
2502,2004,0,1,2008.0,2020.0,0.22023910218380202,0
2502,2006,0,1,2008.0,2020.0,0.23368704662894627,0
2502,2008,1,1,2008.0,2020.0,0.24274631896703977,0
3001,2000,0,0,,2020.0,0.12864957713787167,0
3001,2002,0,0,,2020.0,0.14306162459107385,0
3001,2004,0,0,,2020.0,0.15580851776109467,0
3001,2006,0,0,,2020.0,0.16616062840604084,0
3001,2008,0,0,,2020.0,0.10290082648020553,0
3001,2010,0,0,,2020.0,0.10336743393055887,0
3001,2012,0,0,,2020.0,0.05074365431526419,0
3001,2014,0,0,,2020.0,0.11938160810995303,0
3001,2016,0,0,,2020.0,0.11817322575611554,0
3001,2018,0,0,,2020.0,0.024982072620940106,0
3001,2020,0,0,,2020.0,0.025567060328480943,0
3002,2000,0,1,2002.0,2020.0,0.18548345657305357,0
3002,2002,1,1,2002.0,2020.0,0.2047661530601935,0
4301,2000,0,1,2002.0,2020.0,0.15238085238034055,0
4301,2002,1,1,2002.0,2020.0,0.16893598278592867,0
4402,2000,0,1,2002.0,2018.0,0.11764197747055105,0
4402,2002,1,1,2002.0,2018.0,0.1310062916448156,0
4902,2000,0,1,2002.0,2020.0,0.23954042924267008,0
4902,2002,1,1,2002.0,2020.0,0.41093433409025276,0
5005,2000,0,1,2008.0,2020.0,0.10596016412647724,0
5005,2002,0,1,2008.0,2020.0,0.11817514209247965,0
5005,2004,0,1,2008.0,2020.0,0.12903853040073457,0
5005,2006,0,1,2008.0,2020.0,0.13790255753099565,0
5005,2008,1,1,2008.0,2020.0,0.08966378731190794,0
5702,2000,0,1,2010.0,2020.0,0.09806230896514735,0
5702,2002,0,1,2010.0,2020.0,0.10947831897362717,0
5702,2004,0,1,2010.0,2020.0,0.11965071741252224,0
5702,2006,0,1,2010.0,2020.0,0.1279646160615702,0
5702,2008,0,1,2010.0,2020.0,0.20844943829135662,0
5702,2010,1,1,2010.0,2020.0,0.20928300449875148,0
6102,2000,0,1,2010.0,2020.0,0.09788367049345095,0
6102,2002,0,1,2010.0,2020.0,0.19374343345466286,0
6102,2004,0,1,2010.0,2020.0,0.2689814916478605,0
6102,2006,0,1,2010.0,2020.0,0.505727067605026,1
6102,2008,0,1,2010.0,2020.0,0.6474132773069748,1
6102,2010,1,1,2010.0,2020.0,0.6485639352146974,1
6203,2000,0,1,2016.0,2020.0,0.08691587067253662,0
6203,2002,0,1,2016.0,2020.0,0.09717406308408323,0
6203,2004,0,1,2016.0,2020.0,0.10633970847411954,0
6203,2006,0,1,2016.0,2020.0,0.11384830639519551,0
6203,2008,0,1,2016.0,2020.0,0.1873621376784773,0
6203,2010,0,1,2016.0,2020.0,0.1881314201983475,0
6203,2012,0,1,2016.0,2020.0,0.11434329039363225,0
6203,2014,0,1,2016.0,2020.0,0.2466552983624463,0
6203,2016,1,1,2016.0,2020.0,0.8330882490907534,1
6802,2000,0,1,2010.0,2020.0,0.0946181208025541,0
6802,2002,0,1,2010.0,2020.0,0.18794612931673588,0
6802,2004,0,1,2010.0,2020.0,0.2616635156759114,0
6802,2006,0,1,2010.0,2020.0,0.27674315779749387,0
6802,2008,0,1,2010.0,2020.0,0.2868467782454673,0
6802,2010,1,1,2010.0,2020.0,0.2878798287672831,0
6803,2000,0,1,2012.0,2020.0,0.09824123794997713,0
6803,2002,0,1,2012.0,2020.0,0.10967554518620314,0
6803,2004,0,1,2012.0,2020.0,0.1586925478863034,0
6803,2006,0,1,2012.0,2020.0,0.16919787173626943,0
6803,2008,0,1,2012.0,2020.0,0.26765677500860513,0
6803,2010,0,1,2012.0,2020.0,0.26864674888514184,0
6803,2012,1,1,2012.0,2020.0,0.36288635891052295,0
8601,2000,0,0,,2018.0,0.0775477262152999,0
8601,2002,0,0,,2018.0,0.08680536324383992,0
8601,2004,0,0,,2018.0,0.07052362136469087,0
8601,2006,0,0,,2018.0,0.07571753389096855,0
8601,2008,0,0,,2018.0,0.008252668191013208,0
8601,2010,0,0,,2018.0,0.008294058207254082,0
8601,2012,0,0,,2018.0,0.0089305405778204,0
8601,2014,0,0,,2018.0,0.008348452966673478,0
8601,2016,0,0,,2018.0,0.009935558966932836,0
8601,2018,0,0,,2018.0,0.00988844914131384,0
9101,2000,0,1,2010.0,2020.0,0.17430301135930404,0
9101,2002,0,1,2010.0,2020.0,0.19269837781908147,0
9101,2004,0,1,2010.0,2020.0,0.2087903713790007,0
9101,2006,0,1,2010.0,2020.0,0.22173804018218948,0
9101,2008,0,1,2010.0,2020.0,0.23047340646480932,0
9101,2010,1,1,2010.0,2020.0,0.23136930091125246,0
9701,2000,0,1,2002.0,2020.0,0.1530700577382391,0
9701,2002,1,1,2002.0,2020.0,0.28585001306594887,0
9801,2000,0,1,2002.0,2020.0,0.3047869995652448,0
9801,2002,1,1,2002.0,2020.0,0.3314257478620215,0
9901,2000,0,1,2002.0,2020.0,0.4004930601666293,0
9901,2002,1,1,2002.0,2020.0,0.7348299851754263,1
10002,2000,0,1,2006.0,2010.0,0.1389965517559435,0
10002,2002,0,1,2006.0,2010.0,0.26336475502475937,0
10002,2004,0,1,2006.0,2010.0,0.3537760916830251,0
10002,2006,1,1,2006.0,2010.0,0.7306301156663417,1
10003,2000,0,1,2006.0,2020.0,0.31863800189031555,0
10003,2002,0,1,2006.0,2020.0,0.21258530504039444,0
10003,2004,0,1,2006.0,2020.0,0.2924859893362009,0
10003,2006,1,1,2006.0,2020.0,0.6719379086371401,1
10201,2000,0,1,2008.0,2016.0,0.09752726371786201,0
10201,2002,0,1,2008.0,2016.0,0.10888850579669959,0
10201,2004,0,1,2008.0,2016.0,0.11901342477310652,0
10201,2006,0,1,2008.0,2016.0,0.12728944404811116,0
10201,2008,1,1,2008.0,2016.0,0.2074506317951979,0
11103,2000,0,1,2002.0,2020.0,0.18322360645392652,0
11103,2002,1,1,2002.0,2020.0,0.6457148933835398,1
12402,2000,0,1,2002.0,2020.0,0.21410383267873728,0
12402,2002,1,1,2002.0,2020.0,0.37630368645924434,0
13301,2000,0,1,2006.0,2020.0,0.10596016412647724,0
13301,2002,0,1,2006.0,2020.0,0.11817514209247965,0
13301,2004,0,1,2006.0,2020.0,0.12903853040073457,0
13301,2006,1,1,2006.0,2020.0,0.13790255753099565,0
13701,2000,1,1,2000.0,2018.0,0.23172373104427613,0
13801,2000,1,1,2000.0,2018.0,0.14505981657224595,0
14303,2000,0,1,2004.0,2020.0,0.1501594038344426,0
14303,2002,0,1,2004.0,2020.0,0.16652060305140645,0
14303,2004,1,1,2004.0,2020.0,0.1375389318969302,0
14304,2000,0,1,2004.0,2018.0,0.109372728548112,0
14304,2002,0,1,2004.0,2018.0,0.12192745268587123,0
14304,2004,1,1,2004.0,2018.0,0.09977778703449044,0
14401,2000,0,1,2006.0,2020.0,0.19453578092343324,0
14401,2002,0,1,2006.0,2020.0,0.21451170770368228,0
14401,2004,0,1,2006.0,2020.0,0.29486530063572675,0
14401,2006,1,1,2006.0,2020.0,0.31105225939385617,0
14702,2000,0,1,2004.0,2020.0,0.10311277279796724,0
14702,2002,0,1,2004.0,2020.0,0.11504174370799893,0
14702,2004,1,1,2004.0,2020.0,0.09400903178985036,0
14902,2000,0,1,2006.0,2018.0,0.14025109608728234,0
14902,2002,0,1,2006.0,2018.0,0.15573053010604485,0
14902,2004,0,1,2006.0,2018.0,0.22023910218380202,0
14902,2006,1,1,2006.0,2018.0,0.43989996101059614,0
15701,2000,0,0,,2018.0,0.21674232021133938,0
15701,2002,0,0,,2018.0,0.23832382958709417,0
15701,2004,0,0,,2018.0,0.19984167811945236,0
15701,2006,0,0,,2018.0,0.2123833736945403,0
15701,2008,0,0,,2018.0,0.22085479344000494,0
15701,2010,0,0,,2018.0,0.22172407151365914,0
15701,2012,0,0,,2018.0,0.22400462329970047,0
15701,2014,0,0,,2018.0,0.42265426312150767,0
15701,2016,0,0,,2018.0,0.168776097628256,0
15701,2018,0,0,,2018.0,0.16810371700522725,0
16102,2000,0,1,2012.0,2020.0,0.09592914067855354,0
16102,2002,0,1,2012.0,2020.0,0.10712631160479431,0
16102,2004,0,1,2012.0,2020.0,0.11710890805299592,0
16102,2006,0,1,2012.0,2020.0,0.1252713218618546,0
16102,2008,0,1,2012.0,2020.0,0.13084530975009578,0
16102,2010,0,1,2012.0,2020.0,0.5012702486695202,1
16102,2012,1,1,2012.0,2020.0,0.5709403998001256,1
17201,2000,0,1,2006.0,2020.0,0.09770532219200652,0
17201,2002,0,1,2006.0,2020.0,0.10908479961329483,0
17201,2004,0,1,2006.0,2020.0,0.11922552878506391,0
17201,2006,1,1,2006.0,2020.0,0.27347171374174967,0
17402,2000,0,1,2004.0,2012.0,0.10276177095921982,0
17402,2002,0,1,2004.0,2012.0,0.20232732910296933,0
17402,2004,1,1,2004.0,2012.0,0.16837268006389972,0
17902,2000,0,0,,2020.0,0.09931944898836134,0
17902,2002,0,0,,2020.0,0.11086382096949186,0
17902,2004,0,0,,2020.0,0.0905168172246344,0
17902,2006,0,0,,2020.0,0.09702947355541813,0
17902,2008,0,0,,2020.0,0.1014926350220254,0
17902,2010,0,0,,2020.0,0.10195358267726175,0
17902,2012,0,0,,2020.0,0.05000944104376579,0
17902,2014,0,0,,2020.0,0.04687649659905402,0
17902,2016,0,0,,2020.0,0.046363373295871584,0
17902,2018,0,0,,2020.0,0.00823114019301751,0
17902,2020,0,0,,2020.0,0.007522910666780179,0
18302,2000,0,1,2002.0,2006.0,0.16697147514268748,0
18302,2002,1,1,2002.0,2006.0,0.18476623659758135,0
18401,2000,0,1,2014.0,2020.0,0.08659556560081798,0
18401,2002,0,1,2014.0,2020.0,0.09681996277441675,0
18401,2004,0,1,2014.0,2020.0,0.07882195481972235,0
18401,2006,0,1,2014.0,2020.0,0.08457141384259866,0
18401,2008,0,1,2014.0,2020.0,0.1422145618101578,0
18401,2010,0,1,2014.0,2020.0,0.1428310557230095,0
18401,2012,0,1,2014.0,2020.0,0.13912602562090143,0
18401,2014,1,1,2014.0,2020.0,0.2907024549740044,0
18601,2000,0,1,2006.0,2018.0,0.25120877263476216,0
18601,2002,0,1,2006.0,2018.0,0.2750171747212099,0
18601,2004,0,1,2006.0,2018.0,0.2954675391488757,0
18601,2006,1,1,2006.0,2018.0,0.6750966878863849,1
19202,2000,0,1,2010.0,2016.0,0.09672525509191529,0
19202,2002,0,1,2010.0,2016.0,0.19169161806431298,0
19202,2004,0,1,2010.0,2016.0,0.26639614841102816,0
19202,2006,0,1,2010.0,2016.0,0.28164449233905703,0
19202,2008,0,1,2010.0,2016.0,0.2918548471041252,0
19202,2010,1,1,2010.0,2016.0,0.29289852611678413,0
19701,2000,1,1,2000.0,2010.0,0.15501364851803556,0
20002,2000,0,1,2002.0,2020.0,0.29534508248963914,0
20002,2002,1,1,2002.0,2020.0,0.7730037486654289,1
20503,2000,0,1,2002.0,2020.0,0.11765002266812125,0
20503,2002,1,1,2002.0,2020.0,0.13101511508395883,0
21103,2000,0,1,2014.0,2020.0,0.0908602502841396,0
21103,2002,0,1,2014.0,2020.0,0.10153220981535328,0
21103,2004,0,1,2014.0,2020.0,0.11105835765843024,0
21103,2006,0,1,2014.0,2020.0,0.11885582444016544,0
21103,2008,0,1,2014.0,2020.0,0.19489196415112003,0
21103,2010,0,1,2014.0,2020.0,0.1956847183484164,0
21103,2012,0,1,2014.0,2020.0,0.15108582548591556,0
21103,2014,1,1,2014.0,2020.0,0.31098530284774106,0
22101,2000,1,1,2000.0,2020.0,0.3543947888367316,0
22103,2000,0,1,2004.0,2018.0,0.1689195181966062,0
22103,2002,0,1,2004.0,2018.0,0.31040902768124334,0
22103,2004,1,1,2004.0,2018.0,0.3322849189658167,0
22402,2000,0,0,,2018.0,0.13966097281158824,0
22402,2002,0,0,,2018.0,0.15508702410955794,0
22402,2004,0,0,,2018.0,0.12779018360448083,0
22402,2006,0,0,,2018.0,0.13658190569659073,0
22402,2008,0,0,,2018.0,0.07198662849114812,0
22402,2010,0,0,,2018.0,0.07232435588261302,0
22402,2012,0,0,,2018.0,0.029688459974033177,0
22402,2014,0,0,,2018.0,0.07200667669212447,0
22402,2016,0,0,,2018.0,0.01473977648194721,0
22402,2018,0,0,,2018.0,0.00638652668385618,0
22702,2000,0,0,,2018.0,0.08789402570048145,0
22702,2002,0,0,,2018.0,0.0982552413204335,0
22702,2004,0,0,,2018.0,0.10751072164332874,0
22702,2006,0,0,,2018.0,0.11509135559491786,0
22702,2008,0,0,,2018.0,0.06820995794909653,0
22702,2010,0,0,,2018.0,0.0685312754323043,0
22702,2012,0,0,,2018.0,0.07344797679243915,0
22702,2014,0,0,,2018.0,0.14358105987624067,0
22702,2016,0,0,,2018.0,0.06026645894497137,0
22702,2018,0,0,,2018.0,0.05999516454667305,0
22703,2000,0,1,2002.0,2018.0,0.1893029908102406,0
22703,2002,1,1,2002.0,2018.0,0.20888093361193594,0
22704,2000,0,1,2010.0,2020.0,0.0900288159982816,0
22704,2002,0,1,2010.0,2020.0,0.10061392721011123,0
22704,2004,0,1,2010.0,2020.0,0.11006447262102254,0
22704,2006,0,1,2010.0,2020.0,0.11780140551706528,0
22704,2008,0,1,2010.0,2020.0,0.1933109839285871,0
22704,2010,1,1,2010.0,2020.0,0.1940988576223973,0
22801,2000,0,0,,2018.0,0.0780695324479899,0
22801,2002,0,0,,2018.0,0.0873835616260833,0
22801,2004,0,0,,2018.0,0.0710018014698432,0
22801,2006,0,0,,2018.0,0.07622804272446856,0
22801,2008,0,0,,2018.0,0.030758428106569115,0
22801,2010,0,0,,2018.0,0.030909174495219186,0
22801,2012,0,0,,2018.0,0.031306038726588714,0
22801,2014,0,0,,2018.0,0.029308658306720733,0
22801,2016,0,0,,2018.0,0.013793249892802693,0
22801,2018,0,0,,2018.0,0.013728102306857427,0
23102,2000,0,1,2008.0,2020.0,0.13097824442133665,0
23102,2002,0,1,2008.0,2020.0,0.14560756933853247,0
23102,2004,0,1,2008.0,2020.0,0.15853934007114126,0
23102,2006,0,1,2008.0,2020.0,0.34379424895894156,0
23102,2008,1,1,2008.0,2020.0,0.4845918662076662,0
23602,2000,0,1,2006.0,2018.0,0.21022457603112127,0
23602,2002,0,1,2006.0,2018.0,0.23134878863425132,0
23602,2004,0,1,2006.0,2018.0,0.3154762811474882,0
23602,2006,1,1,2006.0,2018.0,0.332261554042011,0
23603,2000,0,1,2010.0,2018.0,0.09128265807948947,0
23603,2002,0,1,2010.0,2018.0,0.10199866508114051,0
23603,2004,0,1,2010.0,2018.0,0.1481556012919957,0
23603,2006,0,1,2010.0,2018.0,0.15809446537668426,0
23603,2008,0,1,2010.0,2018.0,0.1648536843819679,0
23603,2010,1,1,2010.0,2018.0,0.1655493773254785,0
23901,2000,0,0,,2018.0,0.08949614416627495,0
23901,2002,0,0,,2018.0,0.10002551089815502,0
23901,2004,0,0,,2018.0,0.08148537978161381,0
23901,2006,0,0,,2018.0,0.08741068037773599,0
23901,2008,0,0,,2018.0,0.044862215996023025,0
23901,2010,0,0,,2018.0,0.04507886990178336,0
23901,2012,0,0,,2018.0,0.038262047233560095,0
23901,2014,0,0,,2018.0,0.03583728000995145,0
23901,2016,0,0,,2018.0,0.12837034828530164,0
23901,2018,0,0,,2018.0,0.12783418281038436,0
23902,2000,1,1,2000.0,2006.0,0.22661218943476905,0
23903,2000,1,1,2000.0,2018.0,0.19565368009545026,0
24402,2000,0,0,,2016.0,0.08560565240741999,0
24402,2002,0,0,,2016.0,0.09572541893480219,0
24402,2004,0,0,,2016.0,0.10477028195192294,0
24402,2006,0,0,,2016.0,0.11218197428019565,0
24402,2008,0,0,,2016.0,0.046341909790990676,0
24402,2010,0,0,,2016.0,0.04656536122746658,0
24402,2012,0,0,,2016.0,0.04715346490502283,0
24402,2014,0,0,,2016.0,0.016800231410124173,0
24402,2016,0,0,,2016.0,0.01661059380665161,0
24902,2000,0,1,2002.0,2018.0,0.6719427970456953,1
24902,2002,1,1,2002.0,2018.0,0.6984329193340449,1
24904,2000,0,1,2016.0,2020.0,0.08297313186451279,0
24904,2002,0,1,2016.0,2020.0,0.09281328581139411,0
24904,2004,0,1,2016.0,2020.0,0.1016139083714408,0
24904,2006,0,1,2016.0,2020.0,0.10882945588632818,0
24904,2008,0,1,2016.0,2020.0,0.11376700756404334,0
24904,2010,0,1,2016.0,2020.0,0.11427661146659764,0
24904,2012,0,1,2016.0,2020.0,0.06691079426567617,0
24904,2014,0,1,2016.0,2020.0,0.15387227891684233,0
24904,2016,1,1,2016.0,2020.0,0.7326905109889692,1
25002,2000,0,1,2002.0,2020.0,0.1865162762346882,0
25002,2002,1,1,2002.0,2020.0,0.336772396012367,0
25401,2000,0,0,,2018.0,0.06775533934105102,0
25401,2002,0,0,,2018.0,0.07594020075106922,0
25401,2004,0,0,,2018.0,0.11177277703753359,0
25401,2006,0,0,,2018.0,0.11961365421993282,0
25401,2008,0,0,,2018.0,0.045893386760160686,0
25401,2010,0,0,,2018.0,0.04611478008639425,0
25401,2012,0,0,,2018.0,0.04152426617287531,0
25401,2014,0,0,,2018.0,0.018934060093890134,0
25401,2016,0,0,,2018.0,0.035492120656426825,0
25401,2018,0,0,,2018.0,0.035328157369516694,0
25403,2000,0,1,2004.0,2012.0,0.20936833101794028,0
25403,2002,0,1,2004.0,2012.0,0.3696681649675008,0
25403,2004,1,1,2004.0,2012.0,0.47313349650921505,0
25501,2000,0,0,,2002.0,0.09620184486431903,0
25501,2002,0,0,,2002.0,0.10742706439543402,0
25502,2000,0,1,2002.0,2018.0,0.09435514098803373,0
25502,2002,1,1,2002.0,2018.0,0.10539000642866314,0
27202,2000,0,1,2002.0,2016.0,0.18112140098255805,0
27202,2002,1,1,2002.0,2016.0,0.642480335320798,1
27502,2000,0,1,2006.0,2020.0,0.09887419039600998,0
27502,2002,0,1,2006.0,2020.0,0.11037315006819742,0
27502,2004,0,1,2006.0,2020.0,0.15964602575862868,0
27502,2006,1,1,2006.0,2020.0,0.3456628868461479,0
28501,2000,0,0,,2018.0,0.07110812803265361,0
28501,2002,0,0,,2018.0,0.07966339702492521,0
28501,2004,0,0,,2018.0,0.08733717816772744,0
28501,2006,0,0,,2018.0,0.09364461611226672,0
28501,2008,0,0,,2018.0,0.0482220333589199,0
28501,2010,0,0,,2018.0,0.048454089765862095,0
28501,2012,0,0,,2018.0,0.052010804499523285,0
28501,2014,0,0,,2018.0,0.12214221490908399,0
28501,2016,0,0,,2018.0,0.12090972623998951,0
28501,2018,0,0,,2018.0,0.12040041727963725,0
28503,2000,1,1,2000.0,2018.0,0.3385773723688252,0
28702,2000,0,1,2006.0,2020.0,0.19012455926245556,0
28702,2002,0,1,2006.0,2020.0,0.3420651898938407,0
28702,2004,0,1,2006.0,2020.0,0.36499121898438,0
28702,2006,1,1,2006.0,2020.0,0.38293719555919525,0
28804,2000,0,1,2012.0,2020.0,0.08659556560081798,0
28804,2002,0,1,2012.0,2020.0,0.09681996277441675,0
28804,2004,0,1,2012.0,2020.0,0.10595612851324682,0
28804,2006,0,1,2012.0,2020.0,0.11344108011921487,0
28804,2008,0,1,2012.0,2020.0,0.18674737297843555,0
28804,2010,0,1,2012.0,2020.0,0.18751471380120602,0
28804,2012,1,1,2012.0,2020.0,0.16176636404732703,0
28805,2000,0,1,2012.0,2020.0,0.0826660412322073,0
28805,2002,0,1,2012.0,2020.0,0.09247344846595522,0
28805,2004,0,1,2012.0,2020.0,0.10124544368149582,0
28805,2006,0,1,2012.0,2020.0,0.10843798485534091,0
28805,2008,0,1,2012.0,2020.0,0.17916461079282,0
28805,2010,0,1,2012.0,2020.0,0.17990768685178057,0
28805,2012,1,1,2012.0,2020.0,0.13684411079964737,0
28901,2000,0,0,,2018.0,0.11322173844003128,0
28901,2002,0,0,,2018.0,0.12615570115181393,0
28901,2004,0,0,,2018.0,0.10332830952723585,0
28901,2006,0,0,,2018.0,0.1106506016578803,0
28901,2008,0,0,,2018.0,0.0323284444565528,0
28901,2010,0,0,,2018.0,0.032486627556387954,0
28901,2012,0,0,,2018.0,0.032903058122422627,0
28901,2014,0,0,,2018.0,0.02582416476932691,0
28901,2016,0,0,,2018.0,0.013703792844410602,0
28901,2018,0,0,,2018.0,0.013639061934146275,0
29001,2000,0,0,,2020.0,0.09569060377023622,0
29001,2002,0,0,,2020.0,0.10686322295407095,0
29001,2004,0,0,,2020.0,0.08717846426569217,0
29001,2006,0,0,,2020.0,0.09347561395802634,0
29001,2008,0,0,,2020.0,0.048130653013337216,0
29001,2010,0,0,,2020.0,0.04836229201992333,0
29001,2012,0,0,,2020.0,0.04897192460597081,0
29001,2014,0,0,,2020.0,0.05861693555804868,0
29001,2016,0,0,,2020.0,0.05798311624860509,0
29001,2018,0,0,,2020.0,0.04932773123705531,0
29001,2020,0,0,,2020.0,0.05045330454399855,0
29002,2000,0,0,,2020.0,0.0956412939870717,0
29002,2002,0,0,,2020.0,0.10680883587181243,0
29002,2004,0,0,,2020.0,0.0871331181867389,0
29002,2006,0,0,,2020.0,0.09342732764737686,0
29002,2008,0,0,,2020.0,0.05599853302835843,0
29002,2010,0,0,,2020.0,0.056265799599171315,0
29002,2012,0,0,,2020.0,0.05696909597599662,0
29002,2014,0,0,,2020.0,0.1328493407399958,0
29002,2016,0,0,,2020.0,0.13152499800040715,0
29002,2018,0,0,,2020.0,0.03710890465376852,0
29002,2020,0,0,,2020.0,0.03796680039625634,0
29401,2000,0,0,,2020.0,0.1152400758216742,0
29401,2002,0,0,,2020.0,0.12837122761469233,0
29401,2004,0,0,,2020.0,0.10519120321648599,0
29401,2006,0,0,,2020.0,0.11262892624966646,0
29401,2008,0,0,,2020.0,0.02603280739908441,0
29401,2010,0,0,,2020.0,0.026161018744444972,0
29401,2012,0,0,,2020.0,0.02213862885879164,0
29401,2014,0,0,,2020.0,0.009984814345912625,0
29401,2016,0,0,,2020.0,0.009871335398993448,0
29401,2018,0,0,,2020.0,0.0056579229615467755,0
29401,2020,0,0,,2020.0,0.005793099126323185,0
31401,2000,0,0,,2018.0,0.08496202861932042,0
31401,2002,0,0,,2018.0,0.09501361587575102,0
31401,2004,0,0,,2018.0,0.0773226454175234,0
31401,2006,0,0,,2018.0,0.08297259186878614,0
31401,2008,0,0,,2018.0,0.0868513564163756,0
31401,2010,0,0,,2018.0,0.08725226528792646,0
31401,2012,0,0,,2018.0,0.037723589593422605,0
31401,2014,0,0,,2018.0,0.035331692249875375,0
31401,2016,0,0,,2018.0,0.029149370892437736,0
31401,2018,0,0,,2018.0,0.02901382782941649,0
31402,2000,0,0,,2020.0,0.1478612125682059,0
31402,2002,0,0,,2020.0,0.16402033258841267,0
31402,2004,0,0,,2020.0,0.13540312191922096,0
31402,2006,0,0,,2020.0,0.14463174939550677,0
31402,2008,0,0,,2020.0,0.07656697558352253,0
31402,2010,0,0,,2020.0,0.07692441056709357,0
31402,2012,0,0,,2020.0,0.07356787768538088,0
31402,2014,0,0,,2020.0,0.026687612174273772,0
31402,2016,0,0,,2020.0,0.02638936337991658,0
31402,2018,0,0,,2020.0,0.026266306988507866,0
31402,2020,0,0,,2020.0,0.026880537649570133,0
31404,2000,0,0,,2020.0,0.16366517917869786,0
31404,2002,0,0,,2020.0,0.18118421596801143,0
31404,2004,0,0,,2020.0,0.1501100854137173,0
31404,2006,0,0,,2020.0,0.16015541316293871,0
31404,2008,0,0,,2020.0,0.06752743168642668,0
31404,2010,0,0,,2020.0,0.06784576808979437,0
31404,2012,0,0,,2020.0,0.06868327447313267,0
31404,2014,0,0,,2020.0,0.06445984800130182,0
31404,2016,0,0,,2020.0,0.041392051110590994,0
31404,2018,0,0,,2020.0,0.017636258400535475,0
31404,2020,0,0,,2020.0,0.01805241911003557,0
31405,2000,0,0,,2018.0,0.26167082976824746,0
31405,2002,0,0,,2018.0,0.28609193572148633,0
31405,2004,0,0,,2018.0,0.24235083426012083,0
31405,2006,0,0,,2018.0,0.2567044515526299,0
31405,2008,0,0,,2018.0,0.16582872976783394,0
31405,2010,0,0,,2018.0,0.16652771698486526,0
31405,2012,0,0,,2018.0,0.16836335948095463,0
31405,2014,0,0,,2018.0,0.339241083851395,0
31405,2016,0,0,,2018.0,0.17468046395377798,0
31405,2018,0,0,,2018.0,0.06936821733650231,0
32103,2000,0,0,,2006.0,0.09221320798354657,0
32103,2002,0,0,,2006.0,0.10302607047059718,0
32103,2004,0,0,,2006.0,0.1495704953596289,0
32103,2006,0,0,,2006.0,0.15958649422574303,0
32201,2000,1,1,2000.0,2018.0,0.13394487847210826,0
32203,2000,0,0,,2020.0,0.1045279049848673,0
32203,2002,0,0,,2020.0,0.2054129038896515,0
32203,2004,0,0,,2020.0,0.22227433303416183,0
32203,2006,0,0,,2020.0,0.23580896852145777,0
32203,2008,0,0,,2020.0,0.24492420934486192,0
32203,2010,0,0,,2020.0,0.24585832994682344,0
32203,2012,0,0,,2020.0,0.13131735803213196,0
32203,2014,0,0,,2020.0,0.1819117845158236,0
32203,2016,0,0,,2020.0,0.13746909443105845,0
32203,2018,0,0,,2020.0,0.04538589766911829,0
32203,2020,0,0,,2020.0,0.0464259176561822,0
34001,2000,0,0,,2018.0,0.1384656603465429,0
34001,2002,0,0,,2018.0,0.1537832845142664,0
34001,2004,0,0,,2018.0,0.12668150940050033,0
34001,2006,0,0,,2018.0,0.13540879830053307,0
34001,2008,0,0,,2018.0,0.14136096103729273,0
34001,2010,0,0,,2018.0,0.14197436707830588,0
34001,2012,0,0,,2018.0,0.07125802136597559,0
34001,2014,0,0,,2018.0,0.16288316561496755,0
34001,2016,0,0,,2018.0,0.11769975270695693,0
34001,2018,0,0,,2018.0,0.0542078480307176,0
34003,2000,0,0,,2018.0,0.21904913847241098,0
34003,2002,0,0,,2018.0,0.3831688325591936,0
34003,2004,0,0,,2018.0,0.3314769290876291,0
34003,2006,0,0,,2018.0,0.3486798862709144,0
34003,2008,0,0,,2018.0,0.3062004076936504,0
34003,2010,0,0,,2018.0,0.3072731270015946,0
34003,2012,0,0,,2018.0,0.13037997615739125,0
34003,2014,0,0,,2018.0,0.1228632327149732,0
34003,2016,0,0,,2018.0,0.10300003877422144,0
34003,2018,0,0,,2018.0,0.1010983148504856,0
34401,2000,1,1,2000.0,2008.0,0.40222402195776374,0
34702,2000,0,1,2002.0,2016.0,0.17709134037534346,0
34702,2002,1,1,2002.0,2016.0,0.32276735431326137,0
37103,2000,0,0,,2020.0,0.10682968891191619,0
37103,2002,0,0,,2020.0,0.11913154800918117,0
37103,2004,0,0,,2020.0,0.09743343453726266,0
37103,2006,0,0,,2020.0,0.104386621318062,0
37103,2008,0,0,,2020.0,0.10914729077501562,0
37103,2010,0,0,,2020.0,0.10963876132905465,0
37103,2012,0,0,,2020.0,0.11093077662970623,0
37103,2014,0,0,,2020.0,0.10440071460894572,0
37103,2016,0,0,,2020.0,0.07710978354153633,0
37103,2018,0,0,,2020.0,0.014092243081593663,0
37103,2020,0,0,,2020.0,0.014426004151899319,0
37403,2000,1,1,2000.0,2006.0,0.12028988932972894,0
38502,2000,0,1,2002.0,2020.0,0.23246192058635465,0
38502,2002,1,1,2002.0,2020.0,0.2550988843093418,0
39004,2000,0,1,2014.0,2020.0,0.08555807064643442,0
39004,2002,0,1,2014.0,2020.0,0.0956728008777828,0
39004,2004,0,1,2014.0,2020.0,0.07786965495194755,0
39004,2006,0,1,2014.0,2020.0,0.08355595165810936,0
39004,2008,0,1,2014.0,2020.0,0.08745938596644331,0
39004,2010,0,1,2014.0,2020.0,0.08786283146521283,0
39004,2012,0,1,2014.0,2020.0,0.08892386186406415,0
39004,2014,1,1,2014.0,2020.0,0.08356749500405088,0
39502,2000,0,1,2002.0,2020.0,0.21600363472077722,0
39502,2002,1,1,2002.0,2020.0,0.23753389739889832,0
39701,2000,0,0,,2018.0,0.06573369309993528,0
39701,2002,0,0,,2018.0,0.07369364430046753,0
39701,2004,0,0,,2018.0,0.059710410765743,0
39701,2006,0,0,,2018.0,0.06416292806676314,0
39701,2008,0,0,,2018.0,0.025689947837914034,0
39701,2010,0,0,,2018.0,0.025816515361426394,0
39701,2012,0,0,,2018.0,0.026149755847552796,0
39701,2014,0,0,,2018.0,0.02447304402341913,0
39701,2016,0,0,,2018.0,0.020151073173610482,0
39701,2018,0,0,,2018.0,0.02005650733511548,0
39702,2000,1,1,2000.0,2020.0,0.11785154301588972,0
39703,2000,0,1,2002.0,2010.0,0.19940033517546799,0
39703,2002,1,1,2002.0,2010.0,0.21973950540594736,0
39704,2000,0,1,2018.0,2020.0,0.08235998509104388,0
39704,2002,0,1,2018.0,2020.0,0.0921347290661539,0
39704,2004,0,1,2018.0,2020.0,0.07493540530058976,0
39704,2006,0,1,2018.0,2020.0,0.08042612152074494,0
39704,2008,0,1,2018.0,2020.0,0.05110104305805935,0
39704,2010,0,1,2018.0,2020.0,0.05134620655648356,0
39704,2012,0,1,2018.0,2020.0,0.1536350746792179,0
39704,2014,0,1,2018.0,2020.0,0.145001166768743,0
39704,2016,0,1,2018.0,2020.0,0.14357574257538552,0
39704,2018,1,1,2018.0,2020.0,0.1434626357807406,0
39901,2000,0,1,2002.0,2018.0,0.19820548540138996,0
39901,2002,1,1,2002.0,2018.0,0.2184560348864638,0
40101,2000,1,1,2000.0,2020.0,0.1849056107889831,0
40102,2000,0,1,2004.0,2018.0,0.3087935536502454,0
40102,2002,0,1,2004.0,2018.0,0.33561343164498647,0
40102,2004,1,1,2004.0,2018.0,0.28734840570490117,0
40201,2000,0,0,,2018.0,0.07110305110400737,0
40201,2002,0,0,,2018.0,0.07965776165469536,0
40201,2004,0,0,,2018.0,0.0873310514664126,0
40201,2006,0,0,,2018.0,0.09363809234084357,0
40201,2008,0,0,,2018.0,0.030217862105146546,0
40201,2010,0,0,,2018.0,0.03036604219338414,0
40201,2012,0,0,,2018.0,0.030756154097748598,0
40201,2014,0,0,,2018.0,0.02879281448407375,0
40201,2016,0,0,,2018.0,0.028471727107476513,0
40201,2018,0,0,,2018.0,0.02833924307460972,0
40701,2000,0,1,2010.0,2020.0,0.13320740759963826,0
40701,2002,0,1,2010.0,2020.0,0.2539233583523333,0
40701,2004,0,1,2010.0,2020.0,0.2733966896779241,0
40701,2006,0,1,2010.0,2020.0,0.2888879447383267,0
40701,2008,0,1,2010.0,2020.0,0.4216479169980289,0
40701,2010,1,1,2010.0,2020.0,0.8295687733770947,1
41602,2000,0,1,2002.0,2020.0,0.17714756811369686,0
41602,2002,1,1,2002.0,2020.0,0.6362489885379816,1
41604,2000,0,1,2004.0,2020.0,0.09637261565279882,0
41604,2002,0,1,2004.0,2020.0,0.19106598767783775,0
41604,2004,1,1,2004.0,2020.0,0.20705662546755513,0
42502,2000,1,1,2000.0,2020.0,0.06359153198190083,0
42701,2000,0,1,2018.0,2018.0,0.08936947472742487,0
42701,2002,0,1,2018.0,2018.0,0.09988557349240983,0
42701,2004,0,1,2018.0,2018.0,0.08136903521878039,0
42701,2006,0,1,2018.0,2018.0,0.08728667965764986,0
42701,2008,0,1,2018.0,2018.0,0.09134702812557115,0
42701,2010,0,1,2018.0,2018.0,0.09176660368970328,0
42701,2012,0,1,2018.0,2018.0,0.042200715479847696,0
42701,2014,0,1,2018.0,2018.0,0.03953660552166336,0
42701,2016,0,1,2018.0,2018.0,0.01851439905242133,0
42701,2018,1,1,2018.0,2018.0,0.008039469484672154,0
42801,2000,0,0,,2012.0,0.08309803163588392,0
42801,2002,0,0,,2012.0,0.09295149659025649,0
42801,2004,0,0,,2012.0,0.0756124007638874,0
42801,2006,0,0,,2012.0,0.08114837077567955,0
42801,2008,0,0,,2012.0,0.08494975727430444,0
42801,2010,0,0,,2012.0,0.08534270867436455,0
42801,2012,0,0,,2012.0,0.09134724638378743,0
43702,2000,0,1,2014.0,2018.0,0.2501421014628789,0
43702,2002,0,1,2014.0,2018.0,0.2738863867472155,0
43702,2004,0,1,2014.0,2018.0,0.19051512277701318,0
43702,2006,0,1,2014.0,2018.0,0.2026197176535774,0
43702,2008,0,1,2014.0,2018.0,0.0638742582934478,0
43702,2010,0,1,2014.0,2018.0,0.06417655825179089,0
43702,2012,0,1,2014.0,2018.0,0.057897207281370794,0
43702,2014,1,1,2014.0,2018.0,0.13483689885534653,0
43801,2000,0,1,2002.0,2016.0,0.2853211376553174,0
43801,2002,1,1,2002.0,2016.0,0.31101968012399067,0
44901,2000,0,1,2012.0,2020.0,0.09592914067855354,0
44901,2002,0,1,2012.0,2020.0,0.10712631160479431,0
44901,2004,0,1,2012.0,2020.0,0.08739783289933846,0
44901,2006,0,1,2012.0,2020.0,0.09370920152183704,0
44901,2008,0,1,2012.0,2020.0,0.15651571194007813,0
44901,2010,0,1,2012.0,2020.0,0.15718284061398993,0
44901,2012,1,1,2012.0,2020.0,0.09770973464836134,0
44902,2000,0,1,2016.0,2020.0,0.07809167340328395,0
44902,2002,0,1,2016.0,2020.0,0.08740809365081242,0
44902,2004,0,1,2016.0,2020.0,0.07102209239238215,0
44902,2006,0,1,2016.0,2020.0,0.07624970461705996,0
44902,2008,0,1,2016.0,2020.0,0.07984155356979403,0
44902,2010,0,1,2016.0,2020.0,0.08021294730043979,0
44902,2012,0,1,2016.0,2020.0,0.05728602313571096,0
44902,2014,0,1,2016.0,2020.0,0.13352862852672387,0
44902,2016,1,1,2016.0,2020.0,0.6542229567749763,1
45502,2000,0,1,2008.0,2020.0,0.13426694780156698,0
45502,2002,0,1,2008.0,2020.0,0.149200531992221,0
45502,2004,0,1,2008.0,2020.0,0.16239075270469872,0
45502,2006,0,1,2008.0,2020.0,0.17309052595519236,0
45502,2008,1,1,2008.0,2020.0,0.1803535443696996,0
45801,2000,0,1,2008.0,2020.0,0.1000554913827633,0
45801,2002,0,1,2008.0,2020.0,0.11167480932249682,0
45801,2004,0,1,2008.0,2020.0,0.12202333356276973,0
45801,2006,0,1,2008.0,2020.0,0.27874361490093014,0
45801,2008,1,1,2008.0,2020.0,0.28889109774891303,0
45901,2000,0,1,2004.0,2020.0,0.0973494947279967,0
45901,2002,0,1,2004.0,2020.0,0.19279792903253967,0
45901,2004,1,1,2004.0,2020.0,0.3362326631923713,0
45902,2000,0,1,2008.0,2020.0,0.10596016412647724,0
45902,2002,0,1,2008.0,2020.0,0.2079065603653737,0
45902,2004,0,1,2008.0,2020.0,0.3576019704617418,0
45902,2006,0,1,2008.0,2020.0,0.6075243921175415,1
45902,2008,1,1,2008.0,2020.0,0.6193627717886588,1
46501,2000,1,1,2000.0,2018.0,0.5008601879325355,1
47102,2000,1,1,2000.0,2014.0,0.1277901345114663,0
47802,2000,0,0,,2016.0,0.09139552099741689,0
47802,2002,0,0,,2016.0,0.10212328840154082,0
47802,2004,0,0,,2016.0,0.08323028519578368,0
47802,2006,0,0,,2016.0,0.08927013684896291,0
47802,2008,0,0,,2016.0,0.028714558552721963,0
47802,2010,0,0,,2016.0,0.028855586199021878,0
47802,2012,0,0,,2016.0,0.029226878209848685,0
47802,2014,0,0,,2016.0,0.027358405401036415,0
47802,2016,0,0,,2016.0,0.027052868484270277,0
48502,2000,0,1,2006.0,2020.0,0.10116376548052163,0
48502,2002,0,1,2006.0,2020.0,0.199525328300529,0
48502,2004,0,1,2006.0,2020.0,0.21603486963944002,0
48502,2006,1,1,2006.0,2020.0,0.22930159164465042,0
48503,2000,0,1,2006.0,2020.0,0.1512373157977307,0
48503,2002,0,1,2006.0,2020.0,0.2829586193633166,0
48503,2004,0,1,2006.0,2020.0,0.30375209355601557,0
48503,2006,1,1,2006.0,2020.0,0.3202053672793507,0
49201,2000,0,1,2004.0,2018.0,0.12528368055159653,0
49201,2002,0,1,2004.0,2018.0,0.24081389833012531,0
49201,2004,1,1,2004.0,2018.0,0.3269193883418861,0
49202,2000,0,1,2006.0,2020.0,0.14622828524999076,0
49202,2002,0,1,2006.0,2020.0,0.162242926677302,0
49202,2004,0,1,2006.0,2020.0,0.22871833208569423,0
49202,2006,1,1,2006.0,2020.0,0.45193466007696587,0
49402,2000,0,0,,2018.0,0.16705866243950052,0
49402,2002,0,0,,2018.0,0.18486065376835345,0
49402,2004,0,0,,2018.0,0.15327402193429465,0
49402,2006,0,0,,2018.0,0.16349034976775556,0
49402,2008,0,0,,2018.0,0.1704335641927389,0
49402,2010,0,0,,2018.0,0.17114797896234682,0
49402,2012,0,0,,2018.0,0.06967469154739055,0
49402,2014,0,0,,2018.0,0.06539458221192236,0
49402,2016,0,0,,2018.0,0.06469251312744558,0
49402,2018,0,0,,2018.0,0.06440265995013424,0
50101,2000,0,1,2014.0,2018.0,0.0908602502841396,0
50101,2002,0,1,2014.0,2018.0,0.10153220981535328,0
50101,2004,0,1,2014.0,2018.0,0.08273848071645314,0
50101,2006,0,1,2014.0,2018.0,0.08874609795151732,0
50101,2008,0,1,2014.0,2018.0,0.09286742719681362,0
50101,2010,0,1,2014.0,2018.0,0.09329326925385256,0
50101,2012,0,1,2014.0,2018.0,0.11989096366376026,0
50101,2014,1,1,2014.0,2018.0,0.25676137138787036,0
50102,2000,0,1,2016.0,2020.0,0.08182315065201003,0
50102,2002,0,1,2016.0,2020.0,0.09154053722074969,0
50102,2004,0,1,2016.0,2020.0,0.07444303938255774,0
50102,2006,0,1,2016.0,2020.0,0.07990079472647138,0
50102,2008,0,1,2016.0,2020.0,0.13482936550775665,0
50102,2010,0,1,2016.0,2020.0,0.13541889905854326,0
50102,2012,0,1,2016.0,2020.0,0.14521570730472083,0
50102,2014,0,1,2016.0,2020.0,0.3011061968659489,0
50102,2016,1,1,2016.0,2020.0,0.8433924190539926,1
50302,2000,0,0,,2020.0,0.1644620385168122,0
50302,2002,0,0,,2020.0,0.18204780570535256,0
50302,2004,0,0,,2020.0,0.15085285141667934,0
50302,2006,0,0,,2020.0,0.1609384724062539,0
50302,2008,0,0,,2020.0,0.11032937737772484,0
50302,2010,0,0,,2020.0,0.11082550848721977,0
50302,2012,0,0,,2020.0,0.04862841751030706,0
50302,2014,0,0,,2020.0,0.1147510865898597,0
50302,2016,0,0,,2020.0,0.05479246650283957,0
50302,2018,0,0,,2020.0,0.007382643635276353,0
50302,2020,0,0,,2020.0,0.007558712695445348,0
50303,2000,0,1,2006.0,2018.0,0.11509099905538711,0
50303,2002,0,1,2006.0,2018.0,0.12820762562695456,0
50303,2004,0,1,2006.0,2018.0,0.10505358235491238,0
50303,2006,1,1,2006.0,2018.0,0.11248279788001699,0
50701,2000,0,1,2002.0,2018.0,0.18044956876906132,0
50701,2002,1,1,2002.0,2018.0,0.19933701871400633,0
52501,2000,0,0,,2020.0,0.09788367049345095,0
52501,2002,0,0,,2020.0,0.10928140389409534,0
52501,2004,0,0,,2020.0,0.08919568906129377,0
52501,2006,0,0,,2020.0,0.09562328471917048,0
52501,2008,0,0,,2020.0,0.10002892961935161,0
52501,2010,0,0,,2020.0,0.10048397302458766,0
52501,2012,0,0,,2020.0,0.10168042596383815,0
52501,2014,0,0,,2020.0,0.09563632120707814,0
52501,2016,0,0,,2020.0,0.04203721295090347,0
52501,2018,0,0,,2020.0,0.00786335242567583,0
52501,2020,0,0,,2020.0,0.008050792950939186,0
52901,2000,0,1,2004.0,2010.0,0.07968502783927511,0
52901,2002,0,1,2004.0,2010.0,0.08917315030588782,0
52901,2004,1,1,2004.0,2010.0,0.07248254252536929,0
52902,2000,0,0,,2004.0,0.20258563190383388,0
52902,2002,0,0,,2004.0,0.22315914357499564,0
52902,2004,0,0,,2004.0,0.1865259890407368,0
52903,2000,0,0,,2012.0,0.18963535973894335,0
52903,2002,0,0,,2012.0,0.20923880469556683,0
52903,2004,0,0,,2012.0,0.17437782995601891,0
52903,2006,0,0,,2012.0,0.18569232325276264,0
52903,2008,0,0,,2012.0,0.19336047556123703,0
52903,2010,0,0,,2012.0,0.19414850242039605,0
52903,2012,0,0,,2012.0,0.17756502281417336,0
53301,2000,0,1,2008.0,2020.0,0.095404503238048,0
53301,2002,0,1,2008.0,2020.0,0.18934595515277147,0
53301,2004,0,1,2008.0,2020.0,0.20522916169200203,0
53301,2006,0,1,2008.0,2020.0,0.09767751012686157,0
53301,2008,1,1,2008.0,2020.0,0.1021671072915565,0
53602,2000,0,1,2006.0,2020.0,0.2764154548356298,0
53602,2002,0,1,2006.0,2020.0,0.30165043215529797,0
53602,2004,0,1,2006.0,2020.0,0.3231983633317299,0
53602,2006,1,1,2006.0,2020.0,0.34019031066799177,0
54801,2000,0,0,,2020.0,0.11385129789643353,0
54801,2002,0,0,,2020.0,0.1268468914176673,0
54801,2004,0,0,,2020.0,0.10390930349026185,0
54801,2006,0,0,,2020.0,0.11126765838533696,0
54801,2008,0,0,,2020.0,0.05784249946013877,0
54801,2010,0,0,,2020.0,0.05811802498248,0
54801,2012,0,0,,2020.0,0.05884302976276036,0
54801,2014,0,0,,2020.0,0.02709736439316498,0
54801,2016,0,0,,2020.0,0.026794662454249406,0
54801,2018,0,0,,2020.0,0.007702907073713359,0
54801,2020,0,0,,2020.0,0.007886553428281895,0
55002,2000,0,0,,2020.0,0.11619078555194402,0
55002,2002,0,0,,2020.0,0.12941442152068364,0
55002,2004,0,0,,2020.0,0.1060689501551655,0
55002,2006,0,0,,2020.0,0.11356085936911642,0
55002,2008,0,0,,2020.0,0.06513813283146529,0
55002,2010,0,0,,2020.0,0.06544599619172495,0
55002,2012,0,0,,2020.0,0.07015801960110765,0
55002,2014,0,0,,2020.0,0.06585032104652527,0
55002,2016,0,0,,2020.0,0.06514370023419558,0
55002,2018,0,0,,2020.0,0.0473978670951465,0
55002,2020,0,0,,2020.0,0.04848164996995107,0
55702,2000,0,1,2006.0,2020.0,0.1926456297777725,0
55702,2002,0,1,2006.0,2020.0,0.3457408997698052,0
55702,2004,0,1,2006.0,2020.0,0.4472612058199385,0
55702,2006,1,1,2006.0,2020.0,0.4662819892456845,0
55803,2000,0,1,2010.0,2020.0,0.09128265807948947,0
55803,2002,0,1,2010.0,2020.0,0.18198197023548898,0
55803,2004,0,1,2010.0,2020.0,0.3205656140095232,0
55803,2006,0,1,2010.0,2020.0,0.33748816713997104,0
55803,2008,0,1,2010.0,2020.0,0.3487401773986753,0
55803,2010,1,1,2010.0,2020.0,0.34988677039699184,0
56301,2000,0,0,,2012.0,0.06720893747666443,0
56301,2002,0,0,,2012.0,0.07533312720099039,0
56301,2004,0,0,,2012.0,0.08262723314939921,0
56301,2006,0,0,,2012.0,0.08862755320896394,0
56301,2008,0,0,,2012.0,0.04551630076684819,0
56301,2010,0,0,,2012.0,0.045735962200285064,0
56301,2012,0,0,,2012.0,0.04631409970270394,0
56303,2000,0,1,2006.0,2020.0,0.10576882545072198,0
56303,2002,0,1,2006.0,2020.0,0.11796465646010566,0
56303,2004,0,1,2006.0,2020.0,0.1288115220326018,0
56303,2006,1,1,2006.0,2020.0,0.05836605574235988,0
56701,2000,0,1,2006.0,2020.0,0.1000554913827633,0
56701,2002,0,1,2006.0,2020.0,0.11167480932249682,0
56701,2004,0,1,2006.0,2020.0,0.16142333410473653,0
56701,2006,1,1,2006.0,2020.0,0.1720724598200087,0
56801,2000,0,1,2004.0,2014.0,0.2562028411114003,0
56801,2002,0,1,2004.0,2014.0,0.4327346705409477,0
56801,2004,1,1,2004.0,2014.0,0.4575118668773708,0
58201,2000,0,1,2002.0,2020.0,0.16714471296013197,0
58201,2002,1,1,2002.0,2020.0,0.3076980169329838,0
58503,2000,0,1,2006.0,2020.0,0.14604630355365347,0
58503,2002,0,1,2006.0,2020.0,0.1620447974378053,0
58503,2004,0,1,2006.0,2020.0,0.17613545093965766,0
58503,2006,1,1,2006.0,2020.0,0.18753808273280506,0
58804,2000,0,1,2008.0,2020.0,0.10124932019503727,0
58804,2002,0,1,2008.0,2020.0,0.19967558845344985,0
58804,2004,0,1,2008.0,2020.0,0.21619420495826744,0
58804,2006,0,1,2008.0,2020.0,0.43406653230514863,0
58804,2008,1,1,2008.0,2020.0,0.44636904852438614,0
60401,2000,0,0,,2006.0,0.1425263305095471,0
60401,2002,0,0,,2006.0,0.1582106705289631,0
60401,2004,0,0,,2006.0,0.2849988094190492,0
60401,2006,0,0,,2006.0,0.30087524614258193,0
60402,2000,0,1,2006.0,2012.0,0.20228214278058632,0
60402,2002,0,1,2006.0,2012.0,0.22283344642034678,0
60402,2004,0,1,2006.0,2012.0,0.3781455250041681,0
60402,2006,1,1,2006.0,2012.0,0.39633459787143327,0
60403,2000,0,1,2006.0,2020.0,0.1797726491982468,0
60403,2002,0,1,2006.0,2020.0,0.19860641681903524,0
60403,2004,0,1,2006.0,2020.0,0.3445181009487379,0
60403,2006,1,1,2006.0,2020.0,0.5937480218766058,1
61803,2000,0,1,2006.0,2020.0,0.0973494947279967,0
61803,2002,0,1,2006.0,2020.0,0.10869252210957252,0
61803,2004,0,1,2006.0,2020.0,0.11880164720107708,0
61803,2006,1,1,2006.0,2020.0,0.12706506381229957,0
61901,2000,0,0,,2016.0,0.05630314450499526,0
61901,2002,0,0,,2016.0,0.06319836280385652,0
61901,2004,0,0,,2016.0,0.05109673707697589,0
61901,2006,0,0,,2016.0,0.05494447783506156,0
61901,2008,0,0,,2016.0,0.032381976506085076,0
61901,2010,0,0,,2016.0,0.03254041273013318,0
61901,2012,0,0,,2016.0,0.03295750925722776,0
61901,2014,0,0,,2016.0,0.030858118605923673,0
61901,2016,0,0,,2016.0,0.03051472331840116,0
61902,2000,0,0,,2008.0,0.0945367182833452,0
61902,2002,0,0,,2008.0,0.10559034337137346,0
61902,2004,0,0,,2008.0,0.08611744767995128,0
61902,2006,0,0,,2008.0,0.09234571043322626,0
61902,2008,0,0,,2008.0,0.07738488577600598,0
64201,2000,0,0,,2016.0,0.1079369807553847,0
64201,2002,0,0,,2016.0,0.12034916781620938,0
64201,2004,0,0,,2016.0,0.0984540695677863,0
64201,2006,0,0,,2016.0,0.10547158096265477,0
64201,2008,0,0,,2016.0,0.08859180704625988,0
64201,2010,0,0,,2016.0,0.08899996686691856,0
64201,2012,0,0,,2016.0,0.04086119184992994,0
64201,2014,0,0,,2016.0,0.09750478254323111,0
64201,2016,0,0,,2016.0,0.044852180473807485,0
64202,2000,0,1,2006.0,2018.0,0.1054599893657127,0
64202,2002,0,1,2006.0,2018.0,0.11762489372738352,0
64202,2004,0,1,2006.0,2018.0,0.09617123578021547,0
64202,2006,1,1,2006.0,2018.0,0.10304463140202368,0
66801,2000,0,0,,2020.0,0.1325617408334607,0
66801,2002,0,0,,2020.0,0.14733794434876807,0
66801,2004,0,0,,2020.0,0.16039454395006614,0
66801,2006,0,0,,2020.0,0.17098963909459566,0
66801,2008,0,0,,2020.0,0.09185265852878155,0
66801,2010,0,0,,2020.0,0.09227432070890886,0
66801,2012,0,0,,2020.0,0.09871391828226077,0
66801,2014,0,0,,2020.0,0.046521257972157795,0
66801,2016,0,0,,2020.0,0.04601183549226667,0
66801,2018,0,0,,2020.0,0.011369477750450609,0
66801,2020,0,0,,2020.0,0.01163951408714126,0
67701,2000,0,1,2002.0,2018.0,0.2138313795009968,0
67701,2002,1,1,2002.0,2018.0,0.23521008088034726,0
67702,2000,1,1,2000.0,2018.0,0.22705177875987867,0
68901,2000,0,0,,2020.0,0.44064134864200816,0
68901,2002,0,0,,2020.0,0.47110768502649747,0
68901,2004,0,0,,2020.0,0.4155444356098835,0
68901,2006,0,0,,2020.0,0.4342761393054575,0
68901,2008,0,0,,2020.0,0.44657990841608397,0
68901,2010,0,0,,2020.0,0.4478269836582303,0
68901,2012,0,0,,2020.0,0.4663322946324558,0
68901,2014,0,0,,2020.0,0.3548372657866926,0
68901,2016,0,0,,2020.0,0.5118794294139342,1
68901,2018,0,0,,2020.0,0.30362715071204577,0
68901,2020,0,0,,2020.0,0.3086713412396621,0
68902,2000,0,1,2008.0,2020.0,0.25286945154960866,0
68902,2002,0,1,2008.0,2020.0,0.2767770681929884,0
68902,2004,0,1,2008.0,2020.0,0.23399334279776338,0
68902,2006,0,1,2008.0,2020.0,0.24801400625806985,0
68902,2008,1,1,2008.0,2020.0,0.2574420983077776,0
68903,2000,0,0,,2020.0,0.08382678728799034,0
68903,2002,0,0,,2020.0,0.09375782927452897,0
68903,2004,0,0,,2020.0,0.07628097021430631,0
68903,2006,0,0,,2020.0,0.08186155476958955,0
68903,2008,0,0,,2020.0,0.08569323452704186,0
68903,2010,0,0,,2020.0,0.08608930146839106,0
68903,2012,0,0,,2020.0,0.22056109960757597,0
68903,2014,0,0,,2020.0,0.20909529352490847,0
68903,2016,0,0,,2020.0,0.2071924823813139,0
68903,2018,0,0,,2020.0,0.20640505964909678,0
68903,2020,0,0,,2020.0,0.2103219078989775,0
69201,2000,0,0,,2018.0,0.08265932223547495,0
69201,2002,0,0,,2018.0,0.0924660126849711,0
69201,2004,0,0,,2018.0,0.0752099694945,0
69201,2006,0,0,,2018.0,0.08071904830710636,0
69201,2008,0,0,,2018.0,0.03266529978862635,0
69201,2010,0,0,,2018.0,0.032825075210925,0
69201,2012,0,0,,2018.0,0.031327475197060535,0
69201,2014,0,0,,2018.0,0.02932876850146521,0
69201,2016,0,0,,2018.0,0.018583356742862517,0
69201,2018,0,0,,2018.0,0.018496009078172948,0
69601,2000,0,1,2006.0,2014.0,0.11304499609104171,0
69601,2002,0,1,2006.0,2014.0,0.12596163643069447,0
69601,2004,0,1,2006.0,2014.0,0.10316521440040866,0
69601,2006,1,1,2006.0,2014.0,0.11047737289846801,0
69802,2000,0,0,,2010.0,0.053494743391918065,0
69802,2002,0,0,,2010.0,0.060067920126876125,0
69802,2004,0,0,,2010.0,0.04853467534959522,0
69802,2006,0,0,,2010.0,0.052200098343160625,0
69802,2008,0,0,,2010.0,0.014573185943947338,0
69802,2010,0,0,,2010.0,0.014645807436823758,0
70402,2000,0,1,2002.0,2014.0,0.1571339903189143,0
70402,2002,1,1,2002.0,2014.0,0.17409944968342914,0
72001,2000,0,0,,2018.0,0.09911030608101082,0
72001,2002,0,0,,2018.0,0.11063335441913463,0
72001,2004,0,0,,2018.0,0.0903243516482736,0
72001,2006,0,0,,2018.0,0.09682463439861065,0
72001,2008,0,0,,2018.0,0.0648194160938331,0
72001,2010,0,0,,2018.0,0.06512587803649363,0
72001,2012,0,0,,2018.0,0.028249715155215856,0
72001,2014,0,0,,2018.0,0.06866225217038989,0
72001,2016,0,0,,2018.0,0.03557782124612876,0
72001,2018,0,0,,2018.0,0.015602350818703042,0
72101,2000,0,1,2002.0,2020.0,0.18142043038535338,0
72101,2002,1,1,2002.0,2020.0,0.20038465289880295,0
72102,2000,0,1,2004.0,2018.0,0.13793642151197796,0
72102,2002,0,1,2004.0,2018.0,0.1532059104428636,0
72102,2004,1,1,2004.0,2018.0,0.12619071430841575,0
72402,2000,0,1,2002.0,2018.0,0.4622515827302228,0
72402,2002,1,1,2002.0,2018.0,0.49289545466176804,0
73301,2000,0,1,2002.0,2018.0,0.2689106227800417,0
73301,2002,1,1,2002.0,2018.0,0.29373859004578473,0
73302,2000,0,1,2002.0,2018.0,0.34451563313396155,0
73302,2002,1,1,2002.0,2018.0,0.37276488968777793,0
73304,2000,0,1,2006.0,2020.0,0.1386912766195825,0
73304,2002,0,1,2006.0,2020.0,0.15402939714231484,0
73304,2004,0,1,2006.0,2020.0,0.16756244164549805,0
73304,2006,1,1,2006.0,2020.0,0.07781754403426278,0
73903,2000,0,1,2002.0,2020.0,0.17234842259648084,0
73903,2002,1,1,2002.0,2020.0,0.19058512137380965,0
74601,2000,1,1,2000.0,2020.0,0.4013644264515439,0
74602,2000,0,1,2004.0,2020.0,0.28490556789593624,0
74602,2002,0,1,2004.0,2020.0,0.6230284031348277,1
74602,2004,1,1,2004.0,2020.0,0.5688177456893511,1
75501,2000,0,0,,2020.0,0.07836033356166716,0
75501,2002,0,0,,2020.0,0.08770575603930414,0
75501,2004,0,0,,2020.0,0.09607336750810605,0
75501,2006,0,0,,2020.0,0.10294056509808774,0
75501,2008,0,0,,2020.0,0.0298923946866372,0
75501,2010,0,0,,2020.0,0.030039028208360827,0
75501,2012,0,0,,2020.0,0.03042507079392667,0
75501,2014,0,0,,2020.0,0.028482245031957506,0
75501,2016,0,0,,2020.0,0.02816452058130079,0
75501,2018,0,0,,2020.0,0.0042116122183789295,0
75501,2020,0,0,,2020.0,0.004312383736213698,0
75601,2000,1,1,2000.0,2020.0,0.20346155260112847,0
75602,2000,1,1,2000.0,2018.0,0.36241557451469353,0
75603,2000,0,1,2002.0,2020.0,0.20228214278058632,0
75603,2002,1,1,2002.0,2020.0,0.22283344642034678,0
75904,2000,0,1,2008.0,2020.0,0.08928236996490715,0
75904,2002,0,1,2008.0,2020.0,0.17838433102177062,0
75904,2004,0,1,2008.0,2020.0,0.24950363696229147,0
75904,2006,0,1,2008.0,2020.0,0.2641332015527164,0
75904,2008,1,1,2008.0,2020.0,0.27395082373750357,0
76101,2000,0,1,2016.0,2016.0,0.07857051395186736,0
76101,2002,0,1,2016.0,2016.0,0.08793861126005789,0
76101,2004,0,1,2016.0,2016.0,0.09632609271949613,0
76101,2006,0,1,2016.0,2016.0,0.10320929219465724,0
76101,2008,0,1,2016.0,2016.0,0.05342078221651566,0
76101,2010,0,1,2016.0,2016.0,0.053676445398829015,0
76101,2012,0,1,2016.0,2016.0,0.054349239978092066,0
76101,2014,0,1,2016.0,2016.0,0.050959003731628955,0
76101,2016,1,1,2016.0,2016.0,0.05040355538579434,0
76102,2000,1,1,2000.0,2020.0,0.2212014970104519,0
76103,2000,0,1,2006.0,2020.0,0.14673372958523426,0
76103,2002,0,1,2006.0,2020.0,0.2758072028906628,0
76103,2004,0,1,2006.0,2020.0,0.29629230493144443,0
76103,2006,1,1,2006.0,2020.0,0.5393407383103316,1
76403,2000,0,1,2002.0,2010.0,0.3066330979055706,0
76403,2002,1,1,2002.0,2010.0,0.6472040316976934,1
76803,2000,0,1,2002.0,2018.0,0.20025989083883625,0
76803,2002,1,1,2002.0,2018.0,0.5095009192452923,1
77501,2000,0,1,2002.0,2014.0,0.1543611862270872,0
77501,2002,1,1,2002.0,2014.0,0.17108803930175473,0
78301,2000,1,1,2000.0,2014.0,0.09272622808212463,0
79001,2000,0,1,2008.0,2020.0,0.1850703325192685,0
79001,2002,0,1,2008.0,2020.0,0.20432085447041476,0
79001,2004,0,1,2008.0,2020.0,0.22111758756349784,0
79001,2006,0,1,2008.0,2020.0,0.23460303421716291,0
79001,2008,1,1,2008.0,2020.0,0.24368652428709295,0
80301,2000,0,0,,2018.0,0.06229743167383485,0
80301,2002,0,0,,2018.0,0.06987239275553529,0
80301,2004,0,0,,2018.0,0.07668161215878268,0
80301,2006,0,0,,2018.0,0.08228889590309353,0
80301,2008,0,0,,2018.0,0.026332055552248126,0
80301,2010,0,0,,2018.0,0.026461700650605224,0
80301,2012,0,0,,2018.0,0.025246842626201842,0
80301,2014,0,0,,2018.0,0.023626620655355358,0
80301,2016,0,0,,2018.0,0.03825972473196264,0
80301,2018,0,0,,2018.0,0.03808348075324827,0
80401,2000,0,1,2002.0,2020.0,0.5202179255166289,1
80401,2002,1,1,2002.0,2020.0,0.818110031991285,1
80402,2000,0,1,2002.0,2012.0,0.22618777357261127,0
80402,2002,1,1,2002.0,2012.0,0.24841150488733688,0
81101,2000,0,1,2008.0,2020.0,0.095404503238048,0
81101,2002,0,1,2008.0,2020.0,0.18934595515277147,0
81101,2004,0,1,2008.0,2020.0,0.20522916169200203,0
81101,2006,0,1,2008.0,2020.0,0.417943534415861,0
81101,2008,1,1,2008.0,2020.0,0.43013640068107223,0
81601,2000,0,0,,2018.0,0.1216084469195411,0
81601,2002,0,0,,2018.0,0.13535423640719463,0
81601,2004,0,0,,2018.0,0.14753262555891253,0
81601,2006,0,0,,2018.0,0.15743742188120846,0
81601,2008,0,0,,2018.0,0.10137386991300609,0
81601,2010,0,0,,2018.0,0.10183433930783975,0
81601,2012,0,0,,2018.0,0.1030450290170944,0
81601,2014,0,0,,2018.0,0.09692856159258595,0
81601,2016,0,0,,2018.0,0.09592269356259485,0
81601,2018,0,0,,2018.0,0.04385774415424646,0
81602,2000,0,0,,2020.0,0.09672525509191529,0
81602,2002,0,0,,2020.0,0.10800424991851798,0
81602,2004,0,0,,2020.0,0.11805784007065223,0
81602,2006,0,0,,2020.0,0.12627693404450313,0
81602,2008,0,0,,2020.0,0.1296490414730592,0
81602,2010,0,0,,2020.0,0.13021933357572008,0
81602,2012,0,0,,2020.0,0.13171799741136384,0
81602,2014,0,0,,2020.0,0.12413512508984952,0
81602,2016,0,0,,2020.0,0.12288534176965679,0
81602,2018,0,0,,2020.0,0.022387426368276803,0
81602,2020,0,0,,2020.0,0.020871057586449707,0
82001,2000,0,1,2012.0,2020.0,0.09824123794997713,0
82001,2002,0,1,2012.0,2020.0,0.10967554518620314,0
82001,2004,0,1,2012.0,2020.0,0.0895246690005707,0
82001,2006,0,1,2012.0,2020.0,0.09597347347711743,0
82001,2008,0,1,2012.0,2020.0,0.16002959336871417,0
82001,2010,0,1,2012.0,2020.0,0.16070884586777062,0
82001,2012,1,1,2012.0,2020.0,0.10005999820486172,0
82802,2000,0,1,2006.0,2020.0,0.10956978794348343,0
82802,2002,0,1,2006.0,2020.0,0.21415718350212165,0
82802,2004,0,1,2006.0,2020.0,0.2315272447282534,0
82802,2006,1,1,2006.0,2020.0,0.24544748986620432,0
83001,2000,0,0,,2020.0,0.07103390658893818,0
83001,2002,0,0,,2020.0,0.0795810107852447,0
83001,2004,0,0,,2020.0,0.06455851726240655,0
83001,2006,0,0,,2020.0,0.06934588908104744,0
83001,2008,0,0,,2020.0,0.027857644730974303,0
83001,2010,0,0,,2020.0,0.02799458506323278,0
83001,2012,0,0,,2020.0,0.028355121830434895,0
83001,2014,0,0,,2020.0,0.020695367958776325,0
83001,2016,0,0,,2020.0,0.01507947545107186,0
83001,2018,0,0,,2020.0,0.015008345280538458,0
83001,2020,0,0,,2020.0,0.015363465234751713,0
83101,2000,1,1,2000.0,2018.0,0.398442635082652,0
83102,2000,0,1,2002.0,2020.0,0.3501819645841752,0
83102,2002,1,1,2002.0,2020.0,0.37862746364455435,0
83103,2000,0,1,2008.0,2020.0,0.3173651989453593,0
83103,2002,0,1,2008.0,2020.0,0.3445584420124493,0
83103,2004,0,1,2008.0,2020.0,0.2955793265596654,0
83103,2006,0,1,2008.0,2020.0,0.31178815078839434,0
83103,2008,1,1,2008.0,2020.0,0.32260054157478696,0
83401,2000,0,0,,2020.0,0.2046889170664272,0
83401,2002,0,0,,2020.0,0.22541564644036216,0
83401,2004,0,0,,2020.0,0.24341601630114304,0
83401,2006,0,0,,2020.0,0.2578112535598891,0
83401,2008,0,0,,2020.0,0.08531664168725943,0
83401,2010,0,0,,2020.0,0.08571113121775559,0
83401,2012,0,0,,2020.0,0.08200525811107688,0
83401,2014,0,0,,2020.0,0.03827177263998258,0
83401,2016,0,0,,2020.0,0.0378490987332161,0
83401,2018,0,0,,2020.0,0.03767467221044347,0
83401,2020,0,0,,2020.0,0.03854512396715799,0
83601,2000,0,1,2006.0,2016.0,0.0729274693349578,0
83601,2002,0,1,2006.0,2016.0,0.08168238140278908,0
83601,2004,0,1,2006.0,2016.0,0.08953172671563446,0
83601,2006,1,1,2006.0,2016.0,0.09598098599222381,0
83602,2000,1,1,2000.0,2018.0,0.37006415477472093,0
84102,2000,0,1,2002.0,2020.0,0.5462242174790823,1
84102,2002,1,1,2002.0,2020.0,0.5764672721866773,1
85404,2000,0,1,2012.0,2020.0,0.08555807064643442,0
85404,2002,0,1,2012.0,2020.0,0.0956728008777828,0
85404,2004,0,1,2012.0,2020.0,0.1832541290063282,0
85404,2006,0,1,2012.0,2020.0,0.1950085261731898,0
85404,2008,0,1,2012.0,2020.0,0.2029655013316544,0
85404,2010,0,1,2012.0,2020.0,0.20378278361990576,0
85404,2012,1,1,2012.0,2020.0,0.43764805151743696,0
85501,2000,0,0,,2020.0,0.13708798153266544,0
85501,2002,0,0,,2020.0,0.1522801395329772,0
85501,2004,0,0,,2020.0,0.12540401180601113,0
85501,2006,0,0,,2020.0,0.13405680148030838,0
85501,2008,0,0,,2020.0,0.07055815960140319,0
85501,2010,0,0,,2020.0,0.07088969722310506,0
85501,2012,0,0,,2020.0,0.06777714971257436,0
85501,2014,0,0,,2020.0,0.06360563666648847,0
85501,2016,0,0,,2020.0,0.06292148048400982,0
85501,2018,0,0,,2020.0,0.016800210002823883,0
85501,2020,0,0,,2020.0,0.01719698793216674,0
85502,2000,0,1,2002.0,2020.0,0.18943122268829757,0
85502,2002,1,1,2002.0,2020.0,0.34105109957356683,0
85601,2000,0,0,,2020.0,0.08643373698593092,0
85601,2002,0,0,,2020.0,0.09664104854828326,0
85601,2004,0,0,,2020.0,0.07867340216374065,0
85601,2006,0,0,,2020.0,0.08441301835299136,0
85601,2008,0,0,,2020.0,0.011800476003119764,0
85601,2010,0,0,,2020.0,0.01185944673890532,0
85601,2012,0,0,,2020.0,0.012766013379123354,0
85601,2014,0,0,,2020.0,0.005727503090998697,0
85601,2016,0,0,,2020.0,0.005662132414349009,0
85601,2018,0,0,,2020.0,0.005635169871944094,0
85601,2020,0,0,,2020.0,0.005769805586031459,0
85603,2000,1,1,2000.0,2010.0,0.2242776472168393,0
86202,2000,0,0,,2014.0,0.105152320572574,0
86202,2002,0,0,,2014.0,0.11728638826886269,0
86202,2004,0,0,,2014.0,0.09588776117867857,0
86202,2006,0,0,,2014.0,0.10274319983094601,0
86202,2008,0,0,,2014.0,0.05316620447852484,0
86202,2010,0,0,,2014.0,0.053420718052404816,0
86202,2012,0,0,,2014.0,0.048139634862337174,0
86202,2014,0,0,,2014.0,0.04511826500414998,0
87604,2000,0,1,2014.0,2020.0,0.08748293445136174,0
87604,2002,0,1,2014.0,2020.0,0.09780088559655051,0
87604,2004,0,1,2014.0,2020.0,0.1423593639295373,0
87604,2006,0,1,2014.0,2020.0,0.15197876599387047,0
87604,2008,0,1,2014.0,2020.0,0.15852574621603935,0
87604,2010,0,1,2014.0,2020.0,0.15919982537016833,0
87604,2012,0,1,2014.0,2020.0,0.16097029256843473,0
87604,2014,1,1,2014.0,2020.0,0.15199819423689612,0
88002,2000,0,1,2002.0,2018.0,0.2134635735711216,0
88002,2002,1,1,2002.0,2018.0,0.23481648550728548,0
88601,2000,0,1,2012.0,2020.0,0.09592914067855354,0
88601,2002,0,1,2012.0,2020.0,0.10712631160479431,0
88601,2004,0,1,2012.0,2020.0,0.08739783289933846,0
88601,2006,0,1,2012.0,2020.0,0.09370920152183704,0
88601,2008,0,1,2012.0,2020.0,0.15651571194007813,0
88601,2010,0,1,2012.0,2020.0,0.15718284061398993,0
88601,2012,1,1,2012.0,2020.0,0.15285695552785503,0
88701,2000,0,1,2002.0,2020.0,0.16579776703812316,0
88701,2002,1,1,2002.0,2020.0,0.6175606187493966,1
88702,2000,0,1,2004.0,2020.0,0.10358757245655731,0
88702,2002,0,1,2004.0,2020.0,0.4842379531617851,0
88702,2004,1,1,2004.0,2020.0,0.4283804030284205,0
89501,2000,0,0,,2002.0,0.09637261565279882,0
89501,2002,0,0,,2002.0,0.19106598767783775,0
89801,2000,0,1,2004.0,2018.0,0.1277368190961393,0
89801,2002,0,1,2004.0,2018.0,0.2448958554115983,0
89801,2004,1,1,2004.0,2018.0,0.3318229569926014,0
90602,2000,0,1,2010.0,2018.0,0.09707904625693549,0
90602,2002,0,1,2010.0,2018.0,0.10839434549639272,0
90602,2004,0,1,2010.0,2018.0,0.11847942458970925,0
90602,2006,0,1,2010.0,2018.0,0.1267236516768222,0
90602,2008,0,1,2010.0,2018.0,0.13235248371197747,0
90602,2010,1,1,2010.0,2018.0,0.1329328512663936,0
90603,2000,0,1,2010.0,2020.0,0.08235998509104388,0
90603,2002,0,1,2010.0,2020.0,0.0921347290661539,0
90603,2004,0,1,2010.0,2020.0,0.10087816506226834,0
90603,2006,0,1,2010.0,2020.0,0.10804775125777749,0
90603,2008,0,1,2010.0,2020.0,0.1785708329813729,0
90603,2010,1,1,2010.0,2020.0,0.5920692021811835,1
92802,2000,1,1,2000.0,2018.0,0.16471414823084826,0
93202,2000,0,0,,2018.0,0.09549234252008015,0
93202,2002,0,0,,2018.0,0.10664454305720797,0
93202,2004,0,0,,2018.0,0.08699614266536101,0
93202,2006,0,0,,2018.0,0.0932814685531864,0
93202,2008,0,0,,2018.0,0.03218539884015972,0
93202,2010,0,0,,2018.0,0.03234290541150639,0
93202,2012,0,0,,2018.0,0.012947498004027851,0
93202,2014,0,0,,2018.0,0.012106785766214356,0
93202,2016,0,0,,2018.0,0.00994644497651438,0
93202,2018,0,0,,2018.0,0.009899284050565824,0
93901,2000,0,0,,2000.0,0.08005160273941916,0
94001,2000,0,0,,2020.0,0.20686442108280362,0
94001,2002,0,0,,2020.0,0.22774835792318707,0
94001,2004,0,0,,2020.0,0.1905466365465564,0
94001,2006,0,0,,2020.0,0.20265273242417334,0
94001,2008,0,0,,2020.0,0.21083992212486619,0
94001,2010,0,0,,2020.0,0.21168049122080124,0
94001,2012,0,0,,2020.0,0.21388612931384576,0
94001,2014,0,0,,2020.0,0.10810273964551076,0
94001,2016,0,0,,2020.0,0.09482442163256131,0
94001,2018,0,0,,2020.0,0.02436983145179295,0
94001,2020,0,0,,2020.0,0.024940849460527496,0
95001,2000,0,1,2008.0,2020.0,0.08805334113562484,0
95001,2002,0,1,2008.0,2020.0,0.17616601543271954,0
95001,2004,0,1,2008.0,2020.0,0.19120439838488337,0
95001,2006,0,1,2008.0,2020.0,0.2033417861847609,0
95001,2008,1,1,2008.0,2020.0,0.21154942788395376,0
95301,2000,1,1,2000.0,2020.0,0.07566542435966492,0
95302,2000,1,1,2000.0,2014.0,0.2213330071674731,0
96201,2000,1,1,2000.0,2020.0,0.09675677707338992,0
97101,2000,0,1,2008.0,2020.0,0.09770532219200652,0
97101,2002,0,1,2008.0,2020.0,0.10908479961329483,0
97101,2004,0,1,2008.0,2020.0,0.1578846016788893,0
97101,2006,0,1,2008.0,2020.0,0.3426860170986733,0
97101,2008,1,1,2008.0,2020.0,0.354018722452517,0
97402,2000,0,1,2002.0,2014.0,0.14622828524999076,0
97402,2002,1,1,2002.0,2014.0,0.162242926677302,0
97501,2000,0,0,,2002.0,0.12472754180435502,0
97501,2002,0,0,,2002.0,0.13877019412419292,0
97902,2000,0,1,2002.0,2018.0,0.35677089471426043,0
97902,2002,1,1,2002.0,2018.0,0.38543415366986267,0
98601,2000,0,0,,2018.0,0.10136909243291643,0
98601,2002,0,0,,2018.0,0.1131217822785863,0
98601,2004,0,0,,2018.0,0.09240343873282575,0
98601,2006,0,0,,2018.0,0.09903705544463173,0
98601,2008,0,0,,2018.0,0.10358196856480043,0
98601,2010,0,0,,2018.0,0.10405130643520741,0
98601,2012,0,0,,2018.0,0.10528526361047912,0
98601,2014,0,0,,2018.0,0.09905050636499498,0
98601,2016,0,0,,2018.0,0.09802500825204447,0
98601,2018,0,0,,2018.0,0.09760139419070799,0
100503,2000,0,1,2002.0,2020.0,0.16101585156371317,0
100503,2002,1,1,2002.0,2020.0,0.17831176217097772,0
100504,2000,0,1,2004.0,2004.0,0.18562764889020225,0
100504,2002,0,1,2004.0,2004.0,0.20492156417144716,0
100504,2004,1,1,2004.0,2004.0,0.17062467566297587,0
100901,2000,0,0,,2008.0,0.0475770243009481,0
100901,2002,0,0,,2008.0,0.05346413333424931,0
100901,2004,0,0,,2008.0,0.04314064220088958,0
100901,2006,0,0,,2008.0,0.04641857240021973,0
100901,2008,0,0,,2008.0,0.023313881696301966,0
101503,2000,0,1,2006.0,2020.0,0.1045279049848673,0
101503,2002,0,1,2006.0,2020.0,0.2054129038896515,0
101503,2004,0,1,2006.0,2020.0,0.22227433303416183,0
101503,2006,1,1,2006.0,2020.0,0.10699256724521025,0
101801,2000,0,0,,2006.0,0.09987362402700518,0
101801,2002,0,0,,2006.0,0.11147443803830184,0
101801,2004,0,0,,2006.0,0.16114989475536928,0
101801,2006,0,0,,2006.0,0.17178467693381902,0
101901,2000,0,1,2014.0,2020.0,0.08555807064643442,0
101901,2002,0,1,2014.0,2020.0,0.0956728008777828,0
101901,2004,0,1,2014.0,2020.0,0.07786965495194755,0
101901,2006,0,1,2014.0,2020.0,0.08355595165810936,0
101901,2008,0,1,2014.0,2020.0,0.08745938596644331,0
101901,2010,0,1,2014.0,2020.0,0.08786283146521283,0
101901,2012,0,1,2014.0,2020.0,0.1299532062621948,0
101901,2014,1,1,2014.0,2020.0,0.27472516341516207,0
101902,2000,0,1,2016.0,2020.0,0.08398216007854375,0
101902,2002,0,1,2016.0,2020.0,0.09392972205646537,0
101902,2004,0,1,2016.0,2020.0,0.07642352351689505,0
101902,2006,0,1,2016.0,2020.0,0.08201361107810692,0
101902,2008,0,1,2016.0,2020.0,0.08585174259909635,0
101902,2010,0,1,2016.0,2020.0,0.08624847304272576,0
101902,2012,0,1,2016.0,2020.0,0.24044452840670152,0
101902,2014,0,1,2016.0,2020.0,0.4453070043354331,0
101902,2016,1,1,2016.0,2020.0,0.8978210056229156,1
101903,2000,0,1,2018.0,2020.0,0.07479584158821735,0
101903,2002,0,1,2018.0,2020.0,0.08375478720287449,0
101903,2004,0,1,2018.0,2020.0,0.06800262120200541,0
101903,2006,0,1,2018.0,2020.0,0.07302545460153546,0
101903,2008,0,1,2018.0,2020.0,0.0764779952428639,0
101903,2010,0,1,2018.0,2020.0,0.07683504940494215,0
101903,2012,0,1,2018.0,2020.0,0.0470720322397865,0
101903,2014,0,1,2018.0,2020.0,0.11132604253604098,0
101903,2016,0,1,2018.0,2020.0,0.6368863062093476,1
101903,2018,1,1,2018.0,2020.0,0.4297364593715493,0
103001,2000,0,1,2002.0,2020.0,0.06195174218820658,0
103001,2002,1,1,2002.0,2020.0,0.06948778455379148,0
103002,2000,0,0,,2020.0,0.12809630647249343,0
103002,2002,0,0,,2020.0,0.14245650659001988,0
103002,2004,0,0,,2020.0,0.11707471981867537,0
103002,2006,0,0,,2020.0,0.12523508873597425,0
103002,2008,0,0,,2020.0,0.13080770551010357,0
103002,2010,0,0,,2020.0,0.13138232491438565,0
103002,2012,0,0,,2020.0,0.12597385409191625,0
103002,2014,0,0,,2020.0,0.11867646846771553,0
103002,2016,0,0,,2020.0,0.11209969429943592,0
103002,2018,0,0,,2020.0,0.034320295742000115,0
103002,2020,0,0,,2020.0,0.03511607462463267,0
103302,2000,0,1,2002.0,2006.0,0.2040619635065844,0
103302,2002,1,1,2002.0,2006.0,0.3621600512341566,0
103502,2000,0,1,2004.0,2018.0,0.12466139710203314,0
103502,2002,0,1,2004.0,2018.0,0.13869778248432355,0
103502,2004,1,1,2004.0,2018.0,0.11389674792947478,0
103601,2000,0,0,,2020.0,0.09479142584117252,0
103601,2002,0,0,,2020.0,0.10587135019348595,0
103601,2004,0,0,,2020.0,0.08635163473319235,0
103601,2006,0,0,,2020.0,0.09259511849572229,0
103601,2008,0,0,,2020.0,0.05911821818564648,0
103601,2010,0,0,,2020.0,0.059399437320362895,0
103601,2012,0,0,,2020.0,0.060139406670782804,0
103601,2014,0,0,,2020.0,0.05640953235149336,0
103601,2016,0,0,,2020.0,0.05579816673841519,0
103601,2018,0,0,,2020.0,0.01738939145098495,0
103601,2020,0,0,,2020.0,0.017799832420902023,0
103801,2000,0,1,2006.0,2020.0,0.1366230448385704,0
103801,2002,0,1,2006.0,2020.0,0.2595076250960358,0
103801,2004,0,1,2006.0,2020.0,0.34922257447420685,0
103801,2006,1,1,2006.0,2020.0,0.5987470652210561,1
105602,2000,0,0,,2014.0,0.11458727266697429,0
105602,2002,0,0,,2014.0,0.12765477242549406,0
105602,2004,0,0,,2014.0,0.1392519769753909,0
105602,2006,0,0,,2014.0,0.14869781360662718,0
105602,2008,0,0,,2014.0,0.07889601585592323,0
105602,2010,0,0,,2014.0,0.07926339016436365,0
105602,2012,0,0,,2014.0,0.0802297079685342,0
105602,2014,0,0,,2014.0,0.07535372308068525,0
105702,2000,0,0,,2018.0,0.1060844533550402,0
105702,2002,0,0,,2018.0,0.11831186318188727,0
105702,2004,0,0,,2018.0,0.09674664652173388,0
105702,2006,0,0,,2018.0,0.10365645053332848,0
105702,2008,0,0,,2018.0,0.026625452396189478,0
105702,2010,0,0,,2018.0,0.026756502329385774,0
105702,2012,0,0,,2018.0,0.02876868416772923,0
105702,2014,0,0,,2018.0,0.02692869112803689,0
105702,2016,0,0,,2018.0,0.03454844201385448,0
105702,2018,0,0,,2018.0,0.03438868281322696,0
105703,2000,0,1,2002.0,2016.0,0.07796059272455139,0
105703,2002,1,1,2002.0,2016.0,0.08726285512143137,0
106501,2000,0,1,2002.0,2018.0,0.34548614270169103,0
106501,2002,1,1,2002.0,2018.0,0.3737696007578304,0
106901,2000,0,0,,2010.0,0.17901970225565336,0
106901,2002,0,0,,2010.0,0.1977936098584103,0
106901,2004,0,0,,2010.0,0.16444295936231265,0
106901,2006,0,0,,2010.0,0.17524965945356874,0
106901,2008,0,0,,2010.0,0.09436549407905162,0
106901,2010,0,0,,2010.0,0.09479748763270936,0
106902,2000,1,1,2000.0,2018.0,0.37751427471400456,0
107003,2000,0,1,2010.0,2020.0,0.08427645137014475,0
107003,2002,0,1,2010.0,2020.0,0.09425528490038196,0
107003,2004,0,1,2010.0,2020.0,0.07669354537179587,0
107003,2006,0,1,2010.0,2020.0,0.08230162394173007,0
107003,2008,0,1,2010.0,2020.0,0.026336376848031494,0
107003,2010,1,1,2010.0,2020.0,0.02646604264384716,0
107601,2000,0,0,,2016.0,0.13557498349671507,0
107601,2002,0,0,,2016.0,0.15062873875873742,0
107601,2004,0,0,,2016.0,0.16392089498977114,0
107601,2006,0,0,,2016.0,0.17470045988348015,0
107601,2008,0,0,,2016.0,0.05378342618386822,0
107601,2010,0,0,,2016.0,0.05404072583748567,0
107601,2012,0,0,,2016.0,0.043316376138133425,0
107601,2014,0,0,,2016.0,0.04058481945947171,0
107601,2016,0,0,,2016.0,0.040137666368598564,0
108003,2000,0,1,2008.0,2020.0,0.19378999741617614,0
108003,2002,0,1,2008.0,2020.0,0.3474033697400529,0
108003,2004,0,1,2008.0,2020.0,0.4490767655581452,0
108003,2006,0,1,2008.0,2020.0,0.6938761743152118,1
108003,2008,1,1,2008.0,2020.0,0.8026726276291415,1
108201,2000,0,1,2006.0,2020.0,0.10956978794348343,0
108201,2002,0,1,2006.0,2020.0,0.21415718350212165,0
108201,2004,0,1,2006.0,2020.0,0.29442775399144433,0
108201,2006,1,1,2006.0,2020.0,0.5371141005598893,1
108202,2000,0,1,2010.0,2020.0,0.1257759241226159,0
108202,2002,0,1,2010.0,2020.0,0.24163467084436804,0
108202,2004,0,1,2010.0,2020.0,0.32790687881563363,0
108202,2006,0,1,2010.0,2020.0,0.5756736910973913,1
108202,2008,0,1,2010.0,2020.0,0.45514893042241045,0
108202,2010,1,1,2010.0,2020.0,0.4564002006513258,0
108805,2000,0,1,2014.0,2020.0,0.08336223471156279,0
108805,2002,0,1,2014.0,2020.0,0.09324384200500341,0
108805,2004,0,1,2014.0,2020.0,0.1360391763129367,0
108805,2006,0,1,2014.0,2020.0,0.14530386953115343,0
108805,2008,0,1,2014.0,2020.0,0.1516147156308413,0
108805,2010,0,1,2014.0,2020.0,0.15226472543586986,0
108805,2012,0,1,2014.0,2020.0,0.28378332341868584,0
108805,2014,1,1,2014.0,2020.0,0.5012053340743474,1
109001,2000,0,1,2006.0,2010.0,0.08375359332499395,0
109001,2002,0,1,2006.0,2010.0,0.09367685057974025,0
109001,2004,0,1,2006.0,2010.0,0.07621381684209694,0
109001,2006,1,1,2006.0,2010.0,0.08178992357416164,0
110801,2000,0,1,2010.0,2010.0,0.20485786671711723,0
110801,2002,0,1,2010.0,2010.0,0.22559685110417968,0
110801,2004,0,1,2010.0,2010.0,0.18866071268391144,0
110801,2006,0,1,2010.0,2010.0,0.2006766943793471,0
110801,2008,0,1,2010.0,2010.0,0.2088049579567297,0
110801,2010,1,1,2010.0,2010.0,0.20963956931959762,0
111001,2000,0,1,2010.0,2018.0,0.09128265807948947,0
111001,2002,0,1,2010.0,2018.0,0.10199866508114051,0
111001,2004,0,1,2010.0,2018.0,0.11156314329995635,0
111001,2006,0,1,2010.0,2018.0,0.11939129133307236,0
111001,2008,0,1,2010.0,2018.0,0.0770490995188265,0
111001,2010,1,1,2010.0,2018.0,0.07740859651709935,0
111101,2000,0,0,,2010.0,0.043890812821313754,0
111101,2002,0,0,,2010.0,0.0493454277095496,0
111101,2004,0,0,,2010.0,0.03978379853748402,0
111101,2006,0,0,,2010.0,0.042818081264167765,0
111101,2008,0,0,,2010.0,0.021465182076690268,0
111101,2010,0,0,,2010.0,0.021571396137854876,0
111102,2000,0,1,2002.0,2010.0,0.18908114266263407,0
111102,2002,1,1,2002.0,2010.0,0.20864204650931012,0
111201,2000,0,1,2002.0,2018.0,0.21085367267478577,0
111201,2002,1,1,2002.0,2018.0,0.23202252820180996,0
111601,2000,0,1,2002.0,2018.0,0.11119115203579888,0
111601,2002,1,1,2002.0,2018.0,0.12392556604587253,0
111702,2000,0,1,2008.0,2020.0,0.09427236175486313,0
111702,2002,0,1,2008.0,2020.0,0.10529867174609321,0
111702,2004,0,1,2008.0,2020.0,0.11513291980908277,0
111702,2006,0,1,2008.0,2020.0,0.05172397599084175,0
111702,2008,1,1,2008.0,2020.0,0.08915914792272557,0
111703,2000,0,1,2016.0,2020.0,0.0899420007391321,0
111703,2002,0,1,2016.0,2020.0,0.10051803219802649,0
111703,2004,0,1,2016.0,2020.0,0.10996067155580003,0
111703,2006,0,1,2016.0,2020.0,0.1176912727621189,0
111703,2008,0,1,2016.0,2020.0,0.19314571275984493,0
111703,2010,0,1,2016.0,2020.0,0.19393307479708613,0
111703,2012,0,1,2016.0,2020.0,0.23671227056769664,0
111703,2014,0,1,2016.0,2020.0,0.4402378971053252,0
111703,2016,1,1,2016.0,2020.0,0.923013146704774,1
113201,2000,0,1,2002.0,2018.0,0.3599527507192446,0
113201,2002,1,1,2002.0,2018.0,0.38871715810752927,0
114102,2000,0,0,,2010.0,0.14758417698139106,0
114102,2002,0,0,,2010.0,0.16371883780899762,0
114102,2004,0,0,,2010.0,0.13514572614785134,0
114102,2006,0,0,,2010.0,0.1443597395369401,0
114102,2008,0,0,,2010.0,0.1506368071863659,0
114102,2010,0,0,,2010.0,0.15128337206540737,0
114702,2000,0,1,2010.0,2020.0,0.0883785165923726,0
114702,2002,0,1,2010.0,2020.0,0.09879065950882258,0
114702,2004,0,1,2010.0,2020.0,0.1080905297211734,0
114702,2006,0,1,2010.0,2020.0,0.11570674600859164,0
114702,2008,0,1,2010.0,2020.0,0.19016308518596337,0
114702,2010,1,1,2010.0,2020.0,0.19094116583852982,0
115702,2000,0,1,2008.0,2020.0,0.1004201093249991,0
115702,2002,0,1,2008.0,2020.0,0.11207649665809777,0
115702,2004,0,1,2008.0,2020.0,0.1224571126432909,0
115702,2006,0,1,2008.0,2020.0,0.13093700974470615,0
115702,2008,1,1,2008.0,2020.0,0.21283506481983974,0
115802,2000,0,1,2002.0,2020.0,0.17362521587194413,0
115802,2002,1,1,2002.0,2020.0,0.3175502434889967,0
116102,2000,0,0,,2020.0,0.09238048706111085,0
116102,2002,0,0,,2020.0,0.10321073445705671,0
116102,2004,0,0,,2020.0,0.2526529381085072,0
116102,2006,0,0,,2020.0,0.2674013673331106,0
116102,2008,0,0,,2020.0,0.17362338420566756,0
116102,2010,0,0,,2020.0,0.17434835975962873,0
116102,2012,0,0,,2020.0,0.17625197954365734,0
116102,2014,0,0,,2020.0,0.1665972424806043,0
116102,2016,0,0,,2020.0,0.1650004896358783,0
116102,2018,0,0,,2020.0,0.028030030202449742,0
116102,2020,0,0,,2020.0,0.02868429009215236,0
116301,2000,0,0,,2010.0,0.06616617956112716,0
116301,2002,0,0,,2010.0,0.0741743443095895,0
116301,2004,0,0,,2010.0,0.06010581735795787,0
116301,2006,0,0,,2010.0,0.06458579431334498,0
116301,2008,0,0,,2010.0,0.025866265854095127,0
116301,2010,0,0,,2010.0,0.02599367887411227,0
116302,2000,0,1,2002.0,2012.0,0.35989250354319513,0
116302,2002,1,1,2002.0,2012.0,0.3886550199536234,0
117001,2000,0,1,2002.0,2014.0,0.12697430118685435,0
117001,2002,1,1,2002.0,2014.0,0.14122909313263754,0
117004,2000,0,1,2008.0,2018.0,0.10471726168179422,0
117004,2002,0,1,2008.0,2018.0,0.11680767895981051,0
117004,2004,0,1,2008.0,2018.0,0.16840928733705768,0
117004,2006,0,1,2008.0,2018.0,0.17942067168781467,0
117004,2008,1,1,2008.0,2018.0,0.18688927597523897,0
117701,2000,0,1,2004.0,2018.0,0.2328152249754858,0
117701,2002,0,1,2004.0,2018.0,0.40194052878245723,0
117701,2004,1,1,2004.0,2018.0,0.42627950958520916,0
117902,2000,0,1,2002.0,2018.0,0.29912606885158594,0
117902,2002,1,1,2002.0,2018.0,0.32550169945318075,0
118102,2000,0,1,2004.0,2018.0,0.21373785721568503,0
118102,2002,0,1,2004.0,2018.0,0.23511000458524417,0
118102,2004,1,1,2004.0,2018.0,0.25363102523170444,0
118703,2000,0,1,2008.0,2020.0,0.18172556938232803,0
118703,2002,0,1,2008.0,2020.0,0.32968644132443453,0
118703,2004,0,1,2008.0,2020.0,0.42958793923908023,0
118703,2006,0,1,2008.0,2020.0,0.2399585836738759,0
118703,2008,1,1,2008.0,2020.0,0.24918192522586363,0
118902,2000,0,1,2004.0,2018.0,0.09475026412727588,0
118902,2002,0,1,2004.0,2018.0,0.1058259396702832,0
118902,2004,1,1,2004.0,2018.0,0.08631378841628065,0
119502,2000,0,1,2014.0,2020.0,0.08659556560081798,0
119502,2002,0,1,2014.0,2020.0,0.09681996277441675,0
119502,2004,0,1,2014.0,2020.0,0.10595612851324682,0
119502,2006,0,1,2014.0,2020.0,0.11344108011921487,0
119502,2008,0,1,2014.0,2020.0,0.11856002412001765,0
119502,2010,0,1,2014.0,2020.0,0.11908821268854067,0
119502,2012,0,1,2014.0,2020.0,0.08999332145405803,0
119502,2014,1,1,2014.0,2020.0,0.20050783796661126,0
119901,2000,0,0,,2018.0,0.06152160250425225,0
119901,2002,0,0,,2018.0,0.06900917035754733,0
119901,2004,0,0,,2018.0,0.05586120353073186,0
119901,2006,0,0,,2018.0,0.060045020268524096,0
119901,2008,0,0,,2018.0,0.024773332196006283,0
119901,2010,0,0,,2018.0,0.024895499189120117,0
119901,2012,0,0,,2018.0,0.00805021165024743,0
119901,2014,0,0,,2018.0,0.00752506770912897,0
119901,2016,0,0,,2018.0,0.009439068853860061,0
119901,2018,0,0,,2018.0,0.009394290817457915,0
120002,2000,0,1,2006.0,2020.0,0.10088202909180657,0
120002,2002,0,1,2006.0,2020.0,0.11258532387479046,0
120002,2004,0,1,2006.0,2020.0,0.12300653907646905,0
120002,2006,1,1,2006.0,2020.0,0.13151878069171308,0
120202,2000,0,1,2004.0,2008.0,0.13910885658419045,0
120202,2002,0,1,2004.0,2008.0,0.1544848749943907,0
120202,2004,1,1,2004.0,2008.0,0.12727805315206478,0
120301,2000,0,1,2004.0,2008.0,0.24218709018198709,0
120301,2002,0,1,2004.0,2008.0,0.265443564991021,0
120301,2004,1,1,2004.0,2008.0,0.2238694584622332,0
120302,2000,0,1,2004.0,2008.0,0.1832101885251919,0
120302,2002,0,1,2004.0,2008.0,0.20231525859360813,0
120302,2004,1,1,2004.0,2008.0,0.1683622076787616,0
120901,2000,0,0,,2010.0,0.076021168799934,0
120901,2002,0,0,,2010.0,0.085113380661301,0
120901,2004,0,0,,2010.0,0.06912497462541685,0
120901,2006,0,0,,2010.0,0.0742241055719038,0
120901,2008,0,0,,2010.0,0.021074829453015077,0
120901,2010,0,0,,2010.0,0.021179153776299694,0
121002,2000,1,1,2000.0,2010.0,0.0502908438579564,0
122102,2000,0,1,2014.0,2018.0,0.12610574657364013,0
122102,2002,0,1,2014.0,2018.0,0.1402786978440586,0
122102,2004,0,1,2014.0,2018.0,0.11523279498457542,0
122102,2006,0,1,2014.0,2018.0,0.12328270418767312,0
122102,2008,0,1,2014.0,2018.0,0.06582531528914935,0
122102,2010,0,1,2014.0,2018.0,0.06613619672403244,0
122102,2012,0,1,2014.0,2018.0,0.01645409712026882,0
122102,2014,1,1,2014.0,2018.0,0.015389242923553306,0
122103,2000,0,1,2004.0,2018.0,0.2887478852900544,0
122103,2002,0,1,2004.0,2018.0,0.4734309210874654,0
122103,2004,1,1,2004.0,2018.0,0.41781012264545825,0
122301,2000,0,1,2006.0,2020.0,0.10828967341650154,0
122301,2002,0,1,2006.0,2020.0,0.2119460099674694,0
122301,2004,0,1,2006.0,2020.0,0.29169542492693934,0
122301,2006,1,1,2006.0,2020.0,0.1472244561054247,0
122401,2000,0,0,,2018.0,0.0437455381936991,0
122401,2002,0,0,,2018.0,0.04918302752600694,0
122401,2004,0,0,,2018.0,0.03965155399526514,0
122401,2006,0,0,,2018.0,0.04267619879714558,0
122401,2008,0,0,,2018.0,0.02801447707081213,0
122401,2010,0,0,,2018.0,0.028152166020991094,0
122401,2012,0,0,,2018.0,0.030266042592981886,0
122401,2014,0,0,,2018.0,0.028333074999933715,0
122401,2016,0,0,,2018.0,0.011077117800391152,0
122401,2018,0,0,,2018.0,0.011024655503211711,0
122501,2000,0,0,,2018.0,0.06925483960497274,0
122501,2002,0,0,,2018.0,0.07760576180631265,0
122501,2004,0,0,,2018.0,0.06293064209767903,0
122501,2006,0,0,,2018.0,0.06760602230947046,0
122501,2008,0,0,,2018.0,0.03433507187119103,0
122501,2010,0,0,,2018.0,0.03450272332018359,0
122501,2012,0,0,,2018.0,0.037075256169657546,0
122501,2014,0,0,,2018.0,0.03472298362138251,0
122501,2016,0,0,,2018.0,0.025135020747026043,0
122501,2018,0,0,,2018.0,0.02501766319003996,0
123001,2000,0,0,,2020.0,0.06397331469156076,0
123001,2002,0,0,,2020.0,0.07173646283082905,0
123001,2004,0,0,,2020.0,0.0581013071041216,0
123001,2006,0,0,,2020.0,0.06244180399200712,0
123001,2008,0,0,,2020.0,0.017569305663305022,0
123001,2010,0,0,,2020.0,0.017656589983144122,0
123001,2012,0,0,,2020.0,0.01788643574549147,0
123001,2014,0,0,,2020.0,0.044147335302757454,0
123001,2016,0,0,,2020.0,0.04366271762633196,0
123001,2018,0,0,,2020.0,0.04346270945769936,0
123001,2020,0,0,,2020.0,0.04446071203368897,0
123102,2000,0,1,2014.0,2020.0,0.08351682494644064,0
123102,2002,0,1,2014.0,2020.0,0.09341488959282779,0
123102,2004,0,1,2014.0,2020.0,0.0759965952271952,0
123102,2006,0,1,2014.0,2020.0,0.08155821228566726,0
123102,2008,0,1,2014.0,2020.0,0.08537701385145045,0
123102,2010,0,1,2014.0,2020.0,0.08577175635596242,0
123102,2012,0,1,2014.0,2020.0,0.07274329131742857,0
123102,2014,1,1,2014.0,2020.0,0.1659370086032654,0
123301,2000,0,0,,2018.0,0.09277114447405538,0
123301,2002,0,0,,2018.0,0.10364196086956773,0
123301,2004,0,0,,2018.0,0.08449443976905069,0
123301,2006,0,0,,2018.0,0.09061696089464803,0
123301,2008,0,0,,2018.0,0.026059760570393664,0
123301,2010,0,0,,2018.0,0.02618810109064982,0
123301,2012,0,0,,2018.0,0.026526007416268725,0
123301,2014,0,0,,2018.0,0.024825785499742205,0
123301,2016,0,0,,2018.0,0.015703476781503998,0
123301,2018,0,0,,2018.0,0.015629449893377785,0
123402,2000,0,1,2016.0,2018.0,0.08484523623070094,0
123402,2002,0,1,2016.0,2018.0,0.09488443893351511,0
123402,2004,0,1,2016.0,2018.0,0.10385896628273197,0
123402,2006,0,1,2016.0,2018.0,0.1112141989486722,0
123402,2008,0,1,2016.0,2018.0,0.11624583239595337,0
123402,2010,0,1,2016.0,2018.0,0.11676507691596691,0
123402,2012,0,1,2016.0,2018.0,0.11812992883065164,0
123402,2014,0,1,2016.0,2018.0,0.2535691267051233,0
123402,2016,1,1,2016.0,2018.0,0.8179868197690834,1
123804,2000,0,1,2002.0,2018.0,0.2915718352783988,0
123804,2002,1,1,2002.0,2018.0,0.3175831925163363,0
124104,2000,0,1,2004.0,2018.0,0.15161485172380676,0
124104,2002,0,1,2004.0,2018.0,0.09352243604675808,0
124104,2004,1,1,2004.0,2018.0,0.07608577137788672,0
124601,2000,1,1,2000.0,2018.0,0.22300375735029876,0
125002,2000,0,1,2002.0,2018.0,0.1987805507252689,0
125002,2002,1,1,2002.0,2018.0,0.21907380097954107,0
125003,2000,0,1,2006.0,2020.0,0.1032998616518647,0
125003,2002,0,1,2006.0,2020.0,0.11524769540294946,0
125003,2004,0,1,2006.0,2020.0,0.1258803900181322,0
125003,2006,1,1,2006.0,2020.0,0.1345609922792569,0
126902,2000,0,0,,2004.0,0.12734348713605886,0
126902,2002,0,0,,2004.0,0.14163300180735142,0
126902,2004,0,0,,2004.0,0.1163780284065963,0
127002,2000,0,1,2014.0,2016.0,0.09052685041478781,0
127002,2002,0,1,2014.0,2016.0,0.10116400801500579,0
127002,2004,0,1,2014.0,2016.0,0.08243218048122314,0
127002,2006,0,1,2014.0,2016.0,0.08841970121185595,0
127002,2008,0,1,2014.0,2016.0,0.14826099940594928,0
127002,2010,0,1,2014.0,2016.0,0.14889915450343288,0
127002,2012,0,1,2014.0,2016.0,0.15057558260605258,0
127002,2014,1,1,2014.0,2016.0,0.14208474654041517,0
127701,2000,0,0,,2004.0,0.09851457086810074,0
127701,2002,0,0,,2004.0,0.10997681146541269,0
127701,2004,0,0,,2004.0,0.12018927696954362,0
127901,2000,0,0,,2020.0,0.11645154628099533,0
127901,2002,0,0,,2020.0,0.12970050418042608,0
127901,2004,0,0,,2020.0,0.10630972739340448,0
127901,2006,0,0,,2020.0,0.11381647797872038,0
127901,2008,0,0,,2020.0,0.11895008873921827,0
127901,2010,0,0,,2020.0,0.11947977950449795,0
127901,2012,0,0,,2020.0,0.05271370679826159,0
127901,2014,0,0,,2020.0,0.12366926742373104,0
127901,2016,0,0,,2020.0,0.1224235187513374,0
127901,2018,0,0,,2020.0,0.029821492401170477,0
127901,2020,0,0,,2020.0,0.027306719166651415,0
127902,2000,0,1,2002.0,2016.0,0.3293865382069714,0
127902,2002,1,1,2002.0,2016.0,0.7996251505270972,1
127903,2000,0,1,2004.0,2016.0,0.15498888910909922,0
127903,2002,0,1,2004.0,2016.0,0.2888656151809478,0
127903,2004,1,1,2004.0,2016.0,0.24484588331863885,0
128602,2000,0,1,2008.0,2020.0,0.10245577170002466,0
128602,2002,0,1,2008.0,2020.0,0.20179152773503453,0
128602,2004,0,1,2008.0,2020.0,0.21843741378381462,0
128602,2006,0,1,2008.0,2020.0,0.43730909285105146,0
128602,2008,1,1,2008.0,2020.0,0.5824134465123777,1
129001,2000,0,0,,2020.0,0.0663401208878319,0
129001,2002,0,0,,2020.0,0.07436766140318458,0
129001,2004,0,0,,2020.0,0.06026485502590326,0
129001,2006,0,0,,2020.0,0.06475586913288343,0
129001,2008,0,0,,2020.0,0.032838164466091134,0
129001,2010,0,0,,2020.0,0.03299875657582738,0
129001,2012,0,0,,2020.0,0.033421525108672204,0
129001,2014,0,0,,2020.0,0.0312935331761465,0
129001,2016,0,0,,2020.0,0.030945447225316725,0
129001,2018,0,0,,2020.0,0.019080463165186468,0
129001,2020,0,0,,2020.0,0.01953002509705865,0
129002,2000,1,1,2000.0,2018.0,0.3551149659564184,0
129501,2000,0,1,2004.0,2016.0,0.5085704531289191,1
129501,2002,0,1,2004.0,2016.0,0.3740014309249794,0
129501,2004,1,1,2004.0,2016.0,0.39777383543507017,0
129701,2000,0,1,2002.0,2002.0,0.08063317183257833,0
129701,2002,1,1,2002.0,2002.0,0.0902231223694086,0
129703,2000,0,0,,2000.0,0.35486760353047786,0
130602,2000,0,1,2002.0,2020.0,0.6511186208215294,1
130602,2002,1,1,2002.0,2020.0,0.6784856819518205,1
130803,2000,0,0,,2004.0,0.16190415387926382,0
130803,2002,0,0,,2004.0,0.1792750943717419,0
130803,2004,0,0,,2004.0,0.14846901981398958,0
131302,2000,0,1,2008.0,2018.0,0.09427236175486313,0
131302,2002,0,1,2008.0,2018.0,0.18732989016472149,0
131302,2004,0,1,2008.0,2018.0,0.2608832224304653,0
131302,2006,0,1,2008.0,2018.0,0.27593470207310117,0
131302,2008,1,1,2008.0,2018.0,0.19005645790633321,0
132201,2000,0,1,2002.0,2018.0,0.19262525100457473,0
132201,2002,1,1,2002.0,2018.0,0.21245674186727895,0
132602,2000,0,1,2016.0,2020.0,0.0826660412322073,0
132602,2002,0,1,2016.0,2020.0,0.09247344846595522,0
132602,2004,0,1,2016.0,2020.0,0.07521613261666654,0
132602,2006,0,1,2016.0,2020.0,0.0807256234668239,0
132602,2008,0,1,2016.0,2020.0,0.05129743208078605,0
132602,2010,0,1,2016.0,2020.0,0.05154348659992238,0
132602,2012,0,1,2016.0,2020.0,0.08689064235435663,0
132602,2014,0,1,2016.0,2020.0,0.1944089624974948,0
132602,2016,1,1,2016.0,2020.0,0.7253752002356249,1
132701,2000,0,1,2002.0,2020.0,0.22458997534923777,0
132701,2002,1,1,2002.0,2020.0,0.7017821167266928,1
135201,2000,0,0,,2018.0,0.13066091052981485,0
135201,2002,0,0,,2018.0,0.14526071614187167,0
135201,2004,0,0,,2018.0,0.11944889195979325,0
135201,2006,0,0,,2018.0,0.12775080186510904,0
135201,2008,0,0,,2018.0,0.020606669207718486,0
135201,2010,0,0,,2018.0,0.02070872507602509,0
135201,2012,0,0,,2018.0,0.009710302124238738,0
135201,2014,0,0,,2018.0,0.024263556003965143,0
135201,2016,0,0,,2018.0,0.025262192156389,0
135201,2018,0,0,,2018.0,0.0251442561401906,0
135202,2000,0,0,,2006.0,0.1346100818522898,0
135202,2002,0,0,,2006.0,0.1495752366907008,0
135202,2004,0,0,,2006.0,0.12310717333390066,0
135202,2006,0,0,,2006.0,0.1316253337816746,0
135203,2000,0,1,2002.0,2018.0,0.2732282300982046,0
135203,2002,1,1,2002.0,2018.0,0.2982921855745437,0
135601,2000,0,1,2006.0,2020.0,0.15439033725386672,0
135601,2002,0,1,2006.0,2020.0,0.2879262117815766,0
135601,2004,0,1,2006.0,2020.0,0.382392335286152,0
135601,2006,1,1,2006.0,2020.0,0.6325795628712244,1
135602,2000,0,1,2008.0,2020.0,0.20081037084604947,0
135602,2002,0,1,2008.0,2020.0,0.3575208435024924,0
135602,2004,0,1,2008.0,2020.0,0.46006780652153006,0
135602,2006,0,1,2008.0,2020.0,0.47916108816593905,0
135602,2008,1,1,2008.0,2020.0,0.49163140642762765,0
135903,2000,0,1,2012.0,2020.0,0.08928236996490715,0
135903,2002,0,1,2012.0,2020.0,0.17838433102177062,0
135903,2004,0,1,2012.0,2020.0,0.24950363696229147,0
135903,2006,0,1,2012.0,2020.0,0.2641332015527164,0
135903,2008,0,1,2012.0,2020.0,0.3917846632950881,0
135903,2010,0,1,2012.0,2020.0,0.39298738029253955,0
135903,2012,1,1,2012.0,2020.0,0.30260544721049465,0
136102,2000,0,1,2010.0,2018.0,0.09575397561232395,0
136102,2002,0,1,2010.0,2018.0,0.10693311901169501,0
136102,2004,0,1,2010.0,2018.0,0.08723674268881347,0
136102,2006,0,1,2010.0,2018.0,0.09353767063487645,0
136102,2008,0,1,2010.0,2018.0,0.09190625312260534,0
136102,2010,1,1,2010.0,2018.0,0.09232813632270075,0
136601,2000,0,1,2012.0,2020.0,0.09383754782388691,0
136601,2002,0,1,2012.0,2020.0,0.10481888659408388,0
136601,2004,0,1,2012.0,2020.0,0.08547466616897421,0
136601,2006,0,1,2012.0,2020.0,0.09166110376639122,0
136601,2008,0,1,2012.0,2020.0,0.09590355760378494,0
136601,2010,0,1,2012.0,2020.0,0.41459382418613805,0
136601,2012,1,1,2012.0,2020.0,0.7037200352799977,1
137801,2000,1,1,2000.0,2020.0,0.1468243658622636,0
138101,2000,0,1,2004.0,2020.0,0.17902761271965453,0
138101,2002,0,1,2004.0,2020.0,0.1978021500247198,0
138101,2004,1,1,2004.0,2020.0,0.21420726375293872,0
138102,2000,1,1,2000.0,2018.0,0.14783942972039008,0
138103,2000,0,1,2004.0,2018.0,0.11288040851576932,0
138103,2002,0,1,2004.0,2018.0,0.12578090981602405,0
138103,2004,1,1,2004.0,2018.0,0.13723465850886796,0
138803,2000,0,0,,2006.0,0.18115056031715276,0
138803,2002,0,0,,2006.0,0.2000934684551503,0
138803,2004,0,0,,2006.0,0.16643548600382263,0
138803,2006,0,0,,2006.0,0.17734533662169294,0
138902,2000,1,1,2000.0,2018.0,0.23753068989288728,0
139101,2000,0,0,,2014.0,0.1001519506804664,0
139101,2002,0,0,,2014.0,0.11178107896678434,0
139101,2004,0,0,,2014.0,0.09128301266892938,0
139101,2006,0,0,,2014.0,0.09784486573917468,0
139101,2008,0,0,,2014.0,0.032345399727601004,0
139101,2010,0,0,,2014.0,0.03250366300292618,0
139101,2012,0,0,,2014.0,0.009196130055896522,0
139101,2014,0,0,,2014.0,0.008596881633377672,0
139402,2000,0,0,,2020.0,0.07791852935857928,0
139402,2002,0,0,,2020.0,0.08721624750267391,0
139402,2004,0,0,,2020.0,0.07086341810491939,0
139402,2006,0,0,,2020.0,0.07608030753553785,0
139402,2008,0,0,,2020.0,0.038812509450245156,0
139402,2010,0,0,,2020.0,0.0390011403746166,0
139402,2012,0,0,,2020.0,0.039497668311702185,0
139402,2014,0,0,,2020.0,0.017989287760994708,0
139402,2016,0,0,,2020.0,0.012959917642929841,0
139402,2018,0,0,,2020.0,0.007438099625166555,0
139402,2020,0,0,,2020.0,0.007615481111244053,0
139802,2000,0,1,2002.0,2018.0,0.20451672608408,0
139802,2002,1,1,2002.0,2018.0,0.2252309573084238,0
140601,2000,0,1,2012.0,2020.0,0.04619898290414418,0
140601,2002,0,1,2012.0,2020.0,0.05192487153271561,0
140601,2004,0,1,2012.0,2020.0,0.04188544705856719,0
140601,2006,0,1,2012.0,2020.0,0.045072496996714895,0
140601,2008,0,1,2012.0,2020.0,0.01403592215406883,0
140601,2010,0,1,2012.0,2020.0,0.014105904663901485,0
140601,2012,1,1,2012.0,2020.0,0.014290201541675549,0
140606,2000,0,1,2002.0,2012.0,0.21085633344567797,0
140606,2002,1,1,2002.0,2012.0,0.23202537756139058,0
140901,2000,0,0,,2020.0,0.135638201940395,0
140901,2002,0,0,,2020.0,0.15069775301122784,0
140901,2004,0,0,,2020.0,0.12406003179548757,0
140901,2006,0,0,,2020.0,0.13263415102357462,0
140901,2008,0,0,,2020.0,0.08089999411726523,0
140901,2010,0,0,,2020.0,0.08127587644488132,0
140901,2012,0,0,,2020.0,0.08226453683599833,0
140901,2014,0,0,,2020.0,0.07727527462105714,0
140901,2016,0,0,,2020.0,0.07645609002917399,0
140901,2018,0,0,,2020.0,0.07611781982990008,0
140901,2020,0,0,,2020.0,0.07780466638444643,0
141401,2000,0,1,2002.0,2018.0,0.09320341554590361,0
141401,2002,1,1,2002.0,2018.0,0.10411907172222834,0
141403,2000,0,1,2002.0,2018.0,0.06818490829317521,0
141403,2002,1,1,2002.0,2018.0,0.07641740807361186,0
141405,2000,0,0,,2014.0,0.14565982504155836,0
141405,2002,0,0,,2014.0,0.16162399535012242,0
141405,2004,0,0,,2014.0,0.13335818589517284,0
141405,2006,0,0,,2014.0,0.1424704040474078,0
141405,2008,0,0,,2014.0,0.14867959450890766,0
141405,2010,0,0,,2014.0,0.14931923548610143,0
141405,2012,0,0,,2014.0,0.14329418631440746,0
141405,2014,0,0,,2014.0,0.1351486146234547,0
141503,2000,0,1,2004.0,2018.0,0.1198721182504164,0
141503,2002,0,1,2004.0,2018.0,0.13345146261327823,0
141503,2004,1,1,2004.0,2018.0,0.10946930909133801,0
141504,2000,0,1,2012.0,2016.0,0.1304830319379494,0
141504,2002,0,1,2012.0,2016.0,0.1450662783996226,0
141504,2004,0,1,2012.0,2016.0,0.11928418275793719,0
141504,2006,0,1,2012.0,2016.0,0.12757630363392533,0
141504,2008,0,1,2012.0,2016.0,0.06691009264584276,0
141504,2010,0,1,2012.0,2016.0,0.06722572861393267,0
141504,2012,1,1,2012.0,2016.0,0.07205601063049985,0
141505,2000,0,1,2006.0,2020.0,0.15781576002063993,0
141505,2002,0,1,2006.0,2020.0,0.1748395596369315,0
141505,2004,0,1,2006.0,2020.0,0.14466132989468058,0
141505,2006,1,1,2006.0,2020.0,0.1544082743148777,0
141603,2000,0,0,,2020.0,0.09863663485640702,0
141603,2002,0,0,,2020.0,0.11011134296356306,0
141603,2004,0,0,,2020.0,0.08988848087772332,0
141603,2006,0,0,,2020.0,0.09636071850712581,0
141603,2008,0,0,,2020.0,0.04969291493989606,0
141603,2010,0,0,,2020.0,0.049931678259167535,0
141603,2012,0,0,,2020.0,0.014559877419159841,0
141603,2014,0,0,,2020.0,0.006538875429485288,0
141603,2016,0,0,,2020.0,0.006464304388134726,0
141603,2018,0,0,,2020.0,0.0064335466934194825,0
141603,2020,0,0,,2020.0,0.006587130899278502,0
142302,2000,0,0,,2020.0,0.06814657830485976,0
142302,2002,0,0,,2020.0,0.07637482952192215,0
142302,2004,0,0,,2020.0,0.061916852260577464,0
142302,2006,0,0,,2020.0,0.06652226064118294,0
142302,2008,0,0,,2020.0,0.01478515835137487,0
142302,2010,0,0,,2020.0,0.014858820223277945,0
142302,2012,0,0,,2020.0,0.015052803922157517,0
142302,2014,0,0,,2020.0,0.01407733875080308,0
142302,2016,0,0,,2020.0,0.0042497999652031165,0
142302,2018,0,0,,2020.0,0.0012476804080465284,0
142302,2020,0,0,,2020.0,0.0012776247278793367,0
142304,2000,0,0,,2016.0,0.14054865028899954,0
142304,2002,0,0,,2016.0,0.1560549641726014,0
142304,2004,0,0,,2016.0,0.1286136901715188,0
142304,2006,0,0,,2016.0,0.13745313947888596,0
142304,2008,0,0,,2016.0,0.09340714689207547,0
142304,2010,0,0,,2016.0,0.09383520781987434,0
142304,2012,0,0,,2016.0,0.09496085203875422,0
142304,2014,0,0,,2016.0,0.030528067311646628,0
142304,2016,0,0,,2016.0,0.03018823049257791,0
143503,2000,0,1,2004.0,2018.0,0.12947683107538002,0
143503,2002,0,1,2004.0,2018.0,0.24777844633785104,0
143503,2004,1,1,2004.0,2018.0,0.20818692946253156,0
143601,2000,0,0,,2020.0,0.14236184075362152,0
143601,2002,0,0,,2020.0,0.15803141551391728,0
143601,2004,0,0,,2020.0,0.1302962526181782,0
143601,2006,0,0,,2020.0,0.13923286485039038,0
143601,2008,0,0,,2020.0,0.029131848514632967,0
143601,2010,0,0,,2020.0,0.02927486385230092,0
143601,2012,0,0,,2020.0,0.00871885240337475,0
143601,2014,0,0,,2020.0,0.008150449037417842,0
143601,2016,0,0,,2020.0,0.008057648254861079,0
143601,2018,0,0,,2020.0,0.0034778922360634416,0
143601,2020,0,0,,2020.0,0.003177334739230865,0
143603,2000,1,1,2000.0,2020.0,0.4257124435661939,0
143702,2000,0,1,2002.0,2018.0,0.3338691034036777,0
143702,2002,1,1,2002.0,2018.0,0.3617271297348153,0
143703,2000,0,1,2002.0,2020.0,0.18132602565048336,0
143703,2002,1,1,2002.0,2020.0,0.2002827943472667,0
143801,2000,0,0,,2018.0,0.05673985005995393,0
143801,2002,0,0,,2018.0,0.0636849407429607,0
143801,2004,0,0,,2018.0,0.05149526361845827,0
143801,2006,0,0,,2018.0,0.055371263458975556,0
143801,2008,0,0,,2018.0,0.027940971113302595,0
143801,2010,0,0,,2018.0,0.028078309223874158,0
143801,2012,0,0,,2018.0,0.030186812328649854,0
143801,2014,0,0,,2018.0,0.028258757391208193,0
143801,2016,0,0,,2018.0,0.02794345427784976,0
143801,2018,0,0,,2018.0,0.027813358019851322,0
143802,2000,0,1,2002.0,2018.0,0.14802195698425127,0
143802,2002,1,1,2002.0,2018.0,0.16419525914530383,0
143803,2000,0,1,2004.0,2016.0,0.2983641265778114,0
143803,2002,0,1,2004.0,2016.0,0.3247036980549673,0
143803,2004,1,1,2004.0,2016.0,0.27735264968775986,0
144001,2000,0,0,,2018.0,0.10820131666407566,0
144001,2002,0,0,,2018.0,0.12063979014150054,0
144001,2004,0,0,,2018.0,0.09869775142622761,0
144001,2006,0,0,,2018.0,0.10573059476067119,0
144001,2008,0,0,,2018.0,0.04349139072459015,0
144001,2010,0,0,,2018.0,0.04370172738007933,0
144001,2012,0,0,,2018.0,0.04425534313647852,0
144001,2014,0,0,,2018.0,0.04146714115254084,0
144001,2016,0,0,,2018.0,0.03792677236193955,0
144001,2018,0,0,,2018.0,0.03775200192758319,0
144301,2000,1,1,2000.0,2020.0,0.12602882399920137,0
144303,2000,0,1,2016.0,2020.0,0.07375008030218558,0
144303,2002,0,1,2016.0,2020.0,0.08259494824924259,0
144303,2004,0,1,2016.0,2020.0,0.06704495691177816,0
144303,2006,0,1,2016.0,2020.0,0.07200251971535579,0
144303,2008,0,1,2016.0,2020.0,0.07541063182495787,0
144303,2010,0,1,2016.0,2020.0,0.07576311157768985,0
144303,2012,0,1,2016.0,2020.0,0.041787288489532656,0
144303,2014,0,1,2016.0,2020.0,0.09173230067875375,0
144303,2016,1,1,2016.0,2020.0,0.5960441854250378,1
145102,2000,0,0,,2018.0,0.14120086855279204,0
145102,2002,0,0,,2018.0,0.15676601454842995,0
145102,2004,0,0,,2018.0,0.17049104211615612,0
145102,2006,0,0,,2018.0,0.1816088155546396,0
145102,2008,0,0,,2018.0,0.07863064805231973,0
145102,2010,0,0,,2018.0,0.0789968926673308,0
145102,2012,0,0,,2018.0,0.079960243690044,0
145102,2014,0,0,,2018.0,0.07509929841111154,0
145102,2016,0,0,,2018.0,0.0780229191053708,0
145102,2018,0,0,,2018.0,0.07767829973403094,0
145401,2000,1,1,2000.0,2004.0,0.15215555942825237,0
145402,2000,0,1,2004.0,2010.0,0.19190140007598552,0
145402,2002,0,1,2004.0,2010.0,0.21167790629461378,0
145402,2004,1,1,2004.0,2010.0,0.17650126103453367,0
145504,2000,0,0,,2016.0,0.0886845972426345,0
145504,2002,0,0,,2016.0,0.09912887929181866,0
145504,2004,0,0,,2016.0,0.10845675685240436,0
145504,2006,0,0,,2016.0,0.11609541914218857,0
145504,2008,0,0,,2016.0,0.060510037386245843,0
145504,2010,0,0,,2016.0,0.06079744944260724,0
145504,2012,0,0,,2016.0,0.061553694847489716,0
145504,2014,0,0,,2016.0,0.028389745345171642,0
145504,2016,0,0,,2016.0,0.028073022928388827,0
146001,2000,0,1,2016.0,2018.0,0.11690446770568826,0
146001,2002,0,1,2016.0,2018.0,0.13019736219799052,0
146001,2004,0,1,2016.0,2018.0,0.10672796844553757,0
146001,2006,0,1,2016.0,2018.0,0.11426047605077189,0
146001,2008,0,1,2016.0,2018.0,0.11941141453498122,0
146001,2010,0,1,2016.0,2018.0,0.11994287994159605,0
146001,2012,0,1,2016.0,2018.0,0.12133977377494592,0
146001,2014,0,1,2016.0,2018.0,0.11427573232229726,0
146001,2016,1,1,2016.0,2018.0,0.11311239337440639,0
146903,2000,0,0,,2020.0,0.24532280261292153,0
146903,2002,0,0,,2020.0,0.26877359446771293,0
146903,2004,0,0,,2020.0,0.22683899587023923,0
146903,2006,0,0,,2020.0,0.24056560572050878,0
146903,2008,0,0,,2020.0,0.13445005488346382,0
146903,2010,0,0,,2020.0,0.13503818878595214,0
146903,2012,0,0,,2020.0,0.14398877073094754,0
146903,2014,0,0,,2020.0,0.05489252456137752,0
146903,2016,0,0,,2020.0,0.05429665417896143,0
146903,2018,0,0,,2020.0,0.03172869022279275,0
146903,2020,0,0,,2020.0,0.032466398266071665,0
148201,2000,1,1,2000.0,2006.0,0.05653576635962019,0
148202,2000,0,0,,2020.0,0.07312660960039323,0
148202,2002,0,0,,2020.0,0.08190331630738645,0
148202,2004,0,0,,2020.0,0.06647410215428824,0
148202,2006,0,0,,2020.0,0.07139268388987087,0
148202,2008,0,0,,2020.0,0.03633081636630333,0
148202,2010,0,0,,2020.0,0.03650784423360544,0
148202,2012,0,0,,2020.0,0.036973851006070715,0
148202,2014,0,0,,2020.0,0.03462778083439896,0
148202,2016,0,0,,2020.0,0.009850859064938315,0
148202,2018,0,0,,2020.0,0.00044467746313520926,0
148202,2020,0,0,,2020.0,0.000406141853123712,0
148902,2000,1,1,2000.0,2002.0,0.19758123751543452,0
149101,2000,0,0,,2018.0,0.1148591960433423,0
149101,2002,0,0,,2018.0,0.12795322452333655,0
149101,2004,0,0,,2018.0,0.10483960043431471,0
149101,2006,0,0,,2018.0,0.11225558161638607,0
149101,2008,0,0,,2018.0,0.036736985850600784,0
149101,2010,0,0,,2018.0,0.03691591702964276,0
149101,2012,0,0,,2018.0,0.03320922758042875,0
149101,2014,0,0,,2018.0,0.08013153305729899,0
149101,2016,0,0,,2018.0,0.038786572277580485,0
149101,2018,0,0,,2018.0,0.0059837355582156885,0
149402,2000,0,1,2002.0,2018.0,0.2521705774961174,0
149402,2002,1,1,2002.0,2018.0,0.2760365311980239,0
149501,2000,1,1,2000.0,2014.0,0.04799517828124753,0
149901,2000,0,0,,2020.0,0.2380171150390333,0
149901,2002,0,0,,2020.0,0.2610110788212772,0
149901,2004,0,0,,2020.0,0.21992334662791002,0
149901,2006,0,0,,2020.0,0.23335778079789143,0
149901,2008,0,0,,2020.0,0.10479361766255346,0
149901,2010,0,0,,2020.0,0.10526780089995162,0
149901,2012,0,0,,2020.0,0.10651446953703662,0
149901,2014,0,0,,2020.0,0.05042821497674226,0
149901,2016,0,0,,2020.0,0.03704926247133151,0
149901,2018,0,0,,2020.0,0.036878380689845905,0
149901,2020,0,0,,2020.0,0.03773115593547021,0
150202,2000,0,1,2006.0,2020.0,0.1437341199039536,0
150202,2002,0,1,2006.0,2020.0,0.15952664416977705,0
150202,2004,0,1,2006.0,2020.0,0.28700981864896263,0
150202,2006,1,1,2006.0,2020.0,0.302950815979244,0
150701,2000,0,0,,2008.0,0.1603386563188656,0
150701,2002,0,0,,2008.0,0.17757722085320768,0
150701,2004,0,0,,2008.0,0.19270789189934842,0
150701,2006,0,0,,2008.0,0.20491653876108992,0
150701,2008,0,0,,2008.0,0.11929579610383445,0
151201,2000,0,1,2004.0,2018.0,0.15416177068254974,0
151201,2002,0,1,2004.0,2018.0,0.28756718205544046,0
151201,2004,1,1,2004.0,2018.0,0.3085535883484516,0
151202,2000,0,1,2006.0,2020.0,0.1408268304295239,0
151202,2002,0,1,2006.0,2020.0,0.15635825158644925,0
151202,2004,0,1,2006.0,2020.0,0.17005477870698957,0
151202,2006,1,1,2006.0,2020.0,0.18115031601229004,0
151902,2000,1,1,2000.0,2020.0,0.2441551331726582,0
151903,2000,0,1,2002.0,2020.0,0.24496986852844188,0
151903,2002,1,1,2002.0,2020.0,0.4181126606330386,0
152505,2000,0,1,2008.0,2020.0,0.14321372184801115,0
152505,2002,0,1,2008.0,2020.0,0.2701712450778982,0
152505,2004,0,1,2008.0,2020.0,0.29040560760294826,0
152505,2006,0,1,2008.0,2020.0,0.3064541461446166,0
152505,2008,1,1,2008.0,2020.0,0.31716680826661864,0
153301,2000,1,1,2000.0,2016.0,0.18362465399822997,0
153302,2000,1,1,2000.0,2018.0,0.19680458494340197,0
153401,2000,0,0,,2002.0,0.1073770536973406,0
153401,2002,0,0,,2002.0,0.119733494386886,0
153402,2000,0,1,2002.0,2016.0,0.23507816933036557,0
153402,2002,1,1,2002.0,2016.0,0.5604093470595605,1
153802,2000,0,1,2004.0,2020.0,0.13736267397250454,0
153802,2002,0,1,2004.0,2020.0,0.15257989085725418,0
153802,2004,1,1,2004.0,2020.0,0.16601057304297231,0
153901,2000,0,0,,2020.0,0.1310827739643379,0
153901,2002,0,0,,2020.0,0.1457218163234187,0
153901,2004,0,0,,2020.0,0.11983954550868857,0
153901,2006,0,0,,2020.0,0.12816465467037036,0
153901,2008,0,0,,2020.0,0.13384768306044537,0
153901,2010,0,0,,2020.0,0.1344335912238864,0
153901,2012,0,0,,2020.0,0.13597317379788243,0
153901,2014,0,0,,2020.0,0.12818149878503707,0
153901,2016,0,0,,2020.0,0.1268968791524125,0
153901,2018,0,0,,2020.0,0.0486930003120873,0
153901,2020,0,0,,2020.0,0.049804848934919,0
153902,2000,0,1,2002.0,2020.0,0.25484773990220994,0
153902,2002,1,1,2002.0,2020.0,0.43098689067315943,0
154001,2000,0,1,2016.0,2020.0,0.08212739041664613,0
154001,2002,0,1,2016.0,2020.0,0.09187729323426856,0
154001,2004,0,1,2016.0,2020.0,0.07472207116099859,0
154001,2006,0,1,2016.0,2020.0,0.08019851100062982,0
154001,2008,0,1,2016.0,2020.0,0.08395946722255178,0
154001,2010,0,1,2016.0,2020.0,0.08434826009661456,0
154001,2012,0,1,2016.0,2020.0,0.05243909582761306,0
154001,2014,0,1,2016.0,2020.0,0.06357278167688853,0
154001,2016,1,1,2016.0,2020.0,0.06288895515557807,0
154403,2000,0,0,,2020.0,0.14218341656367847,0
154403,2002,0,0,,2020.0,0.15783696669688244,0
154403,2004,0,0,,2020.0,0.13013065592802198,0
154403,2006,0,0,,2020.0,0.1390577264038797,0
154403,2008,0,0,,2020.0,0.1451433585449858,0
154403,2010,0,0,,2020.0,0.14577039109517115,0
154403,2012,0,0,,2020.0,0.06022899575177046,0
154403,2014,0,0,,2020.0,0.027757657994216086,0
154403,2016,0,0,,2020.0,0.03942025596923939,0
154403,2018,0,0,,2020.0,0.016776314331411926,0
154403,2020,0,0,,2020.0,0.017172537763200362,0
154602,2000,0,0,,2000.0,0.0954146946198982,0
154801,2000,1,1,2000.0,2020.0,0.06881703134577423,0
154903,2000,0,1,2002.0,2020.0,0.2842181204151449,0
154903,2002,1,1,2002.0,2020.0,0.30986038908532526,0
154904,2000,1,1,2000.0,2016.0,0.335340728232225,0
155102,2000,0,0,,2018.0,0.08448446724038168,0
155102,2002,0,0,,2018.0,0.09448538970399684,0
155102,2004,0,0,,2018.0,0.07688441613495968,0
155102,2006,0,0,,2018.0,0.08250520460572079,0
155102,2008,0,0,,2018.0,0.042234047886455565,0
155102,2010,0,0,,2018.0,0.042438573473773875,0
155102,2012,0,0,,2018.0,0.042976906661562016,0
155102,2014,0,0,,2018.0,0.04026585612637798,0
155102,2016,0,0,,2018.0,0.032613488927808236,0
155102,2018,0,0,,2018.0,0.032462376498461926,0
155201,2000,0,0,,2018.0,0.08540735474923554,0
155201,2002,0,0,,2018.0,0.09550612816921744,0
155201,2004,0,0,,2018.0,0.077731331416305,0
155201,2006,0,0,,2018.0,0.08340844092566907,0
155201,2008,0,0,,2018.0,0.02385202610253646,0
155201,2010,0,0,,2018.0,0.0239697614435832,0
155201,2012,0,0,,2018.0,0.025777921562932533,0
155201,2014,0,0,,2018.0,0.024124460986913066,0
155201,2016,0,0,,2018.0,0.02644598215422785,0
155201,2018,0,0,,2018.0,0.02632266888155095,0
155301,2000,0,1,2004.0,2018.0,0.2437710163460428,0
155301,2002,0,1,2004.0,2018.0,0.2671259762080588,0
155301,2004,1,1,2004.0,2018.0,0.22536921314751823,0
156601,2000,0,0,,2018.0,0.08089718780145831,0
156601,2002,0,0,,2018.0,0.09051544708578872,0
156601,2004,0,0,,2018.0,0.07359390041343955,0
156601,2006,0,0,,2018.0,0.0789947148367425,0
156601,2008,0,0,,2018.0,0.031931841050207826,0
156601,2010,0,0,,2018.0,0.0320881479192928,0
156601,2012,0,0,,2018.0,0.028117202443492806,0
156601,2014,0,0,,2018.0,0.02631774791797319,0
156601,2016,0,0,,2018.0,0.026023522044798287,0
156601,2018,0,0,,2018.0,0.02590212622460692,0
156603,2000,1,1,2000.0,2012.0,0.12714319279090291,0
156605,2000,1,1,2000.0,2020.0,0.23732194116052427,0
157102,2000,0,1,2004.0,2018.0,0.2464796199748538,0
157102,2002,0,1,2004.0,2018.0,0.27000143081617023,0
157102,2004,1,1,2004.0,2018.0,0.2279349779956377,0
158101,2000,0,0,,2020.0,0.1884277795981131,0
158101,2002,0,0,,2020.0,0.20793842360501263,0
158101,2004,0,0,,2020.0,0.22494847209475555,0
158101,2006,0,0,,2020.0,0.23859598525468004,0
158101,2008,0,0,,2020.0,0.24778402711959757,0
158101,2010,0,0,,2020.0,0.2487254619773972,0
158101,2012,0,0,,2020.0,0.22880381863395738,0
158101,2014,0,0,,2020.0,0.21702882842913487,0
158101,2016,0,0,,2020.0,0.2150734531849078,0
158101,2018,0,0,,2020.0,0.06132704325437636,0
158101,2020,0,0,,2020.0,0.06270835939880537,0
158301,2000,0,0,,2018.0,0.1538957704986922,0
158301,2002,0,0,,2018.0,0.1705823637028607,0
158301,2004,0,0,,2018.0,0.14101337445929418,0
158301,2006,0,0,,2018.0,0.15055779251560816,0
158301,2008,0,0,,2018.0,0.07996489615058651,0
158301,2010,0,0,,2018.0,0.08033681353358738,0
158301,2012,0,0,,2018.0,0.08131506195973992,0
158301,2014,0,0,,2018.0,0.07637859195951241,0
158301,2016,0,0,,2018.0,0.02251436337098281,0
158301,2018,0,0,,2018.0,0.022408960619605206,0
158401,2000,0,1,2002.0,2018.0,0.1277335358972316,0
158401,2002,1,1,2002.0,2018.0,0.1420596938269952,0
158402,2000,1,1,2000.0,2020.0,0.43743367457937204,0
158701,2000,0,1,2002.0,2020.0,0.14994451206532924,0
158701,2002,1,1,2002.0,2020.0,0.4225394690555996,0
159301,2000,0,1,2002.0,2006.0,0.20750292919003063,0
159301,2002,1,1,2002.0,2006.0,0.22843276104451515,0
159605,2000,0,1,2002.0,2020.0,0.32424021975044265,0
159605,2002,1,1,2002.0,2020.0,0.7958508852844729,1
159901,2000,0,0,,2018.0,0.11766373167113658,0
159901,2002,0,0,,2018.0,0.13103015016718453,0
159901,2004,0,0,,2018.0,0.10742917905231605,0
159901,2006,0,0,,2018.0,0.11500480428137164,0
159901,2008,0,0,,2018.0,0.05990620831236202,0
159901,2010,0,0,,2018.0,0.060190936037959414,0
159901,2012,0,0,,2018.0,0.06094012667330388,0
159901,2014,0,0,,2018.0,0.05716361177455564,0
159901,2016,0,0,,2018.0,0.01894818144452185,0
159901,2018,0,0,,2018.0,0.018859151940015934,0
160002,2000,0,0,,2018.0,0.08646689786491706,0
160002,2002,0,0,,2018.0,0.09667771111061998,0
160002,2004,0,0,,2018.0,0.07870384223368239,0
160002,2006,0,0,,2018.0,0.08444547563115228,0
160002,2008,0,0,,2018.0,0.011805373345518606,0
160002,2010,0,0,,2018.0,0.011864368261052508,0
160002,2012,0,0,,2018.0,0.01131188763304409,0
160002,2014,0,0,,2018.0,0.01057624154267667,0
160002,2016,0,0,,2018.0,0.009646723588761834,0
160002,2018,0,0,,2018.0,0.00960097000621738,0
160004,2000,0,0,,2018.0,0.06732861027996648,0
160004,2002,0,0,,2018.0,0.07546609565468336,0
160004,2004,0,0,,2018.0,0.061168751624921205,0
160004,2006,0,0,,2018.0,0.0657224143282025,0
160004,2008,0,0,,2018.0,0.026340664164644263,0
160004,2010,0,0,,2018.0,0.026470350494982923,0
160004,2012,0,0,,2018.0,0.02846164204415991,0
160004,2014,0,0,,2018.0,0.026640748199794142,0
160004,2016,0,0,,2018.0,0.0341818847543228,0
160004,2018,0,0,,2018.0,0.03402376085560313,0
160601,2000,0,0,,2020.0,0.27157071734399085,0
160601,2002,0,0,,2020.0,0.2965446649183033,0
160601,2004,0,0,,2020.0,0.2517690309019533,0
160601,2006,0,0,,2020.0,0.266484260978403,0
160601,2008,0,0,,2020.0,0.2763564517883889,0
160601,2010,0,0,,2020.0,0.2773664161440539,0
160601,2012,0,0,,2020.0,0.12599125304992073,0
160601,2014,0,0,,2020.0,0.06034192688393103,0
160601,2016,0,0,,2020.0,0.06442570965895007,0
160601,2018,0,0,,2020.0,0.054864623246509134,0
160601,2020,0,0,,2020.0,0.05610908205481571,0
160602,2000,0,1,2010.0,2020.0,0.24860091283663216,0
160602,2002,0,1,2010.0,2020.0,0.27225201895968426,0
160602,2004,0,1,2010.0,2020.0,0.2299453733021604,0
160602,2006,0,1,2010.0,2020.0,0.2438006839502304,0
160602,2008,0,1,2010.0,2020.0,0.2531225222559294,0
160602,2010,1,1,2010.0,2020.0,0.25407738919928385,0
160801,2000,0,0,,2016.0,0.16113572183578517,0
160801,2002,0,0,,2016.0,0.17844176999797576,0
160801,2004,0,0,,2016.0,0.14775311210395736,0
160801,2006,0,0,,2016.0,0.15766997322241763,0
160801,2008,0,0,,2016.0,0.06715210876173908,0
160801,2010,0,0,,2016.0,0.06746880384572533,0
160801,2012,0,0,,2016.0,0.06830199784725038,0
160801,2014,0,0,,2016.0,0.06410040290518686,0
160801,2016,0,0,,2016.0,0.06341128529413469,0
160901,2000,0,0,,2018.0,0.04275027658514001,0
160901,2002,0,0,,2018.0,0.04807027552167438,0
160901,2004,0,0,,2018.0,0.03874566128702608,0
160901,2006,0,0,,2018.0,0.04170420487257597,0
160901,2008,0,0,,2018.0,0.024438118334180386,0
160901,2010,0,0,,2018.0,0.024558673885096916,0
160901,2012,0,0,,2018.0,0.02487609270755045,0
160901,2014,0,0,,2018.0,0.023279095474066196,0
160901,2016,0,0,,2018.0,0.023018037889126396,0
160901,2018,0,0,,2018.0,0.02291033241280083,0
161002,2000,0,0,,2020.0,0.07053192822318456,0
161002,2002,0,0,,2020.0,0.07902377025494332,0
161002,2004,0,0,,2020.0,0.06409914135152385,0
161002,2006,0,0,,2020.0,0.06885495533981711,0
161002,2008,0,0,,2020.0,0.034992434649647866,0
161002,2010,0,0,,2020.0,0.03516317899377483,0
161002,2012,0,0,,2020.0,0.03561265611790327,0
161002,2014,0,0,,2020.0,0.016184204722443227,0
161002,2016,0,0,,2020.0,0.018259176734714205,0
161002,2018,0,0,,2020.0,0.015436384020084392,0
161002,2020,0,0,,2020.0,0.015801469536323123,0
161702,2000,1,1,2000.0,2018.0,0.43396607421369404,0
162501,2000,0,0,,2020.0,0.08821579353012873,0
162501,2002,0,0,,2020.0,0.09861083927769701,0
162501,2004,0,0,,2020.0,0.10789580837620763,0
162501,2006,0,0,,2020.0,0.11550008106534428,0
162501,2008,0,0,,2020.0,0.12069928672794862,0
162501,2010,0,0,,2020.0,0.12123569492870631,0
162501,2012,0,0,,2020.0,0.12264554701286674,0
162501,2014,0,0,,2020.0,0.1155154812653538,0
162501,2016,0,0,,2020.0,0.058006328201016984,0
162501,2018,0,0,,2020.0,0.015264877411244712,0
162501,2020,0,0,,2020.0,0.01562597100650042,0
162902,2000,0,1,2004.0,2018.0,0.2185638714432119,0
162902,2002,0,1,2004.0,2018.0,0.6944186573748056,1
162902,2004,1,1,2004.0,2018.0,0.6446183091518793,1
163802,2000,0,1,2004.0,2020.0,0.05680516616312762,0
163802,2002,0,1,2004.0,2020.0,0.06375771129541517,0
163802,2004,1,1,2004.0,2020.0,0.05155487238905622,0
164002,2000,0,1,2004.0,2010.0,0.23395066057255434,0
164002,2002,0,1,2004.0,2010.0,0.40346700714842787,0
164002,2004,1,1,2004.0,2010.0,0.3505931701268997,0
164803,2000,0,1,2010.0,2020.0,0.08732170239191632,0
164803,2002,0,1,2010.0,2020.0,0.09762267180986078,0
164803,2004,0,1,2010.0,2020.0,0.07948857959025514,0
164803,2006,0,1,2010.0,2020.0,0.08528216210112914,0
164803,2008,0,1,2010.0,2020.0,0.1433338984357777,0
164803,2010,1,1,2010.0,2020.0,0.1439544303101833,0
165003,2000,0,1,2008.0,2020.0,0.13456400594860882,0
165003,2002,0,1,2008.0,2020.0,0.1495249234131611,0
165003,2004,0,1,2008.0,2020.0,0.12306447486097867,0
165003,2006,0,1,2008.0,2020.0,0.13158012419257856,0
165003,2008,1,1,2008.0,2020.0,0.19140292798084058,0
167501,2000,0,1,2002.0,2020.0,0.1512373157977307,0
167501,2002,1,1,2002.0,2020.0,0.2829586193633166,0
167502,2000,0,1,2006.0,2020.0,0.1297124018962847,0
167502,2002,0,1,2006.0,2020.0,0.14422380582547725,0
167502,2004,0,1,2006.0,2020.0,0.2051239833780501,0
167502,2006,1,1,2006.0,2020.0,0.2179069072818516,0
167602,2000,0,1,2004.0,2020.0,0.15049142594648834,0
167602,2002,0,1,2004.0,2020.0,0.16688169795268795,0
167602,2004,1,1,2004.0,2020.0,0.13784757487973914,0
168501,2000,0,1,2018.0,2020.0,0.08182315065201003,0
168501,2002,0,1,2018.0,2020.0,0.09154053722074969,0
168501,2004,0,1,2018.0,2020.0,0.07444303938255774,0
168501,2006,0,1,2018.0,2020.0,0.07990079472647138,0
168501,2008,0,1,2018.0,2020.0,0.08364905907017404,0
168501,2010,0,1,2018.0,2020.0,0.08403654639739773,0
168501,2012,0,1,2018.0,2020.0,0.08008434572493975,0
168501,2014,0,1,2018.0,2020.0,0.18084863123011527,0
168501,2016,0,1,2018.0,2020.0,0.7709347654713262,1
168501,2018,1,1,2018.0,2020.0,0.5911678470068511,1
169002,2000,0,0,,2020.0,0.09252652887121769,0
169002,2002,0,0,,2020.0,0.10337194751375996,0
169002,2004,0,0,,2020.0,0.08426962074622503,0
169002,2006,0,0,,2020.0,0.09037745952059723,0
169002,2008,0,0,,2020.0,0.05296054405838652,0
169002,2010,0,0,,2020.0,0.053214128441301634,0
169002,2012,0,0,,2020.0,0.053881458161619024,0
169002,2014,0,0,,2020.0,0.05051884270480367,0
169002,2016,0,0,,2020.0,0.04996793946840887,0
169002,2018,0,0,,2020.0,0.036196081048421855,0
169002,2020,0,0,,2020.0,0.037033685476714436,0
169003,2000,0,1,2002.0,2018.0,0.30951841303946676,0
169003,2002,1,1,2002.0,2018.0,0.336370610340881,0
169004,2000,0,1,2002.0,2018.0,0.13949711880050195,0
169004,2002,1,1,2002.0,2018.0,0.1549083305216784,0
169102,2000,0,0,,2020.0,0.09923497817804017,0
169102,2002,0,0,,2020.0,0.11077073924234113,0
169102,2004,0,0,,2020.0,0.09043908127437182,0
169102,2006,0,0,,2020.0,0.09694674072453979,0
169102,2008,0,0,,2020.0,0.1014065240216284,0
169102,2010,0,0,,2020.0,0.10186712492698816,0
169102,2012,0,0,,2020.0,0.10307815968500197,0
169102,2014,0,0,,2020.0,0.09695993829735577,0
169102,2016,0,0,,2020.0,0.09595377925508777,0
169102,2018,0,0,,2020.0,0.09553816791061118,0
169102,2020,0,0,,2020.0,0.0976099188248764,0
170501,2000,0,1,2006.0,2010.0,0.12466139710203314,0
170501,2002,0,1,2006.0,2010.0,0.13869778248432355,0
170501,2004,0,1,2006.0,2010.0,0.11389674792947478,0
170501,2006,1,1,2006.0,2010.0,0.12186617938323831,0
172302,2000,0,1,2002.0,2004.0,0.10557779148505081,0
172302,2002,1,1,2002.0,2004.0,0.11775449566795228,0
172701,2000,0,0,,2014.0,0.08182315065201003,0
172701,2002,0,0,,2014.0,0.09154053722074969,0
172701,2004,0,0,,2014.0,0.07444303938255774,0
172701,2006,0,0,,2014.0,0.07990079472647138,0
172701,2008,0,0,,2014.0,0.13482936550775665,0
172701,2010,0,0,,2014.0,0.13541889905854326,0
172701,2012,0,0,,2014.0,0.08026155159537003,0
172701,2014,0,0,,2014.0,0.18120488264801618,0
172902,2000,0,1,2018.0,2018.0,0.14752265507947615,0
172902,2002,0,1,2018.0,2018.0,0.16365188129317748,0
172902,2004,0,1,2018.0,2018.0,0.13508856761631297,0
172902,2006,0,1,2018.0,2018.0,0.14429933423371927,0
172902,2008,0,1,2018.0,2018.0,0.07637702897956397,0
172902,2010,0,1,2018.0,2018.0,0.07673365092496827,0
172902,2012,0,1,2018.0,2018.0,0.07767172977022818,0
172902,2014,0,1,2018.0,2018.0,0.07293887847105411,0
172902,2016,0,1,2018.0,2018.0,0.07216206835329013,0
172902,2018,1,1,2018.0,2018.0,0.0718413186463961,0
172903,2000,1,1,2000.0,2002.0,0.11207417333702291,0
173302,2000,0,1,2008.0,2020.0,0.1345020860907897,0
173302,2002,0,1,2008.0,2020.0,0.14945730815299263,0
173302,2004,0,1,2008.0,2020.0,0.16266588925678396,0
173302,2006,0,1,2008.0,2020.0,0.35073287081781485,0
173302,2008,1,1,2008.0,2020.0,0.35764535735552755,0
173401,2000,0,1,2004.0,2008.0,0.27937664344631563,0
173401,2002,0,1,2004.0,2008.0,0.3047680943814165,0
173401,2004,1,1,2004.0,2008.0,0.25920832220529655,0
173701,2000,0,1,2016.0,2020.0,0.07729149472523629,0
173701,2002,0,1,2016.0,2020.0,0.08652141195735337,0
173701,2004,0,1,2016.0,2020.0,0.07028883030079774,0
173701,2006,0,1,2016.0,2020.0,0.07546685494724298,0
173701,2008,0,1,2016.0,2020.0,0.07902498144443082,0
173701,2010,0,1,2016.0,2020.0,0.07939290451222568,0
173701,2012,0,1,2016.0,2020.0,0.08072075392451454,0
173701,2014,0,1,2016.0,2020.0,0.1821272516708082,0
173701,2016,1,1,2016.0,2020.0,0.746933302765084,1
174502,2000,0,1,2014.0,2020.0,0.09400957159808247,0
174502,2002,0,1,2014.0,2020.0,0.10500870860238253,0
174502,2004,0,1,2014.0,2020.0,0.11481935123801203,0
174502,2006,0,1,2014.0,2020.0,0.12284438829408992,0
174502,2008,0,1,2014.0,2020.0,0.07938795666713913,0
174502,2010,0,1,2014.0,2020.0,0.07975742331831287,0
174502,2012,0,1,2014.0,2020.0,0.07598977224340082,0
174502,2014,1,1,2014.0,2020.0,0.17256860946973807,0
174503,2000,0,1,2016.0,2020.0,0.07875264994390074,0
174503,2002,0,1,2016.0,2020.0,0.08814038633347614,0
174503,2004,0,1,2016.0,2020.0,0.09654507570055489,0
174503,2006,0,1,2016.0,2020.0,0.10344213190793984,0
174503,2008,0,1,2016.0,2020.0,0.10816492905098976,0
174503,2010,0,1,2016.0,2020.0,0.10865251570548022,0
174503,2012,0,1,2016.0,2020.0,0.09250018128407912,0
174503,2014,0,1,2016.0,2020.0,0.20539834673346852,0
174503,2016,1,1,2016.0,2020.0,0.20352052135873175,0
174701,2000,0,1,2008.0,2018.0,0.11289739002433892,0
174701,2002,0,1,2008.0,2018.0,0.12579955684274927,0
174701,2004,0,1,2008.0,2018.0,0.10302901014082076,0
174701,2006,0,1,2008.0,2018.0,0.11033270240164998,0
174701,2008,1,1,2008.0,2018.0,0.0573275050956852,0
175401,2000,0,1,2004.0,2020.0,0.07822704064245985,0
175401,2002,0,1,2004.0,2020.0,0.08755807655483962,0
175401,2004,1,1,2004.0,2020.0,0.07114615066412162,0
175801,2000,0,1,2008.0,2018.0,0.12723325310819636,0
175801,2002,0,1,2008.0,2018.0,0.24405965368187862,0
175801,2004,0,1,2008.0,2018.0,0.3308199787857953,0
175801,2006,0,1,2008.0,2018.0,0.3480065897887858,0
175801,2008,1,1,2008.0,2018.0,0.24736059201818875,0
176001,2000,0,0,,2018.0,0.06607296231792473,0
176001,2002,0,0,,2018.0,0.07407073977323973,0
176001,2004,0,0,,2018.0,0.0600205893975594,0
176001,2006,0,0,,2018.0,0.06449464980052189,0
176001,2008,0,0,,2018.0,0.032701196367429054,0
176001,2010,0,0,,2018.0,0.03286114140565669,0
176001,2012,0,0,,2018.0,0.031361949276685924,0
176001,2014,0,0,,2018.0,0.029361109786790695,0
176001,2016,0,0,,2018.0,0.009504549226046254,0
176001,2018,0,0,,2018.0,0.009459463523463168,0
177601,2000,0,1,2004.0,2020.0,0.14816162755934528,0
177601,2002,0,1,2004.0,2020.0,0.2780817954745171,0
177601,2004,1,1,2004.0,2020.0,0.3710008591359937,0
178501,2000,0,0,,2018.0,0.07799166670429912,0
178501,2002,0,0,,2018.0,0.08729728580619672,0
178501,2004,0,0,,2018.0,0.07093044265822544,0
178501,2006,0,0,,2018.0,0.07615186195276362,0
178501,2008,0,0,,2018.0,0.024257923041669377,0
178501,2010,0,0,,2018.0,0.024377611884742956,0
178501,2012,0,0,,2018.0,0.024692749737000263,0
178501,2014,0,0,,2018.0,0.023107243852300206,0
178501,2016,0,0,,2018.0,0.01164799085937746,0
178501,2018,0,0,,2018.0,0.011592856547194316,0
178503,2000,0,1,2004.0,2018.0,0.2814364157142711,0
178503,2002,0,1,2004.0,2018.0,0.6190060224779217,1
178503,2004,1,1,2004.0,2018.0,0.5646211446797246,1
178601,2000,0,0,,2020.0,0.16387106090252948,0
178601,2002,0,0,,2020.0,0.181407355464947,0
178601,2004,0,0,,2020.0,0.19678628946141355,0
178601,2006,0,0,,2020.0,0.20918636405613633,0
178601,2008,0,0,,2020.0,0.11481973086683778,0
178601,2010,0,0,,2020.0,0.11533343662651074,0
178601,2012,0,0,,2020.0,0.11668376503792557,0
178601,2014,0,0,,2020.0,0.05557583795556317,0
178601,2016,0,0,,2020.0,0.05497298150269628,0
178601,2018,0,0,,2020.0,0.037717454701689565,0
178601,2020,0,0,,2020.0,0.0385888552863533,0
178604,2000,0,1,2008.0,2020.0,0.09869423477154729,0
178604,2002,0,1,2008.0,2020.0,0.19517605983207878,0
178604,2004,0,1,2008.0,2020.0,0.21142077516620608,0
178604,2006,0,1,2008.0,2020.0,0.4271039021715679,0
178604,2008,1,1,2008.0,2020.0,0.5722658768033252,1
178903,2000,0,0,,2018.0,0.14042737443512435,0
178903,2002,0,0,,2018.0,0.15592273573200885,0
178903,2004,0,0,,2018.0,0.12850117292608346,0
178903,2006,0,0,,2018.0,0.13733410785004932,0
178903,2008,0,0,,2018.0,0.14335686885669374,0
178903,2010,0,0,,2018.0,0.14397748346288064,0
178903,2012,0,0,,2018.0,0.1534154863321109,0
178903,2014,0,0,,2018.0,0.14479180762018823,0
178903,2016,0,0,,2018.0,0.11343048808608265,0
178903,2018,0,0,,2018.0,0.02964947582375145,0
179402,2000,0,1,2006.0,2020.0,0.20915342112328072,0
179402,2002,0,1,2006.0,2020.0,0.23020137258901538,0
179402,2004,0,1,2006.0,2020.0,0.1926989452656548,0
179402,2006,1,1,2006.0,2020.0,0.3989451939414283,0
179501,2000,0,0,,2018.0,0.08540227188851346,0
179501,2002,0,0,,2018.0,0.09550050705529631,0
179501,2004,0,0,,2018.0,0.07772666655669078,0
179501,2006,0,0,,2018.0,0.0834034661782625,0
179501,2008,0,0,,2018.0,0.04271427597146241,0
179501,2010,0,0,,2018.0,0.04292102292716615,0
179501,2012,0,0,,2018.0,0.04609126260713386,0
179501,2014,0,0,,2018.0,0.043192620239421525,0
179501,2016,0,0,,2018.0,0.02751176583656114,0
179501,2018,0,0,,2018.0,0.027383622771172768,0
179502,2000,0,1,2016.0,2020.0,0.07348795542971265,0
179502,2002,0,1,2016.0,2020.0,0.08230418005183122,0
179502,2004,0,1,2016.0,2020.0,0.06680494477129896,0
179502,2006,0,1,2016.0,2020.0,0.07174612496382454,0
179502,2008,0,1,2016.0,2020.0,0.020332273764413964,0
179502,2010,0,1,2016.0,2020.0,0.020432999023349167,0
179502,2012,0,1,2016.0,2020.0,0.020698225340929192,0
179502,2014,0,1,2016.0,2020.0,0.05087355487606903,0
179502,2016,1,1,2016.0,2020.0,0.050318988531895203,0
179901,2000,0,1,2020.0,2020.0,0.07402672243179599,0
179901,2002,0,1,2020.0,2020.0,0.08290179865017226,0
179901,2004,0,1,2020.0,2020.0,0.06729827503626166,0
179901,2006,0,1,2020.0,2020.0,0.07227311810246073,0
179901,2008,0,1,2020.0,2020.0,0.07569299378796068,0
179901,2010,0,1,2020.0,2020.0,0.07604668478733455,0
179901,2012,0,1,2020.0,2020.0,0.0769770655840602,0
179901,2014,0,1,2020.0,2020.0,0.1745736294827801,0
179901,2016,0,1,2020.0,2020.0,0.6983266136598635,1
179901,2018,0,1,2020.0,2020.0,0.49863509231980296,0
179901,2020,1,1,2020.0,2020.0,0.4759822676995938,0
180802,2000,0,1,2002.0,2020.0,0.2013331201069851,0
180802,2002,1,1,2002.0,2020.0,0.6719308596216288,1
181401,2000,0,0,,2008.0,0.13700161414954912,0
181401,2002,0,0,,2008.0,0.15218588889418774,0
181401,2004,0,0,,2008.0,0.1253239364150859,0
181401,2006,0,0,,2008.0,0.13397204729402484,0
181401,2008,0,0,,2008.0,0.11310777297810629,0
181501,2000,0,0,,2016.0,0.13367849480427738,0
181501,2002,0,0,,2016.0,0.14855786043513977,0
181501,2004,0,0,,2016.0,0.12224394845194637,0
181501,2006,0,0,,2016.0,0.13071128307994742,0
181501,2008,0,0,,2016.0,0.04338359156060151,0
181501,2010,0,0,,2016.0,0.0435934306295711,0
181501,2012,0,0,,2016.0,0.044145737808730774,0
181501,2014,0,0,,2016.0,0.08322774679017812,0
181501,2016,0,0,,2016.0,0.08235109250875375,0
181603,2000,1,1,2000.0,2018.0,0.1018934649011783,0
182401,2000,0,1,2016.0,2016.0,0.06784781282029327,0
182401,2002,0,1,2016.0,2016.0,0.0760429338484825,0
182401,2004,0,1,2016.0,2016.0,0.061643592150116465,0
182401,2006,0,1,2016.0,2016.0,0.06623011029106401,0
182401,2008,0,1,2016.0,2016.0,0.033611877631122326,0
182401,2010,0,1,2016.0,2016.0,0.03377612137547383,0
182401,2012,0,1,2016.0,2016.0,0.03420849691467823,0
182401,2014,0,1,2016.0,2016.0,0.08242233051688824,0
182401,2016,1,1,2016.0,2016.0,0.08155340516676175,0
182501,2000,0,0,,2020.0,0.05220838499946811,0
182501,2002,0,0,,2020.0,0.05863329166258542,0
182501,2004,0,0,,2020.0,0.04736162077769247,0
182501,2006,0,0,,2020.0,0.05094319598299356,0
182501,2008,0,0,,2020.0,0.0370942568202745,0
182501,2010,0,0,,2020.0,0.0372748607868248,0
182501,2012,0,0,,2020.0,0.037750274588766654,0
182501,2014,0,0,,2020.0,0.035356747427962,0
182501,2016,0,0,,2020.0,0.02917017449845477,0
182501,2018,0,0,,2020.0,0.029034537592749654,0
182501,2020,0,0,,2020.0,0.029711527357950112,0
182502,2000,0,0,,2020.0,0.0596185825836574,0
182502,2002,0,0,,2020.0,0.06689104910308191,0
182502,2004,0,0,,2020.0,0.054123176489834335,0
182502,2006,0,0,,2020.0,0.05818484302260679,0
182502,2008,0,0,,2020.0,0.053509726574499886,0
182502,2010,0,0,,2020.0,0.053765791251774844,0
182502,2012,0,0,,2020.0,0.054439641291126786,0
182502,2014,0,0,,2020.0,0.0510440703128515,0
182502,2016,0,0,,2020.0,0.05732798013844027,0
182502,2018,0,0,,2020.0,0.04161645261275331,0
182502,2020,0,0,,2020.0,0.04257394783656742,0
182601,2000,0,0,,2018.0,0.060080058519960865,0
182601,2002,0,0,,2018.0,0.06740478243059249,0
182601,2004,0,0,,2018.0,0.0545445826514346,0
182601,2006,0,0,,2018.0,0.0586359131248176,0
182601,2008,0,0,,2018.0,0.029639094766849255,0
182601,2010,0,0,,2018.0,0.029784523905073464,0
182601,2012,0,0,,2018.0,0.03016739748743516,0
182601,2014,0,0,,2018.0,0.028240546481384146,0
182601,2016,0,0,,2018.0,0.023269100276619593,0
182601,2018,0,0,,2018.0,0.023160247883797884,0
183302,2000,1,1,2000.0,2018.0,0.13308354966786073,0
183401,2000,0,0,,2016.0,0.08392653211805537,0
183401,2002,0,0,,2016.0,0.09386818025421427,0
183401,2004,0,0,,2016.0,0.07637248480431393,0
183401,2006,0,0,,2016.0,0.08195917037531987,0
183401,2008,0,0,,2016.0,0.08579499225456198,0
183401,2010,0,0,,2016.0,0.08619148517504217,0
183401,2012,0,0,,2016.0,0.08723426267895155,0
183401,2014,0,0,,2016.0,0.08197051285529094,0
183401,2016,0,0,,2016.0,0.08110592969911488,0
183901,2000,1,1,2000.0,2018.0,0.16464651788244,0
183902,2000,1,1,2000.0,2014.0,0.23671119087523773,0
184001,2000,0,0,,2016.0,0.15938914698673315,0
184001,2002,0,0,,2016.0,0.17654709087024367,0
184001,2004,0,0,,2016.0,0.14612632529713984,0
184001,2006,0,0,,2016.0,0.15595398026829735,0
184001,2008,0,0,,2016.0,0.05278580817670776,0
184001,2010,0,0,,2016.0,0.05303860275072567,0
184001,2012,0,0,,2016.0,0.05370385615347229,0
184001,2014,0,0,,2016.0,0.05035173455382056,0
184001,2016,0,0,,2016.0,0.04980255803219627,0
184403,2000,0,1,2002.0,2018.0,0.23703142860736046,0
184403,2002,1,1,2002.0,2018.0,0.25996265586806516,0
184406,2000,0,1,2004.0,2018.0,0.1782978345034562,0
184406,2002,0,1,2004.0,2018.0,0.1970142060962042,0
184406,2004,1,1,2004.0,2018.0,0.16376814491745917,0
185601,2000,0,0,,2012.0,0.0713981337097171,0
185601,2002,0,0,,2012.0,0.0799852898487914,0
185601,2004,0,0,,2012.0,0.0648918610862352,0
185601,2006,0,0,,2012.0,0.06970211029976202,0
185601,2008,0,0,,2012.0,0.07300990314896558,0
185601,2010,0,0,,2012.0,0.07335205180481369,0
185601,2012,0,0,,2012.0,0.07425211489974987,0
186201,2000,0,0,,2020.0,0.09584672965745725,0
186201,2002,0,0,,2020.0,0.1070354201471291,0
186201,2004,0,0,,2020.0,0.08732204307347739,0
186201,2006,0,0,,2020.0,0.09362850010453826,0
186201,2008,0,0,,2020.0,0.048213318636576956,0
186201,2010,0,0,,2020.0,0.04844533524071674,0
186201,2012,0,0,,2020.0,0.049055960669326784,0
186201,2014,0,0,,2020.0,0.04597985788216013,0
186201,2016,0,0,,2020.0,0.045476081145023085,0
186201,2018,0,0,,2020.0,0.031103433723142716,0
186201,2020,0,0,,2020.0,0.031827082086224735,0
186302,2000,0,1,2006.0,2020.0,0.14848415440674867,0
186302,2002,0,1,2006.0,2020.0,0.27859464424476876,0
186302,2004,0,1,2006.0,2020.0,0.3715968651686262,0
186302,2006,1,1,2006.0,2020.0,0.6218324081086041,1
186303,2000,0,1,2010.0,2020.0,0.09128265807948947,0
186303,2002,0,1,2010.0,2020.0,0.10199866508114051,0
186303,2004,0,1,2010.0,2020.0,0.1481556012919957,0
186303,2006,0,1,2010.0,2020.0,0.15809446537668426,0
186303,2008,0,1,2010.0,2020.0,0.2520523629819874,0
186303,2010,1,1,2010.0,2020.0,0.25300456044740005,0
186802,2000,0,0,,2010.0,0.14899035731667043,0
186802,2002,0,0,,2010.0,0.1652489468108874,0
186802,2004,0,0,,2010.0,0.13645236436655606,0
186802,2006,0,0,,2010.0,0.145740450183787,0
186802,2008,0,0,,2010.0,0.1520668842469761,0
186802,2010,0,0,,2010.0,0.1527184836493142,0
187801,2000,0,0,,2020.0,0.05340636915205153,0
187801,2002,0,0,,2020.0,0.05996937489812078,0
187801,2004,0,0,,2020.0,0.04845407574948712,0
187801,2006,0,0,,2020.0,0.05211374512015138,0
187801,2008,0,0,,2020.0,0.03672794276196423,0
187801,2010,0,0,,2020.0,0.03690683158330239,0
187801,2012,0,0,,2020.0,0.037377733681893954,0
187801,2014,0,0,,2020.0,0.03500696786320586,0
187801,2016,0,0,,2020.0,0.03461905258184317,0
187801,2018,0,0,,2020.0,0.012371962066489122,0
187801,2020,0,0,,2020.0,0.012665503363137041,0
187803,2000,0,1,2004.0,2018.0,0.12028596689777347,0
187803,2002,0,1,2004.0,2018.0,0.23243216846999912,0
187803,2004,1,1,2004.0,2018.0,0.19465821725246962,0
188001,2000,0,1,2004.0,2018.0,0.15904437328377272,0
188001,2002,0,1,2004.0,2018.0,0.6057682372844466,1
188001,2004,1,1,2004.0,2018.0,0.6294592026211182,1
189602,2000,0,1,2008.0,2008.0,0.250313243456535,0
189602,2002,0,1,2008.0,2008.0,0.16160747637249107,0
189602,2004,0,1,2008.0,2008.0,0.1756680745130308,0
189602,2006,0,1,2008.0,2008.0,0.5135783392569657,1
189602,2008,1,1,2008.0,2008.0,0.39398322696469257,0
190001,2000,0,0,,2018.0,0.08766507464915872,0
190001,2002,0,0,,2018.0,0.09800220073145563,0
190001,2004,0,0,,2018.0,0.07980384321206883,0
190001,2006,0,0,,2018.0,0.08561826669826139,0
190001,2008,0,0,,2018.0,0.08960862458836233,0
190001,2010,0,0,,2018.0,0.09002100637486612,0
190001,2012,0,0,,2018.0,0.0814329523176128,0
190001,2014,0,0,,2018.0,0.07648992132003855,0
190001,2016,0,0,,2018.0,0.0942788305515742,0
190001,2018,0,0,,2018.0,0.09386972074092835,0
190502,2000,0,1,2008.0,2020.0,0.09575397561232395,0
190502,2002,0,1,2008.0,2020.0,0.1899672760547382,0
190502,2004,0,1,2008.0,2020.0,0.26421947158465253,0
190502,2006,0,1,2008.0,2020.0,0.27939067423675357,0
190502,2008,1,1,2008.0,2020.0,0.2895522562706431,0
190503,2000,0,1,2014.0,2020.0,0.08854151066609955,0
190503,2002,0,1,2014.0,2020.0,0.0989707716445822,0
190503,2004,0,1,2014.0,2020.0,0.14397719536007902,0
190503,2006,0,1,2014.0,2020.0,0.15368632675516872,0
190503,2008,0,1,2014.0,2020.0,0.2457892432403027,0
190503,2010,0,1,2014.0,2020.0,0.2467255849867914,0
190503,2012,0,1,2014.0,2020.0,0.16375197706065397,0
190503,2014,1,1,2014.0,2020.0,0.1546534127296477,0
190504,2000,0,1,2012.0,2020.0,0.08854151066609955,0
190504,2002,0,1,2012.0,2020.0,0.0989707716445822,0
190504,2004,0,1,2012.0,2020.0,0.14397719536007902,0
190504,2006,0,1,2012.0,2020.0,0.15368632675516872,0
190504,2008,0,1,2012.0,2020.0,0.2457892432403027,0
190504,2010,0,1,2012.0,2020.0,0.2467255849867914,0
190504,2012,1,1,2012.0,2020.0,0.16375197706065397,0
190601,2000,0,1,2014.0,2020.0,0.08251288402089715,0
190601,2002,0,1,2014.0,2020.0,0.09230394919491257,0
190601,2004,0,1,2014.0,2020.0,0.07507564839526612,0
190601,2006,0,1,2014.0,2020.0,0.08057574553222555,0
190601,2008,0,1,2014.0,2020.0,0.08435277002349136,0
190601,2010,0,1,2014.0,2020.0,0.08474321568631095,0
190601,2012,0,1,2014.0,2020.0,0.09186759489754996,0
190601,2014,1,1,2014.0,2020.0,0.20416737872788263,0
190602,2000,0,1,2012.0,2020.0,0.07700366655517954,0
190602,2002,0,1,2012.0,2020.0,0.08620242331898353,0
190602,2004,0,1,2012.0,2020.0,0.07002510052982189,0
190602,2006,0,1,2012.0,2020.0,0.07518526794441668,0
190602,2008,0,1,2012.0,2020.0,0.12732068631335733,0
190602,2010,0,1,2012.0,2020.0,0.12788224144244292,0
190602,2012,1,1,2012.0,2020.0,0.09581675532649124,0
191202,2000,0,1,2010.0,2020.0,0.10023765303480793,0
191202,2002,0,1,2010.0,2020.0,0.11187549541858331,0
191202,2004,0,1,2010.0,2020.0,0.12224005748654501,0
191202,2006,0,1,2010.0,2020.0,0.13070716273646504,0
191202,2008,0,1,2010.0,2020.0,0.13648528084384157,0
191202,2010,1,1,2010.0,2020.0,0.13708090759271147,0
192601,2000,0,1,2002.0,2020.0,0.15356189415901558,0
192601,2002,1,1,2002.0,2020.0,0.5957965185852059,1
192801,2000,0,0,,2020.0,0.05854977856486705,0
192801,2002,0,0,,2020.0,0.0657009778317973,0
192801,2004,0,0,,2020.0,0.053147322687726664,0
192801,2006,0,0,,2020.0,0.05714018037864596,0
192801,2008,0,0,,2020.0,0.02353213593994206,0
192801,2010,0,0,,2020.0,0.023648330532964723,0
192801,2012,0,0,,2020.0,0.023954272187875273,0
192801,2014,0,0,,2020.0,0.03802772668969631,0
192801,2016,0,0,,2020.0,0.03760764263373736,0
192801,2018,0,0,,2020.0,0.014207083259746595,0
192801,2020,0,0,,2020.0,0.01454352408595111,0
192802,2000,1,1,2000.0,2020.0,0.0892973888524395,0
193502,2000,0,1,2006.0,2020.0,0.1366230448385704,0
193502,2002,0,1,2006.0,2020.0,0.15177274068124255,0
193502,2004,0,1,2006.0,2020.0,0.1651462203546118,0
193502,2006,1,1,2006.0,2020.0,0.17598940235691354,0
194001,2000,0,1,2002.0,2020.0,0.22798056699213115,0
194001,2002,1,1,2002.0,2020.0,0.2503234636252414,0
194801,2000,0,1,2010.0,2020.0,0.09383754782388691,0
194801,2002,0,1,2010.0,2020.0,0.10481888659408388,0
194801,2004,0,1,2010.0,2020.0,0.08547466616897421,0
194801,2006,0,1,2010.0,2020.0,0.09166110376639122,0
194801,2008,0,1,2010.0,2020.0,0.15332715553180562,0
194801,2010,1,1,2010.0,2020.0,0.15398317446954687,0
195401,2000,0,1,2002.0,2018.0,0.18817633960628719,0
195401,2002,1,1,2002.0,2018.0,0.20766761037579765,0
196202,2000,0,1,2002.0,2010.0,0.13169636897964962,0
196202,2002,1,1,2002.0,2010.0,0.14639239144293728,0
197201,2000,0,1,2002.0,2020.0,0.2638149839780356,0
197201,2002,1,1,2002.0,2020.0,0.28835804522371217,0
197401,2000,0,1,2002.0,2002.0,0.0858067845306897,0
197401,2002,1,1,2002.0,2002.0,0.09594783275532962,0
199302,2000,0,1,2002.0,2018.0,0.13488299633207426,0
199302,2002,1,1,2002.0,2018.0,0.14987323755854362,0
199702,2000,0,0,,2016.0,0.09897409236169169,0
199702,2002,0,0,,2016.0,0.11048324602863366,0
199702,2004,0,0,,2016.0,0.1597964425922102,0
199702,2006,0,0,,2016.0,0.17036004573927976,0
199702,2008,0,0,,2016.0,0.16763653783390706,0
199702,2010,0,0,,2016.0,0.1683416073768889,0
199702,2012,0,0,,2016.0,0.0706503801714068,0
199702,2014,0,0,,2016.0,0.03275638432862981,0
199702,2016,0,0,,2016.0,0.0323925708195112,0
199704,2000,0,1,2008.0,2020.0,0.09654879157829277,0
199704,2002,0,1,2008.0,2020.0,0.10780966521599866,0
199704,2004,0,1,2008.0,2020.0,0.1561390010084591,0
199704,2006,0,1,2008.0,2020.0,0.16650873841861727,0
199704,2008,1,1,2008.0,2020.0,0.17355354435776799,0
200202,2000,0,0,,2018.0,0.09598969294138758,0
200202,2002,0,0,,2018.0,0.10719309371446406,0
200202,2004,0,0,,2018.0,0.11718109654948569,0
200202,2006,0,0,,2018.0,0.12534782750676401,0
200202,2008,0,0,,2018.0,0.03278678461961106,0
200202,2010,0,0,,2018.0,0.032947134020460275,0
200202,2012,0,0,,2018.0,0.03336926400572336,0
200202,2014,0,0,,2018.0,0.031244492043590262,0
200202,2016,0,0,,2018.0,0.016623542612242935,0
200202,2018,0,0,,2018.0,0.016545251398311495,0
200206,2000,0,1,2004.0,2020.0,0.27157071734399085,0
200206,2002,0,1,2004.0,2020.0,0.2965446649183033,0
200206,2004,1,1,2004.0,2020.0,0.3178938979408307,0
200209,2000,0,1,2010.0,2020.0,0.0946181208025541,0
200209,2002,0,1,2010.0,2020.0,0.10568015293706225,0
200209,2004,0,1,2010.0,2020.0,0.11554542784943994,0
200209,2006,0,1,2010.0,2020.0,0.1236141255698176,0
200209,2008,0,1,2010.0,2020.0,0.20199648546774193,0
200209,2010,1,1,2010.0,2020.0,0.20281085869013055,0
200301,2000,0,1,2004.0,2018.0,0.24510094217761375,0
200301,2002,0,1,2004.0,2018.0,0.26853807251932943,0
200301,2004,1,1,2004.0,2018.0,0.22662883166324566,0
201201,2000,0,0,,2020.0,0.07602284765846709,0
201201,2002,0,0,,2020.0,0.08511524181637577,0
201201,2004,0,0,,2020.0,0.06912651258163974,0
201201,2006,0,0,,2020.0,0.07422574793205211,0
201201,2008,0,0,,2020.0,0.029911817895060342,0
201201,2010,0,0,,2020.0,0.030058543742809144,0
201201,2012,0,0,,2020.0,0.02868341974119964,0
201201,2014,0,0,,2020.0,0.012984310457352247,0
201201,2016,0,0,,2020.0,0.01283718380670139,0
201201,2018,0,0,,2020.0,0.008686140540195751,0
201201,2020,0,0,,2020.0,0.008893018252363044,0
201301,2000,0,0,,2006.0,0.09858478893706445,0
201301,2002,0,0,,2006.0,0.11005420206486108,0
201301,2004,0,0,,2006.0,0.08984077489280726,0
201301,2006,0,0,,2006.0,0.09630994104571425,0
201302,2000,0,1,2002.0,2020.0,0.25097737551805677,0
201302,2002,1,1,2002.0,2020.0,0.731354919627644,1
201601,2000,0,1,2004.0,2018.0,0.22959229176259768,0
201601,2002,0,1,2004.0,2018.0,0.25204157553849477,0
201601,2004,1,1,2004.0,2018.0,0.27142309466599623,0
202701,2000,0,0,,2018.0,0.06380884887570189,0
202701,2002,0,0,,2018.0,0.07155356478299474,0
202701,2004,0,0,,2018.0,0.05795100271851984,0
202701,2006,0,0,,2018.0,0.062281013483239306,0
202701,2008,0,0,,2018.0,0.06115797127608654,0
202701,2010,0,0,,2018.0,0.061448259613072015,0
202701,2012,0,0,,2018.0,0.02399885798941424,0
202701,2014,0,0,,2018.0,0.022456880572490904,0
202701,2016,0,0,,2018.0,0.01619908327554515,0
202701,2018,0,0,,2018.0,0.016122758345089454,0
203501,2000,0,1,2006.0,2020.0,0.20942849588894746,0
203501,2002,0,1,2006.0,2020.0,0.230496061218238,0
203501,2004,0,1,2006.0,2020.0,0.19295765947390803,0
203501,2006,1,1,2006.0,2020.0,0.20517810824042185,0
205001,2000,0,1,2018.0,2018.0,0.10244571447989352,0
205001,2002,0,1,2018.0,2018.0,0.1143073497246152,0
205001,2004,0,1,2018.0,2018.0,0.0933947347388379,0
205001,2006,0,1,2018.0,2018.0,0.10009166809910819,0
205001,2008,0,1,2018.0,2018.0,0.10467935539806669,0
205001,2010,0,1,2018.0,2018.0,0.10515308233867593,0
205001,2012,0,1,2018.0,2018.0,0.10639855394263038,0
205001,2014,0,1,2018.0,2018.0,0.1001052463391945,0
205001,2016,0,1,2018.0,2018.0,0.09907002898823165,0
205001,2018,1,1,2018.0,2018.0,0.09864239276745149,0
205402,2000,1,1,2000.0,2018.0,0.058777139781540706,0
205701,2000,1,1,2000.0,2018.0,0.5992233849350308,1
206202,2000,0,1,2002.0,2018.0,0.2301028685609717,0
206202,2002,1,1,2002.0,2018.0,0.3982807199189892,0
206603,2000,1,1,2000.0,2018.0,0.2218303857192734,0
206801,2000,0,1,2004.0,2014.0,0.2407411312464768,0
206801,2002,0,1,2004.0,2014.0,0.2639071097223342,0
206801,2004,1,1,2004.0,2014.0,0.2225007532464795,0
207002,2000,0,1,2004.0,2018.0,0.4698443536728418,0
207002,2002,0,1,2004.0,2018.0,0.8780556302585275,1
207002,2004,1,1,2004.0,2018.0,0.8517953165783402,1
207102,2000,0,1,2012.0,2020.0,0.09255218648651431,0
207102,2002,0,1,2012.0,2020.0,0.10340026988837805,0
207102,2004,0,1,2012.0,2020.0,0.11307962739397238,0
207102,2006,0,1,2012.0,2020.0,0.12099969170030431,0
207102,2008,0,1,2012.0,2020.0,0.1980989946217725,0
207102,2010,0,1,2012.0,2020.0,0.19890157113968138,0
207102,2012,1,1,2012.0,2020.0,0.13826301508365452,0
207201,2000,0,1,2002.0,2020.0,0.11681539947399232,0
207201,2002,1,1,2002.0,2020.0,0.13009965829331227,0
207701,2000,1,1,2000.0,2018.0,0.14335475999204292,0
207902,2000,0,1,2006.0,2018.0,0.1032998616518647,0
207902,2002,0,1,2006.0,2018.0,0.11524769540294946,0
207902,2004,0,1,2006.0,2018.0,0.1258803900181322,0
207902,2006,1,1,2006.0,2018.0,0.1345609922792569,0
208201,2000,0,1,2002.0,2018.0,0.21934618026203365,0
208201,2002,1,1,2002.0,2018.0,0.24110715099983626,0
209801,2000,0,0,,2018.0,0.13887331917288612,0
209801,2002,0,0,,2018.0,0.1542279671546929,0
209801,2004,0,0,,2018.0,0.12705959100749117,0
209801,2006,0,0,,2018.0,0.1358088760591354,0
209801,2008,0,0,,2018.0,0.07154890077737701,0
209801,2010,0,0,,2018.0,0.07188473363099092,0
209801,2012,0,0,,2018.0,0.072768205941251,0
209801,2014,0,0,,2018.0,0.03377958208512283,0
209801,2016,0,0,,2018.0,0.01314104778769617,0
209801,2018,0,0,,2018.0,0.0130789397975296,0
209804,2000,0,1,2006.0,2020.0,0.1045279049848673,0
209804,2002,0,1,2006.0,2020.0,0.2054129038896515,0
209804,2004,0,1,2006.0,2020.0,0.1710514733970928,0
209804,2006,1,1,2006.0,2020.0,0.3645920771677504,0
210203,2000,0,0,,2020.0,0.07053192822318456,0
210203,2002,0,0,,2020.0,0.07902377025494332,0
210203,2004,0,0,,2020.0,0.06409914135152385,0
210203,2006,0,0,,2020.0,0.06885495533981711,0
210203,2008,0,0,,2020.0,0.027651699813019532,0
210203,2010,0,0,,2020.0,0.02778765671552976,0
210203,2012,0,0,,2020.0,0.028145605661183567,0
210203,2014,0,0,,2020.0,0.012736994697874196,0
210203,2016,0,0,,2020.0,0.012592634655955266,0
210203,2018,0,0,,2020.0,0.006636519575644372,0
210203,2020,0,0,,2020.0,0.006794916093900503,0
210204,2000,0,0,,2020.0,0.13310282332626422,0
210204,2002,0,0,,2020.0,0.14792905401076867,0
210204,2004,0,0,,2020.0,0.1217106005545083,0
210204,2006,0,0,,2020.0,0.1301464699483437,0
210204,2008,0,0,,2020.0,0.13590367678700213,0
210204,2010,0,0,,2020.0,0.13649716660263445,0
210204,2012,0,0,,2020.0,0.13805661259434937,0
210204,2014,0,0,,2020.0,0.0665995343720631,0
210204,2016,0,0,,2020.0,0.06588544099878446,0
210204,2018,0,0,,2020.0,0.07652892171765081,0
210204,2020,0,0,,2020.0,0.07822410732871574,0
210302,2000,0,1,2002.0,2018.0,0.13695785825762136,0
210302,2002,1,1,2002.0,2018.0,0.1521381383483819,0
210304,2000,0,1,2006.0,2020.0,0.1487399132112573,0
210304,2002,0,1,2006.0,2020.0,0.16497647109964061,0
210304,2004,0,1,2006.0,2020.0,0.17926751200331126,0
210304,2006,1,1,2006.0,2020.0,0.3778667751525629,0
210402,2000,0,0,,2020.0,0.09285260745023258,0
210402,2002,0,0,,2020.0,0.10373187813127462,0
210402,2004,0,0,,2020.0,0.08456931240092809,0
210402,2006,0,0,,2020.0,0.09069672137327703,0
210402,2008,0,0,,2020.0,0.036941752586371716,0
210402,2010,0,0,,2020.0,0.0371216426676015,0
210402,2012,0,0,,2020.0,0.03759517859611806,0
210402,2014,0,0,,2020.0,0.01710434648385293,0
210402,2016,0,0,,2020.0,0.016911335136151007,0
210402,2018,0,0,,2020.0,0.005105343679188534,0
210402,2020,0,0,,2020.0,0.005227387310296504,0
211202,2000,0,0,,2018.0,0.06215421643791475,0
211202,2002,0,0,,2018.0,0.06971305812017209,0
211202,2004,0,0,,2018.0,0.05643911312152944,0
211202,2006,0,0,,2018.0,0.060663432269381826,0
211202,2008,0,0,,2018.0,0.03069665396958196,0
211202,2010,0,0,,2018.0,0.030847107239974445,0
211202,2012,0,0,,2018.0,0.031243200239605966,0
211202,2014,0,0,,2018.0,0.029249707967949998,0
211202,2016,0,0,,2018.0,0.012400195366195084,0
211202,2018,0,0,,2018.0,0.012341545047300178,0
211902,2000,0,1,2006.0,2020.0,0.08797703766428752,0
211902,2002,0,1,2006.0,2020.0,0.09834698385311032,0
211902,2004,0,1,2006.0,2020.0,0.08009028721909973,0
211902,2006,1,1,2006.0,2020.0,0.0859236319681745,0
211904,2000,0,0,,2012.0,0.09096859711174216,0
211904,2002,0,0,,2012.0,0.10165185959310029,0
211904,2004,0,0,,2012.0,0.0828380251471564,0
211904,2006,0,0,,2012.0,0.08885217013197227,0
211904,2008,0,0,,2012.0,0.0531488165388893,0
211904,2010,0,0,,2012.0,0.05340325156923115,0
211904,2012,0,0,,2012.0,0.022612913104733227,0
212302,2000,0,1,2008.0,2020.0,0.10106552655161502,0
212302,2002,0,1,2008.0,2020.0,0.19935275649462753,0
212302,2004,0,1,2008.0,2020.0,0.21585186901829104,0
212302,2006,0,1,2008.0,2020.0,0.2291106372229132,0
212302,2008,1,1,2008.0,2020.0,0.3478369249527401,0
212401,2000,0,1,2010.0,2020.0,0.08911814540900777,0
212401,2002,0,1,2010.0,2020.0,0.09960790516883275,0
212401,2004,0,1,2010.0,2020.0,0.10897540569190602,0
212401,2006,0,1,2010.0,2020.0,0.11664581741017102,0
212401,2008,0,1,2010.0,2020.0,0.12188949073929543,0
212401,2010,1,1,2010.0,2020.0,0.48099134349326045,0
212802,2000,0,1,2002.0,2018.0,0.3880636107666912,0
212802,2002,1,1,2002.0,2018.0,0.41760871434116864,0
213001,2000,0,1,2014.0,2018.0,0.10529997258162552,0
213001,2002,0,1,2014.0,2018.0,0.11744884232165417,0
213001,2004,0,1,2014.0,2018.0,0.09602380011377686,0
213001,2006,0,1,2014.0,2018.0,0.102887857968892,0
213001,2008,0,1,2014.0,2018.0,0.03343394113553966,0
213001,2010,0,1,2014.0,2018.0,0.03359734562524105,0
213001,2012,0,1,2014.0,2018.0,0.03402751321264564,0
213001,2014,1,1,2014.0,2018.0,0.03186220911138444,0
213101,2000,1,1,2000.0,2010.0,0.1351626859181334,0
213702,2000,0,1,2002.0,2018.0,0.13327886130065245,0
213702,2002,1,1,2002.0,2018.0,0.14812135030721602,0
214001,2000,0,1,2014.0,2020.0,0.08251288402089715,0
214001,2002,0,1,2014.0,2020.0,0.09230394919491257,0
214001,2004,0,1,2014.0,2020.0,0.07507564839526612,0
214001,2006,0,1,2014.0,2020.0,0.08057574553222555,0
214001,2008,0,1,2014.0,2020.0,0.13589978416269757,0
214001,2010,0,1,2014.0,2020.0,0.136493259664465,0
214001,2012,0,1,2014.0,2020.0,0.09391377502502052,0
214001,2014,1,1,2014.0,2020.0,0.20814154377793076,0
215502,2000,0,1,2014.0,2020.0,0.0928922835737717,0
215502,2002,0,1,2014.0,2020.0,0.10377567118588872,0
215502,2004,0,1,2014.0,2020.0,0.11348572223404875,0
215502,2006,0,1,2014.0,2020.0,0.12143033513998444,0
215502,2008,0,1,2014.0,2020.0,0.19874199617228572,0
215502,2010,0,1,2014.0,2020.0,0.19954652949533866,0
215502,2012,0,1,2014.0,2020.0,0.12888603690877587,0
215502,2014,1,1,2014.0,2020.0,0.2728419539642286,0
216401,2000,0,1,2006.0,2020.0,0.24577060877240645,0
216401,2002,0,1,2006.0,2020.0,0.26924893489217533,0
216401,2004,0,1,2006.0,2020.0,0.28944161613561037,0
216401,2006,1,1,2006.0,2020.0,0.5311117455913789,1
217401,2000,1,1,2000.0,2018.0,0.1441035443667903,0
217402,2000,0,1,2004.0,2020.0,0.2417867743792979,0
217402,2002,0,1,2004.0,2020.0,0.4139131298392304,0
217402,2004,1,1,2004.0,2020.0,0.43844559923234017,0
217501,2000,0,0,,2018.0,0.05506196416794598,0
217501,2002,0,0,,2018.0,0.06181513676779503,0
217501,2004,0,0,,2018.0,0.04996425321982633,0
217501,2006,0,0,,2018.0,0.05373154341831955,0
217501,2008,0,0,,2018.0,0.04939548024378248,0
217501,2010,0,0,,2018.0,0.04963288909577944,0
217501,2012,0,0,,2018.0,0.050257692375253904,0
217501,2014,0,0,,2018.0,0.10065262244811102,0
217501,2016,0,0,,2018.0,0.11232085671363479,0
217501,2018,0,0,,2018.0,0.11184312380998152,0
217601,2000,0,1,2012.0,2018.0,0.08821579353012873,0
217601,2002,0,1,2012.0,2018.0,0.09861083927769701,0
217601,2004,0,1,2012.0,2018.0,0.08030952439072538,0
217601,2006,0,1,2012.0,2018.0,0.08615734164989096,0
217601,2008,0,1,2012.0,2018.0,0.09017034627709755,0
217601,2010,0,1,2012.0,2018.0,0.39820008213148367,0
217601,2012,1,1,2012.0,2018.0,0.592266533479835,1
219302,2000,0,0,,2018.0,0.06253007895255774,0
219302,2002,0,0,,2018.0,0.07013121272294524,0
219302,2004,0,0,,2018.0,0.05678250743901082,0
219302,2006,0,0,,2018.0,0.06103086629567303,0
219302,2008,0,0,,2018.0,0.01062061361142487,0
219302,2010,0,0,,2018.0,0.010673751884719154,0
219302,2012,0,0,,2018.0,0.011490734949799743,0
219302,2014,0,0,,2018.0,0.01074358426836287,0
219302,2016,0,0,,2018.0,0.007806678987521216,0
219302,2018,0,0,,2018.0,0.007769584111700264,0
220401,2000,0,1,2004.0,2020.0,0.24038079018209793,0
220401,2002,0,1,2004.0,2020.0,0.2635241288056481,0
220401,2004,1,1,2004.0,2020.0,0.35396388752533686,0
221003,2000,1,1,2000.0,2018.0,0.16035743523456417,0
221202,2000,0,1,2002.0,2018.0,0.09523019524267964,0
221202,2002,1,1,2002.0,2018.0,0.18903587925641477,0
221401,2000,0,0,,2020.0,0.13059965159304135,0
221401,2002,0,0,,2020.0,0.1451937554655298,0
221401,2004,0,0,,2020.0,0.15809557486674558,0
221401,2006,0,0,,2020.0,0.1685692978540087,0
221401,2008,0,0,,2020.0,0.09043030202825639,0
221401,2010,0,0,,2020.0,0.09084608786412948,0
221401,2012,0,0,,2020.0,0.09719668527064132,0
221401,2014,0,0,,2020.0,0.04576549203274327,0
221401,2016,0,0,,2020.0,0.04526395255284363,0
221401,2018,0,0,,2020.0,0.015179197885775046,0
221401,2020,0,0,,2020.0,0.015538296696131352,0
221502,2000,0,1,2004.0,2018.0,0.3578670480371536,0
221502,2002,0,1,2004.0,2018.0,0.38656544734791476,0
221502,2004,1,1,2004.0,2018.0,0.3346639305351088,0
222501,2000,0,1,2006.0,2020.0,0.10471726168179422,0
222501,2002,0,1,2006.0,2020.0,0.06325427040882109,0
222501,2004,0,1,2006.0,2020.0,0.06946670736332743,0
222501,2006,1,1,2006.0,2020.0,0.171902311497889,0
223001,2000,0,1,2010.0,2020.0,0.1026418049076327,0
223001,2002,0,1,2010.0,2020.0,0.11452324745855724,0
223001,2004,0,1,2010.0,2020.0,0.12509855524067567,0
223001,2006,0,1,2010.0,2020.0,0.13373349137619375,0
223001,2008,0,1,2010.0,2020.0,0.21694404461014902,0
223001,2010,1,1,2010.0,2020.0,0.649085454591662,1
223701,2000,0,1,2002.0,2020.0,0.23383836334923522,0
223701,2002,1,1,2002.0,2020.0,0.2565645595542493,0
223703,2000,0,1,2008.0,2020.0,0.08911814540900777,0
223703,2002,0,1,2008.0,2020.0,0.09960790516883275,0
223703,2004,0,1,2008.0,2020.0,0.10897540569190602,0
223703,2006,0,1,2008.0,2020.0,0.11664581741017102,0
223703,2008,1,1,2008.0,2020.0,0.07519416778483722,0
224003,2000,0,1,2002.0,2020.0,0.3981460816090051,0
224003,2002,1,1,2002.0,2020.0,0.5835219327978634,1
224301,2000,1,1,2000.0,2018.0,0.32203932684897174,0
224601,2000,0,1,2006.0,2020.0,0.1535565611174894,0
224601,2002,0,1,2006.0,2020.0,0.28661571444120315,0
224601,2004,0,1,2006.0,2020.0,0.3075626600496193,0
224601,2006,1,1,2006.0,2020.0,0.3241262510742911,0
224701,2000,0,1,2004.0,2010.0,0.13893291968911478,0
224701,2002,0,1,2004.0,2010.0,0.26326159629615054,0
224701,2004,1,1,2004.0,2010.0,0.28317925576371505,0
225002,2000,0,1,2002.0,2006.0,0.08558180274274432,0
225002,2002,1,1,2002.0,2006.0,0.0956990449810108,0
225003,2000,0,1,2002.0,2002.0,0.31078756092935617,0
225003,2002,1,1,2002.0,2002.0,0.33769601363980567,0
225101,2000,0,0,,2020.0,0.06296189018296128,0
225101,2002,0,0,,2020.0,0.07061156108765099,0
225101,2004,0,0,,2020.0,0.05717704868741579,0
225101,2006,0,0,,2020.0,0.06145300314150151,0
225101,2008,0,0,,2020.0,0.031109106552993895,0
225101,2010,0,0,,2020.0,0.03126151617591148,0
225101,2012,0,0,,2020.0,0.03166275655572142,0
225101,2014,0,0,,2020.0,0.023130760526158093,0
225101,2016,0,0,,2020.0,0.022871327453901937,0
225101,2018,0,0,,2020.0,0.011189020446295066,0
225101,2020,0,0,,2020.0,0.011454820404032343,0
225102,2000,0,0,,2016.0,0.07547288645749962,0
225102,2002,0,0,,2016.0,0.08450552056365906,0
225102,2004,0,0,,2016.0,0.06862273533798552,0
225102,2006,0,0,,2016.0,0.0736877504342775,0
225102,2008,0,0,,2016.0,0.034666074835992246,0
225102,2010,0,0,,2016.0,0.03483528420437051,0
225102,2012,0,0,,2016.0,0.033249123975488876,0
225102,2014,0,0,,2016.0,0.031131755497559723,0
225102,2016,0,0,,2016.0,0.030785411853326325,0
226001,2000,0,0,,2018.0,0.06192150833803192,0
226001,2002,0,0,,2018.0,0.06945414525004263,0
226001,2004,0,0,,2018.0,0.05622651977126935,0
226001,2006,0,0,,2018.0,0.0604359460477932,0
226001,2008,0,0,,2018.0,0.0633339394437335,0
226001,2010,0,0,,2018.0,0.06363385604263334,0
226001,2012,0,0,,2018.0,0.06442296278632315,0
226001,2014,0,0,,2018.0,0.060444506005080945,0
226001,2016,0,0,,2018.0,0.059792180498163684,0
226001,2018,0,0,,2018.0,0.059522885871640535,0
226002,2000,0,0,,2020.0,0.06197287457587349,0
226002,2002,0,0,,2020.0,0.06951129707596032,0
226002,2004,0,0,,2020.0,0.05627344519607152,0
226002,2006,0,0,,2020.0,0.060486159414568474,0
226002,2008,0,0,,2020.0,0.06338639817674946,0
226002,2010,0,0,,2020.0,0.06368654630234072,0
226002,2012,0,0,,2020.0,0.051151497534476925,0
226002,2014,0,0,,2020.0,0.02345199443161834,0
226002,2016,0,0,,2020.0,0.02318904394823019,0
226002,2018,0,0,,2020.0,0.013367939851267331,0
226002,2020,0,0,,2020.0,0.013684784614082578,0
226503,2000,0,1,2004.0,2018.0,0.27634980638876233,0
226503,2002,0,1,2004.0,2018.0,0.30158128835115505,0
226503,2004,1,1,2004.0,2018.0,0.25632227133962177,0
226702,2000,0,0,,2018.0,0.05765010376896551,0
226702,2002,0,0,,2018.0,0.06469896944598102,0
226702,2004,0,0,,2018.0,0.052326047985533405,0
226702,2006,0,0,,2018.0,0.05626087105323553,0
226702,2008,0,0,,2018.0,0.04684439296603383,0
226702,2010,0,0,,2018.0,0.047070147689153984,0
226702,2012,0,0,,2018.0,0.04766430792334211,0
226702,2014,0,0,,2018.0,0.04467137076225231,0
226702,2016,0,0,,2018.0,0.06795720913495937,0
226702,2018,0,0,,2018.0,0.06765378661518405,0
226704,2000,1,1,2000.0,2014.0,0.08032897958216906,0
226706,2000,0,1,2004.0,2016.0,0.10848637431766106,0
226706,2002,0,1,2004.0,2016.0,0.12095317265466388,0
226706,2004,1,1,2004.0,2016.0,0.09896055014261428,0
227101,2000,0,1,2004.0,2018.0,0.09926062560254191,0
227101,2002,0,1,2004.0,2018.0,0.19617562933658034,0
227101,2004,1,1,2004.0,2018.0,0.212481575545662,0
227102,2000,0,1,2008.0,2020.0,0.09887419039600998,0
227102,2002,0,1,2008.0,2020.0,0.1954937795475097,0
227102,2004,0,1,2008.0,2020.0,0.21175798129156703,0
227102,2006,0,1,2008.0,2020.0,0.5710025163760003,1
227102,2008,1,1,2008.0,2020.0,0.7048958106109566,1
227202,2000,0,1,2002.0,2012.0,0.2789235326934806,0
227202,2002,1,1,2002.0,2012.0,0.3042911914931956,0
227802,2000,0,1,2002.0,2018.0,0.16964647040919614,0
227802,2002,1,1,2002.0,2018.0,0.18766209305193984,0
228103,2000,0,1,2002.0,2018.0,0.6216875710291125,1
228103,2002,1,1,2002.0,2018.0,0.650122728911637,1
228601,2000,0,1,2016.0,2020.0,0.0793412631243079,0
228601,2002,0,1,2016.0,2020.0,0.08879240256818874,0
228601,2004,0,1,2016.0,2020.0,0.07216741311975129,0
228601,2006,0,1,2016.0,2020.0,0.07747229681016823,0
228601,2008,0,1,2016.0,2020.0,0.08111668039652241,0
228601,2010,0,1,2016.0,2020.0,0.08149348023689928,0
228601,2012,0,1,2016.0,2020.0,0.10151363333790585,0
228601,2014,0,1,2016.0,2020.0,0.22271306342090505,0
228601,2016,1,1,2016.0,2020.0,0.760218151327835,1
228702,2000,0,1,2008.0,2020.0,0.09788367049345095,0
228702,2002,0,1,2008.0,2020.0,0.10928140389409534,0
228702,2004,0,1,2008.0,2020.0,0.15815354506921786,0
228702,2006,0,1,2008.0,2020.0,0.16863033930735546,0
228702,2008,1,1,2008.0,2020.0,0.17574598097786714,0
228801,2000,0,1,2012.0,2020.0,0.08732170239191632,0
228801,2002,0,1,2012.0,2020.0,0.09762267180986078,0
228801,2004,0,1,2012.0,2020.0,0.07948857959025514,0
228801,2006,0,1,2012.0,2020.0,0.08528216210112914,0
228801,2008,0,1,2012.0,2020.0,0.05429100365495205,0
228801,2010,0,1,2012.0,2020.0,0.05455059156515988,0
228801,2012,1,1,2012.0,2020.0,0.10789622502882981,0
228802,2000,0,0,,2020.0,0.08053789171922435,0
228802,2002,0,0,,2020.0,0.09011762107400421,0
228802,2004,0,0,,2020.0,0.07326445545793846,0
228802,2006,0,0,,2020.0,0.0786431453883648,0
228802,2008,0,0,,2020.0,0.0499328769896963,0
228802,2010,0,0,,2020.0,0.050172732400569395,0
228802,2012,0,0,,2020.0,0.0818800397640165,0
228802,2014,0,0,,2020.0,0.18445068947450732,0
228802,2016,0,0,,2020.0,0.18272033673718577,0
228802,2018,0,0,,2020.0,0.023720773266568646,0
228802,2020,0,0,,2020.0,0.024276961400785002,0
229001,2000,0,1,2006.0,2020.0,0.3362961875147776,0
229001,2002,0,1,2006.0,2020.0,0.3642459923046015,0
229001,2004,0,1,2006.0,2020.0,0.3877824335028053,0
229001,2006,1,1,2006.0,2020.0,0.7583510652886735,1
229401,2000,0,1,2004.0,2018.0,0.3630811952402066,0
229401,2002,0,1,2004.0,2018.0,0.7027992371695628,1
229401,2004,1,1,2004.0,2018.0,0.7233224535853028,1
229601,2000,0,1,2010.0,2020.0,0.09575397561232395,0
229601,2002,0,1,2010.0,2020.0,0.10693311901169501,0
229601,2004,0,1,2010.0,2020.0,0.11690006976828597,0
229601,2006,0,1,2010.0,2020.0,0.12504998933796413,0
229601,2008,0,1,2010.0,2020.0,0.20413074601158435,0
229601,2010,1,1,2010.0,2020.0,0.20495151385893676,0
229902,2000,0,1,2002.0,2020.0,0.16495291205080695,0
229902,2002,1,1,2002.0,2020.0,0.18257969818599737,0
229903,2000,0,1,2002.0,2020.0,0.16495291205080695,0
229903,2002,1,1,2002.0,2020.0,0.18257969818599737,0
230102,2000,0,1,2002.0,2020.0,0.1680214772401532,0
230102,2002,1,1,2002.0,2020.0,0.6213304969540258,1
231101,2000,0,1,2014.0,2018.0,0.09127832634852062,0
231101,2002,0,1,2014.0,2018.0,0.10199388190807186,0
231101,2004,0,1,2014.0,2018.0,0.08312260281909457,0
231101,2006,0,1,2014.0,2018.0,0.0891554001181492,0
231101,2008,0,1,2014.0,2018.0,0.053337332734954175,0
231101,2010,0,1,2014.0,2018.0,0.05359261915312229,0
231101,2012,0,1,2014.0,2018.0,0.05426442328195556,0
231101,2014,1,1,2014.0,2018.0,0.050879193132234865,0
231102,2000,0,1,2006.0,2018.0,0.1489022158333752,0
231102,2002,0,1,2006.0,2018.0,0.16515305350377957,0
231102,2004,0,1,2006.0,2018.0,0.13637045165710518,0
231102,2006,1,1,2006.0,2018.0,0.14565390225479796,0
231302,2000,0,1,2006.0,2020.0,0.13507481043325248,0
231302,2002,0,1,2006.0,2020.0,0.3931393283272422,0
231302,2004,0,1,2006.0,2020.0,0.4173172453990928,0
231302,2006,1,1,2006.0,2020.0,0.7801443113002068,1
231901,2000,0,0,,2020.0,0.095806559805962,0
231901,2002,0,0,,2020.0,0.10699111594980089,0
231901,2004,0,0,,2020.0,0.08728510105651632,0
231901,2006,0,0,,2020.0,0.0935891636937817,0
231901,2008,0,0,,2020.0,0.03819187909796129,0
231901,2010,0,0,,2020.0,0.038377614157380474,0
231901,2012,0,0,,2020.0,0.038866524962483835,0
231901,2014,0,0,,2020.0,0.03640490044254706,0
231901,2016,0,0,,2020.0,0.03600207247327383,0
231901,2018,0,0,,2020.0,0.03583584088685,0
231901,2020,0,0,,2020.0,0.03666542621815708,0
231903,2000,1,1,2000.0,2018.0,0.44555184556096195,0
231905,2000,0,1,2008.0,2020.0,0.31863800189031555,0
231905,2002,0,1,2008.0,2020.0,0.5087637124709855,1
231905,2004,0,1,2008.0,2020.0,0.4525594806900921,0
231905,2006,0,1,2008.0,2020.0,0.4716133344725724,0
231905,2008,1,1,2008.0,2020.0,0.599117718894044,1
233301,2000,0,1,2002.0,2018.0,0.14723398612313568,0
233301,2002,1,1,2002.0,2018.0,0.16333769829375117,0
234801,2000,0,0,,2018.0,0.08749819455273457,0
234801,2002,0,0,,2018.0,0.09781775257960001,0
234801,2004,0,0,,2018.0,0.07965062135109423,0
234801,2006,0,0,,2018.0,0.08545491797182221,0
234801,2008,0,0,,2018.0,0.043812745709872376,0
234801,2010,0,0,,2018.0,0.044024564996462866,0
234801,2012,0,0,,2018.0,0.04727228871989282,0
234801,2014,0,0,,2018.0,0.11176759083767479,0
234801,2016,0,0,,2018.0,0.0182087115017059,0
234801,2018,0,0,,2018.0,0.018123092270172805,0
235702,2000,0,0,,2018.0,0.12057049864558314,0
235702,2002,0,0,,2018.0,0.1342168922528204,0
235702,2004,0,0,,2018.0,0.11011466494873566,0
235702,2006,0,0,,2018.0,0.11785465884426356,0
235702,2008,0,0,,2018.0,0.09921288821143118,0
235702,2010,0,0,,2018.0,0.09966463045219917,0
235702,2012,0,0,,2018.0,0.10085242136845142,0
235702,2014,0,0,,2018.0,0.09485233809599714,0
235702,2016,0,0,,2018.0,0.09386577641464665,0
235702,2018,0,0,,2018.0,0.09345827404403254,0
235901,2000,0,0,,2020.0,0.1432526283477965,0
235901,2002,0,0,,2020.0,0.15900207329376798,0
235901,2004,0,0,,2020.0,0.1311230859351783,0
235901,2006,0,0,,2020.0,0.14010727224123837,0
235901,2008,0,0,,2020.0,0.14623103453656208,0
235901,2010,0,0,,2020.0,0.14686195869545415,0
235901,2012,0,0,,2020.0,0.15645448597930287,0
235901,2014,0,0,,2020.0,0.1476897824769434,0
235901,2016,0,0,,2020.0,0.1462424487656315,0
235901,2018,0,0,,2020.0,0.14564410973592173,0
235901,2020,0,0,,2020.0,0.14862386581481982,0
236901,2000,0,1,2004.0,2018.0,0.13439545477848686,0
236901,2002,0,1,2004.0,2018.0,0.5578084846173863,1
236901,2004,1,1,2004.0,2018.0,0.5017198814611092,1
239402,2000,0,1,2002.0,2020.0,0.17084888805490586,0
239402,2002,1,1,2002.0,2020.0,0.626046034877455,1
239501,2000,0,0,,2018.0,0.10873285921683822,0
239501,2002,0,0,,2018.0,0.1212241310517835,0
239501,2004,0,0,,2018.0,0.13232574242596032,0
239501,2006,0,0,,2018.0,0.14137892327261742,0
239501,2008,0,0,,2018.0,0.1195203282111802,0
239501,2010,0,0,,2018.0,0.12005221227494545,0
239501,2012,0,0,,2018.0,0.11504837911977855,0
239501,2014,0,0,,2018.0,0.10830545725278742,0
239501,2016,0,0,,2018.0,0.05543271509730776,0
239501,2018,0,0,,2018.0,0.05518190245781906,0
239503,2000,1,1,2000.0,2008.0,0.2125993423692444,0
239504,2000,0,1,2004.0,2018.0,0.21800390346256077,0
239504,2002,0,1,2004.0,2018.0,0.3817232566576736,0
239504,2004,1,1,2004.0,2018.0,0.40566841211893606,0
239602,2000,0,1,2006.0,2020.0,0.12092369589176334,0
239602,2002,0,1,2006.0,2020.0,0.13460394643743842,0
239602,2004,0,1,2006.0,2020.0,0.11044107953606881,0
239602,2006,1,1,2006.0,2020.0,0.11820096965583586,0
239803,2000,0,1,2008.0,2020.0,0.20441864837942705,0
239803,2002,0,1,2008.0,2020.0,0.22512575720314987,0
239803,2004,0,1,2008.0,2020.0,0.18824799976700288,0
239803,2006,0,1,2008.0,2020.0,0.2002441829688594,0
239803,2008,1,1,2008.0,2020.0,0.20835949454670913,0
239903,2000,0,1,2010.0,2020.0,0.09707904625693549,0
239903,2002,0,1,2010.0,2020.0,0.10839434549639272,0
239903,2004,0,1,2010.0,2020.0,0.08845547917404208,0
239903,2006,0,1,2010.0,2020.0,0.09483528800875948,0
239903,2008,0,1,2010.0,2020.0,0.09920861022415355,0
239903,2010,1,1,2010.0,2020.0,0.09966033514120055,0
240404,2000,0,1,2016.0,2020.0,0.08555807064643442,0
240404,2002,0,1,2016.0,2020.0,0.0956728008777828,0
240404,2004,0,1,2016.0,2020.0,0.13941153625632666,0
240404,2006,0,1,2016.0,2020.0,0.14886632432797692,0
240404,2008,0,1,2016.0,2020.0,0.15530378069083292,0
240404,2010,0,1,2016.0,2020.0,0.15596669883764874,0
240404,2012,0,1,2016.0,2020.0,0.35695585250553624,0
240404,2014,0,1,2016.0,2020.0,0.5846742779768529,1
240404,2016,1,1,2016.0,2020.0,0.581868127665964,1
240701,2000,0,0,,2018.0,0.12385819891900045,0
240701,2002,0,0,,2018.0,0.13781838625095655,0
240701,2004,0,0,,2018.0,0.11315394109550295,0
240701,2006,0,0,,2018.0,0.1210784997603181,0
240701,2008,0,0,,2018.0,0.05031292649522297,0
240701,2010,0,0,,2018.0,0.05055451035310731,0
240701,2012,0,0,,2018.0,0.0455431428220579,0
240701,2014,0,0,,2018.0,0.04267742905805702,0
240701,2016,0,0,,2018.0,0.15012206312750315,0
240701,2018,0,0,,2018.0,0.14951063068562145,0
240702,2000,0,1,2002.0,2018.0,0.13675561373806439,0
240702,2002,1,1,2002.0,2018.0,0.15191742312845985,0
240804,2000,0,0,,2020.0,0.09444509955508,0
240804,2002,0,0,,2020.0,0.10548926023394174,0
240804,2004,0,0,,2020.0,0.11533901345686616,0
240804,2006,0,0,,2020.0,0.12339530798137478,0
240804,2008,0,0,,2020.0,0.1288981225512777,0
240804,2010,0,0,,2020.0,0.12946560289752895,0
240804,2012,0,0,,2020.0,0.13095689828455045,0
240804,2014,0,0,,2020.0,0.27649166542305437,0
240804,2016,0,0,,2020.0,0.27418815721750345,0
240804,2018,0,0,,2020.0,0.27323387147442063,0
240804,2020,0,0,,2020.0,0.2818216252012124,0
240901,2000,0,0,,2004.0,0.0917463769601938,0
240901,2002,0,0,,2004.0,0.10251068061717042,0
240901,2004,0,0,,2004.0,0.08355267826667577,0
240902,2000,0,0,,2000.0,0.2102062589177959,0
241601,2000,0,1,2004.0,2010.0,0.23392581762869247,0
241601,2002,0,1,2004.0,2010.0,0.7127216187827811,1
241601,2004,1,1,2004.0,2010.0,0.7916186937043712,1
241602,2000,0,1,2002.0,2020.0,0.09851457086810074,0
241602,2002,1,1,2002.0,2020.0,0.19485873141207247,0
241603,2000,0,1,2008.0,2020.0,0.095404503238048,0
241603,2002,0,1,2008.0,2020.0,0.18934595515277147,0
241603,2004,0,1,2008.0,2020.0,0.26343427583592494,0
241603,2006,0,1,2008.0,2020.0,0.2785774632722256,0
241603,2008,1,1,2008.0,2020.0,0.40932659816949724,0
242001,2000,0,1,2002.0,2018.0,0.11709475766748478,0
242001,2002,1,1,2002.0,2018.0,0.13040609434851683,0
243301,2000,0,1,2006.0,2020.0,0.1119687154012977,0
243301,2002,0,1,2006.0,2020.0,0.21828460989713802,0
243301,2004,0,1,2006.0,2020.0,0.2358889529543448,0
243301,2006,1,1,2006.0,2020.0,0.24998613175649556,0
244102,2000,0,1,2002.0,2014.0,0.08364153527694788,0
244102,2002,1,1,2002.0,2014.0,0.09355287134045816,0
244201,2000,0,1,2002.0,2018.0,0.16249488231386622,0
244201,2002,1,1,2002.0,2018.0,0.17991559701623105,0
244202,2000,0,1,2008.0,2020.0,0.1486725908783202,0
244202,2002,0,1,2008.0,2020.0,0.2788941188755926,0
244202,2004,0,1,2008.0,2020.0,0.29951367192064354,0
244202,2006,0,1,2008.0,2020.0,0.6793287948217982,1
244202,2008,1,1,2008.0,2020.0,0.6901061036626372,1
244702,2000,0,0,,2018.0,0.10007601676939148,0
244702,2002,0,0,,2018.0,0.11169742245529449,0
244702,2004,0,0,,2018.0,0.09121312146146315,0
244702,2006,0,0,,2018.0,0.09777049097532792,0
244702,2008,0,0,,2018.0,0.019706015154790063,0
244702,2010,0,0,,2018.0,0.019803700669322345,0
244702,2012,0,0,,2018.0,0.017783504138183446,0
244702,2014,0,0,,2018.0,0.016634070210599195,0
244702,2016,0,0,,2018.0,0.007271331465151597,0
244702,2018,0,0,,2018.0,0.007236761838137727,0
245002,2000,0,1,2010.0,2010.0,0.09863394970699382,0
245002,2002,0,1,2010.0,2010.0,0.11010838360091582,0
245002,2004,0,1,2010.0,2010.0,0.08988601012749525,0
245002,2006,0,1,2010.0,2010.0,0.09635808869085433,0
245002,2008,0,1,2010.0,2010.0,0.03939305333778767,0
245002,2010,1,1,2010.0,2010.0,0.03958438954105087,0
245402,2000,0,1,2006.0,2016.0,0.14848415440674867,0
245402,2002,0,1,2006.0,2016.0,0.41973513672388707,0
245402,2004,0,1,2006.0,2016.0,0.3660375442354455,0
245402,2006,1,1,2006.0,2016.0,0.6162003899409803,1
246201,2000,0,1,2002.0,2018.0,0.18628408750126335,0
246201,2002,1,1,2002.0,2018.0,0.2056290042917903,0
246202,2000,1,1,2000.0,2016.0,0.23158024672538663,0
247101,2000,0,1,2002.0,2004.0,0.12078706228008021,0
247101,2002,1,1,2002.0,2004.0,0.13445421951346712,0
247401,2000,0,0,,2000.0,0.10830496542377374,0
247402,2000,0,0,,2018.0,0.09176206859709879,0
247402,2002,0,0,,2018.0,0.10252800547637402,0
247402,2004,0,0,,2018.0,0.0835670974525537,0
247402,2006,0,0,,2018.0,0.08962900130542428,0
247402,2008,0,0,,2018.0,0.04605522965245813,0
247402,2010,0,0,,2018.0,0.046277365852954416,0
247402,2012,0,0,,2018.0,0.03703333604854913,0
247402,2014,0,0,,2018.0,0.03468362736119853,0
247402,2016,0,0,,2018.0,0.034299167693432206,0
247402,2018,0,0,,2018.0,0.03414052042732899,0
248403,2000,0,1,2010.0,2020.0,0.09272209503504826,0
248403,2002,0,1,2010.0,2020.0,0.10358782013229219,0
248403,2004,0,1,2010.0,2020.0,0.0844493590019479,0
248403,2006,0,1,2010.0,2020.0,0.09056893670198077,0
248403,2008,0,1,2010.0,2020.0,0.09476611437607121,0
248403,2010,1,1,2010.0,2020.0,0.09519974913194026,0
248404,2000,0,1,2016.0,2020.0,0.08500232157472881,0
248404,2002,0,1,2016.0,2020.0,0.09505818055264743,0
248404,2004,0,1,2016.0,2020.0,0.0773596217147137,0
248404,2006,0,1,2016.0,2020.0,0.08301202693314162,0
248404,2008,0,1,2016.0,2020.0,0.08689246029381567,0
248404,2010,0,1,2016.0,2020.0,0.08729354076416061,0
248404,2012,0,1,2016.0,2020.0,0.08154812036515294,0
248404,2014,0,1,2016.0,2020.0,0.18378620873873944,0
248404,2016,1,1,2016.0,2020.0,0.7113587512249376,1
248501,2000,1,1,2000.0,2012.0,0.11893464308094208,0
249202,2000,0,1,2002.0,2020.0,0.19676772499998463,0
249202,2002,1,1,2002.0,2020.0,0.5040146955095911,1
249901,2000,0,0,,2016.0,0.07755093573248395,0
249901,2002,0,0,,2016.0,0.0868089198556133,0
249901,2004,0,0,,2016.0,0.07052656239723626,0
249901,2006,0,0,,2016.0,0.07572067387863303,0
249901,2008,0,0,,2016.0,0.045033138013250776,0
249901,2010,0,0,,2016.0,0.04525057824991292,0
249901,2012,0,0,,2016.0,0.04582287475536348,0
249901,2014,0,0,,2016.0,0.01631149515980218,0
249901,2016,0,0,,2016.0,0.016127283821415088,0
250501,2000,0,0,,2018.0,0.165407825236376,0
250501,2002,0,0,,2018.0,0.1830725657018214,0
250501,2004,0,0,,2018.0,0.15173458730350126,0
250501,2006,0,0,,2018.0,0.16186792142217038,0
250501,2008,0,0,,2018.0,0.08919230746883064,0
250501,2010,0,0,,2018.0,0.08960296191856909,0
250501,2012,0,0,,2018.0,0.03945204544220656,0
250501,2014,0,0,,2018.0,0.09433434023272233,0
250501,2016,0,0,,2018.0,0.024896350313046954,0
250501,2018,0,0,,2018.0,0.010850608742949245,0
251001,2000,0,1,2004.0,2020.0,0.19154878475147186,0
251001,2002,0,1,2004.0,2020.0,0.2112984537717491,0
251001,2004,1,1,2004.0,2020.0,0.22850406822650982,0
251402,2000,0,1,2004.0,2018.0,0.1884926853441084,0
251402,2002,0,1,2004.0,2018.0,0.4907122902152369,0
251402,2004,1,1,2004.0,2018.0,0.43473741630307206,0
251501,2000,0,1,2002.0,2006.0,0.22324625859239786,0
251501,2002,1,1,2002.0,2006.0,0.5438448923739281,1
252301,2000,0,0,,2018.0,0.10908989144853903,0
252301,2002,0,0,,2018.0,0.12161658250155667,0
252301,2004,0,0,,2018.0,0.09951698988972234,0
252301,2006,0,0,,2018.0,0.1066013047796762,0
252301,2008,0,0,,2018.0,0.027448891687604355,0
252301,2010,0,0,,2018.0,0.027583879718016714,0
252301,2012,0,0,,2018.0,0.027939279129762812,0
252301,2014,0,0,,2018.0,0.026150905012604336,0
252301,2016,0,0,,2018.0,0.025858494865033582,0
252301,2018,0,0,,2018.0,0.025737848528750273,0
252303,2000,0,0,,2020.0,0.22494803293075755,0
252303,2002,0,0,,2020.0,0.2470888506600065,0
252303,2004,0,0,,2020.0,0.1699653818882469,0
252303,2006,0,0,,2020.0,0.18105635879862877,0
252303,2008,0,0,,2020.0,0.07836145748898414,0
252303,2010,0,0,,2020.0,0.07872655540620727,0
252303,2012,0,0,,2020.0,0.07529780190846244,0
252303,2014,0,0,,2020.0,0.03500500764443732,0
252303,2016,0,0,,2020.0,0.03461711330522236,0
252303,2018,0,0,,2020.0,0.020055327013949305,0
252303,2020,0,0,,2020.0,0.020527377410326033,0
252901,2000,0,1,2002.0,2020.0,0.2773130940145118,0
252901,2002,1,1,2002.0,2020.0,0.3025957499514369,0
252902,2000,0,1,2006.0,2010.0,0.1977079446045679,0
252902,2002,0,1,2006.0,2010.0,0.21792147675203127,0
252902,2004,0,1,2006.0,2010.0,0.23550535660642782,0
252902,2006,1,1,2006.0,2010.0,0.24958709893178982,0
253001,2000,0,1,2006.0,2018.0,0.20228214278058632,0
253001,2002,0,1,2006.0,2018.0,0.22283344642034678,0
253001,2004,0,1,2006.0,2018.0,0.24069169062466167,0
253001,2006,1,1,2006.0,2018.0,0.2549801128363553,0
253301,2000,0,0,,2020.0,0.10106552655161502,0
253301,2002,0,0,,2020.0,0.11278743846981629,0
253301,2004,0,0,,2020.0,0.09212396947082575,0
253301,2006,0,0,,2020.0,0.09873970586958884,0
253301,2008,0,0,,2020.0,0.10327253744051453,0
253301,2010,0,0,,2020.0,0.10374063551180245,0
253301,2012,0,0,,2020.0,0.10497134006153755,0
253301,2014,0,0,,2020.0,0.2292456998465443,0
253301,2016,0,0,,2020.0,0.2272121953976449,0
253301,2018,0,0,,2020.0,0.05899459624438249,0
253301,2020,0,0,,2020.0,0.060326753249616165,0
254402,2000,0,1,2004.0,2018.0,0.1580847874609461,0
254402,2002,0,1,2004.0,2018.0,0.2937062130549491,0
254402,2004,1,1,2004.0,2018.0,0.24920733033450218,0
255101,2000,0,1,2004.0,2018.0,0.2144164820897119,0
255101,2002,0,1,2004.0,2018.0,0.2358361332279109,0
255101,2004,1,1,2004.0,2018.0,0.1976514338532441,0
255802,2000,0,1,2012.0,2020.0,0.08627632939277068,0
255802,2002,0,1,2012.0,2020.0,0.09646701492676367,0
255802,2004,0,1,2012.0,2020.0,0.10557376871521612,0
255802,2006,0,1,2012.0,2020.0,0.11303512465702809,0
255802,2008,0,1,2012.0,2020.0,0.07276089477943508,0
255802,2010,0,1,2012.0,2020.0,0.07310196852333213,0
255802,2012,1,1,2012.0,2020.0,0.10896593875012503,0
255803,2000,0,1,2014.0,2020.0,0.08167141604781082,0
255803,2002,0,1,2014.0,2020.0,0.09137257576391813,0
255803,2004,0,1,2014.0,2020.0,0.10005165548877745,0
255803,2006,0,1,2014.0,2020.0,0.10716950181790087,0
255803,2008,0,1,2014.0,2020.0,0.17723325106564153,0
255803,2010,0,1,2014.0,2020.0,0.17797005364997112,0
255803,2012,0,1,2014.0,2020.0,0.19661500496201725,0
255803,2014,1,1,2014.0,2020.0,0.3829623335253053,0
255903,2000,1,1,2000.0,2020.0,0.13793548071109707,0
256001,2000,0,1,2004.0,2020.0,0.1554055433984766,0
256001,2002,0,1,2004.0,2020.0,0.1722225170373349,0
256001,2004,1,1,2004.0,2020.0,0.14241803912250886,0
256401,2000,1,1,2000.0,2020.0,0.10617286965838044,0
256901,2000,0,1,2002.0,2018.0,0.1840254029827677,0
256901,2002,1,1,2002.0,2018.0,0.20319433508181808,0
256903,2000,0,1,2016.0,2020.0,0.08182315065201003,0
256903,2002,0,1,2016.0,2020.0,0.09154053722074969,0
256903,2004,0,1,2016.0,2020.0,0.07444303938255774,0
256903,2006,0,1,2016.0,2020.0,0.07990079472647138,0
256903,2008,0,1,2016.0,2020.0,0.13482936550775665,0
256903,2010,0,1,2016.0,2020.0,0.13541889905854326,0
256903,2012,0,1,2016.0,2020.0,0.2966437784279185,0
256903,2014,0,1,2016.0,2020.0,0.5168090698820639,1
256903,2016,1,1,2016.0,2020.0,0.9213010531068843,1
257301,2000,0,0,,2020.0,0.12089764931785645,0
257301,2002,0,0,,2020.0,0.1345754042812254,0
257301,2004,0,0,,2020.0,0.11041700727602713,0
257301,2006,0,0,,2020.0,0.1181754307088877,0
257301,2008,0,0,,2020.0,0.08503559942692332,0
257301,2010,0,0,,2020.0,0.08542891083507964,0
257301,2012,0,0,,2020.0,0.08173414918639113,0
257301,2014,0,0,,2020.0,0.03813923950633337,0
257301,2016,0,0,,2020.0,0.03771797189237286,0
257301,2018,0,0,,2020.0,0.03023736023145975,0
257301,2020,0,0,,2020.0,0.03094150212789315,0
258801,2000,0,1,2004.0,2018.0,0.1767927323928756,0
258801,2002,0,1,2004.0,2018.0,0.471144378597727,0
258801,2004,1,1,2004.0,2018.0,0.41558020199587076,0
259101,2000,0,0,,2018.0,0.09306052957721385,0
259101,2002,0,0,,2018.0,0.1039613699864798,0
259101,2004,0,0,,2018.0,0.08476041909307505,0
259101,2006,0,0,,2018.0,0.09090029963641497,0
259101,2008,0,0,,2018.0,0.05442310663956679,0
259101,2010,0,0,,2018.0,0.054683289666197316,0
259101,2012,0,0,,2018.0,0.052242304858946306,0
259101,2014,0,0,,2018.0,0.04897668968510595,0
259101,2016,0,0,,2018.0,0.0780551508425041,0
259101,2018,0,0,,2018.0,0.07771040110624862,0
260701,2000,0,1,2004.0,2018.0,0.1793597676426564,0
260701,2002,0,1,2004.0,2018.0,0.3261621973811555,0
260701,2004,1,1,2004.0,2018.0,0.348587082074861,0
262701,2000,0,1,2012.0,2020.0,0.08716073910195013,0
262701,2002,0,1,2012.0,2020.0,0.09744474769132688,0
262701,2004,0,1,2012.0,2020.0,0.1066329090477486,0
262701,2006,0,1,2012.0,2020.0,0.11415956507749704,0
262701,2008,0,1,2012.0,2020.0,0.18783177999804368,0
262701,2010,0,1,2012.0,2020.0,0.18860254327347817,0
262701,2012,1,1,2012.0,2020.0,0.1222703213768995,0
262702,2000,0,1,2016.0,2020.0,0.0826660412322073,0
262702,2002,0,1,2016.0,2020.0,0.09247344846595522,0
262702,2004,0,1,2016.0,2020.0,0.10124544368149582,0
262702,2006,0,1,2016.0,2020.0,0.10843798485534091,0
262702,2008,0,1,2016.0,2020.0,0.11336003488725968,0
262702,2010,0,1,2016.0,2020.0,0.11386805003711219,0
262702,2012,0,1,2016.0,2020.0,0.069591000215586,0
262702,2014,0,1,2016.0,2020.0,0.15944063317363003,0
262702,2016,1,1,2016.0,2020.0,0.15789947712027214,0
264002,2000,0,0,,2020.0,0.09167852212240737,0
264002,2002,0,0,,2020.0,0.10243576248049407,0
264002,2004,0,0,,2020.0,0.08349032635992429,0
264002,2006,0,0,,2020.0,0.08954720544202409,0
264002,2008,0,0,,2020.0,0.04601118962476454,0
264002,2010,0,0,,2020.0,0.04623312370369843,0
264002,2012,0,0,,2020.0,0.046817237382826477,0
264002,2014,0,0,,2020.0,0.04387503899301575,0
264002,2016,0,0,,2020.0,0.043393274693228664,0
264002,2018,0,0,,2020.0,0.043194445029509344,0
264002,2020,0,0,,2020.0,0.04418657219970198,0
264601,2000,1,1,2000.0,2020.0,0.10883408432637359,0
265202,2000,0,1,2008.0,2020.0,0.10227003724118258,0
265202,2002,0,1,2008.0,2020.0,0.20146613593668483,0
265202,2004,0,1,2008.0,2020.0,0.2180925141506085,0
265202,2006,0,1,2008.0,2020.0,0.10468768523011952,0
265202,2008,1,1,2008.0,2020.0,0.17344410502116006,0
265402,2000,0,1,2002.0,2020.0,0.2969471622553656,0
265402,2002,1,1,2002.0,2020.0,0.4833108705494585,0
265403,2000,0,1,2006.0,2020.0,0.10106552655161502,0
265403,2002,0,1,2006.0,2020.0,0.19935275649462753,0
265403,2004,0,1,2006.0,2020.0,0.21585186901829104,0
265403,2006,1,1,2006.0,2020.0,0.576958033838921,1
265902,2000,0,1,2004.0,2018.0,0.15449497030391796,0
265902,2002,0,1,2004.0,2018.0,0.2880905121578735,0
265902,2004,1,1,2004.0,2018.0,0.2441483448307464,0
266303,2000,1,1,2000.0,2014.0,0.14249137752605884,0
266307,2000,0,1,2008.0,2018.0,0.09366580628469663,0
266307,2002,0,1,2008.0,2018.0,0.10462936760837831,0
266307,2004,0,1,2008.0,2018.0,0.15177555708541224,0
266307,2006,0,1,2008.0,2018.0,0.1619111050532628,0
266307,2008,1,1,2008.0,2018.0,0.159296733822334,0
266401,2000,0,0,,2008.0,0.09896963609303155,0
266401,2002,0,0,,2008.0,0.11047833510289447,0
266401,2004,0,0,,2008.0,0.09019490332642008,0
266401,2006,0,0,,2008.0,0.09668686035664245,0
266401,2008,0,0,,2008.0,0.04986982224125492,0
266901,2000,0,1,2002.0,2020.0,0.2587066742708858,0
266901,2002,1,1,2002.0,2020.0,0.16769178488074032,0
267001,2000,0,0,,2018.0,0.15151732501808451,0
267001,2002,0,0,,2018.0,0.16799723341501524,0
267001,2004,0,0,,2018.0,0.13880136399942752,0
267001,2006,0,0,,2018.0,0.14822189789300186,0
267001,2008,0,0,,2018.0,0.03953332770805584,0
267001,2010,0,0,,2018.0,0.039725317062809185,0
267001,2012,0,0,,2018.0,0.04023067861259845,0
267001,2014,0,0,,2018.0,0.03768604266922592,0
267001,2016,0,0,,2018.0,0.03726958688719322,0
267001,2018,0,0,,2018.0,0.037097728055692544,0
267002,2000,1,1,2000.0,2016.0,0.2277459088790144,0
267502,2000,0,0,,2020.0,0.1959602670548998,0
267502,2002,0,0,,2020.0,0.21604323356683083,0
267502,2004,0,0,,2020.0,0.2967537802310643,0
267502,2006,0,0,,2020.0,0.3129983915838213,0
267502,2008,0,0,,2020.0,0.06997868649615104,0
267502,2010,0,0,,2020.0,0.07030770726623588,0
267502,2012,0,0,,2020.0,0.025577453470359012,0
267502,2014,0,0,,2020.0,0.011558083871835123,0
267502,2016,0,0,,2020.0,0.01142693085470128,0
267502,2018,0,0,,2020.0,0.011372830862162795,0
267502,2020,0,0,,2020.0,0.011642945900667155,0
267903,2000,0,1,2002.0,2018.0,0.4843961978137901,0
267903,2002,1,1,2002.0,2018.0,0.5151018935563996,1
267904,2000,0,1,2002.0,2020.0,0.510724752522726,1
267904,2002,1,1,2002.0,2020.0,0.6980442676519143,1
268104,2000,0,1,2012.0,2020.0,0.08977668247502954,0
268104,2002,0,1,2012.0,2020.0,0.10033541783319565,0
268104,2004,0,1,2012.0,2020.0,0.14586194759259585,0
268104,2006,0,1,2012.0,2020.0,0.15567506366133754,0
268104,2008,0,1,2012.0,2020.0,0.2486196911618901,0
268104,2010,0,1,2012.0,2020.0,0.2495632476717978,0
268104,2012,1,1,2012.0,2020.0,0.21757639289734246,0
268301,2000,1,1,2000.0,2020.0,0.06133883279382108,0
269101,2000,0,1,2002.0,2020.0,0.17907819735564284,0
269101,2002,1,1,2002.0,2020.0,0.32574164513033715,0
269201,2000,0,1,2002.0,2014.0,0.11246379628254123,0
269201,2002,1,1,2002.0,2014.0,0.12532341139182618,0
269202,2000,1,1,2000.0,2018.0,0.241915697911462,0
270002,2000,0,1,2008.0,2020.0,0.10227003724118258,0
270002,2002,0,1,2008.0,2020.0,0.11411391786162123,0
270002,2004,0,1,2008.0,2020.0,0.12465674854180714,0
270002,2006,0,1,2008.0,2020.0,0.13326583408054662,0
270002,2008,1,1,2008.0,2020.0,0.21625804725395475,0
270501,2000,0,1,2006.0,2016.0,0.07931560231033821,0
270501,2002,0,1,2006.0,2016.0,0.0887639797445332,0
270501,2004,0,1,2006.0,2016.0,0.07214389068328332,0
270501,2006,1,1,2006.0,2016.0,0.07744718961478006,0
270503,2000,0,1,2014.0,2018.0,0.08764443562379545,0
270503,2002,0,1,2014.0,2018.0,0.09797938939438032,0
270503,2004,0,1,2014.0,2018.0,0.07978489310718338,0
270503,2006,0,1,2014.0,2018.0,0.08559806434221241,0
270503,2008,0,1,2014.0,2018.0,0.14383102362353603,0
270503,2010,0,1,2014.0,2018.0,0.14445334478127053,0
270503,2012,0,1,2014.0,2018.0,0.08948433490805713,0
270503,2014,1,1,2014.0,2018.0,0.1995108373876388,0
271002,2000,0,1,2002.0,2018.0,0.24395492326839527,0
271002,2002,1,1,2002.0,2018.0,0.26732127431005637,0
272302,2000,0,1,2008.0,2020.0,0.10490692121975115,0
272302,2002,0,1,2008.0,2020.0,0.206073544647882,0
272302,2004,0,1,2008.0,2020.0,0.2844107806631174,0
272302,2006,0,1,2008.0,2020.0,0.3002682166535907,0
272302,2008,1,1,2008.0,2020.0,0.3108615617748764,0
272901,2000,0,1,2016.0,2020.0,0.06929364687050112,0
272901,2002,0,1,2016.0,2020.0,0.07764885815656344,0
272901,2004,0,1,2016.0,2020.0,0.06296614531255927,0
272901,2006,0,1,2016.0,2020.0,0.06764397280080646,0
272901,2008,0,1,2016.0,2020.0,0.021413380712765905,0
272901,2010,0,1,2016.0,2020.0,0.02151934408722123,0
272901,2012,0,1,2016.0,2020.0,0.021798357690167913,0
272901,2014,0,1,2016.0,2020.0,0.020394812613592734,0
272901,2016,1,1,2016.0,2020.0,0.02016543229829329,0
273101,2000,0,1,2004.0,2018.0,0.12277935477662648,0
273101,2002,0,1,2004.0,2018.0,0.2366249307784323,0
273101,2004,1,1,2004.0,2018.0,0.2552254703875272,0
274602,2000,1,1,2000.0,2020.0,0.12441752181025102,0
275202,2000,0,0,,2018.0,0.11267719857140865,0
275202,2002,0,0,,2018.0,0.12555776304794938,0
275202,2004,0,0,,2018.0,0.1028258347049372,0
275202,2006,0,0,,2018.0,0.1101168921197768,0
275202,2008,0,0,,2018.0,0.05720870589498934,0
275202,2010,0,0,,2018.0,0.057481396610989964,0
275202,2012,0,0,,2018.0,0.06165781270597461,0
275202,2014,0,0,,2018.0,0.057839561544300075,0
275202,2016,0,0,,2018.0,0.021276621917141744,0
275202,2018,0,0,,2018.0,0.021176888211452943,0
276902,2000,0,0,,2016.0,0.16949011165551314,0
276902,2002,0,0,,2016.0,0.18749287905036824,0
276902,2004,0,0,,2016.0,0.1555423081052295,0
276902,2006,0,0,,2016.0,0.1658802069339333,0
276902,2008,0,0,,2016.0,0.05069303327996488,0
276902,2010,0,0,,2016.0,0.05093634437783638,0
276902,2012,0,0,,2016.0,0.054664798555120395,0
276902,2014,0,0,,2016.0,0.051255945082546286,0
276902,2016,0,0,,2016.0,0.05069743300370054,0
276903,2000,1,1,2000.0,2018.0,0.4370772192970991,0
277002,2000,0,1,2004.0,2020.0,0.09851457086810074,0
277002,2002,0,1,2004.0,2020.0,0.10997681146541269,0
277002,2004,1,1,2004.0,2020.0,0.15910439688516909,0
277502,2000,0,1,2004.0,2018.0,0.12431575244610507,0
277502,2002,0,1,2004.0,2018.0,0.37063309927543314,0
277502,2004,1,1,2004.0,2018.0,0.3943262690771921,0
278103,2000,0,1,2002.0,2008.0,0.35431670981401564,0
278103,2002,1,1,2002.0,2008.0,0.3829001692668182,0
279202,2000,0,0,,2020.0,0.14926827382167948,0
279202,2002,0,0,,2020.0,0.16555129118785272,0
279202,2004,0,0,,2020.0,0.13671065044415406,0
279202,2006,0,0,,2020.0,0.14601334465669538,0
279202,2008,0,0,,2020.0,0.15234951213463804,0
279202,2010,0,0,,2020.0,0.15300210406125292,0
279202,2012,0,0,,2020.0,0.14685410442904567,0
279202,2014,0,0,,2020.0,0.30387815859950346,0
279202,2016,0,0,,2020.0,0.30144154925186095,0
279202,2018,0,0,,2020.0,0.11701631396883316,0
279202,2020,0,0,,2020.0,0.10796689015806346,0
279501,2000,0,1,2002.0,2020.0,0.07118052022200415,0
279501,2002,1,1,2002.0,2020.0,0.07974375125554985,0
280901,2000,0,1,2018.0,2018.0,0.07704168014179683,0
280901,2002,0,1,2018.0,2018.0,0.08624455364377988,0
280901,2004,0,1,2018.0,2018.0,0.07005993057645289,0
280901,2006,0,1,2018.0,2018.0,0.07522245701977978,0
280901,2008,0,1,2018.0,2018.0,0.01684092848388206,0
280901,2010,0,1,2018.0,2018.0,0.016924656563944644,0
280901,2012,0,1,2018.0,2018.0,0.013461154035958494,0
280901,2014,0,1,2018.0,2018.0,0.012587514211975423,0
280901,2016,0,1,2018.0,2018.0,0.003081937440007136,0
280901,2018,1,1,2018.0,2018.0,0.003067223643083321,0
281402,2000,0,1,2006.0,2020.0,0.12597407439119476,0
281402,2002,0,1,2006.0,2020.0,0.5393882783137414,1
281402,2004,0,1,2006.0,2020.0,0.48312820587810235,0
281402,2006,1,1,2006.0,2020.0,0.7221582658578549,1
281701,2000,0,0,,2018.0,0.11870498059357279,0
281701,2002,0,0,,2018.0,0.1321719646470139,0
281701,2004,0,0,,2018.0,0.10839098473674624,0
281701,2006,0,0,,2018.0,0.11602561752089117,0
281701,2008,0,0,,2018.0,0.06047136969989636,0
281701,2010,0,0,,2018.0,0.0607586099694832,0
281701,2012,0,0,,2018.0,0.06151440390146388,0
281701,2014,0,0,,2018.0,0.05770448740625427,0
281701,2016,0,0,,2018.0,0.036958680839336254,0
281701,2018,0,0,,2018.0,0.036788200885185265,0
281703,2000,1,1,2000.0,2018.0,0.15777869827759933,0
282302,2000,0,1,2002.0,2008.0,0.20878565047238729,0
282302,2002,1,1,2002.0,2008.0,0.2298073462792645,0
282802,2000,0,0,,2018.0,0.12347964170939223,0
282802,2002,0,0,,2018.0,0.137403852946874,0
282802,2004,0,0,,2018.0,0.11280388788228794,0
282802,2006,0,0,,2018.0,0.1207072678772608,0
282802,2008,0,0,,2018.0,0.022169307861315227,0
282802,2010,0,0,,2018.0,0.0222789267532154,0
282802,2012,0,0,,2018.0,0.02396267013114325,0
282802,2014,0,0,,2018.0,0.022422964442037868,0
282802,2016,0,0,,2018.0,0.013593517890581448,0
282802,2018,0,0,,2018.0,0.013529300727245551,0
282803,2000,0,0,,2020.0,0.129187405767966,0
282803,2002,0,0,,2020.0,0.1436497709644716,0
282803,2004,0,0,,2020.0,0.1180846538189576,0
282803,2006,0,0,,2020.0,0.1263053472022108,0
282803,2008,0,0,,2020.0,0.052667948264456727,0
282803,2010,0,0,,2020.0,0.05292020993469795,0
282803,2012,0,0,,2020.0,0.04768611350454667,0
282803,2014,0,0,,2020.0,0.09576244268707777,0
282803,2016,0,0,,2020.0,0.09476740606001137,0
282803,2018,0,0,,2020.0,0.015667268143766337,0
282803,2020,0,0,,2020.0,0.014328457876815455,0
283402,2000,0,1,2006.0,2006.0,0.06546982984302593,0
283402,2002,0,1,2006.0,2006.0,0.0734003391225168,0
283402,2004,0,1,2006.0,2006.0,0.05946918669258208,0
283402,2006,1,1,2006.0,2006.0,0.06390493877046638,0
283501,2000,0,1,2008.0,2018.0,0.11141987742975731,0
283501,2002,0,1,2008.0,2018.0,0.12417682694155686,0
283501,2004,0,1,2008.0,2018.0,0.10166584605817848,0
283501,2006,0,1,2008.0,2018.0,0.10888463464487678,0
283501,2008,1,1,2008.0,2018.0,0.06571220203207537,0
284101,2000,0,0,,2020.0,0.16240460223519124,0
284101,2002,0,0,,2020.0,0.17981771629580945,0
284101,2004,0,0,,2020.0,0.14893531979933008,0
284101,2006,0,0,,2020.0,0.15891673237367018,0
284101,2008,0,0,,2020.0,0.098090362357899,0
284101,2010,0,0,,2020.0,0.09853755255641286,0
284101,2012,0,0,,2020.0,0.08921667319814097,0
284101,2014,0,0,,2020.0,0.04181250255636281,0
284101,2016,0,0,,2020.0,0.041352406175330356,0
284101,2018,0,0,,2020.0,0.024027917439079737,0
284101,2020,0,0,,2020.0,0.024591125874528465,0
284102,2000,0,1,2002.0,2018.0,0.14439735590793912,0
284102,2002,1,1,2002.0,2018.0,0.16024911414294998,0
287804,2000,1,1,2000.0,2020.0,0.20061582004177977,0
287902,2000,0,1,2006.0,2018.0,0.1045279049848673,0
287902,2002,0,1,2006.0,2018.0,0.11659930690930885,0
287902,2004,0,1,2006.0,2018.0,0.12733875311143172,0
287902,2006,1,1,2006.0,2018.0,0.13610426402962547,0
288502,2000,0,1,2002.0,2020.0,0.4206217729034345,0
288502,2002,1,1,2002.0,2020.0,0.7507203040525419,1
289201,2000,0,1,2010.0,2020.0,0.10143341036335818,0
289201,2002,0,1,2010.0,2020.0,0.11319261791097,0
289201,2004,0,1,2010.0,2020.0,0.12366221263945783,0
289201,2006,0,1,2010.0,2020.0,0.13221298747831833,0
289201,2008,0,1,2010.0,2020.0,0.21471195860005957,0
289201,2010,1,1,2010.0,2020.0,0.21556374791330793,0
290002,2000,0,1,2002.0,2008.0,0.13456400594860882,0
290002,2002,1,1,2002.0,2008.0,0.1495249234131611,0
290802,2000,0,1,2006.0,2012.0,0.10682968891191619,0
290802,2002,0,1,2006.0,2012.0,0.331621068009914,0
290802,2004,0,1,2006.0,2012.0,0.43173122072136877,0
290802,2006,1,1,2006.0,2012.0,0.6787240415663077,1
290901,2000,0,1,2002.0,2008.0,0.16504877301541832,0
290901,2002,1,1,2002.0,2008.0,0.6162784820990219,1
291001,2000,0,1,2018.0,2020.0,0.07664176151369832,0
291001,2002,0,1,2018.0,2020.0,0.08580130446854381,0
291001,2004,0,1,2018.0,2020.0,0.06969351712387971,0
291001,2006,0,1,2018.0,2020.0,0.0748312162131069,0
291001,2008,0,1,2018.0,2020.0,0.07836191362928978,0
291001,2010,0,1,2018.0,2020.0,0.07872701349020143,0
291001,2012,0,1,2018.0,2020.0,0.05467127004654906,0
291001,2014,0,1,2018.0,2020.0,0.1279060332408076,0
291001,2016,0,1,2018.0,2020.0,0.6826231710120136,1
291001,2018,1,1,2018.0,2020.0,0.48027313084812334,0
291103,2000,0,1,2006.0,2020.0,0.15178170435969368,0
291103,2002,0,1,2006.0,2020.0,0.168284664957414,0
291103,2004,0,1,2006.0,2020.0,0.23653660135613935,0
291103,2006,1,1,2006.0,2020.0,0.2506597881398265,0
293401,2000,0,0,,2020.0,0.11669594580828935,0
293401,2002,0,0,,2020.0,0.12996861939522603,0
293401,2004,0,0,,2020.0,0.14174187724277218,0
293401,2006,0,0,,2020.0,0.15132691703056628,0
293401,2008,0,0,,2020.0,0.15785104365573563,0
293401,2010,0,0,,2020.0,0.15852279433017752,0
293401,2012,0,0,,2020.0,0.16028716759768172,0
293401,2014,0,0,,2020.0,0.3261830242656488,0
293401,2016,0,0,,2020.0,0.32365071900743564,0
293401,2018,0,0,,2020.0,0.04219150920706906,0
293401,2020,0,0,,2020.0,0.04316163925509698,0
294301,2000,0,0,,2020.0,0.09575397561232395,0
294301,2002,0,0,,2020.0,0.10693311901169501,0
294301,2004,0,0,,2020.0,0.11690006976828597,0
294301,2006,0,0,,2020.0,0.12504998933796413,0
294301,2008,0,0,,2020.0,0.20413074601158435,0
294301,2010,0,0,,2020.0,0.20495151385893676,0
294301,2012,0,0,,2020.0,0.20710545840691333,0
294301,2014,0,0,,2020.0,0.19616309840783816,0
294301,2016,0,0,,2020.0,0.1943490540475261,0
294301,2018,0,0,,2020.0,0.025546719013109148,0
294301,2020,0,0,,2020.0,0.02614457411114684,0
294302,2000,0,0,,2020.0,0.08732170239191632,0
294302,2002,0,0,,2020.0,0.09762267180986078,0
294302,2004,0,0,,2020.0,0.1068256241388592,0
294302,2006,0,0,,2020.0,0.1143641415614062,0
294302,2008,0,0,,2020.0,0.1881403390200699,0
294302,2010,0,0,,2020.0,0.18891207394754508,0
294302,2012,0,0,,2020.0,0.1909379343447085,0
294302,2014,0,0,,2020.0,0.1806551563615488,0
294302,2016,0,0,,2020.0,0.17895259700090257,0
294302,2018,0,0,,2020.0,0.02720370432459574,0
294302,2020,0,0,,2020.0,0.024904016142648294,0
294303,2000,0,1,2016.0,2020.0,0.0826660412322073,0
294303,2002,0,1,2016.0,2020.0,0.09247344846595522,0
294303,2004,0,1,2016.0,2020.0,0.10124544368149582,0
294303,2006,0,1,2016.0,2020.0,0.10843798485534091,0
294303,2008,0,1,2016.0,2020.0,0.17916461079282,0
294303,2010,0,1,2016.0,2020.0,0.17990768685178057,0
294303,2012,0,1,2016.0,2020.0,0.18185863636023686,0
294303,2014,0,1,2016.0,2020.0,0.17196089059962277,0
294303,2016,1,1,2016.0,2020.0,0.17032323610279182,0
294802,2000,0,0,,2020.0,0.1096198758210157,0
294802,2002,0,0,,2020.0,0.12219907713148957,0
294802,2004,0,0,,2020.0,0.1333764220846855,0
294802,2006,0,0,,2020.0,0.14248968142383434,0
294802,2008,0,0,,2020.0,0.07534418565981385,0
294802,2010,0,0,,2020.0,0.07569638026110663,0
294802,2012,0,0,,2020.0,0.07238922930452489,0
294802,2014,0,0,,2020.0,0.0335963009176044,0
294802,2016,0,0,,2020.0,0.03156560086763105,0
294802,2018,0,0,,2020.0,0.015512902220292654,0
294802,2020,0,0,,2020.0,0.015879768277830945,0
294804,2000,0,1,2006.0,2020.0,0.09969205062557675,0
294804,2002,0,1,2006.0,2020.0,0.19693618735421187,0
294804,2004,0,1,2006.0,2020.0,0.21328857635925055,0
294804,2006,1,1,2006.0,2020.0,0.10205568354857128,0
294901,2000,0,1,2002.0,2012.0,0.1643439098986987,0
294901,2002,1,1,2002.0,2012.0,0.1819197959097252,0
294904,2000,0,1,2008.0,2020.0,0.09923497817804017,0
294904,2002,0,1,2008.0,2020.0,0.11077073924234113,0
294904,2004,0,1,2008.0,2020.0,0.12104690220439823,0
294904,2006,0,1,2008.0,2020.0,0.12944354984833928,0
294904,2008,1,1,2008.0,2020.0,0.1351744941353827,0
295501,2000,0,1,2012.0,2018.0,0.09479142584117252,0
295501,2002,0,1,2012.0,2018.0,0.10587135019348595,0
295501,2004,0,1,2012.0,2018.0,0.08635163473319235,0
295501,2006,0,1,2012.0,2018.0,0.09259511849572229,0
295501,2008,0,1,2012.0,2018.0,0.15478246417567698,0
295501,2010,0,1,2012.0,2018.0,0.15544356656745112,0
295501,2012,1,1,2012.0,2018.0,0.0965531573937733,0
295903,2000,0,1,2016.0,2020.0,0.07529035112304665,0
295903,2002,0,1,2016.0,2020.0,0.08430313132942555,0
295903,2004,0,1,2016.0,2020.0,0.06845554075245883,0
295903,2006,0,1,2016.0,2020.0,0.07350918926904176,0
295903,2008,0,1,2016.0,2020.0,0.12463900791742559,0
295903,2010,0,1,2016.0,2020.0,0.1251904320964081,0
295903,2012,0,1,2016.0,2020.0,0.13436226458839406,0
295903,2014,0,1,2016.0,2020.0,0.2824514778669267,0
295903,2016,1,1,2016.0,2020.0,0.8116185646134385,1
296401,2000,0,1,2010.0,2020.0,0.096902006537028,0
296401,2002,0,1,2010.0,2020.0,0.1081991432334296,0
296401,2004,0,1,2010.0,2020.0,0.11826846967730563,0
296401,2006,0,1,2010.0,2020.0,0.1265001242276446,0
296401,2008,0,1,2010.0,2020.0,0.20628172761576619,0
296401,2010,1,1,2010.0,2020.0,0.20710889348091488,0
296402,2000,0,1,2016.0,2020.0,0.07361211632701589,0
296402,2002,0,1,2016.0,2020.0,0.082441910916046,0
296402,2004,0,1,2016.0,2020.0,0.09035706237075429,0
296402,2006,0,1,2016.0,2020.0,0.09685944852808427,0
296402,2008,0,1,2016.0,2020.0,0.10131566669946157,0
296402,2010,0,1,2016.0,2020.0,0.10177590166095968,0
296402,2012,0,1,2016.0,2020.0,0.09026896632122744,0
296402,2014,0,1,2016.0,2020.0,0.201047198415818,0
296402,2016,1,1,2016.0,2020.0,0.739235107992401,1
299002,2000,0,1,2012.0,2020.0,0.09383754782388691,0
299002,2002,0,1,2012.0,2020.0,0.10481888659408388,0
299002,2004,0,1,2012.0,2020.0,0.11461406584789063,0
299002,2006,0,1,2012.0,2020.0,0.1226267426145741,0
299002,2008,0,1,2012.0,2020.0,0.12810029157253786,0
299002,2010,0,1,2012.0,2020.0,0.12866477823556152,0
299002,2012,1,1,2012.0,2020.0,0.1702886605233364,0
300402,2000,0,0,,2018.0,0.14101092723273917,0
300402,2002,0,0,,2018.0,0.15655895221919594,0
300402,2004,0,0,,2018.0,0.12904260595152742,0
300402,2006,0,0,,2018.0,0.13790686871437996,0
300402,2008,0,0,,2018.0,0.07273775106855834,0
300402,2010,0,0,,2018.0,0.07307872487439039,0
300402,2012,0,0,,2018.0,0.07829425504675143,0
300402,2014,0,0,,2018.0,0.07352649472964189,0
300402,2016,0,0,,2018.0,0.04737839672585477,0
300402,2018,0,0,,2018.0,0.019959306665846048,0
300403,2000,0,1,2002.0,2018.0,0.1834924285151474,0
300403,2002,1,1,2002.0,2018.0,0.20261962932566116,0
301101,2000,0,1,2002.0,2018.0,0.1684598407900967,0
301101,2002,1,1,2002.0,2018.0,0.6220672528217571,1
301102,2000,0,1,2008.0,2020.0,0.14536492658134884,0
301102,2002,0,1,2008.0,2020.0,0.2736204510865302,0
301102,2004,0,1,2008.0,2020.0,0.2940090743493592,0
301102,2006,0,1,2008.0,2020.0,0.31016970518033743,0
301102,2008,1,1,2008.0,2020.0,0.44656803347090046,0
301201,2000,0,1,2008.0,2020.0,0.13842709446286222,0
301201,2002,0,1,2008.0,2020.0,0.2624410794173285,0
301201,2004,0,1,2008.0,2020.0,0.28232044931521133,0
301201,2006,0,1,2008.0,2020.0,0.2981098908919952,0
301201,2008,1,1,2008.0,2020.0,0.3086606796137618,0
302101,2000,0,0,,2020.0,0.10003540596851693,0
302101,2002,0,0,,2020.0,0.11165268079804813,0
302101,2004,0,0,,2020.0,0.12199943608203394,0
302101,2006,0,0,,2020.0,0.1304523514328786,0
302101,2008,0,0,,2020.0,0.04328903646791343,0
302101,2010,0,0,,2020.0,0.043498438986035025,0
302101,2012,0,0,,2020.0,0.04404959809805407,0
302101,2014,0,0,,2020.0,0.015661519579930675,0
302101,2016,0,0,,2020.0,0.015484533092461266,0
302101,2018,0,0,,2020.0,0.007546143638156657,0
302101,2020,0,0,,2020.0,0.007726081668044356,0
302102,2000,0,0,,2018.0,0.05002600982165299,0
302102,2002,0,0,,2018.0,0.056198271935905854,0
302102,2004,0,0,,2018.0,0.06176340505582789,0
302102,2006,0,0,,2018.0,0.06635820731985528,0
302102,2008,0,0,,2018.0,0.03367916250035989,0
302102,2010,0,0,,2018.0,0.03384372351646625,0
302102,2012,0,0,,2018.0,0.03230120117014733,0
302102,2014,0,0,,2018.0,0.03024230986771581,0
302102,2016,0,0,,2018.0,0.024927514087607468,0
302102,2018,0,0,,2018.0,0.02481110073849405,0
302301,2000,0,1,2004.0,2018.0,0.2105406409313594,0
302301,2002,0,1,2004.0,2018.0,0.6842223265260536,1
302301,2004,1,1,2004.0,2018.0,0.7054908006884691,1
302501,2000,0,1,2010.0,2020.0,0.18534862827916024,0
302501,2002,0,1,2010.0,2020.0,0.204620829359033,0
302501,2004,0,1,2010.0,2020.0,0.1703634886830495,0
302501,2006,0,1,2010.0,2020.0,0.18147476403862275,0
302501,2008,0,1,2010.0,2020.0,0.1545326722705678,0
302501,2010,1,1,2010.0,2020.0,0.15519290365577848,0
303501,2000,0,0,,2018.0,0.10148857667989349,0
303501,2002,0,0,,2018.0,0.11325337360773922,0
303501,2004,0,0,,2018.0,0.21313537984397876,0
303501,2006,0,0,,2018.0,0.22627543667326025,0
303501,2008,0,0,,2018.0,0.12913766193087217,0
303501,2010,0,0,,2018.0,0.12970603983476223,0
303501,2012,0,0,,2018.0,0.12435669549105315,0
303501,2014,0,0,,2018.0,0.11714043312373927,0
303501,2016,0,0,,2018.0,0.06567748261344084,0
303501,2018,0,0,,2018.0,0.06538352480908717,0
303504,2000,0,1,2008.0,2018.0,0.09654879157829277,0
303504,2002,0,1,2008.0,2018.0,0.19137860772360926,0
303504,2004,0,1,2008.0,2018.0,0.3341945872902096,0
303504,2006,0,1,2008.0,2018.0,0.5825940648634121,1
303504,2008,1,1,2008.0,2018.0,0.7146773235266254,1
303601,2000,0,1,2012.0,2020.0,0.11898292133165776,0
303601,2002,0,1,2012.0,2020.0,0.13247669760858863,0
303601,2004,0,1,2012.0,2020.0,0.10864775307073309,0
303601,2006,0,1,2012.0,2020.0,0.11629811256545346,0
303601,2008,0,1,2012.0,2020.0,0.030189029400789134,0
303601,2010,0,1,2012.0,2020.0,0.0303370725243106,0
303601,2012,1,1,2012.0,2020.0,0.030726824049764248,0
304104,2000,0,1,2002.0,2020.0,0.32231183197433977,0
304104,2002,1,1,2002.0,2020.0,0.34971178756439936,0
304301,2000,0,1,2004.0,2020.0,0.1909981740588751,0
304301,2002,0,1,2004.0,2020.0,0.2107058683939694,0
304301,2004,1,1,2004.0,2020.0,0.1756547634191173,0
304502,2000,0,0,,2016.0,0.04186568340917342,0
304502,2002,0,0,,2016.0,0.04708101460438376,0
304502,2004,0,0,,2016.0,0.03794064771182899,0
304502,2006,0,0,,2016.0,0.040840333635806136,0
304502,2008,0,0,,2016.0,0.018859014792477903,0
304502,2010,0,0,,2016.0,0.018952582781858518,0
304502,2012,0,0,,2016.0,0.01919896949019189,0
304502,2014,0,0,,2016.0,0.008644722101368817,0
304502,2016,0,0,,2016.0,0.008546342031823393,0
304701,2000,1,1,2000.0,2018.0,0.08790846416392886,0
305401,2000,0,1,2006.0,2018.0,0.2265839428262438,0
305401,2002,0,1,2006.0,2018.0,0.2488340820646003,0
305401,2004,0,1,2006.0,2018.0,0.26805734683469223,0
305401,2006,1,1,2006.0,2018.0,0.28336404851159663,0
305801,2000,1,1,2000.0,2010.0,0.06001409037659093,0
305804,2000,0,1,2002.0,2020.0,0.33588138314066923,0
305804,2002,1,1,2002.0,2020.0,0.36381561087991904,0
306802,2000,0,0,,2018.0,0.12389938585717898,0
306802,2002,0,0,,2018.0,0.13786348494466674,0
306802,2004,0,0,,2018.0,0.1131920283822727,0
306802,2006,0,0,,2018.0,0.12111889013890363,0
306802,2008,0,0,,2018.0,0.1265348414474276,0
306802,2010,0,0,,2018.0,0.12709343533901757,0
306802,2012,0,0,,2018.0,0.12856144140762724,0
306802,2014,0,0,,2018.0,0.1211349369196822,0
306802,2016,0,0,,2018.0,0.02949692852030885,0
306802,2018,0,0,,2018.0,0.029359818206116026,0
306902,2000,0,1,2002.0,2020.0,0.11539056965726119,0
306902,2002,1,1,2002.0,2020.0,0.5145185577613092,1
307301,2000,0,1,2006.0,2020.0,0.09332316853527357,0
307301,2002,0,1,2006.0,2020.0,0.18563577282281885,0
307301,2004,0,1,2006.0,2020.0,0.201285029810199,0
307301,2006,1,1,2006.0,2020.0,0.41203074019746483,0
309501,2000,0,1,2006.0,2018.0,0.07355968290084876,0
309501,2002,0,1,2006.0,2018.0,0.08238374740252974,0
309501,2004,0,1,2006.0,2018.0,0.06687062011904056,0
309501,2006,1,1,2006.0,2018.0,0.07181628411121756,0
309602,2000,0,1,2002.0,2010.0,0.11384707220181105,0
309602,2002,1,1,2002.0,2010.0,0.12684225242178895,0
310701,2000,0,1,2004.0,2018.0,0.4206586236337404,0
310701,2002,0,1,2004.0,2018.0,0.6165727078983612,1
310701,2004,1,1,2004.0,2018.0,0.5620862138271976,1
311301,2000,0,1,2010.0,2018.0,0.0961976454573336,0
311301,2002,0,1,2010.0,2018.0,0.10742243322490416,0
311301,2004,0,1,2010.0,2018.0,0.08764477357117467,0
311301,2006,0,1,2010.0,2018.0,0.09397213857259254,0
311301,2008,0,1,2010.0,2018.0,0.04839917352635044,0
311301,2010,1,1,2010.0,2018.0,0.048632038819400064,0
311302,2000,0,0,,2020.0,0.13624464208304538,0
311302,2002,0,0,,2020.0,0.1513597340861992,0
311302,2004,0,0,,2020.0,0.12462216934315806,0
311302,2006,0,0,,2020.0,0.1332292302391515,0
311302,2008,0,0,,2020.0,0.07474584946583077,0
311302,2010,0,0,,2020.0,0.07509547430838863,0
311302,2012,0,0,,2020.0,0.08044244603784945,0
311302,2014,0,0,,2020.0,0.09566211356254448,0
311302,2016,0,0,,2020.0,0.09466801028110379,0
311302,2018,0,0,,2020.0,0.056319317786347085,0
311302,2020,0,0,,2020.0,0.05759476178370217,0
311501,2000,0,0,,2020.0,0.08336223471156279,0
311501,2002,0,0,,2020.0,0.09324384200500341,0
311501,2004,0,0,,2020.0,0.07585477287112029,0
311501,2006,0,0,,2020.0,0.08140692542880908,0
311501,2008,0,0,,2020.0,0.1372164881027216,0
311501,2010,0,0,,2020.0,0.13781479658869936,0
311501,2012,0,0,,2020.0,0.1817812235684347,0
311501,2014,0,0,,2020.0,0.36037595421232943,0
311501,2016,0,0,,2020.0,0.3577191199198818,0
311501,2018,0,0,,2020.0,0.12350537789962414,0
311501,2020,0,0,,2020.0,0.11595232842202911,0
311701,2000,0,1,2006.0,2006.0,0.14218341656367847,0
311701,2002,0,1,2006.0,2006.0,0.15783696669688244,0
311701,2004,0,1,2006.0,2006.0,0.13013065592802198,0
311701,2006,1,1,2006.0,2006.0,0.1390577264038797,0
312001,2000,0,1,2008.0,2012.0,0.08805334113562484,0
312001,2002,0,1,2008.0,2012.0,0.09843131060863307,0
312001,2004,0,1,2008.0,2012.0,0.10770139545655237,0
312001,2006,0,1,2008.0,2012.0,0.11529373712185197,0
312001,2008,1,1,2008.0,2012.0,0.12048491953082123,0
312102,2000,0,1,2002.0,2004.0,0.2637769115248875,0
312102,2002,1,1,2002.0,2004.0,0.28831781799314693,0
312202,2000,0,1,2008.0,2016.0,0.13917491574537266,0
312202,2002,0,1,2008.0,2016.0,0.2636538415956482,0
312202,2004,0,1,2008.0,2016.0,0.2835897541333194,0
312202,2006,0,1,2008.0,2016.0,0.29942056757217744,0
312202,2008,1,1,2008.0,2016.0,0.3099972564471894,0
315002,2000,0,1,2010.0,2020.0,0.09788367049345095,0
315002,2002,0,1,2010.0,2020.0,0.10928140389409534,0
315002,2004,0,1,2010.0,2020.0,0.15815354506921786,0
315002,2006,0,1,2010.0,2020.0,0.16863033930735546,0
315002,2008,0,1,2010.0,2020.0,0.17574598097786714,0
315002,2010,1,1,2010.0,2020.0,0.17647792681282537,0
315102,2000,0,1,2002.0,2014.0,0.33714330640024226,0
315102,2002,1,1,2002.0,2014.0,0.3651247839702947,0
315103,2000,1,1,2000.0,2020.0,0.12614445606112268,0
315403,2000,0,1,2008.0,2014.0,0.09654879157829277,0
315403,2002,0,1,2008.0,2014.0,0.19137860772360926,0
315403,2004,0,1,2008.0,2014.0,0.2660012971136066,0
315403,2006,0,1,2008.0,2014.0,0.2812357043811173,0
315403,2008,1,1,2008.0,2014.0,0.2914372518426577,0
315502,2000,0,1,2006.0,2020.0,0.09851457086810074,0
315502,2002,0,1,2006.0,2020.0,0.10997681146541269,0
315502,2004,0,1,2006.0,2020.0,0.15910439688516909,0
315502,2006,1,1,2006.0,2020.0,0.07348962603231489,0
316201,2000,0,1,2006.0,2020.0,0.10858959885617347,0
316201,2002,0,1,2006.0,2020.0,0.3356923590154804,0
316201,2004,0,1,2006.0,2020.0,0.43622939901086544,0
316201,2006,1,1,2006.0,2020.0,0.4551673660012747,0
316301,2000,0,1,2014.0,2018.0,0.08807471225618789,0
316301,2002,0,1,2014.0,2018.0,0.09845492859714616,0
316301,2004,0,1,2014.0,2018.0,0.08017997550481505,0
316301,2006,0,1,2014.0,2018.0,0.08601924183009428,0
316301,2008,0,1,2014.0,2018.0,0.04075467722269782,0
316301,2010,0,1,2014.0,2018.0,0.04095234502922203,0
316301,2012,0,1,2014.0,2018.0,0.04147264194113504,0
316301,2014,1,1,2014.0,2018.0,0.09887647174059613,0
316302,2000,1,1,2000.0,2020.0,0.11807828824529441,0
316501,2000,0,1,2010.0,2020.0,0.08805334113562484,0
316501,2002,0,1,2010.0,2020.0,0.09843131060863307,0
316501,2004,0,1,2010.0,2020.0,0.10770139545655237,0
316501,2006,0,1,2010.0,2020.0,0.11529373712185197,0
316501,2008,0,1,2010.0,2020.0,0.12048491953082123,0
316501,2010,1,1,2010.0,2020.0,0.121020506167714,0
317802,2000,0,0,,2018.0,0.09557909658003515,0
317802,2002,0,0,,2018.0,0.1067402331731681,0
317802,2004,0,0,,2018.0,0.08707592106654721,0
317802,2006,0,0,,2018.0,0.0933664213818653,0
317802,2008,0,0,,2018.0,0.09767931661109763,0
317802,2010,0,0,,2018.0,0.09812483674659768,0
317802,2012,0,0,,2018.0,0.09929630049469511,0
317802,2014,0,0,,2018.0,0.09337918195664109,0
317802,2016,0,0,,2018.0,0.054185370790024986,0
317802,2018,0,0,,2018.0,0.0044471666554908315,0
319001,2000,0,0,,2020.0,0.10012256969485696,0
319001,2002,0,0,,2020.0,0.11174871008231065,0
319001,2004,0,0,,2020.0,0.09125596965297914,0
319001,2006,0,0,,2020.0,0.09781608799758933,0
319001,2008,0,0,,2020.0,0.10231133246333987,0
319001,2010,0,0,,2020.0,0.10277557307196646,0
319001,2012,0,0,,2020.0,0.10399615725855288,0
319001,2014,0,0,,2020.0,0.0978293910959069,0
319001,2016,0,0,,2020.0,0.10154074831924217,0
319001,2018,0,0,,2020.0,0.016225909945570122,0
319001,2020,0,0,,2020.0,0.016609353508878134,0
319002,2000,0,0,,2018.0,0.13999724906386132,0
319002,2002,0,0,,2018.0,0.5694484844136922,1
319002,2004,0,0,,2018.0,0.5135487543596001,1
319002,2006,0,0,,2018.0,0.5326718811639124,1
319002,2008,0,0,,2018.0,0.5450773898309991,1
319002,2010,0,0,,2018.0,0.5463279899068632,1
319002,2012,0,0,,2018.0,0.3305905978889296,0
319002,2014,0,0,,2018.0,0.3157218399563532,0
319002,2016,0,0,,2018.0,0.3132329957302143,0
319002,2018,0,0,,2018.0,0.31220127076986864,0
320102,2000,0,1,2002.0,2020.0,0.4158970204162281,0
320102,2002,1,1,2002.0,2020.0,0.7470687430922663,1
320103,2000,0,1,2002.0,2020.0,0.32696104090427514,0
320103,2002,1,1,2002.0,2020.0,0.3545494532731318,0
320402,2000,0,1,2008.0,2020.0,0.17620927814819576,0
320402,2002,0,1,2008.0,2020.0,0.19475837284379227,0
320402,2004,0,1,2008.0,2020.0,0.2702584548057821,0
320402,2006,0,1,2008.0,2020.0,0.5073479198147245,1
320402,2008,1,1,2008.0,2020.0,0.5198196736138886,1
322502,2000,0,1,2002.0,2012.0,0.15611019520029779,0
322502,2002,1,1,2002.0,2012.0,0.43418887162747855,0
324302,2000,0,1,2002.0,2012.0,0.2391979600499313,0
324302,2002,1,1,2002.0,2012.0,0.26226673677221224,0
324303,2000,0,1,2004.0,2016.0,0.11616175748250225,0
324303,2002,0,1,2004.0,2016.0,0.12938257340752024,0
324303,2004,1,1,2004.0,2016.0,0.10604214742770299,0
324402,2000,0,1,2010.0,2020.0,0.1026418049076327,0
324402,2002,0,1,2010.0,2020.0,0.20211731205854197,0
324402,2004,0,1,2010.0,2020.0,0.27948003494409485,0
324402,2006,0,1,2010.0,2020.0,0.2951759562035614,0
324402,2008,0,1,2010.0,2020.0,0.42908199128299546,0
324402,2010,1,1,2010.0,2020.0,0.430318197523716,0
324501,2000,0,1,2014.0,2020.0,0.0928922835737717,0
324501,2002,0,1,2014.0,2020.0,0.10377567118588872,0
324501,2004,0,1,2014.0,2020.0,0.08460577916559314,0
324501,2006,0,1,2014.0,2020.0,0.09073556842458894,0
324501,2008,0,1,2014.0,2020.0,0.05788808136974305,0
324501,2010,0,1,2014.0,2020.0,0.05816381061174948,0
324501,2012,0,1,2014.0,2020.0,0.08284708210707192,0
324501,2014,1,1,2014.0,2020.0,0.1863832178284406,0
325002,2000,0,1,2002.0,2020.0,0.526488515209243,1
325002,2002,1,1,2002.0,2020.0,0.5569800913239513,1
325004,2000,0,1,2008.0,2020.0,0.13710061972935017,0
325004,2002,0,1,2008.0,2020.0,0.15229393111635353,0
325004,2004,0,1,2008.0,2020.0,0.21574272445441595,0
325004,2006,0,1,2008.0,2020.0,0.4334116544045368,0
325004,2008,1,1,2008.0,2020.0,0.5785524622234568,1
325201,2000,1,1,2000.0,2018.0,0.09788700730094894,0
325301,2000,0,1,2006.0,2020.0,0.10433885079013139,0
325301,2002,0,1,2006.0,2020.0,0.11639125758555281,0
325301,2004,0,1,2006.0,2020.0,0.0951383430553428,0
325301,2006,1,1,2006.0,2020.0,0.10194624400812052,0
325401,2000,0,1,2006.0,2020.0,0.2711710313763943,0
325401,2002,0,1,2006.0,2020.0,0.29612316536089317,0
325401,2004,0,1,2006.0,2020.0,0.39179889855526945,0
325401,2006,1,1,2006.0,2020.0,0.4102114864316795,0
325402,2000,0,1,2010.0,2020.0,0.09349434663650245,0
325402,2002,0,1,2010.0,2020.0,0.10444015130650966,0
325402,2004,0,1,2010.0,2020.0,0.15151550755114562,0
325402,2006,0,1,2010.0,2020.0,0.16163699871620485,0
325402,2008,0,1,2010.0,2020.0,0.10611780472427187,0
325402,2010,1,1,2010.0,2020.0,0.10659726632556527,0
326805,2000,0,1,2004.0,2018.0,0.10428029868477016,0
326805,2002,0,1,2004.0,2018.0,0.11632682042800002,0
326805,2004,1,1,2004.0,2018.0,0.16775635107967593,0
327303,2000,0,1,2016.0,2020.0,0.07729149472523629,0
327303,2002,0,1,2016.0,2020.0,0.08652141195735337,0
327303,2004,0,1,2016.0,2020.0,0.07028883030079774,0
327303,2006,0,1,2016.0,2020.0,0.07546685494724298,0
327303,2008,0,1,2016.0,2020.0,0.07902498144443082,0
327303,2010,0,1,2016.0,2020.0,0.07939290451222568,0
327303,2012,0,1,2016.0,2020.0,0.13342960103893198,0
327303,2014,0,1,2016.0,2020.0,0.2808243463129353,0
327303,2016,1,1,2016.0,2020.0,0.835619558686991,1
328002,2000,0,1,2016.0,2020.0,0.08167141604781082,0
328002,2002,0,1,2016.0,2020.0,0.09137257576391813,0
328002,2004,0,1,2016.0,2020.0,0.07430388308226402,0
328002,2006,0,1,2016.0,2020.0,0.07975231533877347,0
328002,2008,0,1,2016.0,2020.0,0.1345937440402123,0
328002,2010,0,1,2016.0,2020.0,0.13518240832443032,0
328002,2012,0,1,2016.0,2020.0,0.08339738689625047,0
328002,2014,0,1,2016.0,2020.0,0.18748066972041583,0
328002,2016,1,1,2016.0,2020.0,0.7703194475068229,1
328701,2000,1,1,2000.0,2020.0,0.08777483136154254,0
328702,2000,0,1,2010.0,2020.0,0.08732170239191632,0
328702,2002,0,1,2010.0,2020.0,0.09762267180986078,0
328702,2004,0,1,2010.0,2020.0,0.07948857959025514,0
328702,2006,0,1,2010.0,2020.0,0.08528216210112914,0
328702,2008,0,1,2010.0,2020.0,0.05429100365495205,0
328702,2010,1,1,2010.0,2020.0,0.05455059156515988,0
328704,2000,0,1,2016.0,2020.0,0.07875264994390074,0
328704,2002,0,1,2016.0,2020.0,0.08814038633347614,0
328704,2004,0,1,2016.0,2020.0,0.07162788032422679,0
328704,2006,0,1,2016.0,2020.0,0.07689639094511776,0
328704,2008,0,1,2016.0,2020.0,0.08051604773590411,0
328704,2010,0,1,2016.0,2020.0,0.08089030315208733,0
328704,2012,0,1,2016.0,2020.0,0.04850638412780722,0
328704,2014,0,1,2016.0,2020.0,0.11448308565968446,0
328704,2016,1,1,2016.0,2020.0,0.11331790589493469,0
329101,2000,0,0,,2020.0,0.09557909658003515,0
329101,2002,0,0,,2020.0,0.1896564207190368,0
329101,2004,0,0,,2020.0,0.20555906669090884,0
329101,2006,0,0,,2020.0,0.21836165572939556,0
329101,2008,0,0,,2020.0,0.2270028064121437,0
329101,2010,0,0,,2020.0,0.22788920518898567,0
329101,2012,0,0,,2020.0,0.23021441148227836,0
329101,2014,0,0,,2020.0,0.4313101340412918,0
329101,2016,0,0,,2020.0,0.22872151920501213,0
329101,2018,0,0,,2020.0,0.031221857941786862,0
329101,2020,0,0,,2020.0,0.029124933086052317,0
329301,2000,0,0,,2000.0,0.06975344680998752,0
330601,2000,0,0,,2018.0,0.08356928894038511,0
330601,2002,0,0,,2018.0,0.09347293723951411,0
330601,2004,0,0,,2018.0,0.07604472710694186,0
330601,2006,0,0,,2018.0,0.0816095554691574,0
330601,2008,0,0,,2018.0,0.041755673218016064,0
330601,2010,0,0,,2018.0,0.041957983680844586,0
330601,2012,0,0,,2018.0,0.040060965970838684,0
330601,2014,0,0,,2018.0,0.03752664482824182,0
330601,2016,0,0,,2018.0,0.02862098713694178,0
330601,2018,0,0,,2018.0,0.028487828936089372,0
331501,2000,0,0,,2018.0,0.057200987016637755,0
331501,2002,0,0,,2018.0,0.06419868032544934,0
331501,2004,0,0,,2018.0,0.051916122670931555,0
331501,2006,0,0,,2018.0,0.0558219358629968,0
331501,2008,0,0,,2018.0,0.015627373221277645,0
331501,2010,0,0,,2018.0,0.015705164245260268,0
331501,2012,0,0,,2018.0,0.01591001862470142,0
331501,2014,0,0,,2018.0,0.014879842672235825,0
331501,2016,0,0,,2018.0,0.011285605416760358,0
331501,2018,0,0,,2018.0,0.011232166917210197,0
331504,2000,0,1,2008.0,2020.0,0.12286400991507945,0
331504,2002,0,1,2008.0,2020.0,0.1367296284998362,0
331504,2004,0,1,2008.0,2020.0,0.11223466677020431,0
331504,2006,0,1,2008.0,2020.0,0.12010356433001847,0
331504,2008,1,1,2008.0,2020.0,0.01737234264547726,0
331601,2000,0,0,,2020.0,0.0682377683525071,0
331601,2002,0,0,,2020.0,0.07647612654115966,0
331601,2004,0,0,,2020.0,0.06200026067640579,0
331601,2006,0,0,,2020.0,0.06661143248819697,0
331601,2008,0,0,,2020.0,0.01880261047509318,0
331601,2010,0,0,,2020.0,0.01889590400708591,0
331601,2012,0,0,,2020.0,0.019141568258601988,0
331601,2014,0,0,,2020.0,0.02705348029428216,0
331601,2016,0,0,,2020.0,0.026751255100845982,0
331601,2018,0,0,,2020.0,0.022645905821450034,0
331601,2020,0,0,,2020.0,0.023177489543190218,0
331704,2000,0,0,,2020.0,0.21263610835561278,0
331704,2002,0,0,,2020.0,0.23393086630555993,0
331704,2004,0,0,,2020.0,0.19597553907132167,0
331704,2006,0,0,,2020.0,0.20833777708263232,0
331704,2008,0,0,,2020.0,0.1588633074320435,0
331704,2010,0,0,,2020.0,0.1595385498178754,0
331704,2012,0,0,,2020.0,0.13791290807160592,0
331704,2014,0,0,,2020.0,0.13002680769226663,0
331704,2016,0,0,,2020.0,0.12872642520623065,0
331704,2018,0,0,,2020.0,0.08256490872958772,0
331704,2020,0,0,,2020.0,0.084381579980918,0
332101,2000,0,0,,2020.0,0.1053681323156481,0
332101,2002,0,0,,2020.0,0.1175238329496309,0
332101,2004,0,0,,2020.0,0.0960866003067611,0
332101,2006,0,0,,2020.0,0.10295463602867015,0
332101,2008,0,0,,2020.0,0.03904628446066204,0
332101,2010,0,0,,2020.0,0.039236005165986416,0
332101,2012,0,0,,2020.0,0.016756681349247918,0
332101,2014,0,0,,2020.0,0.02829280410105506,0
332101,2016,0,0,,2020.0,0.04071258439998364,0
332101,2018,0,0,,2020.0,0.014726420727280568,0
332101,2020,0,0,,2020.0,0.015074972017563852,0
332102,2000,0,0,,2018.0,0.14622755481665956,0
332102,2002,0,0,,2018.0,0.16224213144987767,0
332102,2004,0,0,,2018.0,0.1338854822279921,0
332102,2006,0,0,,2018.0,0.14302778375264447,0
332102,2008,0,0,,2018.0,0.06031405243206713,0
332102,2010,0,0,,2018.0,0.060600593640427663,0
332102,2012,0,0,,2018.0,0.06498801417396563,0
332102,2014,0,0,,2018.0,0.030032935610470806,0
332102,2016,0,0,,2018.0,0.014021704000731721,0
332102,2018,0,0,,2018.0,0.02248816032235618,0
332201,2000,0,1,2006.0,2020.0,0.1353111423849771,0
332201,2002,0,1,2006.0,2020.0,0.2573674869700577,0
332201,2004,0,1,2006.0,2020.0,0.2770068805597139,0
332201,2006,1,1,2006.0,2020.0,0.2926203152649552,0
332501,2000,0,0,,2018.0,0.06608977329395661,0
332501,2002,0,0,,2018.0,0.07408942419862369,0
332501,2004,0,0,,2018.0,0.06003595945585569,0
332501,2006,0,0,,2018.0,0.06451108694426776,0
332501,2008,0,0,,2018.0,0.016049595706670985,0
332501,2010,0,0,,2018.0,0.016129454060509876,0
332501,2012,0,0,,2018.0,0.016339750901586198,0
332501,2014,0,0,,2018.0,0.015282181828468562,0
332501,2016,0,0,,2018.0,0.02835313031057779,0
332501,2018,0,0,,2018.0,0.01830183215067855,0
333801,2000,0,1,2008.0,2016.0,0.1000554913827633,0
333801,2002,0,1,2008.0,2016.0,0.11167480932249682,0
333801,2004,0,1,2008.0,2016.0,0.12202333356276973,0
333801,2006,0,1,2008.0,2016.0,0.13047765862603647,0
333801,2008,1,1,2008.0,2016.0,0.08458132312642361,0
334802,2000,0,0,,2008.0,0.10891284275150322,0
334802,2002,0,0,,2008.0,0.12142197428482356,0
334802,2004,0,0,,2008.0,0.13253897134047227,0
334802,2006,0,0,,2008.0,0.14160435962918627,0
334802,2008,0,0,,2008.0,0.05965649839854818,0
334804,2000,0,0,,2000.0,0.23244964944260513,0
334806,2000,0,0,,2006.0,0.14211856637676654,0
334806,2002,0,0,,2006.0,0.1577662899806133,0
334806,2004,0,0,,2006.0,0.17156107500552611,0
334806,2006,0,0,,2006.0,0.18273325434384766,0
335202,2000,0,1,2010.0,2020.0,0.10023765303480793,0
335202,2002,0,1,2010.0,2020.0,0.19789701080801475,0
335202,2004,0,1,2010.0,2020.0,0.2143078902024072,0
335202,2006,0,1,2010.0,2020.0,0.22749933410415846,0
335202,2008,0,1,2010.0,2020.0,0.34576515042419176,0
335202,2010,1,1,2010.0,2020.0,0.7791775138173281,1
335501,2000,0,1,2002.0,2018.0,0.28682458432105357,0
335501,2002,1,1,2002.0,2018.0,0.31259931076337777,0
336302,2000,0,1,2004.0,2020.0,0.1119687154012977,0
336302,2002,0,1,2004.0,2020.0,0.12477967957013715,0
336302,2004,1,1,2004.0,2020.0,0.1361564550150191,0
336502,2000,0,1,2006.0,2020.0,0.13736267397250454,0
336502,2002,0,1,2006.0,2020.0,0.15257989085725418,0
336502,2004,0,1,2006.0,2020.0,0.34593108972350817,0
336502,2006,1,1,2006.0,2020.0,0.36347633568438614,0
337105,2000,0,1,2012.0,2020.0,0.09592914067855354,0
337105,2002,0,1,2012.0,2020.0,0.19027852125805847,0
337105,2004,0,1,2012.0,2020.0,0.15794552861776034,0
337105,2006,0,1,2012.0,2020.0,0.16841129959558007,0
337105,2008,0,1,2012.0,2020.0,0.2665593412709469,0
337105,2010,0,1,2012.0,2020.0,0.26754673899260784,0
337105,2012,1,1,2012.0,2020.0,0.43364717367516076,0
339702,2000,1,1,2000.0,2018.0,0.23323849956247025,0
339703,2000,0,1,2002.0,2018.0,0.15306313079326936,0
339703,2002,1,1,2002.0,2018.0,0.16967754763754267,0
340202,2000,0,1,2014.0,2020.0,0.08659556560081798,0
340202,2002,0,1,2014.0,2020.0,0.09681996277441675,0
340202,2004,0,1,2014.0,2020.0,0.07882195481972235,0
340202,2006,0,1,2014.0,2020.0,0.08457141384259866,0
340202,2008,0,1,2014.0,2020.0,0.1422145618101578,0
340202,2010,0,1,2014.0,2020.0,0.1428310557230095,0
340202,2012,0,1,2014.0,2020.0,0.10865091467812002,0
340202,2014,1,1,2014.0,2020.0,0.23613219826107082,0
340203,2000,0,1,2016.0,2020.0,0.0809880956978823,0
340203,2002,0,1,2016.0,2020.0,0.09061609783448929,0
340203,2004,0,1,2016.0,2020.0,0.0736772591634264,0
340203,2006,0,1,2016.0,2020.0,0.07908366879072534,0
340203,2008,0,1,2016.0,2020.0,0.0827970499871602,0
340203,2010,0,1,2016.0,2020.0,0.0831809488184568,0
340203,2012,0,1,2016.0,2020.0,0.05301518752399415,0
340203,2014,0,1,2016.0,2020.0,0.12432329877123541,0
340203,2016,1,1,2016.0,2020.0,0.6815170107575392,1
340702,2000,0,0,,2002.0,0.08974125654835127,0
340702,2002,0,0,,2002.0,0.10029628452304566,0
341102,2000,0,0,,2018.0,0.0990544380840235,0
341102,2002,0,0,,2018.0,0.11057178816727747,0
341102,2004,0,0,,2018.0,0.09027293997967925,0
341102,2006,0,0,,2018.0,0.09676991642655759,0
341102,2008,0,0,,2018.0,0.10122247715220187,0
341102,2010,0,0,,2018.0,0.10168233668934755,0
341102,2012,0,0,,2018.0,0.10289142628751011,0
341102,2014,0,0,,2018.0,0.09678309250771054,0
341102,2016,0,0,,2018.0,0.09577857396548209,0
341102,2018,0,0,,2018.0,0.022087288404036967,0
342202,2000,0,1,2016.0,2020.0,0.07875264994390074,0
342202,2002,0,1,2016.0,2020.0,0.08814038633347614,0
342202,2004,0,1,2016.0,2020.0,0.07162788032422679,0
342202,2006,0,1,2016.0,2020.0,0.07689639094511776,0
342202,2008,0,1,2016.0,2020.0,0.08051604773590411,0
342202,2010,0,1,2016.0,2020.0,0.08089030315208733,0
342202,2012,0,1,2016.0,2020.0,0.22394248038564324,0
342202,2014,0,1,2016.0,2020.0,0.4225670207304917,0
342202,2016,1,1,2016.0,2020.0,0.8890082991495384,1
342302,2000,0,1,2006.0,2018.0,0.0973494947279967,0
342302,2002,0,1,2006.0,2018.0,0.19279792903253967,0
342302,2004,0,1,2006.0,2018.0,0.3362326631923713,0
342302,2006,1,1,2006.0,2018.0,0.3535519048584218,0
342303,2000,0,1,2008.0,2014.0,0.09987362402700518,0
342303,2002,0,1,2008.0,2014.0,0.19725607006538778,0
342303,2004,0,1,2008.0,2014.0,0.34259979940977936,0
342303,2006,0,1,2008.0,2014.0,0.591694675494061,1
342303,2008,1,1,2008.0,2014.0,0.6036990639836733,1
342304,2000,0,1,2014.0,2020.0,0.08961163815395404,0
342304,2002,0,1,2014.0,2020.0,0.10015309828971689,0
342304,2004,0,1,2014.0,2020.0,0.19096970377665054,0
342304,2006,0,1,2014.0,2020.0,0.20309593453585173,0
342304,2008,0,1,2014.0,2020.0,0.21129628472773385,0
342304,2010,0,1,2014.0,2020.0,0.2121381841488292,0
342304,2012,0,1,2014.0,2020.0,0.2825607871283075,0
342304,2014,1,1,2014.0,2020.0,0.49969964160762964,0
342401,2000,1,1,2000.0,2012.0,0.47590706947042916,0
342803,2000,0,1,2008.0,2020.0,0.14076249745287875,0
342803,2002,0,1,2008.0,2020.0,0.1562881141335185,0
342803,2004,0,1,2008.0,2020.0,0.169979735298133,0
342803,2006,0,1,2008.0,2020.0,0.36283847965313615,0
342803,2008,1,1,2008.0,2020.0,0.3744579709624522,0
343001,2000,0,1,2002.0,2018.0,0.12469629595702708,0
343001,2002,1,1,2002.0,2018.0,0.13873598801534523,0
343006,2000,0,1,2010.0,2020.0,0.10143341036335818,0
343006,2002,0,1,2010.0,2020.0,0.19999881261438737,0
343006,2004,0,1,2010.0,2020.0,0.3464911700708598,0
343006,2006,0,1,2010.0,2020.0,0.3640490117950059,0
343006,2008,0,1,2010.0,2020.0,0.5067360855120334,1
343006,2010,1,1,2010.0,2020.0,0.5079969485856315,1
343008,2000,0,1,2016.0,2020.0,0.08484523623070094,0
343008,2002,0,1,2016.0,2020.0,0.09488443893351511,0
343008,2004,0,1,2016.0,2020.0,0.1818892347436386,0
343008,2006,0,1,2016.0,2020.0,0.19357683374743764,0
343008,2008,0,1,2016.0,2020.0,0.3010810779303471,0
343008,2010,0,1,2016.0,2020.0,0.3021436729595637,0
343008,2012,0,1,2016.0,2020.0,0.3049273041418888,0
343008,2014,0,1,2016.0,2020.0,0.5266372688640618,1
343008,2016,1,1,2016.0,2020.0,0.9443205994897282,1
343201,2000,0,1,2008.0,2020.0,0.10227003724118258,0
343201,2002,0,1,2008.0,2020.0,0.11411391786162123,0
343201,2004,0,1,2008.0,2020.0,0.16474749570185976,0
343201,2006,0,1,2008.0,2020.0,0.17557000376813284,0
343201,2008,1,1,2008.0,2020.0,0.18291404902012368,0
343401,2000,0,1,2010.0,2012.0,0.12870498180216508,0
343401,2002,0,1,2010.0,2012.0,0.14312221651873083,0
343401,2004,0,1,2010.0,2012.0,0.1558735264565041,0
343401,2006,0,1,2010.0,2012.0,0.33926935640301153,0
343401,2008,0,1,2010.0,2012.0,0.24021923366259657,0
343401,2010,1,1,2010.0,2012.0,0.24114114060045158,0
343601,2000,0,0,,2016.0,0.09749044972764874,0
343601,2002,0,0,,2016.0,0.10884792048274454,0
343601,2004,0,0,,2016.0,0.11896956949104846,0
343601,2006,0,0,,2016.0,0.12724297959955347,0
343601,2008,0,0,,2016.0,0.05309214921214104,0
343601,2010,0,0,,2016.0,0.0533463282476369,0
343601,2012,0,0,,2016.0,0.05096180617078473,0
343601,2014,0,0,,2016.0,0.023362495325998194,0
343601,2016,0,0,,2016.0,0.023100524594398174,0
344702,2000,0,1,2006.0,2018.0,0.08115640670670676,0
344702,2002,0,1,2006.0,2018.0,0.09080244095402999,0
344702,2004,0,1,2006.0,2018.0,0.09943329234575991,0
344702,2006,1,1,2006.0,2018.0,0.10651235381395556,0
344703,2000,1,1,2000.0,2010.0,0.09294038237094326,0
345102,2000,0,1,2006.0,2020.0,0.18598667169947541,0
345102,2002,0,1,2006.0,2020.0,0.20530849567709322,0
345102,2004,0,1,2006.0,2020.0,0.17096077277449476,0
345102,2006,1,1,2006.0,2020.0,0.18210245299596148,0
345103,2000,0,1,2010.0,2020.0,0.09366580628469663,0
345103,2002,0,1,2010.0,2020.0,0.10462936760837831,0
345103,2004,0,1,2010.0,2020.0,0.0853167893176473,0
345103,2006,0,1,2010.0,2020.0,0.09149294336974914,0
345103,2008,0,1,2010.0,2020.0,0.09572843430545003,0
345103,2010,1,1,2010.0,2020.0,0.09616600469481096,0
345402,2000,0,0,,2018.0,0.22301743139845215,0
345402,2002,0,0,,2018.0,0.245028301444221,0
345402,2004,0,0,,2018.0,0.20575602007875787,0
345402,2006,0,0,,2018.0,0.21856750092477423,0
345402,2008,0,0,,2018.0,0.132039057047437,0
345402,2010,0,0,,2018.0,0.13261826029281706,0
345402,2012,0,0,,2018.0,0.13414027491733727,0
345402,2014,0,0,,2018.0,0.12643826079543857,0
345402,2016,0,0,,2018.0,0.11118854701290722,0
345402,2018,0,0,,2018.0,0.1107150294716708,0
345403,2000,0,0,,2016.0,0.11039489271791833,0
345403,2002,0,0,,2016.0,0.12305073858324403,0
345403,2004,0,0,,2016.0,0.100720420682898,0
345403,2006,0,0,,2016.0,0.10788014087116954,0
345403,2008,0,0,,2016.0,0.04905017341802635,0
345403,2010,0,0,,2016.0,0.04928600867390808,0
345403,2012,0,0,,2016.0,0.022106671681696926,0
345403,2014,0,0,,2016.0,0.020683694745712158,0
345403,2016,0,0,,2016.0,0.024557753000393243,0
345803,2000,0,1,2006.0,2020.0,0.19108239274562064,0
345803,2002,0,1,2006.0,2020.0,0.34346385913601746,0
345803,2004,0,1,2006.0,2020.0,0.4447700810768138,0
345803,2006,1,1,2006.0,2020.0,0.6901628310286257,1
346501,2000,0,1,2002.0,2020.0,0.15900404089637027,0
346501,2002,1,1,2002.0,2020.0,0.6056962129658936,1
346503,2000,0,1,2002.0,2020.0,0.09851457086810074,0
346503,2002,1,1,2002.0,2020.0,0.19485873141207247,0
346901,2000,0,1,2010.0,2020.0,0.08611711125460181,0
346901,2002,0,1,2010.0,2020.0,0.09629097231782956,0
346901,2004,0,1,2010.0,2020.0,0.1053830455326883,0
346901,2006,0,1,2010.0,2020.0,0.1128326226570736,0
346901,2008,0,1,2010.0,2020.0,0.1179277626202184,0
346901,2010,1,1,2010.0,2020.0,0.47162667525022345,0
347503,2000,0,1,2018.0,2020.0,0.07867576821768316,0
347503,2002,0,1,2018.0,2020.0,0.08805521588198563,0
347503,2004,0,1,2018.0,2020.0,0.07155741383933999,0
347503,2006,0,1,2018.0,2020.0,0.07682117026604639,0
347503,2008,0,1,2018.0,2020.0,0.08043759481597397,0
347503,2010,0,1,2018.0,2020.0,0.08081151761628269,0
347503,2012,0,1,2018.0,2020.0,0.08179503232799293,0
347503,2014,0,1,2018.0,2020.0,0.1842805675348623,0
347503,2016,0,1,2018.0,2020.0,0.7708232847521153,1
347503,2018,1,1,2018.0,2020.0,0.5910152909281728,1
348703,2000,0,1,2006.0,2020.0,0.09409990705798583,0
348703,2002,0,1,2006.0,2020.0,0.1051083871353208,0
348703,2004,0,1,2006.0,2020.0,0.08571585544926881,0
348703,2006,1,1,2006.0,2020.0,0.03781584650904383,0
349103,2000,0,1,2012.0,2020.0,0.08716073910195013,0
349103,2002,0,1,2012.0,2020.0,0.09744474769132688,0
349103,2004,0,1,2012.0,2020.0,0.1418664824280701,0
349103,2006,0,1,2012.0,2020.0,0.15145846142961475,0
349103,2008,0,1,2012.0,2020.0,0.24260897594792333,0
349103,2010,0,1,2012.0,2020.0,0.24353711444610052,0
349103,2012,1,1,2012.0,2020.0,0.19024193990342486,0
349801,2000,0,0,,2000.0,0.17502380998715808,0
350501,2000,0,1,2012.0,2020.0,0.09923497817804017,0
350501,2002,0,1,2012.0,2020.0,0.19613039315882538,0
350501,2004,0,1,2012.0,2020.0,0.2124335730617335,0
350501,2006,0,1,2012.0,2020.0,0.2255427645420983,0
350501,2008,0,1,2012.0,2020.0,0.15205432667736732,0
350501,2010,0,1,2012.0,2020.0,0.15270588196160517,0
350501,2012,1,1,2012.0,2020.0,0.1544173932447959,0
350602,2000,0,1,2008.0,2020.0,0.09887419039600998,0
350602,2002,0,1,2008.0,2020.0,0.1954937795475097,0
350602,2004,0,1,2008.0,2020.0,0.34008912665188856,0
350602,2006,0,1,2008.0,2020.0,0.5889940554533901,1
350602,2008,1,1,2008.0,2020.0,0.7200253541139484,1
351101,2000,0,1,2002.0,2020.0,0.15993976031547963,0
351101,2002,1,1,2002.0,2020.0,0.6073622091675667,1
351102,2000,0,1,2004.0,2018.0,0.16608426410756386,0
351102,2002,0,1,2004.0,2018.0,0.3060735418371803,0
351102,2004,1,1,2004.0,2018.0,0.2603917102056352,0
351201,2000,0,1,2014.0,2020.0,0.08297313186451279,0
351201,2002,0,1,2014.0,2020.0,0.09281328581139411,0
351201,2004,0,1,2014.0,2020.0,0.07549782577842784,0
351201,2006,0,1,2014.0,2020.0,0.08102614246531967,0
351201,2008,0,1,2014.0,2020.0,0.0848223317577404,0
351201,2010,0,1,2014.0,2020.0,0.08521474861785237,0
351201,2012,0,1,2014.0,2020.0,0.23804415441371854,0
351201,2014,1,1,2014.0,2020.0,0.4420517294252285,0
351401,2000,0,0,,2016.0,0.2185688281147454,0
351401,2002,0,0,,2016.0,0.5370949605991376,1
351401,2004,0,0,,2016.0,0.48082439148962736,0
351401,2006,0,0,,2016.0,0.4999814114665967,0
351401,2008,0,0,,2016.0,0.45185693433773266,0
351401,2010,0,0,,2016.0,0.4531066806591717,0
351401,2012,0,0,,2016.0,0.26540267877179785,0
351401,2014,0,0,,2016.0,0.2523605334459513,0
351401,2016,0,0,,2016.0,0.2869146213986414,0
352202,2000,0,1,2012.0,2020.0,0.08764443562379545,0
352202,2002,0,1,2012.0,2020.0,0.09797938939438032,0
352202,2004,0,1,2012.0,2020.0,0.07978489310718338,0
352202,2006,0,1,2012.0,2020.0,0.08559806434221241,0
352202,2008,0,1,2012.0,2020.0,0.054498948067161955,0
352202,2010,0,1,2012.0,2020.0,0.05475947267500993,0
352202,2012,1,1,2012.0,2020.0,0.14823132961836125,0
353102,2000,0,1,2006.0,2020.0,0.11716360188378697,0
353102,2002,0,1,2006.0,2020.0,0.22715039584821392,0
353102,2004,0,1,2006.0,2020.0,0.19002231495969085,0
353102,2006,1,1,2006.0,2020.0,0.3948047707497129,0
353201,2000,0,0,,2020.0,0.0755383214736823,0
353201,2002,0,0,,2020.0,0.084578070449689,0
353201,2004,0,0,,2020.0,0.12393977954268144,0
353201,2006,0,0,,2020.0,0.132506845047538,0
353201,2008,0,0,,2020.0,0.11184128708344435,0
353201,2010,0,0,,2020.0,0.11234335845764314,0
353201,2012,0,0,,2020.0,0.05230338990864035,0
353201,2014,0,0,,2020.0,0.12277822639670138,0
353201,2016,0,0,,2020.0,0.12154020852973152,0
353201,2018,0,0,,2020.0,0.03365703699725712,0
353201,2020,0,0,,2020.0,0.03443798545160368,0
353202,2000,0,1,2002.0,2020.0,0.23747815613591922,0
353202,2002,1,1,2002.0,2020.0,0.7167421714174774,1
354302,2000,1,1,2000.0,2018.0,0.3914796002241281,0
354303,2000,0,1,2004.0,2018.0,0.17991993946270496,0
354303,2002,0,1,2004.0,2018.0,0.6406126380468208,1
354303,2004,1,1,2004.0,2018.0,0.5872554690377351,1
354407,2000,1,1,2000.0,2020.0,0.23213765778014228,0
354501,2000,0,1,2002.0,2018.0,0.2656248854400155,0
354501,2002,1,1,2002.0,2018.0,0.29026993475969015,0
354502,2000,0,1,2002.0,2020.0,0.21031023683843333,0
354502,2002,1,1,2002.0,2020.0,0.6839226253884415,1
354602,2000,0,1,2010.0,2020.0,0.0990544380840235,0
354602,2002,0,1,2010.0,2020.0,0.195811890632265,0
354602,2004,0,1,2010.0,2020.0,0.21209558059103403,0
354602,2006,0,1,2010.0,2020.0,0.22518987846793936,0
354602,2008,0,1,2010.0,2020.0,0.3427878613493352,0
354602,2010,1,1,2010.0,2020.0,0.34392521905932333,0
354701,2000,0,1,2002.0,2016.0,0.1664968674637723,0
354701,2002,1,1,2002.0,2016.0,0.18425223585632336,0
354802,2000,1,1,2000.0,2012.0,0.28064184465914227,0
354901,2000,0,1,2002.0,2020.0,0.3304463733512258,0
354901,2002,1,1,2002.0,2020.0,0.8003921783270983,1
354902,2000,0,1,2002.0,2020.0,0.1379456376109,0
354902,2002,1,1,2002.0,2020.0,0.15321596543418328,0
355101,2000,0,1,2008.0,2020.0,0.13610730682676178,0
355101,2002,0,1,2008.0,2020.0,0.25866698743163635,0
355101,2004,0,1,2008.0,2020.0,0.3482279860523602,0
355101,2006,0,1,2008.0,2020.0,0.3658245711473999,0
355101,2008,1,1,2008.0,2020.0,0.3774830354099316,0
355102,2000,0,1,2010.0,2020.0,0.09557909658003515,0
355102,2002,0,1,2010.0,2020.0,0.1067402331731681,0
355102,2004,0,1,2010.0,2020.0,0.15467327187879182,0
355102,2006,0,1,2010.0,2020.0,0.1649646947111855,0
355102,2008,0,1,2010.0,2020.0,0.1719576514029523,0
355102,2010,1,1,2010.0,2020.0,0.17267712495659732,0
355201,2000,0,1,2008.0,2020.0,0.19378999741617614,0
355201,2002,0,1,2008.0,2020.0,0.21370966214310166,0
355201,2004,0,1,2008.0,2020.0,0.2938752207892172,0
355201,2006,0,1,2008.0,2020.0,0.3100317251489688,0
355201,2008,1,1,2008.0,2020.0,0.32081159903070594,0
355603,2000,0,1,2008.0,2016.0,0.13426694780156698,0
355603,2002,0,1,2008.0,2016.0,0.149200531992221,0
355603,2004,0,1,2008.0,2016.0,0.16239075270469872,0
355603,2006,0,1,2008.0,2016.0,0.17309052595519236,0
355603,2008,1,1,2008.0,2016.0,0.11417302949744183,0
355701,2000,0,1,2004.0,2012.0,0.2801875369114783,0
355701,2002,0,1,2004.0,2012.0,0.4518775340214663,0
355701,2004,1,1,2004.0,2012.0,0.5579838234431622,1
356401,2000,1,1,2000.0,2012.0,0.1559167599167876,0
356501,2000,0,0,,2020.0,0.21198866740763772,0
356501,2002,0,0,,2020.0,0.23323779341401493,0
356501,2004,0,0,,2020.0,0.19536623959755603,0
356501,2006,0,0,,2020.0,0.20769997140283755,0
356501,2008,0,0,,2020.0,0.06434852296292547,0
356501,2010,0,0,,2020.0,0.06465291247072003,0
356501,2012,0,0,,2020.0,0.06545377291175576,0
356501,2014,0,0,,2020.0,0.06141583700168792,0
356501,2016,0,0,,2020.0,0.06075370659246137,0
356501,2018,0,0,,2020.0,0.009351570482033352,0
356501,2020,0,0,,2020.0,0.009574143665963163,0
356602,2000,0,0,,2018.0,0.15813118001426946,0
356602,2002,0,0,,2018.0,0.17518192695033388,0
356602,2004,0,0,,2018.0,0.14495498385057168,0
356602,2006,0,0,,2018.0,0.15471813504742546,0
356602,2008,0,0,,2018.0,0.16136066820659495,0
356602,2010,0,0,,2018.0,0.16204448056739068,0
356602,2012,0,0,,2018.0,0.17242825167202847,0
356602,2014,0,0,,2018.0,0.06711415351071395,0
356602,2016,0,0,,2018.0,0.041771476307722134,0
356602,2018,0,0,,2018.0,0.04157975478577872,0
357202,2000,0,1,2002.0,2008.0,0.1245431601118745,0
357202,2002,1,1,2002.0,2008.0,0.1385683399573448,0
357602,2000,0,1,2002.0,2020.0,0.1725031015021147,0
357602,2002,1,1,2002.0,2020.0,0.4637360236975933,0
358402,2000,0,1,2002.0,2018.0,0.41339753447007616,0
358402,2002,1,1,2002.0,2018.0,0.44347362359313164,0
358601,2000,0,1,2002.0,2018.0,0.3731276509358405,0
358601,2002,1,1,2002.0,2018.0,0.7117414196467943,1
359703,2000,1,1,2000.0,2010.0,0.4882386889140293,0
360902,2000,0,1,2010.0,2020.0,0.09788367049345095,0
360902,2002,0,1,2010.0,2020.0,0.10928140389409534,0
360902,2004,0,1,2010.0,2020.0,0.11943795955797604,0
360902,2006,0,1,2010.0,2020.0,0.12773921986723943,0
360902,2008,0,1,2010.0,2020.0,0.13340627038724354,0
360902,2010,1,1,2010.0,2020.0,0.1339905452119292,0
361301,2000,0,1,2002.0,2020.0,0.2543660309888043,0
361301,2002,1,1,2002.0,2020.0,0.4303645340834485,0
362602,2000,0,1,2002.0,2018.0,0.13349594211973387,0
362602,2002,1,1,2002.0,2018.0,0.14835846806093375,0
363301,2000,1,1,2000.0,2014.0,0.2674945882521037,0
363502,2000,0,1,2012.0,2014.0,0.12722272408653362,0
363502,2002,0,1,2012.0,2014.0,0.14150088495612856,0
363502,2004,0,1,2012.0,2014.0,0.1162662787170505,0
363502,2006,0,1,2012.0,2014.0,0.12437823556799942,0
363502,2008,0,1,2012.0,2014.0,0.06511928486571796,0
363502,2010,0,1,2012.0,2014.0,0.06542706537898299,0
363502,2012,1,1,2012.0,2014.0,0.0314412086884019,0
363703,2000,0,0,,2018.0,0.07564732306258402,0
363703,2002,0,0,,2018.0,0.0846989212532226,0
363703,2004,0,0,,2018.0,0.06878251743206223,0
363703,2006,0,0,,2018.0,0.07385839075450412,0
363703,2008,0,0,,2018.0,0.03763465987477869,0
363703,2010,0,0,,2018.0,0.03781779161189601,0
363703,2012,0,0,,2018.0,0.036100907983102955,0
363703,2014,0,0,,2018.0,0.0338082833774399,0
363703,2016,0,0,,2018.0,0.018049398195350334,0
363703,2018,0,0,,2018.0,0.017964514364406707,0
364101,2000,0,0,,2018.0,0.0767719169326027,0
364101,2002,0,0,,2018.0,0.08594556705679597,0
364101,2004,0,0,,2018.0,0.0941625799116156,0
364101,2006,0,0,,2018.0,0.10090844388482546,0
364101,2008,0,0,,2018.0,0.0258606740224019,0
364101,2010,0,0,,2018.0,0.025988060232799662,0
364101,2012,0,0,,2018.0,0.026323455193251157,0
364101,2014,0,0,,2018.0,0.024635887587658053,0
364101,2016,0,0,,2018.0,0.027005261929409878,0
364101,2018,0,0,,2018.0,0.026879412828040117,0
364702,2000,0,1,2002.0,2018.0,0.06239851428780724,0
364702,2002,1,1,2002.0,2018.0,0.06998484902549239,0
364703,2000,0,1,2004.0,2018.0,0.06121109306597648,0
364703,2002,0,1,2004.0,2018.0,0.06866363492830568,0
364703,2004,1,1,2004.0,2018.0,0.055577571158149916,0
364801,2000,0,0,,2018.0,0.10098578202058463,0
364801,2002,0,0,,2018.0,0.11269960445918953,0
364801,2004,0,0,,2018.0,0.09205055771455338,0
364801,2006,0,0,,2018.0,0.09866159508312607,0
364801,2008,0,0,,2018.0,0.03730728821395848,0
364801,2010,0,0,,2018.0,0.037488889003041155,0
364801,2012,0,0,,2018.0,0.012554097993672492,0
364801,2014,0,0,,2018.0,0.011738626376684035,0
364801,2016,0,0,,2018.0,0.009248796863883841,0
364801,2018,0,0,,2018.0,0.009204913071711403,0
364902,2000,1,1,2000.0,2020.0,0.11602592379210436,0
364903,2000,0,1,2004.0,2014.0,0.34964941831753366,0
364903,2002,0,1,2004.0,2014.0,0.3780768272820493,0
364903,2004,1,1,2004.0,2014.0,0.3267080240340066,0
365003,2000,0,1,2004.0,2018.0,0.12101838049727562,0
365003,2002,0,1,2004.0,2018.0,0.23366605703257748,0
365003,2004,1,1,2004.0,2018.0,0.19574271682879296,0
365101,2000,1,1,2000.0,2020.0,0.09184366810768622,0
365401,2000,0,1,2002.0,2018.0,0.2677185743907902,0
365401,2002,1,1,2002.0,2018.0,0.2924805127626657,0
365402,2000,0,1,2002.0,2012.0,0.2512969363208119,0
365402,2002,1,1,2002.0,2012.0,0.2751106241988984,0
365405,2000,0,1,2010.0,2020.0,0.0900288159982816,0
365405,2002,0,1,2010.0,2020.0,0.17972870248160197,0
365405,2004,0,1,2010.0,2020.0,0.25122010657552934,0
365405,2006,0,1,2010.0,2020.0,0.26591465555847954,0
365405,2008,0,1,2010.0,2020.0,0.2757736781363374,0
365405,2010,1,1,2010.0,2020.0,0.7176962722795475,1
365407,2000,0,1,2012.0,2020.0,0.08235998509104388,0
365407,2002,0,1,2012.0,2020.0,0.0921347290661539,0
365407,2004,0,1,2012.0,2020.0,0.13449652768540596,0
365407,2006,0,1,2012.0,2020.0,0.14367363268204186,0
365407,2008,0,1,2012.0,2020.0,0.14992609438347254,0
365407,2010,0,1,2012.0,2020.0,0.15057014951355274,0
365407,2012,1,1,2012.0,2020.0,0.25167489335692633,0
365408,2000,0,1,2012.0,2020.0,0.08977668247502954,0
365408,2002,0,1,2012.0,2020.0,0.10033541783319565,0
365408,2004,0,1,2012.0,2020.0,0.14586194759259585,0
365408,2006,0,1,2012.0,2020.0,0.15567506366133754,0
365408,2008,0,1,2012.0,2020.0,0.2486196911618901,0
365408,2010,0,1,2012.0,2020.0,0.2495632476717978,0
365408,2012,1,1,2012.0,2020.0,0.32724927599605313,0
365410,2000,0,1,2016.0,2020.0,0.07729149472523629,0
365410,2002,0,1,2016.0,2020.0,0.08652141195735337,0
365410,2004,0,1,2016.0,2020.0,0.1266623922263723,0
365410,2006,0,1,2016.0,2020.0,0.13538856828753987,0
365410,2008,0,1,2016.0,2020.0,0.14133998714506693,0
365410,2010,0,1,2016.0,2020.0,0.14195331722070026,0
365410,2012,0,1,2016.0,2020.0,0.3568464618118799,0
365410,2014,0,1,2016.0,2020.0,0.4049876817552737,0
365410,2016,1,1,2016.0,2020.0,0.8927676873597515,1
365501,2000,0,0,,2018.0,0.0599396184368107,0
365501,2002,0,0,,2018.0,0.06724844546664856,0
365501,2004,0,0,,2018.0,0.05441633288991828,0
365501,2006,0,0,,2018.0,0.05849863870211109,0
365501,2008,0,0,,2018.0,0.06130979716732566,0
365501,2010,0,0,,2018.0,0.06160075886675068,0
365501,2012,0,0,,2018.0,0.062366332935983024,0
365501,2014,0,0,,2018.0,0.058506941351886256,0
365501,2016,0,0,,2018.0,0.027689747461321076,0
365501,2018,0,0,,2018.0,0.027560798895250763,0
365502,2000,0,1,2002.0,2018.0,0.1721302695830437,0
365502,2002,1,1,2002.0,2018.0,0.1903491938304473,0
365902,2000,0,0,,2014.0,0.13494389795701292,0
365902,2002,0,0,,2014.0,0.14993973442904754,0
365902,2004,0,0,,2014.0,0.12341653183742153,0
365902,2006,0,0,,2014.0,0.1319528766972092,0
365902,2008,0,0,,2014.0,0.0244903869453835,0
365902,2010,0,0,,2014.0,0.02461119383744184,0
365902,2012,0,0,,2014.0,0.007486321199337603,0
365902,2014,0,0,,2014.0,0.006997702341587182,0
366301,2000,0,1,2006.0,2008.0,0.20260851812989325,0
366301,2002,0,1,2006.0,2008.0,0.3600899837073654,0
366301,2004,0,1,2006.0,2008.0,0.4628429831461443,0
366301,2006,1,1,2006.0,2008.0,0.48194863323316,0
367901,2000,0,1,2004.0,2018.0,0.15244399996722965,0
367901,2002,0,1,2004.0,2018.0,0.2848635453073458,0
367901,2004,1,1,2004.0,2018.0,0.3788594572895479,0
368101,2000,0,1,2004.0,2018.0,0.22597520105948188,0
368101,2002,0,1,2004.0,2018.0,0.5477293356899667,1
368101,2004,1,1,2004.0,2018.0,0.49152765712951646,0
368102,2000,0,1,2004.0,2018.0,0.15330525500588643,0
368102,2002,0,1,2004.0,2018.0,0.16994068000532628,0
368102,2004,1,1,2004.0,2018.0,0.14046408396733318,0
368701,2000,0,1,2006.0,2020.0,0.10596016412647724,0
368701,2002,0,1,2006.0,2020.0,0.11817514209247965,0
368701,2004,0,1,2006.0,2020.0,0.17026438877881517,0
368701,2006,1,1,2006.0,2020.0,0.18137061373249153,0
369102,2000,0,1,2004.0,2018.0,0.3724337440239679,0
369102,2002,0,1,2004.0,2018.0,0.5679044421726299,1
369102,2004,1,1,2004.0,2018.0,0.5923395400807457,1
369103,2000,0,1,2008.0,2012.0,0.26843022838387226,0
369103,2002,0,1,2008.0,2012.0,0.44830907699926387,0
369103,2004,0,1,2008.0,2012.0,0.47323409152823026,0
369103,2006,0,1,2008.0,2012.0,0.7141323563185297,1
369103,2008,1,1,2008.0,2012.0,0.8176219540416494,1
369701,2000,0,0,,2008.0,0.10628036524984129,0
369701,2002,0,0,,2008.0,0.11852736199984086,0
369701,2004,0,0,,2008.0,0.12941837664220088,0
369701,2006,0,0,,2008.0,0.13830435310567,0
369701,2008,0,0,,2008.0,0.10329098173824217,0
369705,2000,0,1,2016.0,2020.0,0.08484523623070094,0
369705,2002,0,1,2016.0,2020.0,0.09488443893351511,0
369705,2004,0,1,2016.0,2020.0,0.10385896628273197,0
369705,2006,0,1,2016.0,2020.0,0.1112141989486722,0
369705,2008,0,1,2016.0,2020.0,0.18337912108153212,0
369705,2010,0,1,2016.0,2020.0,0.18413575548562539,0
369705,2012,0,1,2016.0,2020.0,0.1526880186001928,0
369705,2014,0,1,2016.0,2020.0,0.31365664238096963,0
369705,2016,1,1,2016.0,2020.0,0.8348946912549586,1
369802,2000,0,0,,2020.0,0.08269879383074999,0
369802,2002,0,0,,2020.0,0.09250969493486796,0
369802,2004,0,0,,2020.0,0.07524617565090104,0
369802,2006,0,0,,2020.0,0.08075767494603571,0
369802,2008,0,0,,2020.0,0.0845424432962143,0
369802,2010,0,0,,2020.0,0.08493368546768583,0
369802,2012,0,0,,2020.0,0.08596267713749921,0
369802,2014,0,0,,2020.0,0.040211142712806354,0
369802,2016,0,0,,2020.0,0.03976793604262884,0
369802,2018,0,0,,2020.0,0.013598081889258139,0
369802,2020,0,0,,2020.0,0.013920304480541639,0
370301,2000,1,1,2000.0,2020.0,0.03231221598925226,0
370502,2000,0,0,,2018.0,0.08786611963941073,0
370502,2002,0,0,,2018.0,0.0982243998693538,0
370502,2004,0,0,,2018.0,0.07998844043020747,0
370502,2006,0,0,,2018.0,0.08581505920400548,0
370502,2008,0,0,,2018.0,0.03484253362565564,0
370502,2010,0,0,,2018.0,0.03501257307116643,0
370502,2012,0,0,,2018.0,0.033418619830961865,0
370502,2014,0,0,,2018.0,0.03129080689284033,0
370502,2016,0,0,,2018.0,0.022628344917061956,0
370502,2018,0,0,,2018.0,0.022522420847254074,0
371102,2000,0,0,,2018.0,0.10088202909180657,0
371102,2002,0,0,,2018.0,0.11258532387479046,0
371102,2004,0,0,,2018.0,0.3404400437164657,0
371102,2006,0,0,,2018.0,0.35785916479185065,0
371102,2008,0,0,,2018.0,0.3694116486501259,0
371102,2010,0,0,,2018.0,0.370587531956648,0
371102,2012,0,0,,2018.0,0.3736640967857361,0
371102,2014,0,0,,2018.0,0.3578938043896529,0
371102,2016,0,0,,2018.0,0.3552451060665473,0
371102,2018,0,0,,2018.0,0.19141160746464378,0
371105,2000,0,0,,2020.0,0.10143341036335818,0
371105,2002,0,0,,2020.0,0.19999881261438737,0
371105,2004,0,0,,2020.0,0.5042412416484428,1
371105,2006,0,0,,2020.0,0.5233906869971553,1
371105,2008,0,0,,2020.0,0.5358278786278635,1
371105,2010,0,0,,2020.0,0.5370823113646148,1
371105,2012,0,0,,2020.0,0.5403544512956782,1
371105,2014,0,0,,2020.0,0.5234282887496711,1
371105,2016,0,0,,2020.0,0.5205476665976739,1
371105,2018,0,0,,2020.0,0.31808971131727587,0
371105,2020,0,0,,2020.0,0.32326263528590315,0
371402,2000,0,1,2002.0,2020.0,0.08223462569435037,0
371402,2002,1,1,2002.0,2020.0,0.091995983185326,0
371803,2000,0,1,2004.0,2008.0,0.16045560955617436,0
371803,2002,0,1,2004.0,2008.0,0.17770408699439155,0
371803,2004,1,1,2004.0,2008.0,0.1471195781357212,0
371902,2000,1,1,2000.0,2020.0,0.05038477042082854,0
372602,2000,0,1,2004.0,2020.0,0.08856546762245494,0
372602,2002,0,1,2004.0,2020.0,0.09899724398328791,0
372602,2004,1,1,2004.0,2020.0,0.10831422414567211,0
372603,2000,0,1,2006.0,2014.0,0.21354986305425339,0
372603,2002,0,1,2006.0,2014.0,0.23490882865488472,0
372603,2004,0,1,2006.0,2014.0,0.2534192520889076,0
372603,2006,1,1,2006.0,2014.0,0.26819636123513924,0
372803,2000,1,1,2000.0,2020.0,0.32479152677202466,0
372804,2000,1,1,2000.0,2018.0,0.315926434070772,0
372901,2000,0,0,,2002.0,0.08273208160639776,0
372901,2002,0,0,,2002.0,0.09254653335605252,0
372905,2000,0,1,2010.0,2020.0,0.08336223471156279,0
372905,2002,0,1,2010.0,2020.0,0.09324384200500341,0
372905,2004,0,1,2010.0,2020.0,0.07585477287112029,0
372905,2006,0,1,2010.0,2020.0,0.08140692542880908,0
372905,2008,0,1,2010.0,2020.0,0.05174434831409228,0
372905,2010,1,1,2010.0,2020.0,0.0519924290404305,0
373501,2000,0,1,2006.0,2020.0,0.09427236175486313,0
373501,2002,0,1,2006.0,2020.0,0.10529867174609321,0
373501,2004,0,1,2006.0,2020.0,0.15269501831818588,0
373501,2006,1,1,2006.0,2020.0,0.16288017715348635,0
373901,2000,0,1,2008.0,2020.0,0.14980943167277816,0
373901,2002,0,1,2008.0,2020.0,0.16613995306142632,0
373901,2004,0,1,2008.0,2020.0,0.2337665314920247,0
373901,2006,0,1,2008.0,2020.0,0.24777800065291544,0
373901,2008,1,1,2008.0,2020.0,0.25720018963982855,0
374601,2000,0,0,,2020.0,0.13554697925244574,0
374601,2002,0,0,,2020.0,0.15059816675286367,0
374601,2004,0,0,,2020.0,0.12397547907306364,0
374601,2006,0,0,,2020.0,0.1325446388831878,0
374601,2008,0,0,,2020.0,0.05550073864769894,0
374601,2010,0,0,,2020.0,0.05576576972437612,0
374601,2012,0,0,,2020.0,0.05982544597179965,0
374601,2014,0,0,,2020.0,0.02756529289913744,0
374601,2016,0,0,,2020.0,0.02725751022617123,0
374601,2018,0,0,,2020.0,0.006637066634529555,0
374601,2020,0,0,,2020.0,0.006795476120342651,0
374603,2000,0,1,2004.0,2012.0,0.11112240868197448,0
374603,2002,0,1,2004.0,2012.0,0.5038966701681848,1
374603,2004,1,1,2004.0,2012.0,0.44774004631713116,0
375304,2000,0,1,2008.0,2020.0,0.10596016412647724,0
375304,2002,0,1,2008.0,2020.0,0.2079065603653737,0
375304,2004,0,1,2008.0,2020.0,0.2249147424870271,0
375304,2006,0,1,2008.0,2020.0,0.23856083915739626,0
375304,2008,1,1,2008.0,2020.0,0.35989798566523257,0
375901,2000,0,0,,2020.0,0.09759533094789984,0
375901,2002,0,0,,2020.0,0.10896354500015354,0
375901,2004,0,0,,2020.0,0.0889304191202022,0
375901,2006,0,0,,2020.0,0.09534089996632485,0
375901,2008,0,0,,2020.0,0.09973496935306018,0
375901,2010,0,0,,2020.0,0.10018882436814147,0
375901,2012,0,0,,2020.0,0.10711557787794133,0
375901,2014,0,0,,2020.0,0.039775268581064456,0
375901,2016,0,0,,2020.0,0.0393366692109618,0
375901,2018,0,0,,2020.0,0.03915566624914014,0
375901,2020,0,0,,2020.0,0.04005891114655162,0
376901,2000,0,0,,2004.0,0.06096523392995951,0
376901,2002,0,0,,2004.0,0.06839002272319564,0
376901,2004,0,0,,2004.0,0.055353005338121763,0
376902,2000,0,0,,2008.0,0.0952117285506794,0
376902,2002,0,0,,2008.0,0.10633500991254854,0
376902,2004,0,0,,2008.0,0.08673810142925853,0
376902,2006,0,0,,2008.0,0.09300668341558738,0
376902,2008,0,0,,2008.0,0.03793974889669598,0
377001,2000,0,1,2002.0,2018.0,0.13078116945835536,0
377001,2002,1,1,2002.0,2018.0,0.14539216522903137,0
377901,2000,0,0,,2018.0,0.08108730881728624,0
377901,2002,0,0,,2018.0,0.09072594119854469,0
377901,2004,0,0,,2018.0,0.07376823515548114,0
377901,2006,0,0,,2018.0,0.07918074993040364,0
377901,2008,0,0,,2018.0,0.04046071548756271,0
377901,2010,0,0,,2018.0,0.04065701795504565,0
377901,2012,0,0,,2018.0,0.03881643675846531,0
377901,2014,0,0,,2018.0,0.036357864587753704,0
377901,2016,0,0,,2018.0,0.022117417722091144,0
377901,2018,0,0,,2018.0,0.022013831451522296,0
377904,2000,0,1,2002.0,2020.0,0.289725170991509,0
377904,2002,1,1,2002.0,2020.0,0.6285403297727297,1
378301,2000,0,1,2008.0,2020.0,0.10471726168179422,0
378301,2002,0,1,2008.0,2020.0,0.20574302779200923,0
378301,2004,0,1,2008.0,2020.0,0.2839995649738833,0
378301,2006,0,1,2008.0,2020.0,0.5244797646670744,1
378301,2008,1,1,2008.0,2020.0,0.6643580732741419,1
378401,2000,0,1,2006.0,2020.0,0.07908315173529443,0
378401,2002,0,1,2006.0,2020.0,0.08850650068085665,0
378401,2004,0,1,2006.0,2020.0,0.07193081617638122,0
378401,2006,1,1,2006.0,2020.0,0.07721975554077189,0
378601,2000,0,1,2006.0,2020.0,0.41718857219398103,0
378601,2002,0,1,2006.0,2020.0,0.44733014491221507,0
378601,2004,0,1,2006.0,2020.0,0.5534468065299708,1
378601,2006,1,1,2006.0,2020.0,0.7750958860005174,1
378701,2000,1,1,2000.0,2018.0,0.08783862862592366,0
379101,2000,0,0,,2020.0,0.05974588151367338,0
379101,2002,0,0,,2020.0,0.06703276946723667,0
379101,2004,0,0,,2020.0,0.07358715462755339,0
379101,2006,0,0,,2020.0,0.07898751620899774,0
379101,2008,0,0,,2020.0,0.04035783318597065,0
379101,2010,0,0,,2020.0,0.04055365759739039,0
379101,2012,0,0,,2020.0,0.04106910612135531,0
379101,2014,0,0,,2020.0,0.018721681463627612,0
379101,2016,0,0,,2020.0,0.018510763260796696,0
379101,2018,0,0,,2020.0,0.021678701869293472,0
379101,2020,0,0,,2020.0,0.022188097141498622,0
379402,2000,0,1,2008.0,2020.0,0.09221320798354657,0
379402,2002,0,1,2008.0,2020.0,0.10302607047059718,0
379402,2004,0,1,2008.0,2020.0,0.1495704953596289,0
379402,2006,0,1,2008.0,2020.0,0.15958649422574303,0
379402,2008,1,1,2008.0,2020.0,0.16639689609873093,0
379802,2000,0,1,2004.0,2018.0,0.18299090980794364,0
379802,2002,0,1,2004.0,2018.0,0.6453589248199163,1
379802,2004,1,1,2004.0,2018.0,0.735900976208375,1
379805,2000,0,1,2010.0,2020.0,0.09036056390169984,0
379805,2002,0,1,2010.0,2020.0,0.10098035183529275,0
379805,2004,0,1,2010.0,2020.0,0.14675178206287717,0
379805,2006,0,1,2010.0,2020.0,0.1566137864842494,0
379805,2008,0,1,2010.0,2020.0,0.24995295424742217,0
379805,2010,1,1,2010.0,2020.0,0.2508998811114659,0
379902,2000,0,1,2016.0,2020.0,0.08977668247502954,0
379902,2002,0,1,2016.0,2020.0,0.10033541783319565,0
379902,2004,0,1,2016.0,2020.0,0.10976299582115444,0
379902,2006,0,1,2016.0,2020.0,0.11748153414687076,0
379902,2008,0,1,2016.0,2020.0,0.07575837132951525,0
379902,2010,0,1,2016.0,2020.0,0.07611234266316524,0
379902,2012,0,1,2016.0,2020.0,0.21648013056032847,0
379902,2014,0,1,2016.0,2020.0,0.4119997653110524,0
379902,2016,1,1,2016.0,2020.0,0.40920582681857953,0
380001,2000,0,1,2008.0,2020.0,0.1437341199039536,0
380001,2002,0,1,2008.0,2020.0,0.15952664416977705,0
380001,2004,0,1,2008.0,2020.0,0.22518826972861594,0
380001,2006,0,1,2008.0,2020.0,0.23884584794466485,0
380001,2008,1,1,2008.0,2020.0,0.24804037721719324,0
380201,2000,0,1,2002.0,2014.0,0.149295246403355,0
380201,2002,1,1,2002.0,2014.0,0.5877749969144465,1
380402,2000,0,1,2006.0,2020.0,0.1501594038344426,0
380402,2002,0,1,2006.0,2020.0,0.28125298538277527,0
380402,2004,0,1,2006.0,2020.0,0.30197390505875177,0
380402,2006,1,1,2006.0,2020.0,0.3183749039313216,0
380601,2000,1,1,2000.0,2018.0,0.16238098347060814,0
381201,2000,0,1,2004.0,2018.0,0.12563255605929904,0
381201,2002,0,1,2004.0,2018.0,0.2413957051993211,0
381201,2004,1,1,2004.0,2018.0,0.20254944140028022,0
381401,2000,0,1,2012.0,2020.0,0.08611711125460181,0
381401,2002,0,1,2012.0,2020.0,0.17265908487380857,0
381401,2004,0,1,2012.0,2020.0,0.18746622160584706,0
381401,2006,0,1,2012.0,2020.0,0.1994248248384704,0
381401,2008,0,1,2012.0,2020.0,0.20751554635653338,0
381401,2010,0,1,2012.0,2020.0,0.20834636101032492,0
381401,2012,1,1,2012.0,2020.0,0.46883054719074224,0
382101,2000,0,0,,2020.0,0.07773647392363747,0
382101,2002,0,0,,2020.0,0.08701451813055772,0
382101,2004,0,0,,2020.0,0.07069658297690325,0
382101,2006,0,0,,2020.0,0.0759021935314281,0
382101,2008,0,0,,2020.0,0.02309247656053667,0
382101,2010,0,0,,2020.0,0.023206551841419898,0
382101,2012,0,0,,2020.0,0.008692276465369568,0
382101,2014,0,0,,2020.0,0.008125591448151248,0
382101,2016,0,0,,2020.0,0.0029634273131678383,0
382101,2018,0,0,,2020.0,0.0002735301576137165,0
382101,2020,0,0,,2020.0,0.00024982241271458594,0
382102,2000,1,1,2000.0,2018.0,0.12276145424183028,0
383702,2000,0,0,,2018.0,0.07341787502592266,0
383702,2002,0,0,,2018.0,0.08222643836701188,0
383702,2004,0,0,,2018.0,0.0667407784100184,0
383702,2006,0,0,,2018.0,0.07167757711926662,0
383702,2008,0,0,,2018.0,0.036481291551713306,0
383702,2010,0,0,,2018.0,0.036659024741761914,0
383702,2012,0,0,,2018.0,0.0329772463543141,0
383702,2014,0,0,,2018.0,0.014964231057247047,0
383702,2016,0,0,,2018.0,0.012300354943177192,0
383702,2018,0,0,,2018.0,0.0122421709948715,0
383703,2000,1,1,2000.0,2020.0,0.2565803921760023,0
384202,2000,0,0,,2018.0,0.08045355346046988,0
384202,2002,0,0,,2018.0,0.0900242332515823,0
384202,2004,0,0,,2018.0,0.09858913620868315,0
384202,2006,0,0,,2018.0,0.10561514693954249,0
384202,2008,0,0,,2018.0,0.04344060099873122,0
384202,2010,0,0,,2018.0,0.04365070323034821,0
384202,2012,0,0,,2018.0,0.03704147041110831,0
384202,2014,0,0,,2018.0,0.03469126420403644,0
384202,2016,0,0,,2018.0,0.025111832069732845,0
384202,2018,0,0,,2018.0,0.024994580006725876,0
384901,2000,0,1,2010.0,2020.0,0.09752726371786201,0
384901,2002,0,1,2010.0,2020.0,0.10888850579669959,0
384901,2004,0,1,2010.0,2020.0,0.11901342477310652,0
384901,2006,0,1,2010.0,2020.0,0.12728944404811116,0
384901,2008,0,1,2010.0,2020.0,0.1329395817592368,0
384901,2010,1,1,2010.0,2020.0,0.133522127567959,0
385101,2000,0,1,2008.0,2018.0,0.088925803108438,0
385101,2002,0,1,2008.0,2018.0,0.09939539344704436,0
385101,2004,0,1,2008.0,2018.0,0.1445639309559332,0
385101,2006,0,1,2008.0,2018.0,0.15430549675784902,0
385101,2008,1,1,2008.0,2018.0,0.06556881327843471,0
385102,2000,0,1,2002.0,2018.0,0.252265404608365,0
385102,2002,1,1,2002.0,2018.0,0.27613701905068966,0
385301,2000,0,1,2004.0,2018.0,0.1630783441951343,0
385301,2002,0,1,2004.0,2018.0,0.6128752498525677,1
385301,2004,1,1,2004.0,2018.0,0.6363954808779189,1
388901,2000,0,1,2002.0,2020.0,0.3987327310063553,0
388901,2002,1,1,2002.0,2020.0,0.27685380316039626,0
389904,2000,0,1,2008.0,2020.0,0.08805334113562484,0
389904,2002,0,1,2008.0,2020.0,0.09843131060863307,0
389904,2004,0,1,2008.0,2020.0,0.1432314139581942,0
389904,2006,0,1,2008.0,2020.0,0.15289923636687552,0
389904,2008,1,1,2008.0,2020.0,0.15947841186544653,0
391401,2000,1,1,2000.0,2018.0,0.0599396184368107,0
391501,2000,0,1,2006.0,2020.0,0.2764154548356298,0
391501,2002,0,1,2006.0,2020.0,0.30165043215529797,0
391501,2004,0,1,2006.0,2020.0,0.3231983633317299,0
391501,2006,1,1,2006.0,2020.0,0.34019031066799177,0
391801,2000,0,1,2012.0,2020.0,0.08421952570088316,0
391801,2002,0,1,2012.0,2020.0,0.09419231221145842,0
391801,2004,0,1,2012.0,2020.0,0.07664131299610955,0
391801,2006,0,1,2012.0,2020.0,0.08224591238970311,0
391801,2008,0,1,2012.0,2020.0,0.13854390389352728,0
391801,2010,0,1,2012.0,2020.0,0.13914706687873835,0
391801,2012,1,1,2012.0,2020.0,0.3515324619670497,0
391902,2000,0,1,2008.0,2020.0,0.13686165700384556,0
391902,2002,0,1,2008.0,2020.0,0.1520331526026402,0
391902,2004,0,1,2008.0,2020.0,0.21540090695238653,0
391902,2006,0,1,2008.0,2020.0,0.22864005151356676,0
391902,2008,1,1,2008.0,2020.0,0.23756432357819204,0
392101,2000,0,1,2002.0,2020.0,0.16958832130987384,0
392101,2002,1,1,2002.0,2020.0,0.6239542975819986,1
392102,2000,0,1,2006.0,2020.0,0.15439033725386672,0
392102,2002,0,1,2006.0,2020.0,0.17111970997342463,0
392102,2004,0,1,2006.0,2020.0,0.2401894131557368,0
392102,2006,1,1,2006.0,2020.0,0.4678106162016212,0
392103,2000,0,1,2008.0,2020.0,0.09869423477154729,0
392103,2002,0,1,2008.0,2020.0,0.11017482461201404,0
392103,2004,0,1,2008.0,2020.0,0.15937502485688745,0
392103,2006,0,1,2008.0,2020.0,0.3452058324499966,0
392103,2008,1,1,2008.0,2020.0,0.356576663728377,0
392301,2000,1,1,2000.0,2018.0,0.1016439911724735,0
392304,2000,0,1,2012.0,2020.0,0.08764443562379545,0
392304,2002,0,1,2012.0,2020.0,0.09797938939438032,0
392304,2004,0,1,2012.0,2020.0,0.14260633979668272,0
392304,2006,0,1,2012.0,2020.0,0.15223946796806895,0
392304,2008,0,1,2012.0,2020.0,0.2437250025392061,0
392304,2010,0,1,2012.0,2020.0,0.24465603140623793,0
392304,2012,1,1,2012.0,2020.0,0.23904627907529016,0
392401,2000,0,1,2012.0,2020.0,0.09610459212231764,0
392401,2002,0,1,2012.0,2020.0,0.10731981128918106,0
392401,2004,0,1,2012.0,2020.0,0.08755919204160625,0
392401,2006,0,1,2012.0,2020.0,0.09388101438677254,0
392401,2008,0,1,2012.0,2020.0,0.09821510525444964,0
392401,2010,0,1,2012.0,2020.0,0.09866280193932715,0
392401,2012,1,1,2012.0,2020.0,0.23456163731449003,0
392801,2000,1,1,2000.0,2000.0,0.24632152634360496,0
392901,2000,0,0,,2018.0,0.07718892109643048,0
392901,2002,0,0,,2018.0,0.08640773636510868,0
392901,2004,0,0,,2018.0,0.07019484293431692,0
392901,2006,0,0,,2018.0,0.07536650501416763,0
392901,2008,0,0,,2018.0,0.03843381660384605,0
392901,2010,0,0,,2018.0,0.03862068101054209,0
392901,2012,0,0,,2018.0,0.03911256241331737,0
392901,2014,0,0,,2018.0,0.03663594900707109,0
392901,2016,0,0,,2018.0,0.03918227282836375,0
392901,2018,0,0,,2018.0,0.03900195145997036,0
393101,2000,0,0,,2018.0,0.09800381476543372,0
393101,2002,0,0,,2018.0,0.10941384119760368,0
393101,2004,0,0,,2018.0,0.08930622521684002,0
393101,2006,0,0,,2018.0,0.09574094900015304,0
393101,2008,0,0,,2018.0,0.021810217011624052,0
393101,2010,0,0,,2018.0,0.021918100133717804,0
393101,2012,0,0,,2018.0,0.023575231359926736,0
393101,2014,0,0,,2018.0,0.02205985764095856,0
393101,2016,0,0,,2018.0,0.012443202288586308,0
393101,2018,0,0,,2018.0,0.012384351106760836,0
393102,2000,0,1,2004.0,2018.0,0.0796608817983216,0
393102,2002,0,1,2004.0,2018.0,0.0891464076825413,0
393102,2004,1,1,2004.0,2018.0,0.07246040713433631,0
393104,2000,1,1,2000.0,2020.0,0.18095172983069766,0
393105,2000,0,1,2004.0,2014.0,0.37475564900662856,0
393105,2002,0,1,2004.0,2014.0,0.40395639517909715,0
393105,2004,1,1,2004.0,2014.0,0.3510561667729851,0
393501,2000,0,0,,2020.0,0.12462285133656484,0
393501,2002,0,0,,2020.0,0.13865558409840698,0
393501,2004,0,0,,2020.0,0.1138610976772932,0
393501,2006,0,0,,2020.0,0.12182837761855556,0
393501,2008,0,0,,2020.0,0.028385404840735415,0
393501,2010,0,0,,2020.0,0.02852486336975293,0
393501,2012,0,0,,2020.0,0.030665841823861263,0
393501,2014,0,0,,2020.0,0.022396266041446906,0
393501,2016,0,0,,2020.0,0.022144884260355602,0
393501,2018,0,0,,2020.0,0.01276022941904379,0
393501,2020,0,0,,2020.0,0.013062861031710385,0
393502,2000,0,1,2002.0,2018.0,0.23412607537034472,0
393502,2002,1,1,2002.0,2018.0,0.256870858793973,0
393601,2000,0,0,,2020.0,0.1376127026660912,0
393601,2002,0,0,,2020.0,0.2611182107977051,0
393601,2004,0,0,,2020.0,0.2200186351903078,0
393601,2006,0,0,,2020.0,0.23345714820022892,0
393601,2008,0,0,,2020.0,0.24251032859039748,0
393601,2010,0,0,,2020.0,0.24343821099748258,0
393601,2012,0,0,,2020.0,0.12983062389438776,0
393601,2014,0,0,,2020.0,0.12234109636775976,0
393601,2016,0,0,,2020.0,0.12110687772207597,0
393601,2018,0,0,,2020.0,0.03934107570229727,0
393601,2020,0,0,,2020.0,0.04024841847541902,0
393602,2000,0,1,2004.0,2018.0,0.1316479983524494,0
393602,2002,0,1,2004.0,2018.0,0.25136057871525147,0
393602,2004,1,1,2004.0,2018.0,0.2113575118617975,0
394801,2000,1,1,2000.0,2020.0,0.05461871932506835,0
395202,2000,0,0,,2016.0,0.06241189105916861,0
395202,2002,0,0,,2016.0,0.06999973070915218,0
395202,2004,0,0,,2016.0,0.056674526263047406,0
395202,2006,0,0,,2016.0,0.06091532793253427,0
395202,2008,0,0,,2016.0,0.017119769119397985,0
395202,2010,0,0,,2016.0,0.01720485925217127,0
395202,2012,0,0,,2016.0,0.017428928913320384,0
395202,2014,0,0,,2016.0,0.043047558249973174,0
395202,2016,0,0,,2016.0,0.04257447541263728,0
396202,2000,0,0,,2020.0,0.0906446320663976,0
396202,2002,0,0,,2020.0,0.10129408792280199,0
396202,2004,0,0,,2020.0,0.08254038623086848,0
396202,2006,0,0,,2020.0,0.08853500820044137,0
396202,2008,0,0,,2020.0,0.05909063808914248,0
396202,2010,0,0,,2020.0,0.05937173430698103,0
396202,2012,0,0,,2020.0,0.025231916316537633,0
396202,2014,0,0,,2020.0,0.061601020107338096,0
396202,2016,0,0,,2020.0,0.060937022840296375,0
396202,2018,0,0,,2020.0,0.016600159241663987,0
396202,2020,0,0,,2020.0,0.015182860530220442,0
396204,2000,0,1,2004.0,2018.0,0.18419307420495684,0
396204,2002,0,1,2004.0,2018.0,0.4836273290473344,0
396204,2004,1,1,2004.0,2018.0,0.4277817941645968,0
396401,2000,0,0,,2018.0,0.23557733093177424,0
396401,2002,0,0,,2018.0,0.2584155298839669,0
396401,2004,0,0,,2018.0,0.2176160633722135,0
396401,2006,0,0,,2018.0,0.23095128120530886,0
396401,2008,0,0,,2018.0,0.23993770400145642,0
396401,2010,0,0,,2018.0,0.24085887300592038,0
396401,2012,0,0,,2018.0,0.2432747168247167,0
396401,2014,0,0,,2018.0,0.23097805518596462,0
396401,2016,0,0,,2018.0,0.19757309785411742,0
396401,2018,0,0,,2018.0,0.19681315758355228,0
397201,2000,0,1,2002.0,2020.0,0.16160316959848153,0
397201,2002,1,1,2002.0,2020.0,0.6102983243682555,1
397501,2000,0,0,,2008.0,0.1444859234528502,0
397501,2002,0,0,,2008.0,0.16034558239740584,0
397501,2004,0,0,,2008.0,0.13226807670537138,0
397501,2006,0,0,,2008.0,0.14131795486381604,0
397501,2008,0,0,,2008.0,0.14748555730207247,0
397801,2000,0,1,2002.0,2018.0,0.21189822738068315,0
397801,2002,1,1,2002.0,2018.0,0.23314097004414858,0
398203,2000,0,1,2002.0,2018.0,0.23738692619449836,0
398203,2002,1,1,2002.0,2018.0,0.26034081021733146,0
398204,2000,0,1,2002.0,2016.0,0.397756979285671,0
398204,2002,1,1,2002.0,2016.0,0.42752448552768946,0
398802,2000,0,0,,2020.0,0.1735861284039281,0
398802,2002,0,0,,2020.0,0.1919234230715962,0
398802,2004,0,0,,2020.0,0.1593659330375553,0
398802,2006,0,0,,2020.0,0.1699068317680262,0
398802,2008,0,0,,2020.0,0.08458462255051924,0
398802,2010,0,0,,2020.0,0.08497604179873146,0
398802,2012,0,0,,2020.0,0.03668752717887493,0
398802,2014,0,0,,2020.0,0.03435897667293388,0
398802,2016,0,0,,2020.0,0.03397798901089153,0
398802,2018,0,0,,2020.0,0.03382077529574584,0
398802,2020,0,0,,2020.0,0.03460538693705349,0
399101,2000,0,0,,2020.0,0.09091814413697323,0
399101,2002,0,0,,2020.0,0.1015961436833654,0
399101,2004,0,0,,2020.0,0.08279167084819025,0
399101,2006,0,0,,2020.0,0.08880277630021707,0
399101,2008,0,0,,2020.0,0.09292646924870783,0
399101,2010,0,0,,2020.0,0.09335255418076129,0
399101,2012,0,0,,2020.0,0.03169196940192725,0
399101,2014,0,0,,2020.0,0.014370572319230474,0
399101,2016,0,0,,2020.0,0.014207963895865837,0
399101,2018,0,0,,2020.0,0.0042810076882676944,0
399101,2020,0,0,,2020.0,0.004383432326831546,0
399601,2000,1,1,2000.0,2012.0,0.4310739067008833,0
400301,2000,0,0,,2004.0,0.12973576459565367,0
400301,2002,0,0,,2004.0,0.14424934898249778,0
400301,2004,0,0,,2004.0,0.1185923031584756,0
400701,2000,0,0,,2006.0,0.06320529627717676,0
400701,2002,0,0,,2006.0,0.07088230319716511,0
400701,2004,0,0,,2006.0,0.05739946092619069,0
400701,2006,0,0,,2006.0,0.06169096002644945,0
400702,2000,0,1,2002.0,2018.0,0.14137397675358168,0
400702,2002,1,1,2002.0,2018.0,0.1569547176538781,0
401201,2000,0,1,2004.0,2006.0,0.11307644438016005,0
401201,2002,0,1,2004.0,2006.0,0.12599616758705823,0
401201,2004,1,1,2004.0,2006.0,0.10319423398343562,0
401501,2000,0,1,2020.0,2020.0,0.13872569427186393,0
401501,2002,0,1,2020.0,2020.0,0.1540669402500078,0
401501,2004,0,1,2020.0,2020.0,0.1269226733451176,0
401501,2006,0,1,2020.0,2020.0,0.13566399551382013,0
401501,2008,0,1,2020.0,2020.0,0.11457108325358062,0
401501,2010,0,1,2020.0,2020.0,0.11508382119100691,0
401501,2012,0,1,2020.0,2020.0,0.05366780908146873,0
401501,2014,0,1,2020.0,2020.0,0.05031781785026489,0
401501,2016,0,1,2020.0,2020.0,0.022510623200090098,0
401501,2018,0,1,2020.0,2020.0,0.009335377341226069,0
401501,2020,1,1,2020.0,2020.0,0.008532953727054954,0
401502,2000,0,1,2002.0,2018.0,0.3477708183221622,0
401502,2002,1,1,2002.0,2018.0,0.37613382738009543,0
401902,2000,0,1,2012.0,2020.0,0.08421952570088316,0
401902,2002,0,1,2012.0,2020.0,0.09419231221145842,0
401902,2004,0,1,2012.0,2020.0,0.07664131299610955,0
401902,2006,0,1,2012.0,2020.0,0.08224591238970311,0
401902,2008,0,1,2012.0,2020.0,0.08609389573239674,0
401902,2010,0,1,2012.0,2020.0,0.38610774173158,0
401902,2012,1,1,2012.0,2020.0,0.38923347342765385,0
402801,2000,0,0,,2020.0,0.04901681479057124,0
402801,2002,0,0,,2020.0,0.055071779753126465,0
402801,2004,0,0,,2020.0,0.04445244362753935,0
402801,2006,0,0,,2020.0,0.047825065840647385,0
402801,2008,0,0,,2020.0,0.018950122835560225,0
402801,2010,0,0,,2020.0,0.019044134078661765,0
402801,2012,0,0,,2020.0,0.019291687564794782,0
402801,2014,0,0,,2020.0,0.008686921717667401,0
402801,2016,0,0,,2020.0,0.008588065561556535,0
402801,2018,0,0,,2020.0,0.010075262389129794,0
402801,2020,0,0,,2020.0,0.010314880545877144,0
403502,2000,0,1,2010.0,2020.0,0.09806230896514735,0
403502,2002,0,1,2010.0,2020.0,0.1940593833729008,0
403502,2004,0,1,2010.0,2020.0,0.2693791431941176,0
403502,2006,0,1,2010.0,2020.0,0.28473196107771204,0
403502,2008,0,1,2010.0,2020.0,0.41670120494031476,0
403502,2010,1,1,2010.0,2020.0,0.41792785270582017,0
403701,2000,0,1,2004.0,2018.0,0.19319040881379174,0
403701,2002,0,1,2004.0,2018.0,0.2130647298436,0
403701,2004,1,1,2004.0,2018.0,0.17770957476800292,0
403802,2000,0,1,2002.0,2020.0,0.22801214698692332,0
403802,2002,1,1,2002.0,2020.0,0.25035713491320233,0
404102,2000,0,0,,2018.0,0.07849925225402116,0
404102,2002,0,0,,2018.0,0.0878596630761719,0
404102,2004,0,0,,2018.0,0.07139563092188711,0
404102,2006,0,0,,2018.0,0.07664846908952941,0
404102,2008,0,0,,2018.0,0.021804078063503252,0
404102,2010,0,0,,2018.0,0.02191193149981749,0
404102,2012,0,0,,2018.0,0.02356860758105467,0
404102,2014,0,0,,2018.0,0.02205365001037591,0
404102,2016,0,0,,2018.0,0.018150997335196088,0
404102,2018,0,0,,2018.0,0.01806564448805789,0
404503,2000,0,1,2004.0,2020.0,0.1045279049848673,0
404503,2002,0,1,2004.0,2020.0,0.2054129038896515,0
404503,2004,1,1,2004.0,2020.0,0.22227433303416183,0
404903,2000,0,1,2006.0,2020.0,0.10933403097311087,0
404903,2002,0,1,2006.0,2020.0,0.3374043915873782,0
404903,2004,0,1,2006.0,2020.0,0.36018905532513007,0
404903,2006,1,1,2006.0,2020.0,0.37803948356056416,0
405002,2000,0,1,2002.0,2006.0,0.2154655242441013,0
405002,2002,1,1,2002.0,2006.0,0.5325512662239063,1
405102,2000,1,1,2000.0,2020.0,0.2001623490750483,0
405703,2000,0,0,,2020.0,0.08643581406045399,0
405703,2002,0,0,,2020.0,0.09664334496449692,0
405703,2004,0,0,,2020.0,0.14075672240632703,0
405703,2006,0,0,,2020.0,0.1502868083633042,0
405703,2008,0,0,,2020.0,0.1567743766033847,0
405703,2010,0,0,,2020.0,0.1574424020087524,0
405703,2012,0,0,,2020.0,0.10048911227663426,0
405703,2014,0,0,,2020.0,0.09450837171885199,0
405703,2016,0,0,,2020.0,0.09352501798251808,0
405703,2018,0,0,,2020.0,0.047984186641718274,0
405703,2020,0,0,,2020.0,0.04908068534833121,0
406002,2000,0,1,2002.0,2018.0,0.13523670736187107,0
406002,2002,1,1,2002.0,2018.0,0.1502594307328112,0
406502,2000,0,1,2006.0,2020.0,0.1119687154012977,0
406502,2002,0,1,2006.0,2020.0,0.12477967957013715,0
406502,2004,0,1,2006.0,2020.0,0.10217216171185702,0
406502,2006,1,1,2006.0,2020.0,0.10942252222237886,0
406602,2000,0,0,,2018.0,0.08452539007711529,0
406602,2002,0,0,,2018.0,0.09453065662619878,0
406602,2004,0,0,,2018.0,0.07692196694361093,0
406602,2006,0,0,,2018.0,0.08254525516213254,0
406602,2008,0,0,,2018.0,0.04225544991577413,0
406602,2010,0,0,,2018.0,0.04246007455132997,0
406602,2012,0,0,,2018.0,0.042998668232967024,0
406602,2014,0,0,,2018.0,0.0402863027304749,0
406602,2016,0,0,,2018.0,0.03984230203627777,0
406602,2018,0,0,,2018.0,0.039659068515100655,0
407701,2000,1,1,2000.0,2020.0,0.31126844890867683,0
408901,2000,0,1,2006.0,2020.0,0.0868844956306656,0
408901,2002,0,1,2006.0,2020.0,0.09713937897164904,0
408901,2004,0,1,2006.0,2020.0,0.07908719360239626,0
408901,2006,1,1,2006.0,2020.0,0.08485421760688122,0
408902,2000,0,1,2010.0,2020.0,0.16203853213646693,0
408902,2002,0,1,2010.0,2020.0,0.1794208037235458,0
408902,2004,0,1,2010.0,2020.0,0.14859422415810417,0
408902,2006,0,1,2010.0,2020.0,0.15855703589578699,0
408902,2008,0,1,2010.0,2020.0,0.134458443057094,0
408902,2010,1,1,2010.0,2020.0,0.13504660792755058,0
409503,2000,0,1,2014.0,2020.0,0.08540005412777942,0
409503,2002,0,1,2014.0,2020.0,0.09549805444087622,0
409503,2004,0,1,2014.0,2020.0,0.13916919528278654,0
409503,2006,0,1,2014.0,2020.0,0.14861038610591404,0
409503,2008,0,1,2014.0,2020.0,0.09704763382922645,0
409503,2010,0,1,2014.0,2020.0,0.09749058411894927,0
409503,2012,0,1,2014.0,2020.0,0.21163222420241512,0
409503,2014,1,1,2014.0,2020.0,0.40503679743218574,0
410301,2000,0,1,2002.0,2018.0,0.12040770192754324,0
410301,2002,1,1,2002.0,2018.0,0.13403847824712423,0
410501,2000,0,0,,2018.0,0.15230580557470233,0
410501,2002,0,0,,2018.0,0.1688544068860954,0
410501,2004,0,0,,2018.0,0.13953455420357017,0
410501,2006,0,0,,2018.0,0.14899624081597665,0
410501,2008,0,0,,2018.0,0.05015730150557111,0
410501,2010,0,0,,2018.0,0.050398177765820264,0
410501,2012,0,0,,2018.0,0.05408948415608303,0
410501,2014,0,0,,2018.0,0.05071458217823824,0
410501,2016,0,0,,2018.0,0.02414923083077924,0
410501,2018,0,0,,2018.0,0.02403636252552107,0
410502,2000,1,1,2000.0,2012.0,0.14612271080638717,0
410901,2000,0,1,2010.0,2020.0,0.09557909658003515,0
410901,2002,0,1,2010.0,2020.0,0.1067402331731681,0
410901,2004,0,1,2010.0,2020.0,0.11669155467888889,0
410901,2006,0,1,2010.0,2020.0,0.1248289920639445,0
410901,2008,0,1,2010.0,2020.0,0.20380254528126887,0
410901,2010,1,1,2010.0,2020.0,0.20462233278433875,0
411001,2000,0,1,2002.0,2018.0,0.338931183772398,0
411001,2002,1,1,2002.0,2018.0,0.36697889619301977,0
412001,2000,0,0,,2018.0,0.04049798154002602,0
412001,2002,0,0,,2018.0,0.04555103413155932,0
412001,2004,0,0,,2018.0,0.03669626104391181,0
412001,2006,0,0,,2018.0,0.039504747609240956,0
412001,2008,0,0,,2018.0,0.02312728885067092,0
412001,2010,0,0,,2018.0,0.023241532010591814,0
412001,2012,0,0,,2018.0,0.010269578075069445,0
412001,2014,0,0,,2018.0,0.025639341330400144,0
412001,2016,0,0,,2018.0,0.010184112391338842,0
412001,2018,0,0,,2018.0,0.004401092393145275,0
412101,2000,0,0,,2016.0,0.07886718240576943,0
412101,2002,0,0,,2016.0,0.08826726355597433,0
412101,2004,0,0,,2016.0,0.07173285782801443,0
412101,2006,0,0,,2016.0,0.07700844945595169,0
412101,2008,0,0,,2016.0,0.019353010272023834,0
412101,2010,0,0,,2016.0,0.019448980609070823,0
412101,2012,0,0,,2016.0,0.019701690974999825,0
412101,2014,0,0,,2016.0,0.018430601779324172,0
412101,2016,0,0,,2016.0,0.018222901977687434,0
412102,2000,0,0,,2010.0,0.12558010480040913,0
412102,2002,0,0,,2010.0,0.1397034236612238,0
412102,2004,0,0,,2010.0,0.11474652361455262,0
412102,2006,0,0,,2010.0,0.12276717650708328,0
412102,2008,0,0,,2010.0,0.06421950595953156,0
412102,2010,0,0,,2010.0,0.06452332726110209,0
412301,2000,0,1,2002.0,2018.0,0.195587745178469,0
412301,2002,1,1,2002.0,2018.0,0.21564277309728905,0
414501,2000,0,1,2006.0,2012.0,0.14296586947321394,0
414501,2002,0,1,2006.0,2012.0,0.15868962714095045,0
414501,2004,0,1,2006.0,2012.0,0.17254860684862297,0
414501,2006,1,1,2006.0,2012.0,0.5081573563941624,1
414801,2000,1,1,2000.0,2018.0,0.15479949397824008,0
415001,2000,0,1,2012.0,2016.0,0.10069882747421781,0
415001,2002,0,1,2012.0,2016.0,0.11238352558969246,0
415001,2004,0,1,2012.0,2016.0,0.09178640070341361,0
415001,2006,0,1,2012.0,2016.0,0.09838052207922252,0
415001,2008,0,1,2012.0,2016.0,0.10289874722778347,0
415001,2010,0,1,2012.0,2016.0,0.10336534633605475,0
415001,2012,1,1,2012.0,2016.0,0.045899959465108234,0
415101,2000,0,0,,2018.0,0.07552416950942722,0
415101,2002,0,0,,2018.0,0.0845623798204553,0
415101,2004,0,0,,2018.0,0.06866970950578719,0
415101,2006,0,0,,2018.0,0.07373791724890437,0
415101,2008,0,0,,2018.0,0.02344721918375696,0
415101,2010,0,0,,2018.0,0.0235630046013444,0
415101,2012,0,0,,2018.0,0.02386786936837751,0
415101,2014,0,0,,2018.0,0.022334115655047768,0
415101,2016,0,0,,2018.0,0.027908877565033945,0
415101,2018,0,0,,2018.0,0.027778937685368356,0
415303,2000,0,1,2016.0,2016.0,0.07649883484839218,0
415303,2002,0,1,2016.0,2016.0,0.08564288079600331,0
415303,2004,0,1,2016.0,2016.0,0.09383392545618104,0
415303,2006,0,1,2016.0,2016.0,0.10055885820493435,0
415303,2008,0,1,2016.0,2016.0,0.1051654566516679,0
415303,2010,0,1,2016.0,2016.0,0.10564112387966877,0
415303,2012,0,1,2016.0,2016.0,0.2498664992884024,0
415303,2014,0,1,2016.0,2016.0,0.45791696239058854,0
415303,2016,1,1,2016.0,2016.0,0.9117605207803209,1
415403,2000,0,1,2012.0,2012.0,0.0908602502841396,0
415403,2002,0,1,2012.0,2012.0,0.10153220981535328,0
415403,2004,0,1,2012.0,2012.0,0.14751273748777521,0
415403,2006,0,1,2012.0,2012.0,0.15741644515824782,0
415403,2008,0,1,2012.0,2012.0,0.10316853322310227,0
415403,2010,0,1,2012.0,2012.0,0.10363621436199434,0
415403,2012,1,1,2012.0,2012.0,0.06305465915027789,0
416702,2000,0,1,2002.0,2018.0,0.2682664666327854,0
416702,2002,1,1,2002.0,2018.0,0.2930588004121943,0
417002,2000,0,1,2004.0,2012.0,0.18000403006667895,0
417002,2002,0,1,2004.0,2012.0,0.6407438145996514,1
417002,2004,1,1,2004.0,2012.0,0.6635005033215942,1
417701,2000,0,0,,2020.0,0.07027819198165473,0
417701,2002,0,0,,2020.0,0.07874207293728934,0
417701,2004,0,0,,2020.0,0.06386695669619491,0
417701,2006,0,0,,2020.0,0.06860680664898831,0
417701,2008,0,0,,2020.0,0.024865499118435223,0
417701,2010,0,0,,2020.0,0.02498810897682045,0
417701,2012,0,0,,2020.0,0.02531093418905229,0
417701,2014,0,0,,2020.0,0.06178671436987241,0
417701,2016,0,0,,2020.0,0.06112084587507393,0
417701,2018,0,0,,2020.0,0.0420855050544812,0
417701,2020,0,0,,2020.0,0.03857766088611322,0
418003,2000,0,1,2002.0,2020.0,0.34897550732282334,0
418003,2002,1,1,2002.0,2020.0,0.3773799190614983,0
418202,2000,1,1,2000.0,2018.0,0.1105902921280698,0
418601,2000,1,1,2000.0,2016.0,0.1967308735398185,0
418602,2000,1,1,2000.0,2016.0,0.12624588862282599,0
419401,2000,0,1,2002.0,2018.0,0.08833727462341089,0
419401,2002,1,1,2002.0,2018.0,0.09874508499800817,0
419501,2000,0,1,2008.0,2018.0,0.1530754418628066,0
419501,2002,0,1,2008.0,2018.0,0.16969092728369745,0
419501,2004,0,1,2008.0,2018.0,0.18430022016180253,0
419501,2006,0,1,2008.0,2018.0,0.19610560546317288,0
419501,2008,1,1,2008.0,2018.0,0.08576876776829068,0
420303,2000,0,1,2002.0,2016.0,0.2955301154405132,0
420303,2002,1,1,2002.0,2016.0,0.4816137110622251,0
420602,2000,0,1,2002.0,2018.0,0.3862581597458013,0
420602,2002,1,1,2002.0,2018.0,0.41575919661881305,0
420801,2000,0,1,2006.0,2020.0,0.10471726168179422,0
420801,2002,0,1,2006.0,2020.0,0.20574302779200923,0
420801,2004,0,1,2006.0,2020.0,0.22262396302358775,0
420801,2006,1,1,2006.0,2020.0,0.23617342300400432,0
421001,2000,1,1,2000.0,2020.0,0.08341212673209793,0
421002,2000,0,1,2002.0,2020.0,0.16197164990091173,0
421002,2002,1,1,2002.0,2020.0,0.29974045268298355,0
421202,2000,0,1,2002.0,2020.0,0.16286851434092364,0
421202,2002,1,1,2002.0,2020.0,0.30112605413966176,0
421204,2000,0,1,2004.0,2016.0,0.1649776752555824,0
421204,2002,0,1,2004.0,2016.0,0.18260652891202642,0
421204,2004,1,1,2004.0,2016.0,0.1513335475799357,0
421402,2000,0,1,2010.0,2020.0,0.08911814540900777,0
421402,2002,0,1,2010.0,2020.0,0.09960790516883275,0
421402,2004,0,1,2010.0,2020.0,0.1448574818508885,0
421402,2006,0,1,2010.0,2020.0,0.15461525349712946,0
421402,2008,0,1,2010.0,2020.0,0.16125421226481618,0
421402,2010,1,1,2010.0,2020.0,0.5620929987231442,1
421501,2000,0,0,,2018.0,0.11906541850401366,0
421501,2002,0,0,,2018.0,0.13256714293669358,0
421501,2004,0,0,,2018.0,0.1087239686497152,0
421501,2006,0,0,,2018.0,0.1163789941171782,0
421501,2008,0,0,,2018.0,0.06066715819832657,0
421501,2010,0,0,,2018.0,0.06095526813034274,0
421501,2012,0,0,,2018.0,0.023397000422006212,0
421501,2014,0,0,,2018.0,0.02189282620109679,0
421501,2016,0,0,,2018.0,0.01224484042139732,0
421501,2018,0,0,,2018.0,0.01218691583141561,0
421802,2000,0,1,2014.0,2014.0,0.08336223471156279,0
421802,2002,0,1,2014.0,2014.0,0.09324384200500341,0
421802,2004,0,1,2014.0,2014.0,0.07585477287112029,0
421802,2006,0,1,2014.0,2014.0,0.08140692542880908,0
421802,2008,0,1,2014.0,2014.0,0.1372164881027216,0
421802,2010,0,1,2014.0,2014.0,0.5149911105910892,1
421802,2012,0,1,2014.0,2014.0,0.48061243601432757,0
421802,2014,1,1,2014.0,2014.0,0.6818363598328195,1
422801,2000,0,1,2006.0,2016.0,0.0655850794522084,0
422801,2002,0,1,2006.0,2016.0,0.07352845077652771,0
422801,2004,0,1,2006.0,2016.0,0.05957454647350216,0
422801,2006,1,1,2006.0,2016.0,0.06401762233581355,0
423103,2000,0,1,2006.0,2020.0,0.13403215692502174,0
423103,2002,0,1,2006.0,2020.0,0.25527540034484225,0
423103,2004,0,1,2006.0,2020.0,0.2748142265188836,0
423103,2006,1,1,2006.0,2020.0,0.29035370581813974,0
423201,2000,0,0,,2020.0,0.06557107013399376,0
423201,2002,0,0,,2020.0,0.07351287819984652,0
423201,2004,0,0,,2020.0,0.08064611057666908,0
423201,2006,0,0,,2020.0,0.08651613112045801,0
423201,2008,0,0,,2020.0,0.0351431902490152,0
423201,2010,0,0,,2020.0,0.03531464328007438,0
423201,2012,0,0,,2020.0,0.035765984742253475,0
423201,2014,0,0,,2020.0,0.01625529499778862,0
423201,2016,0,0,,2020.0,0.016071707977544963,0
423201,2018,0,0,,2020.0,0.003018858131335666,0
423201,2020,0,0,,2020.0,0.003091179137617865,0
423204,2000,0,1,2010.0,2020.0,0.09349434663650245,0
423204,2002,0,1,2010.0,2020.0,0.10444015130650966,0
423204,2004,0,1,2010.0,2020.0,0.11420445351316492,0
423204,2006,0,1,2010.0,2020.0,0.1221924463235758,0
423204,2008,0,1,2010.0,2020.0,0.0789458835795288,0
423204,2010,1,1,2010.0,2020.0,0.07931347009932473,0
424601,2000,0,1,2008.0,2016.0,0.109608158811847,0
424601,2002,0,1,2008.0,2016.0,0.12218620007436663,0
424601,2004,0,1,2008.0,2016.0,0.09999488258225595,0
424601,2006,0,1,2008.0,2016.0,0.10710917068991466,0
424601,2008,1,1,2008.0,2016.0,0.03491658711160343,0
424602,2000,0,1,2002.0,2018.0,0.14931246085159688,0
424602,2002,1,1,2002.0,2018.0,0.16559936011507154,0
425201,2000,0,0,,2020.0,0.11677419951608424,0
425201,2002,0,0,,2020.0,0.13005446300646342,0
425201,2004,0,0,,2020.0,0.14183422934319484,0
425201,2006,0,0,,2020.0,0.15142441243088964,0
425201,2008,0,0,,2020.0,0.0642187450896535,0
425201,2010,0,0,,2020.0,0.06452256303976121,0
425201,2012,0,0,,2020.0,0.058211463141314514,0
425201,2014,0,0,,2020.0,0.026796825064520798,0
425201,2016,0,0,,2020.0,0.026497388983040163,0
425201,2018,0,0,,2020.0,0.02496366967663817,0
425201,2020,0,0,,2020.0,0.025548237746873703,0
425402,2000,0,1,2006.0,2020.0,0.09523019524267964,0
425402,2002,0,1,2006.0,2020.0,0.10635538041205897,0
425402,2004,0,1,2006.0,2020.0,0.15414541936684853,0
425402,2006,1,1,2006.0,2020.0,0.16440855153994405,0
427003,2000,0,1,2002.0,2020.0,0.3945729302821093,0
427003,2002,1,1,2002.0,2020.0,0.5907257477104365,1
427502,2000,0,0,,2016.0,0.10544118529052258,0
427502,2002,0,0,,2016.0,0.11760420575013439,0
427502,2004,0,0,,2016.0,0.09615390991080221,0
427502,2006,0,0,,2016.0,0.10302620839658931,0
427502,2008,0,0,,2016.0,0.10773229779018778,0
427502,2010,0,0,,2016.0,0.10821817087217481,0
427502,2012,0,0,,2016.0,0.10949550426307793,0
427502,2014,0,0,,2016.0,0.05193078924873327,0
427502,2016,0,0,,2016.0,0.05136532182727536,0
428001,2000,0,1,2002.0,2004.0,0.08517199284215939,0
428001,2002,1,1,2002.0,2004.0,0.0952458346940608,0
428202,2000,0,1,2002.0,2018.0,0.4808271964799794,0
428202,2002,1,1,2002.0,2018.0,0.5115311051964077,1
428203,2000,0,1,2006.0,2020.0,0.1932420493302986,0
428203,2002,0,1,2006.0,2020.0,0.3466078100519188,0
428203,2004,0,1,2006.0,2020.0,0.29746958988526945,0
428203,2006,1,1,2006.0,2020.0,0.15074744490078726,0
428401,2000,0,1,2016.0,2016.0,0.08484523623070094,0
428401,2002,0,1,2016.0,2016.0,0.09488443893351511,0
428401,2004,0,1,2016.0,2016.0,0.07721546828524921,0
428401,2006,0,1,2016.0,2016.0,0.08285828660621919,0
428401,2008,0,1,2016.0,2016.0,0.08673221304986135,0
428401,2010,0,1,2016.0,2016.0,0.08713262442962004,0
428401,2012,0,1,2016.0,2016.0,0.12568152231522445,0
428401,2014,0,1,2016.0,2016.0,0.11839877686243776,0
428401,2016,1,1,2016.0,2016.0,0.5951300442417093,1
428402,2000,0,1,2016.0,2018.0,0.08603371143976916,0
428402,2002,0,1,2016.0,2018.0,0.09619875680995786,0
428402,2004,0,1,2016.0,2018.0,0.07830621385040552,0
428402,2006,0,1,2016.0,2018.0,0.08402148480835252,0
428402,2008,0,1,2016.0,2018.0,0.08794458015167295,0
428402,2010,0,1,2016.0,2018.0,0.08835004713056412,0
428402,2012,0,1,2016.0,2018.0,0.11080775516759557,0
428402,2014,0,1,2016.0,2018.0,0.10428408550837807,0
428402,2016,1,1,2016.0,2018.0,0.5736535503365477,1
429001,2000,1,1,2000.0,2018.0,0.21936875230266728,0
429601,2000,0,1,2006.0,2016.0,0.1621160603822374,0
429601,2002,0,1,2006.0,2016.0,0.299963728529833,0
429601,2004,0,1,2006.0,2016.0,0.32144663220627134,0
429601,2006,1,1,2006.0,2016.0,0.3383925303427077,0
430401,2000,0,0,,2018.0,0.06990133218182808,0
430401,2002,0,0,,2018.0,0.07832364998621531,0
430401,2004,0,0,,2018.0,0.0635221275609369,0
430401,2006,0,0,,2018.0,0.06823825166093767,0
430401,2008,0,0,,2018.0,0.019285943177583958,0
430401,2010,0,0,,2018.0,0.019381587506376363,0
430401,2012,0,0,,2018.0,0.018485605798583576,0
430401,2014,0,0,,2018.0,0.01729159054681199,0
430401,2016,0,0,,2018.0,0.015781291882525198,0
430401,2018,0,0,,2018.0,0.015706904024139802,0
430502,2000,0,1,2014.0,2020.0,0.08336223471156279,0
430502,2002,0,1,2014.0,2020.0,0.09324384200500341,0
430502,2004,0,1,2014.0,2020.0,0.10208069632914041,0
430502,2006,0,1,2014.0,2020.0,0.10932535659137392,0
430502,2008,0,1,2014.0,2020.0,0.1805135707598051,0
430502,2010,0,1,2014.0,2020.0,0.18126100610201146,0
430502,2012,0,1,2014.0,2020.0,0.1438121748559129,0
430502,2014,1,1,2014.0,2020.0,0.29872250887570106,0
432001,2000,0,0,,2020.0,0.0908602502841396,0
432001,2002,0,0,,2020.0,0.10153220981535328,0
432001,2004,0,0,,2020.0,0.08273848071645314,0
432001,2006,0,0,,2020.0,0.08874609795151732,0
432001,2008,0,0,,2020.0,0.09286742719681362,0
432001,2010,0,0,,2020.0,0.09329326925385256,0
432001,2012,0,0,,2020.0,0.07922131107035314,0
432001,2014,0,0,,2020.0,0.1791111307352532,0
432001,2016,0,0,,2020.0,0.17741997187418795,0
432001,2018,0,0,,2020.0,0.17672047643968578,0
432001,2020,0,0,,2020.0,0.16653135077735495,0
432302,2000,0,1,2004.0,2010.0,0.14977537604692648,0
432302,2002,0,1,2004.0,2010.0,0.1661029103667272,0
432302,2004,1,1,2004.0,2010.0,0.1371819704650078,0
433901,2000,0,1,2008.0,2020.0,0.09238255758405504,0
433901,2002,0,1,2008.0,2020.0,0.10321302011443093,0
433901,2004,0,1,2008.0,2020.0,0.11287705581369614,0
433901,2006,0,1,2008.0,2020.0,0.1207848642593449,0
433901,2008,1,1,2008.0,2020.0,0.12618802379375857,0
435201,2000,0,1,2010.0,2020.0,0.096902006537028,0
435201,2002,0,1,2010.0,2020.0,0.1081991432334296,0
435201,2004,0,1,2010.0,2020.0,0.11826846967730563,0
435201,2006,0,1,2010.0,2020.0,0.1265001242276446,0
435201,2008,0,1,2010.0,2020.0,0.0818711749345499,0
435201,2010,1,1,2010.0,2020.0,0.082251165804467,0
435401,2000,0,1,2004.0,2018.0,0.06462658051790277,0
435401,2002,0,1,2004.0,2018.0,0.0724628653247921,0
435401,2004,1,1,2004.0,2018.0,0.05869837095127253,0
435402,2000,0,0,,2020.0,0.12230609973066414,0
435402,2002,0,0,,2020.0,0.13611852704474023,0
435402,2004,0,0,,2020.0,0.11171887550992275,0
435402,2006,0,0,,2020.0,0.11955648044625002,0
435402,2008,0,0,,2020.0,0.0547498604326439,0
435402,2010,0,0,,2020.0,0.05501151470504276,0
435402,2012,0,0,,2020.0,0.05255669297401488,0
435402,2014,0,0,,2020.0,0.024115589743584794,0
435402,2016,0,0,,2020.0,0.023845380519793527,0
435402,2018,0,0,,2020.0,0.01375021542676623,0
435402,2020,0,0,,2020.0,0.014075991558435924,0
437201,2000,0,1,2004.0,2018.0,0.3129148834428269,0
437201,2002,0,1,2004.0,2018.0,0.3399166827816298,0
437201,2004,1,1,2004.0,2018.0,0.29130414160416696,0
437501,2000,0,1,2014.0,2018.0,0.14804456151384332,0
437501,2002,0,1,2014.0,2018.0,0.16421985744646167,0
437501,2004,0,1,2014.0,2018.0,0.13557348050793758,0
437501,2006,0,1,2014.0,2018.0,0.14481177431523454,0
437501,2008,0,1,2014.0,2018.0,0.12249814788771388,0
437501,2010,0,1,2014.0,2018.0,0.12304143186324464,0
437501,2012,0,1,2014.0,2018.0,0.05218935577779011,0
437501,2014,1,1,2014.0,2018.0,0.12253040610185761,0
437602,2000,1,1,2000.0,2012.0,0.2807077118723674,0
437804,2000,0,1,2004.0,2018.0,0.19278873858651632,0
437804,2002,0,1,2004.0,2018.0,0.3459490046965203,0
437804,2004,1,1,2004.0,2018.0,0.29686174822119304,0
438101,2000,0,0,,2020.0,0.09128265807948947,0
438101,2002,0,0,,2020.0,0.10199866508114051,0
438101,2004,0,0,,2020.0,0.11156314329995635,0
438101,2006,0,0,,2020.0,0.11939129133307236,0
438101,2008,0,0,,2020.0,0.12474095574312272,0
438101,2010,0,0,,2020.0,0.12529276639885134,0
438101,2012,0,0,,2020.0,0.12674299356741958,0
438101,2014,0,0,,2020.0,0.119407140325051,0
438101,2016,0,0,,2020.0,0.1391448539518583,0
438101,2018,0,0,,2020.0,0.03938549332959153,0
438101,2020,0,0,,2020.0,0.04029381756006614,0
438102,2000,0,0,,2020.0,0.07971481482701616,0
438102,2002,0,0,,2020.0,0.08920614025388415,0
438102,2004,0,0,,2020.0,0.097701566616406,0
438102,2006,0,0,,2020.0,0.10467166914126388,0
438102,2008,0,0,,2020.0,0.10944374993718654,0
438102,2010,0,0,,2020.0,0.10993639065867307,0
438102,2012,0,0,,2020.0,0.11123147514252786,0
438102,2014,0,0,,2020.0,0.1046857964182571,0
438102,2016,0,0,,2020.0,0.10360866404045556,0
438102,2018,0,0,,2020.0,0.04731045597288643,0
438102,2020,0,0,,2020.0,0.0433868351847302,0
438602,2000,0,1,2002.0,2018.0,0.18056360469176455,0
438602,2002,1,1,2002.0,2018.0,0.1994600856908392,0
438603,2000,0,1,2004.0,2020.0,0.3013151417267965,0
438603,2002,0,1,2004.0,2020.0,0.47736571075740314,0
438603,2004,1,1,2004.0,2020.0,0.42165280595458754,0
439105,2000,0,1,2008.0,2020.0,0.0990544380840235,0
439105,2002,0,1,2008.0,2020.0,0.11057178816727747,0
439105,2004,0,1,2008.0,2020.0,0.09027293997967925,0
439105,2006,0,1,2008.0,2020.0,0.09676991642655759,0
439105,2008,1,1,2008.0,2020.0,0.09508803807955457,0
439602,2000,0,1,2002.0,2018.0,0.25496507775645594,0
439602,2002,1,1,2002.0,2018.0,0.27899683880694426,0
440002,2000,0,0,,2018.0,0.10590174727047587,0
440002,2002,0,0,,2018.0,0.11811088065612807,0
440002,2004,0,0,,2018.0,0.09657828514553458,0
440002,2006,0,0,,2018.0,0.10347744206497891,0
440002,2008,0,0,,2018.0,0.06229905977349275,0
440002,2010,0,0,,2018.0,0.062594403215413,0
440002,2012,0,0,,2018.0,0.026654002427042807,0
440002,2014,0,0,,2018.0,0.02494578672187689,0
440002,2016,0,0,,2018.0,0.020542086927981647,0
440002,2018,0,0,,2018.0,0.008930386506829528,0
440401,2000,0,0,,2020.0,0.0736994924679173,0
440401,2002,0,0,,2020.0,0.08253883403789106,0
440401,2004,0,0,,2020.0,0.0669986356818455,0
440401,2006,0,0,,2020.0,0.07195303747711355,0
440401,2008,0,0,,2020.0,0.02284963252902191,0
440401,2010,0,0,,2020.0,0.022962536374501512,0
440401,2012,0,0,,2020.0,0.02325981718194689,0
440401,2014,0,0,,2020.0,0.021764265814162922,0
440401,2016,0,0,,2020.0,0.021519821622182574,0
440401,2018,0,0,,2020.0,0.007685926513073971,0
440401,2020,0,0,,2020.0,0.0078691712415846,0
441601,2000,0,0,,2012.0,0.08140887626657657,0
441601,2002,0,0,,2012.0,0.09108194379264553,0
441601,2004,0,0,,2012.0,0.07406311679094445,0
441601,2006,0,0,,2012.0,0.07949541064023885,0
441601,2008,0,0,,2012.0,0.015056401752400592,0
441601,2010,0,0,,2012.0,0.01513139424446836,0
441601,2012,0,0,,2012.0,0.015328881059869695,0
441602,2000,0,0,,2018.0,0.053182949472008814,0
441602,2002,0,0,,2018.0,0.05972023176853436,0
441602,2004,0,0,,2018.0,0.04825031742697646,0
441602,2006,0,0,,2018.0,0.05189543653072666,0
441602,2008,0,0,,2018.0,0.01278148742654496,0
441602,2010,0,0,,2018.0,0.012845296863651821,0
441602,2012,0,0,,2018.0,0.012247704117398414,0
441602,2014,0,0,,2018.0,0.011451903990192436,0
441602,2016,0,0,,2018.0,0.021610864114665486,0
441602,2018,0,0,,2018.0,0.0215095980887387,0
441701,2000,0,1,2004.0,2018.0,0.06017471220097623,0
441701,2002,0,1,2004.0,2018.0,0.06751014706401358,0
441701,2004,1,1,2004.0,2018.0,0.07410750195971226,0
441703,2000,0,1,2008.0,2020.0,0.09427236175486313,0
441703,2002,0,1,2008.0,2020.0,0.05668320479787215,0
441703,2004,0,1,2008.0,2020.0,0.06229318972703494,0
441703,2006,0,1,2008.0,2020.0,0.06692459327427946,0
441703,2008,1,1,2008.0,2020.0,0.04229602776813162,0
441704,2000,0,1,2012.0,2020.0,0.08870477609508946,0
441704,2002,0,1,2012.0,2020.0,0.09915117602746669,0
441704,2004,0,1,2012.0,2020.0,0.10848089902991495,0
441704,2006,0,1,2012.0,2020.0,0.1161210401997628,0
441704,2008,0,1,2012.0,2020.0,0.19078645637408798,0
441704,2010,0,1,2012.0,2020.0,0.19156648429603224,0
441704,2012,1,1,2012.0,2020.0,0.16537501421290426,0
442301,2000,0,1,2012.0,2018.0,0.08732170239191632,0
442301,2002,0,1,2012.0,2018.0,0.09762267180986078,0
442301,2004,0,1,2012.0,2018.0,0.07948857959025514,0
442301,2006,0,1,2012.0,2018.0,0.08528216210112914,0
442301,2008,0,1,2012.0,2018.0,0.08925838449024978,0
442301,2010,0,1,2012.0,2018.0,0.08966931321690111,0
442301,2012,1,1,2012.0,2018.0,0.09074998825139519,0
442802,2000,0,1,2008.0,2020.0,0.13842709446286222,0
442802,2002,0,1,2008.0,2020.0,0.15374121364397478,0
442802,2004,0,1,2008.0,2020.0,0.21763817013833586,0
442802,2006,0,1,2008.0,2020.0,0.4361559262912606,0
442802,2008,1,1,2008.0,2020.0,0.44847073366597323,0
442803,2000,0,1,2008.0,2020.0,0.096902006537028,0
442803,2002,0,1,2008.0,2020.0,0.1081991432334296,0
442803,2004,0,1,2008.0,2020.0,0.15667241581925542,0
442803,2006,0,1,2008.0,2020.0,0.1670705654206194,0
442803,2008,1,1,2008.0,2020.0,0.2646859434216508,0
444502,2000,1,1,2000.0,2010.0,0.19151126562875315,0
444701,2000,0,0,,2018.0,0.16032863656895083,0
444701,2002,0,0,,2018.0,0.17756635165707965,0
444701,2004,0,0,,2018.0,0.14700131049720808,0
444701,2006,0,0,,2018.0,0.15687700062669543,0
444701,2008,0,0,,2018.0,0.107381634394729,0
444701,2010,0,0,,2018.0,0.10786611716993895,0
444701,2012,0,0,,2018.0,0.08744759464532696,0
444701,2014,0,0,,2018.0,0.040941148418097775,0
444701,2016,0,0,,2018.0,0.04377310216792991,0
444701,2018,0,0,,2018.0,0.043572611393023125,0
444703,2000,1,1,2000.0,2020.0,0.37026656421008736,0
445001,2000,0,0,,2020.0,0.0809982963637167,0
445001,2002,0,0,,2020.0,0.09062739158635674,0
445001,2004,0,0,,2020.0,0.07368661284150398,0
445001,2006,0,0,,2020.0,0.07909365023284878,0
445001,2008,0,0,,2020.0,0.03197387974546966,0
445001,2010,0,0,,2020.0,0.032130385564751486,0
445001,2012,0,0,,2020.0,0.03254240322932524,0
445001,2014,0,0,,2020.0,0.03046862168272783,0
445001,2016,0,0,,2020.0,0.030129426043383544,0
445001,2018,0,0,,2020.0,0.01256112977846937,0
445001,2020,0,0,,2020.0,0.012859100893386707,0
445101,2000,0,0,,2020.0,0.10069882747421781,0
445101,2002,0,0,,2020.0,0.11238352558969246,0
445101,2004,0,0,,2020.0,0.09178640070341361,0
445101,2006,0,0,,2020.0,0.09838052207922252,0
445101,2008,0,0,,2020.0,0.10289874722778347,0
445101,2010,0,0,,2020.0,0.10336534633605475,0
445101,2012,0,0,,2020.0,0.04514246286594011,0
445101,2014,0,0,,2020.0,0.10705849221780386,0
445101,2016,0,0,,2020.0,0.0416860563751996,0
445101,2018,0,0,,2020.0,0.0031904598029001458,0
445101,2020,0,0,,2020.0,0.002914669403430031,0
445801,2000,0,0,,2014.0,0.11085347592465414,0
445801,2002,0,0,,2014.0,0.12355459283117988,0
445801,2004,0,0,,2014.0,0.10114338504850473,0
445801,2006,0,0,,2014.0,0.10832954981311448,0
445801,2008,0,0,,2014.0,0.11324730311644823,0
445801,2010,0,0,,2014.0,0.11375487788319846,0
445801,2012,0,0,,2014.0,0.12149290961677588,0
445801,2014,0,0,,2014.0,0.11442111399622154,0
446301,2000,0,0,,2020.0,0.15682648048652648,0
446301,2002,0,0,,2020.0,0.17376558338023296,0
446301,2004,0,0,,2020.0,0.1437404360218323,0
446301,2006,0,0,,2020.0,0.15343646328807517,0
446301,2008,0,0,,2020.0,0.16003438819398,0
446301,2010,0,0,,2020.0,0.1607136571509093,0
446301,2012,0,0,,2020.0,0.162497706030018,0
446301,2014,0,0,,2020.0,0.3297829219304746,0
446301,2016,0,0,,2020.0,0.3272362416897186,0
446301,2018,0,0,,2020.0,0.2089962142983968,0
446301,2020,0,0,,2020.0,0.21294903932205156,0
447301,2000,1,1,2000.0,2018.0,0.41796138446343895,0
447302,2000,0,1,2002.0,2018.0,0.3321221226997016,0
447302,2002,1,1,2002.0,2018.0,0.35991314004971636,0
447601,2000,0,1,2006.0,2020.0,0.053093762305345134,0
447601,2002,0,1,2006.0,2020.0,0.0596207719912033,0
447601,2004,0,1,2006.0,2020.0,0.04816898139166641,0
447601,2006,1,1,2006.0,2020.0,0.051808290362945826,0
447901,2000,0,1,2004.0,2014.0,0.16666155467653074,0
447901,2002,0,1,2004.0,2014.0,0.1844305993966779,0
447901,2004,1,1,2004.0,2014.0,0.1529036659940191,0
447902,2000,0,1,2004.0,2016.0,0.1233742391448288,0
447902,2002,0,1,2004.0,2016.0,0.1372884262882945,0
447902,2004,1,1,2004.0,2016.0,0.1127064264043955,0
448101,2000,0,0,,2018.0,0.06387402666159366,0
448101,2002,0,0,,2018.0,0.07162604819353063,0
448101,2004,0,0,,2018.0,0.07859172510045485,0
448101,2006,0,0,,2018.0,0.08432592792569366,0
448101,2008,0,0,,2018.0,0.035327195532683035,0
448101,2010,0,0,,2018.0,0.03549951324117436,0
448101,2012,0,0,,2018.0,0.014239004605335169,0
448101,2014,0,0,,2018.0,0.013315563031535207,0
448101,2016,0,0,,2018.0,0.010095306548523341,0
448101,2018,0,0,,2018.0,0.010047446960555435,0
448201,2000,0,1,2004.0,2020.0,0.1020846011905897,0
448201,2002,0,1,2004.0,2020.0,0.11390973141155156,0
448201,2004,1,1,2004.0,2020.0,0.09306221751679528,0
448701,2000,0,0,,2008.0,0.17716811290863235,0
448701,2002,0,0,,2008.0,0.195794152194518,0
448701,2004,0,0,,2008.0,0.16271225556038627,0
448701,2006,0,0,,2008.0,0.17342882623624187,0
448701,2008,0,0,,2008.0,0.0533350603979011,0
448702,2000,0,1,2002.0,2014.0,0.25076493425250973,0
448702,2002,1,1,2002.0,2014.0,0.42569431592155615,0
449401,2000,0,1,2002.0,2018.0,0.16596314683066812,0
449401,2002,1,1,2002.0,2018.0,0.18367414113322703,0
449501,2000,0,1,2010.0,2020.0,0.17751277620907008,0
449501,2002,0,1,2010.0,2020.0,0.19616641203612797,0
449501,2004,0,1,2010.0,2020.0,0.27202793806629716,0
449501,2006,0,1,2010.0,2020.0,0.2874723209944441,0
449501,2008,0,1,2010.0,2020.0,0.29780636265027366,0
449501,2010,1,1,2010.0,2020.0,0.29886234233471864,0
449602,2000,0,1,2002.0,2018.0,0.30833242547808665,0
449602,2002,1,1,2002.0,2018.0,0.3351316713622405,0
449902,2000,0,1,2006.0,2018.0,0.11236237400659863,0
449902,2002,0,1,2006.0,2018.0,0.21895988976948752,0
449902,2004,0,1,2006.0,2018.0,0.3003426104990645,0
449902,2006,1,1,2006.0,2018.0,0.31669520733933376,0
449903,2000,0,1,2002.0,2020.0,0.10828967341650154,0
449903,2002,1,1,2002.0,2020.0,0.2119460099674694,0
449904,2000,0,1,2010.0,2020.0,0.09221320798354657,0
449904,2002,0,1,2010.0,2020.0,0.18365026255804565,0
449904,2004,0,1,2010.0,2020.0,0.25621432327459687,0
449904,2006,0,1,2010.0,2020.0,0.271095233830921,0
449904,2008,0,1,2010.0,2020.0,0.2810727878359607,0
449904,2010,1,1,2010.0,2020.0,0.282093269307271,0
452201,2000,0,1,2002.0,2018.0,0.10644455205184829,0
452201,2002,1,1,2002.0,2018.0,0.11870795552145794,0
452501,2000,0,1,2006.0,2020.0,0.10472985562704991,0
452501,2002,0,1,2006.0,2020.0,0.2057649792606644,0
452501,2004,0,1,2006.0,2020.0,0.17135735474137626,0
452501,2006,1,1,2006.0,2020.0,0.36509162510880216,0
452801,2000,0,1,2006.0,2020.0,0.095404503238048,0
452801,2002,0,1,2006.0,2020.0,0.18934595515277147,0
452801,2004,0,1,2006.0,2020.0,0.20522916169200203,0
452801,2006,1,1,2006.0,2020.0,0.09767751012686157,0
453601,2000,0,1,2002.0,2018.0,0.11679846783476314,0
453601,2002,1,1,2002.0,2018.0,0.13008108478160443,0
453602,2000,0,1,2002.0,2020.0,0.16081749608322224,0
453602,2002,1,1,2002.0,2020.0,0.2979536383913039,0
453801,2000,0,1,2002.0,2020.0,0.08073441913642598,0
453801,2002,1,1,2002.0,2020.0,0.09033522813599444,0
453902,2000,0,1,2006.0,2020.0,0.1119687154012977,0
453902,2002,0,1,2006.0,2020.0,0.21828460989713802,0
453902,2004,0,1,2006.0,2020.0,0.2358889529543448,0
453902,2006,1,1,2006.0,2020.0,0.24998613175649556,0
454601,2000,0,0,,2010.0,0.09161025385108734,0
454601,2002,0,0,,2010.0,0.10236038654880503,0
454601,2004,0,0,,2010.0,0.083427595388161,0
454601,2006,0,0,,2010.0,0.08948036790616325,0
454601,2008,0,0,,2010.0,0.09363229259560399,0
454601,2010,0,0,,2010.0,0.09406127825798863,0
455302,2000,1,1,2000.0,2000.0,0.25442496462367237,0
455303,2000,1,1,2000.0,2000.0,0.1664311320289944,0
455702,2000,0,1,2004.0,2018.0,0.5029931200368746,1
455702,2002,0,1,2004.0,2018.0,0.533657538574986,1
455702,2004,1,1,2004.0,2018.0,0.47737571150086355,0
456101,2000,0,1,2002.0,2018.0,0.434650375163072,0
456101,2002,1,1,2002.0,2018.0,0.4650468709468514,0
457802,2000,0,1,2002.0,2020.0,0.2404384090393106,0
457802,2002,1,1,2002.0,2020.0,0.4121266215311006,0
458001,2000,1,1,2000.0,2018.0,0.08284342489438248,0
458201,2000,0,0,,2008.0,0.071325594302521,0
458201,2002,0,0,,2008.0,0.07990477674580333,0
458201,2004,0,0,,2008.0,0.06482547049053586,0
458201,2006,0,0,,2008.0,0.06963116481720259,0
458201,2008,0,0,,2008.0,0.035401421517662374,0
458901,2000,0,0,,2010.0,0.07931304445895644,0
458901,2002,0,0,,2010.0,0.08876114656767894,0
458901,2004,0,0,,2010.0,0.07214154599032269,0
458901,2006,0,0,,2010.0,0.07744468694950511,0
458901,2008,0,0,,2010.0,0.04609329890584676,0
458901,2010,0,0,,2010.0,0.04631560980917928,0
459301,2000,0,0,,2020.0,0.1269992195806261,0
459301,2002,0,0,,2020.0,0.14125635636136022,0
459301,2004,0,0,,2020.0,0.1160594628838437,0
459301,2006,0,0,,2020.0,0.12415901736405101,0
459301,2008,0,0,,2020.0,0.03244326962934854,0
459301,2010,0,0,,2020.0,0.032601995639789064,0
459301,2012,0,0,,2020.0,0.033019854583205256,0
459301,2014,0,0,,2020.0,0.014983926205731714,0
459301,2016,0,0,,2020.0,0.014814481769239959,0
459301,2018,0,0,,2020.0,0.01474458286629606,0
459301,2020,0,0,,2020.0,0.015093557440700194,0
460002,2000,0,1,2004.0,2004.0,0.21888726294817054,0
460002,2002,0,1,2004.0,2004.0,0.6948200910790469,1
460002,2004,1,1,2004.0,2004.0,0.6450517244339257,1
461302,2000,0,1,2016.0,2020.0,0.07361211632701589,0
461302,2002,0,1,2016.0,2020.0,0.082441910916046,0
461302,2004,0,1,2016.0,2020.0,0.06691862997368962,0
461302,2006,0,1,2016.0,2020.0,0.07186757124153463,0
461302,2008,0,1,2016.0,2020.0,0.07526981389702367,0
461302,2010,0,1,2016.0,2020.0,0.07562168928127522,0
461302,2012,0,1,2016.0,2020.0,0.048053625487084056,0
461302,2014,0,1,2016.0,2020.0,0.0450373983877547,0
461302,2016,1,1,2016.0,2020.0,0.3961213628528674,0
461402,2000,0,1,2002.0,2020.0,0.5329069139726079,1
461402,2002,1,1,2002.0,2020.0,0.8255623305311817,1
461802,2000,1,1,2000.0,2018.0,0.29278538952360333,0
463103,2000,0,1,2014.0,2014.0,0.08659556560081798,0
463103,2002,0,1,2014.0,2014.0,0.09681996277441675,0
463103,2004,0,1,2014.0,2014.0,0.07882195481972235,0
463103,2006,0,1,2014.0,2014.0,0.08457141384259866,0
463103,2008,0,1,2014.0,2014.0,0.08851770487652853,0
463103,2010,0,1,2014.0,2014.0,0.08892555660447565,0
463103,2012,0,1,2014.0,2014.0,0.11443518572288354,0
463103,2014,1,1,2014.0,2014.0,0.10772382799041273,0
463702,2000,1,1,2000.0,2018.0,0.13208999619811312,0
463803,2000,0,1,2002.0,2018.0,0.23020560197716552,0
463803,2002,1,1,2002.0,2018.0,0.25269518467570756,0
463804,2000,0,1,2002.0,2012.0,0.19776104015383245,0
463804,2002,1,1,2002.0,2012.0,0.21797852587333738,0
464101,2000,0,0,,2020.0,0.1175044458290448,0
464101,2002,0,0,,2020.0,0.13085545323429718,0
464101,2004,0,0,,2020.0,0.10728206351254858,0
464101,2006,0,0,,2020.0,0.11484864940478404,0
464101,2008,0,0,,2020.0,0.059819810059490164,0
464101,2010,0,0,,2020.0,0.060104153397583536,0
464101,2012,0,0,,2020.0,0.060852333798955285,0
464101,2014,0,0,,2020.0,0.12052270009993211,0
464101,2016,0,0,,2020.0,0.11930433238659337,0
464101,2018,0,0,,2020.0,0.13730889018790451,0
464101,2020,0,0,,2020.0,0.14014608819220542,0
464103,2000,0,1,2002.0,2020.0,0.12325547561720769,0
464103,2002,1,1,2002.0,2020.0,0.5331905574095582,1
464501,2000,0,1,2004.0,2012.0,0.1461435190662236,0
464501,2002,0,1,2004.0,2012.0,0.16215064019781092,0
464501,2004,1,1,2004.0,2012.0,0.10774487560761004,0
464502,2000,1,1,2000.0,2018.0,0.27747288080799914,0
465001,2000,1,1,2000.0,2018.0,0.11428701535124242,0
465102,2000,0,1,2006.0,2018.0,0.22985534718612055,0
465102,2002,0,1,2006.0,2018.0,0.3979457982501112,0
465102,2004,0,1,2006.0,2018.0,0.3453765940965948,0
465102,2006,1,1,2006.0,2018.0,0.36290932088613836,0
465703,2000,0,1,2004.0,2018.0,0.3888653268436597,0
465703,2002,0,1,2004.0,2018.0,0.4184297319963196,0
465703,2004,1,1,2004.0,2018.0,0.3647941530644062,0
466203,2000,0,1,2016.0,2020.0,0.0782373239302282,0
466203,2002,0,1,2016.0,2020.0,0.08756946991930917,0
466203,2004,0,1,2016.0,2020.0,0.12812848707960467,0
466203,2006,0,1,2016.0,2020.0,0.13693982961363194,0
466203,2008,0,1,2016.0,2020.0,0.14294816483055964,0
466203,2010,0,1,2016.0,2020.0,0.14356730662181788,0
466203,2012,0,1,2016.0,2020.0,0.2690086140551771,0
466203,2014,0,1,2016.0,2020.0,0.48274056316385855,0
466203,2016,1,1,2016.0,2020.0,0.9108315154873406,1
466402,2000,0,1,2014.0,2020.0,0.0908602502841396,0
466402,2002,0,1,2014.0,2020.0,0.10153220981535328,0
466402,2004,0,1,2014.0,2020.0,0.11105835765843024,0
466402,2006,0,1,2014.0,2020.0,0.11885582444016544,0
466402,2008,0,1,2014.0,2020.0,0.19489196415112003,0
466402,2010,0,1,2014.0,2020.0,0.1956847183484164,0
466402,2012,0,1,2014.0,2020.0,0.12404720467194137,0
466402,2014,1,1,2014.0,2020.0,0.2642379114045368,0
466501,2000,0,0,,2004.0,0.10227003724118258,0
466501,2002,0,0,,2004.0,0.11411391786162123,0
466501,2004,0,0,,2004.0,0.12465674854180714,0
467001,2000,0,1,2006.0,2020.0,0.13586980281053154,0
467001,2002,0,1,2006.0,2020.0,0.2582795589107876,0
467001,2004,0,1,2006.0,2020.0,0.424793295426354,0
467001,2006,1,1,2006.0,2020.0,0.44362545885319676,0
468303,2000,0,1,2012.0,2020.0,0.09610459212231764,0
468303,2002,0,1,2012.0,2020.0,0.10731981128918106,0
468303,2004,0,1,2012.0,2020.0,0.11731806985737434,0
468303,2006,0,1,2012.0,2020.0,0.1254929899458375,0
468303,2008,0,1,2012.0,2020.0,0.20478832592365878,0
468303,2010,0,1,2012.0,2020.0,0.20561105469496363,0
468303,2012,1,1,2012.0,2020.0,0.13400449979007337,0
469001,2000,0,1,2002.0,2018.0,0.16312923841784524,0
469001,2002,1,1,2002.0,2018.0,0.18060329550168686,0
469002,2000,0,1,2002.0,2020.0,0.1908307355956486,0
469002,2002,1,1,2002.0,2020.0,0.34309663454396716,0
469004,2000,0,1,2002.0,2020.0,0.13976432437938277,0
469004,2002,1,1,2002.0,2020.0,0.15519973193280287,0
469101,2000,0,1,2020.0,2020.0,0.07729149472523629,0
469101,2002,0,1,2020.0,2020.0,0.08652141195735337,0
469101,2004,0,1,2020.0,2020.0,0.07028883030079774,0
469101,2006,0,1,2020.0,2020.0,0.07546685494724298,0
469101,2008,0,1,2020.0,2020.0,0.07902498144443082,0
469101,2010,0,1,2020.0,2020.0,0.07939290451222568,0
469101,2012,0,1,2020.0,2020.0,0.17125130237249825,0
469101,2014,0,1,2020.0,2020.0,0.3438482185866316,0
469101,2016,0,1,2020.0,2020.0,0.8650476019223483,1
469101,2018,0,1,2020.0,2020.0,0.7336187236929099,1
469101,2020,1,1,2020.0,2020.0,0.715525885418449,1
469102,2000,0,1,2020.0,2020.0,0.0698939910580891,0
469102,2002,0,1,2020.0,2020.0,0.07831549881821688,0
469102,2004,0,1,2020.0,2020.0,0.06351541063882499,0
469102,2006,0,1,2020.0,2020.0,0.06823107238317197,0
469102,2008,0,1,2020.0,2020.0,0.07147441891392528,0
469102,2010,0,1,2020.0,2020.0,0.07180992920743152,0
469102,2012,0,1,2020.0,2020.0,0.07269255416850703,0
469102,2014,0,1,2020.0,2020.0,0.16583289543055485,0
469102,2016,0,1,2020.0,2020.0,0.6851286177294675,1
469102,2018,0,1,2020.0,2020.0,0.48316654010945675,0
469102,2020,1,1,2020.0,2020.0,0.46057089384950345,0
469203,2000,0,1,2016.0,2020.0,0.07875264994390074,0
469203,2002,0,1,2016.0,2020.0,0.08814038633347614,0
469203,2004,0,1,2016.0,2020.0,0.12892646769821592,0
469203,2006,0,1,2016.0,2020.0,0.13778401471040033,0
469203,2008,0,1,2016.0,2020.0,0.08958240227056093,0
469203,2010,0,1,2016.0,2020.0,0.08999467531025848,0
469203,2012,0,1,2016.0,2020.0,0.24906268651102495,0
469203,2014,0,1,2016.0,2020.0,0.4568514744843101,0
469203,2016,1,1,2016.0,2020.0,0.90656215503518,1
470002,2000,0,1,2008.0,2020.0,0.09887419039600998,0
470002,2002,0,1,2008.0,2020.0,0.1954937795475097,0
470002,2004,0,1,2008.0,2020.0,0.21175798129156703,0
470002,2006,0,1,2008.0,2020.0,0.22483738423048005,0
470002,2008,1,1,2008.0,2020.0,0.23365819135965868,0
470302,2000,0,1,2012.0,2020.0,0.08421952570088316,0
470302,2002,0,1,2012.0,2020.0,0.09419231221145842,0
470302,2004,0,1,2012.0,2020.0,0.1031088331238726,0
470302,2006,0,1,2012.0,2020.0,0.11041748743045571,0
470302,2008,0,1,2012.0,2020.0,0.18217139956962375,0
470302,2010,0,1,2012.0,2020.0,0.1829241670645206,0
470302,2012,1,1,2012.0,2020.0,0.22863192774943333,0
470501,2000,0,1,2014.0,2020.0,0.08643581406045399,0
470501,2002,0,1,2014.0,2020.0,0.09664334496449692,0
470501,2004,0,1,2014.0,2020.0,0.07867530881104742,0
470501,2006,0,1,2014.0,2020.0,0.08441505135495003,0
470501,2008,0,1,2014.0,2020.0,0.053720491334409114,0
470501,2010,0,1,2014.0,2020.0,0.0539775070833028,0
470501,2012,0,1,2014.0,2020.0,0.05465385730909383,0
470501,2014,1,1,2014.0,2020.0,0.1278684503605456,0
470601,2000,0,1,2010.0,2016.0,0.0990544380840235,0
470601,2002,0,1,2010.0,2016.0,0.11057178816727747,0
470601,2004,0,1,2010.0,2016.0,0.12083200246636377,0
470601,2006,0,1,2010.0,2016.0,0.12921593466796502,0
470601,2008,0,1,2010.0,2016.0,0.08372068599720456,0
470601,2010,1,1,2010.0,2016.0,0.08410847466721827,0
470603,2000,0,1,2018.0,2020.0,0.07299086625941982,0
470603,2002,0,1,2018.0,2020.0,0.08175271795492116,0
470603,2004,0,1,2018.0,2020.0,0.0896081627854899,0
470603,2006,0,1,2018.0,2020.0,0.09606234707454189,0
470603,2008,0,1,2018.0,2020.0,0.10048597321687099,0
470603,2010,0,1,2018.0,2020.0,0.10094286256556695,0
470603,2012,0,1,2018.0,2020.0,0.2512971002750032,0
470603,2014,0,1,2018.0,2020.0,0.4598085888440883,0
470603,2016,0,1,2018.0,2020.0,0.9030674796105231,1
470603,2018,1,1,2018.0,2020.0,0.8001097713006062,1
470801,2000,0,1,2012.0,2020.0,0.09951077083642634,0
470801,2002,0,1,2012.0,2020.0,0.11107463857821896,0
470801,2004,0,1,2012.0,2020.0,0.0906928897547788,0
470801,2006,0,1,2012.0,2020.0,0.09721686029635883,0
470801,2008,0,1,2012.0,2020.0,0.10168767050577047,0
470801,2010,0,1,2012.0,2020.0,0.10214940324730686,0
470801,2012,1,1,2012.0,2020.0,0.042741432500821686,0
471103,2000,0,1,2004.0,2018.0,0.1095610314189782,0
471103,2002,0,1,2004.0,2018.0,0.21414207875461239,0
471103,2004,1,1,2004.0,2018.0,0.1786487368182415,0
471401,2000,0,1,2002.0,2010.0,0.17322647236046104,0
471401,2002,1,1,2002.0,2010.0,0.19153457924081252,0
472604,2000,0,1,2014.0,2020.0,0.0917869290420874,0
472604,2002,0,1,2014.0,2020.0,0.10255545331088384,0
472604,2004,0,1,2014.0,2020.0,0.08358994202949946,0
472604,2006,0,1,2014.0,2020.0,0.08965334089859021,0
472604,2008,0,1,2014.0,2020.0,0.09381246466899407,0
472604,2010,0,1,2014.0,2020.0,0.09424218997638442,0
472604,2012,0,1,2014.0,2020.0,0.08985710782878968,0
472604,2014,1,1,2014.0,2020.0,0.200241157569276,0
473003,2000,0,1,2002.0,2020.0,0.17345650550963512,0
473003,2002,1,1,2002.0,2020.0,0.19178328478783668,0
473301,2000,0,0,,2014.0,0.09163480462908485,0
473301,2002,0,0,,2014.0,0.10238749355152045,0
473301,2004,0,0,,2014.0,0.08345015473397698,0
473301,2006,0,0,,2014.0,0.089504404133199,0
473301,2008,0,0,,2014.0,0.04598814633950832,0
473301,2010,0,0,,2014.0,0.04620997465350848,0
473301,2012,0,0,,2014.0,0.0467938102143975,0
473301,2014,0,0,,2014.0,0.04385301635513188,0
473402,2000,0,1,2002.0,2018.0,0.26835313157033486,0
473402,2002,1,1,2002.0,2018.0,0.29315026592796034,0
473404,2000,0,1,2004.0,2018.0,0.11476755457833365,0
473404,2002,0,1,2004.0,2018.0,0.12785264489395645,0
473404,2004,1,1,2004.0,2018.0,0.10475500709174349,0
473501,2000,0,0,,2016.0,0.08598811725652696,0
473501,2002,0,0,,2016.0,0.09614834229903012,0
473501,2004,0,0,,2016.0,0.07826436422795068,0
473501,2006,0,0,,2016.0,0.08397685903687885,0
473501,2008,0,0,,2016.0,0.0430210631200458,0
473501,2010,0,0,,2016.0,0.04322922794013613,0
473501,2012,0,0,,2016.0,0.0437771320581984,0
473501,2014,0,0,,2016.0,0.015561787778314287,0
473501,2016,0,0,,2016.0,0.01538591071580509,0
474102,2000,0,1,2002.0,2020.0,0.2744937619913204,0
474102,2002,1,1,2002.0,2020.0,0.2996259474485438,0
474403,2000,0,1,2006.0,2020.0,0.109372728548112,0
474403,2002,0,1,2006.0,2020.0,0.12192745268587123,0
474403,2004,0,1,2006.0,2020.0,0.13308371937046243,0
474403,2006,1,1,2006.0,2020.0,0.14218026028596045,0
474501,2000,0,0,,2018.0,0.09616650463649244,0
474501,2002,0,0,,2018.0,0.1073880904926413,0
474501,2004,0,0,,2018.0,0.08761613305753009,0
474501,2006,0,0,,2018.0,0.09394164330402925,0
474501,2008,0,0,,2018.0,0.06282310623401985,0
474501,2010,0,0,,2018.0,0.06312076680864934,0
474501,2012,0,0,,2018.0,0.050691048229982584,0
474501,2014,0,0,,2018.0,0.01810389726616422,0
474501,2016,0,0,,2018.0,0.01095610074068836,0
474501,2018,0,0,,2018.0,0.01090420527223081,0
474502,2000,0,0,,2018.0,0.07133949326309957,0
474502,2002,0,0,,2018.0,0.07992020362874916,0
474502,2004,0,0,,2018.0,0.06483819123086203,0
474502,2006,0,0,,2018.0,0.06964475835241697,0
474502,2008,0,0,,2018.0,0.028907410001693824,0
474502,2010,0,0,,2018.0,0.02904935648372039,0
474502,2012,0,0,,2018.0,0.027719081565982375,0
474502,2014,0,0,,2018.0,0.02594442595480188,0
474502,2016,0,0,,2018.0,0.032390492421019275,0
474502,2018,0,0,,2018.0,0.03224037879605887,0
474601,2000,0,1,2002.0,2018.0,0.2715584047709532,0
474601,2002,1,1,2002.0,2018.0,0.2965316809991625,0
474602,2000,1,1,2000.0,2018.0,0.3979895043544829,0
474603,2000,0,1,2008.0,2020.0,0.24665523311589369,0
474603,2002,0,1,2008.0,2020.0,0.4203260840301923,0
474603,2004,0,1,2008.0,2020.0,0.5261351838251075,1
474603,2006,0,1,2008.0,2020.0,0.3176184928486065,0
474603,2008,1,1,2008.0,2020.0,0.4551312805797048,0
475401,2000,0,1,2012.0,2020.0,0.09824123794997713,0
475401,2002,0,1,2012.0,2020.0,0.10967554518620314,0
475401,2004,0,1,2012.0,2020.0,0.0895246690005707,0
475401,2006,0,1,2012.0,2020.0,0.09597347347711743,0
475401,2008,0,1,2012.0,2020.0,0.061357751099899584,0
475401,2010,0,1,2012.0,2020.0,0.06164892543098087,0
475401,2012,1,1,2012.0,2020.0,0.1805558681201189,0
475704,2000,0,0,,2020.0,0.09788367049345095,0
475704,2002,0,0,,2020.0,0.10928140389409534,0
475704,2004,0,0,,2020.0,0.20647606049892644,0
475704,2006,0,0,,2020.0,0.2193199947412377,0
475704,2008,0,0,,2020.0,0.22798800777868825,0
475704,2010,0,0,,2020.0,0.22887711450005202,0
475704,2012,0,0,,2020.0,0.23120938223387563,0
475704,2014,0,0,,2020.0,0.21934580490505914,0
475704,2016,0,0,,2020.0,0.07747953702305767,0
475704,2018,0,0,,2020.0,0.033225087345603754,0
475704,2020,0,0,,2020.0,0.033996365816755664,0
476301,2000,0,0,,2016.0,0.04488314218792223,0
476301,2002,0,0,,2016.0,0.05045457283287726,0
476301,2004,0,0,,2016.0,0.04068722370573714,0
476301,2006,0,0,,2016.0,0.04378726793774521,0
476301,2008,0,0,,2016.0,0.010715433228844665,0
476301,2010,0,0,,2016.0,0.010769040750725128,0
476301,2012,0,0,,2016.0,0.010910223193919303,0
476301,2014,0,0,,2016.0,0.0272124331868535,0
476301,2016,0,0,,2016.0,0.026908481378110048,0
476802,2000,0,1,2006.0,2012.0,0.1119687154012977,0
476802,2002,0,1,2006.0,2012.0,0.12477967957013715,0
476802,2004,0,1,2006.0,2012.0,0.10217216171185702,0
476802,2006,1,1,2006.0,2012.0,0.10942252222237886,0
476804,2000,0,1,2006.0,2020.0,0.0900288159982816,0
476804,2002,0,1,2006.0,2020.0,0.10061392721011123,0
476804,2004,0,1,2006.0,2020.0,0.08197466503637539,0
476804,2006,1,1,2006.0,2020.0,0.08793213848106354,0
477201,2000,0,0,,2018.0,0.06547176306507757,0
477201,2002,0,0,,2018.0,0.07340248812687428,0
477201,2004,0,0,,2018.0,0.05947095400085848,0
477201,2006,0,0,,2018.0,0.06390682894366141,0
477201,2008,0,0,,2018.0,0.03781125913928847,0
477201,2010,0,0,,2018.0,0.03799521628775704,0
477201,2012,0,0,,2018.0,0.03847945047899455,0
477201,2014,0,0,,2018.0,0.03604142214916762,0
477201,2016,0,0,,2018.0,0.029738741084704663,0
477201,2018,0,0,,2018.0,0.029600541037982004,0
477401,2000,0,1,2006.0,2020.0,0.2462798188142186,0
477401,2002,0,1,2006.0,2020.0,0.2697893892261427,0
477401,2004,0,1,2006.0,2020.0,0.36132443065552655,0
477401,2006,1,1,2006.0,2020.0,0.3791977782394826,0
478302,2000,0,1,2008.0,2020.0,0.1026418049076327,0
478302,2002,0,1,2008.0,2020.0,0.061943736323596586,0
478302,2004,0,1,2008.0,2020.0,0.06803680937167307,0
478302,2006,0,1,2008.0,2020.0,0.07306197003056714,0
478302,2008,1,1,2008.0,2020.0,0.04628686202077388,0
478402,2000,0,0,,2020.0,0.19050270825186214,0
478402,2002,0,0,,2020.0,0.21017256061099468,0
478402,2004,0,0,,2020.0,0.17519048053985095,0
478402,2006,0,0,,2020.0,0.18654578877199063,0
478402,2008,0,0,,2020.0,0.06469131042317965,0
478402,2010,0,0,,2020.0,0.06499720878646595,0
478402,2012,0,0,,2020.0,0.06967932926236527,0
478402,2014,0,0,,2020.0,0.051447475265084815,0
478402,2016,0,0,,2020.0,0.05088698811081728,0
478402,2018,0,0,,2020.0,0.0506556401980828,0
478402,2020,0,0,,2020.0,0.05180986276028724,0
478702,2000,1,1,2000.0,2020.0,0.12114447249610132,0
479602,2000,0,1,2004.0,2018.0,0.13228931599532134,0
479602,2002,0,1,2004.0,2018.0,0.5533084033415723,1
479602,2004,1,1,2004.0,2018.0,0.4971635477596207,0
480201,2000,0,0,,2018.0,0.09016448447359796,0
480201,2002,0,0,,2018.0,0.10076378054493314,0
480201,2004,0,0,,2018.0,0.08209929138643288,0
480201,2006,0,0,,2018.0,0.08806495315543772,0
480201,2008,0,0,,2018.0,0.019930944504053184,0
480201,2010,0,0,,2018.0,0.0200297222430785,0
480201,2012,0,0,,2018.0,0.019104361963005904,0
480201,2014,0,0,,2018.0,0.0178711079442096,0
480201,2016,0,0,,2018.0,0.016311032655332888,0
480201,2018,0,0,,2018.0,0.016234188959033426,0
480401,2000,0,1,2006.0,2014.0,0.10332751014754457,0
480401,2002,0,1,2006.0,2014.0,0.32341802405598263,0
480401,2004,0,1,2006.0,2014.0,0.34575104557245884,0
480401,2006,1,1,2006.0,2014.0,0.36329223191740695,0
480402,2000,0,1,2008.0,2016.0,0.14483962284192706,0
480402,2002,0,1,2008.0,2016.0,0.16073081184702723,0
480402,2004,0,1,2008.0,2016.0,0.17473103250485175,0
480402,2006,0,1,2008.0,2016.0,0.3705737891843755,0
480402,2008,1,1,2008.0,2016.0,0.38229236807061145,0
480901,2000,0,0,,2020.0,0.1284809694434303,0
480901,2002,0,0,,2020.0,0.14287722568546193,0
480901,2004,0,0,,2020.0,0.11743074344667336,0
480901,2006,0,0,,2020.0,0.1256123975220635,0
480901,2008,0,0,,2020.0,0.1058908362954459,0
480901,2010,0,0,,2020.0,0.10636939443792215,0
480901,2012,0,0,,2020.0,0.04462915752300556,0
480901,2014,0,0,,2020.0,0.07391161782985675,0
480901,2016,0,0,,2020.0,0.07312526505842118,0
480901,2018,0,0,,2020.0,0.012299362984389836,0
480901,2020,0,0,,2020.0,0.011245061484715858,0
481901,2000,0,1,2008.0,2020.0,0.18970223352996438,0
481901,2002,0,1,2008.0,2020.0,0.2093108059422168,0
481901,2004,0,1,2008.0,2020.0,0.28843158027656635,0
481901,2006,0,1,2008.0,2020.0,0.5298872786556883,1
481901,2008,1,1,2008.0,2020.0,0.5423031916259261,1
483801,2000,1,1,2000.0,2016.0,0.10397732405522708,0
484901,2000,0,1,2004.0,2020.0,0.16239455247663126,0
484901,2002,0,1,2004.0,2020.0,0.17980682031237705,0
484901,2004,1,1,2004.0,2020.0,0.1489259553369111,0
484902,2000,0,1,2004.0,2018.0,0.12019596860475634,0
484902,2002,0,1,2004.0,2018.0,0.13380642190300715,0
484902,2004,1,1,2004.0,2018.0,0.10976856005267209,0
486302,2000,0,0,,2020.0,0.16543980650650056,0
486302,2002,0,0,,2020.0,0.18310721307543923,0
486302,2004,0,0,,2020.0,0.15176440561658738,0
486302,2006,0,0,,2020.0,0.16189935102961628,0
486302,2008,0,0,,2020.0,0.09216896964010349,0
486302,2010,0,0,,2020.0,0.0925919358410401,0
486302,2012,0,0,,2020.0,0.08512925100513305,0
486302,2014,0,0,,2020.0,0.03980197188375501,0
486302,2016,0,0,,2020.0,0.03936309012882596,0
486302,2018,0,0,,2020.0,0.03310074859079576,0
486302,2020,0,0,,2020.0,0.03386924181342636,0
486501,2000,0,1,2008.0,2020.0,0.14980943167277816,0
486501,2002,0,1,2008.0,2020.0,0.28069839433790406,0
486501,2004,0,1,2008.0,2020.0,0.30139558877539835,0
486501,2006,0,1,2008.0,2020.0,0.3177794772541566,0
486501,2008,1,1,2008.0,2020.0,0.3287004045091167,0
487002,2000,0,1,2012.0,2020.0,0.08627632939277068,0
487002,2002,0,1,2012.0,2020.0,0.09646701492676367,0
487002,2004,0,1,2012.0,2020.0,0.10557376871521612,0
487002,2006,0,1,2012.0,2020.0,0.11303512465702809,0
487002,2008,0,1,2012.0,2020.0,0.11813819123966898,0
487002,2010,0,1,2012.0,2020.0,0.11866475352946515,0
487002,2012,1,1,2012.0,2020.0,0.12004879241768368,0
487101,2000,0,1,2004.0,2018.0,0.2720110484489783,0
487101,2002,0,1,2004.0,2018.0,0.6078386006669747,1
487101,2004,1,1,2004.0,2018.0,0.6314808383214069,1
487103,2000,0,1,2012.0,2020.0,0.09610459212231764,0
487103,2002,0,1,2012.0,2020.0,0.10731981128918106,0
487103,2004,0,1,2012.0,2020.0,0.11731806985737434,0
487103,2006,0,1,2012.0,2020.0,0.1254929899458375,0
487103,2008,0,1,2012.0,2020.0,0.20478832592365878,0
487103,2010,0,1,2012.0,2020.0,0.20561105469496363,0
487103,2012,1,1,2012.0,2020.0,0.13400449979007337,0
487301,2000,0,1,2012.0,2020.0,0.09707904625693549,0
487301,2002,0,1,2012.0,2020.0,0.10839434549639272,0
487301,2004,0,1,2012.0,2020.0,0.08845547917404208,0
487301,2006,0,1,2012.0,2020.0,0.09483528800875948,0
487301,2008,0,1,2012.0,2020.0,0.09920861022415355,0
487301,2010,0,1,2012.0,2020.0,0.09966033514120055,0
487301,2012,1,1,2012.0,2020.0,0.23048031698440757,0
487303,2000,0,1,2016.0,2020.0,0.08367167569128374,0
487303,2002,0,1,2016.0,2020.0,0.09358621856798956,0
487303,2004,0,1,2016.0,2020.0,0.07613866089635762,0
487303,2006,0,1,2016.0,2020.0,0.08170975528570257,0
487303,2008,0,1,2016.0,2020.0,0.08553499172545236,0
487303,2010,0,1,2016.0,2020.0,0.08593039602048198,0
487303,2012,0,1,2016.0,2020.0,0.23970696812172537,0
487303,2014,0,1,2016.0,2020.0,0.4443086268109963,0
487303,2016,1,1,2016.0,2020.0,0.9021807925280603,1
487602,2000,0,1,2002.0,2018.0,0.12181149763309652,0
487602,2002,1,1,2002.0,2018.0,0.13557669610900072,0
488504,2000,0,0,,2018.0,0.16212218798593198,0
488504,2002,0,0,,2018.0,0.17951151110156732,0
488504,2004,0,0,,2018.0,0.1486721705618013,0
488504,2006,0,0,,2018.0,0.15863923462389565,0
488504,2008,0,0,,2018.0,0.134530146060365,0
488504,2010,0,0,,2018.0,0.13511857561918866,0
488504,2012,0,0,,2018.0,0.14407359825544816,0
488504,2014,0,0,,2018.0,0.06975420664153763,0
488504,2016,0,0,,2018.0,0.05100428337087722,0
488504,2018,0,0,,2018.0,0.0507724307243381,0
489302,2000,1,1,2000.0,2018.0,0.17339440954161647,0
490601,2000,0,0,,2020.0,0.1020846011905897,0
490601,2002,0,0,,2020.0,0.11390973141155156,0
490601,2004,0,0,,2020.0,0.16446952984777088,0
490601,2006,0,0,,2020.0,0.17527760977978696,0
490601,2008,0,0,,2020.0,0.1826121333978552,0
490601,2010,0,0,,2020.0,0.1833663137574254,0
490601,2012,0,0,,2020.0,0.1853462926131909,0
490601,2014,0,0,,2020.0,0.30901967169761513,0
490601,2016,0,0,,2020.0,0.39129540593926104,0
490601,2018,0,0,,2020.0,0.12077423295442304,0
490601,2020,0,0,,2020.0,0.12331861539759771,0
491902,2000,0,0,,2020.0,0.14193500026683545,0
491902,2002,0,0,,2020.0,0.1575662248129504,0
491902,2004,0,0,,2020.0,0.1299001088176221,0
491902,2006,0,0,,2020.0,0.13881388744673734,0
491902,2008,0,0,,2020.0,0.07325257010885249,0
491902,2010,0,0,,2020.0,0.0735957656964592,0
491902,2012,0,0,,2020.0,0.07037340246963439,0
491902,2014,0,0,,2020.0,0.06605341885061428,0
491902,2016,0,0,,2020.0,0.06534477110454188,0
491902,2018,0,0,,2020.0,0.032693592009195006,0
491902,2020,0,0,,2020.0,0.03345295941396779,0
491903,2000,0,1,2002.0,2018.0,0.17330108357081522,0
491903,2002,1,1,2002.0,2018.0,0.19161524844272565,0
492202,2000,0,1,2014.0,2020.0,0.08748293445136174,0
492202,2002,0,1,2014.0,2020.0,0.09780088559655051,0
492202,2004,0,1,2014.0,2020.0,0.1070186457968781,0
492202,2006,0,1,2014.0,2020.0,0.11456903723646465,0
492202,2008,0,1,2014.0,2020.0,0.1197320055270338,0
492202,2010,0,1,2014.0,2020.0,0.12026470292044791,0
492202,2012,0,1,2014.0,2020.0,0.11482229068943632,0
492202,2014,1,1,2014.0,2020.0,0.24753365756336937,0
492501,2000,1,1,2000.0,2020.0,0.21286508904882576,0
492502,2000,0,1,2004.0,2018.0,0.14092729830395642,0
492502,2002,0,1,2004.0,2018.0,0.40493831513643574,0
492502,2004,1,1,2004.0,2018.0,0.35198543477983674,0
492503,2000,0,1,2014.0,2018.0,0.08437555939124493,0
492503,2002,0,1,2014.0,2018.0,0.0943649186165405,0
492503,2004,0,1,2014.0,2018.0,0.07678448372746392,0
492503,2006,0,1,2014.0,2018.0,0.08239861856281311,0
492503,2008,0,1,2014.0,2018.0,0.1387853315681768,0
492503,2010,0,1,2014.0,2018.0,0.13938937555863076,0
492503,2012,0,1,2014.0,2018.0,0.1503531735997874,0
492503,2014,1,1,2014.0,2018.0,0.3097601920206517,0
493001,2000,0,0,,2016.0,0.06899374725124692,0
493001,2002,0,0,,2016.0,0.07731580154837205,0
493001,2004,0,0,,2016.0,0.06269178617546288,0
493001,2006,0,0,,2016.0,0.06735069622652967,0
493001,2008,0,0,,2016.0,0.034200790355607205,0
493001,2010,0,0,,2016.0,0.03436780946935997,0
493001,2012,0,0,,2016.0,0.0348074864781603,0
493001,2014,0,0,,2016.0,0.015811092986985322,0
493001,2016,0,0,,2016.0,0.015632443055680047,0
493402,2000,0,1,2002.0,2014.0,0.5140953261896198,1
493402,2002,1,1,2002.0,2014.0,0.5446948023809881,1
493802,2000,0,1,2004.0,2010.0,0.12101838049727562,0
493802,2002,0,1,2004.0,2010.0,0.3635144974811519,0
493802,2004,1,1,2004.0,2010.0,0.3131280841494707,0
495001,2000,1,1,2000.0,2018.0,0.11115649511688792,0
495003,2000,0,1,2006.0,2018.0,0.05485707911899444,0
495003,2002,0,1,2006.0,2018.0,0.06158676098806347,0
495003,2004,0,1,2006.0,2018.0,0.06764725249008761,0
495003,2006,1,1,2006.0,2018.0,0.0726458834884969,0
495004,2000,0,1,2004.0,2020.0,0.08209624994615702,0
495004,2002,0,1,2004.0,2020.0,0.09184282577964441,0
495004,2004,1,1,2004.0,2020.0,0.10056162900498478,0
495301,2000,0,1,2002.0,2018.0,0.18024667003470235,0
495301,2002,1,1,2002.0,2018.0,0.1991180425878998,0
495401,2000,0,1,2002.0,2020.0,0.13742570163872736,0
495401,2002,1,1,2002.0,2020.0,0.15264866525472226,0
495402,2000,0,1,2008.0,2020.0,0.12847847366335757,0
495402,2002,0,1,2008.0,2020.0,0.14287449609924874,0
495402,2004,0,1,2008.0,2020.0,0.2611857520408395,0
495402,2006,0,1,2008.0,2020.0,0.49572280244987327,0
495402,2008,1,1,2008.0,2020.0,0.6382253098871449,1
495501,2000,0,1,2002.0,2020.0,0.3861331361541648,0
495501,2002,1,1,2002.0,2020.0,0.7229382165442984,1
495602,2000,0,1,2010.0,2020.0,0.18007090446977222,0
495602,2002,0,1,2010.0,2020.0,0.32722329760817853,0
495602,2004,0,1,2010.0,2020.0,0.5077574768678866,1
495602,2006,0,1,2010.0,2020.0,0.5268985345560309,1
495602,2008,0,1,2010.0,2020.0,0.4067956612935138,0
495602,2010,1,1,2010.0,2020.0,0.4080135465652715,0
496201,2000,1,1,2000.0,2018.0,0.1530925856991119,0
496202,2000,0,1,2002.0,2020.0,0.15048507216416462,0
496202,2002,1,1,2002.0,2020.0,0.42357307247639514,0
496203,2000,1,1,2000.0,2020.0,0.1630811578428655,0
497202,2000,0,1,2004.0,2020.0,0.15097802432901714,0
497202,2002,0,1,2004.0,2020.0,0.2825486742577016,0
497202,2004,1,1,2004.0,2020.0,0.30332476689738763,0
497305,2000,0,1,2004.0,2018.0,0.11837070382185123,0
497305,2002,0,1,2004.0,2018.0,0.22919647490336795,0
497305,2004,1,1,2004.0,2018.0,0.19181696409642549,0
497403,2000,0,0,,2020.0,0.07388521779659321,0
497403,2002,0,0,,2020.0,0.08274484499179692,0
497403,2004,0,0,,2020.0,0.06716869909521322,0
497403,2006,0,0,,2020.0,0.07213470441078852,0
497403,2008,0,0,,2020.0,0.042833115824153487,0
497403,2010,0,0,,2020.0,0.04304041213012259,0
497403,2012,0,0,,2020.0,0.04358603214254017,0
497403,2014,0,0,,2020.0,0.040838196677030085,0
497403,2016,0,0,,2020.0,0.040388369460709235,0
497403,2018,0,0,,2020.0,0.04020272974478401,0
497403,2020,0,0,,2020.0,0.04112909445252152,0
497601,2000,0,1,2004.0,2018.0,0.14231529585806832,0
497601,2002,0,1,2004.0,2018.0,0.40769255634394413,0
497601,2004,1,1,2004.0,2018.0,0.4321281746010901,0
497801,2000,0,1,2002.0,2018.0,0.13414737608238458,0
497801,2002,1,1,2002.0,2018.0,0.1490699511060876,0
498102,2000,1,1,2000.0,2018.0,0.25628621153737247,0
498103,2000,0,1,2014.0,2020.0,0.08555807064643442,0
498103,2002,0,1,2014.0,2020.0,0.0956728008777828,0
498103,2004,0,1,2014.0,2020.0,0.07786965495194755,0
498103,2006,0,1,2014.0,2020.0,0.08355595165810936,0
498103,2008,0,1,2014.0,2020.0,0.08745938596644331,0
498103,2010,0,1,2014.0,2020.0,0.08786283146521283,0
498103,2012,0,1,2014.0,2020.0,0.1299532062621948,0
498103,2014,1,1,2014.0,2020.0,0.27472516341516207,0
499001,2000,0,1,2008.0,2020.0,0.1026418049076327,0
499001,2002,0,1,2008.0,2020.0,0.11452324745855724,0
499001,2004,0,1,2008.0,2020.0,0.12509855524067567,0
499001,2006,0,1,2008.0,2020.0,0.13373349137619375,0
499001,2008,1,1,2008.0,2020.0,0.21694404461014902,0
