csv_code,mean_abs_shap_logit,mean_shap_logit,n_splits,mean_split_loss,ref_id,variable,survey_year,feature_group,question
C0005700,0.42028341748252707,0.0021766773951331347,51,0.18223907244815565,C00057.00,CYRB,XRND,background,DATE OF BIRTH OF CHILD - YEAR
C0008048,0.149524564110445,-0.0048524712058376565,23,0.1804144241589655,C00080.48,CRES2006,2006,family/home,USUAL RESIDENCE OF CHILD
Y3254900,0.10805520984707756,0.005665272204656328,31,0.17033701670006224,Y32549.00,Q14-10M,2014,other,"WHEN R BUYS FOOD ITEM FOR FIRST TIME, HOW OFTEN R READS NUTRITIONAL"
Y3599000,0.08137747725097602,0.0048967906958724584,25,0.1661477952425921,Y35990.00,Q14-20A,2016,health,HEIGHT OF R IN INCHES (NOT INCLUDING FEET)
Y3300000,0.03714152291043777,-0.0008518384128569052,8,0.17722840942728713,Y33000.00,Q15-143,2014,family/home,HOW OFTEN R OR HOUSEHOLD PUTS OFF BUYING SOMETHING NECESSARY (SUCH
Y2590306,0.016558357307893592,0.0008408008708092139,4,0.16386545933695712,Y25903.06,Q16-9~000007,2010,behavioral/externalizing,TIPI (HOW WELL R THINKS PAIR OF PERSONALITY TRAITS APPLIES TO R) -
Y3456000,0.013789324367890543,0.0014015990036039118,4,0.17238675958546318,Y34560.00,QES-71A.01,2016,socioeconomic/work,EASIEST WAY FOR R TO REPORT TOTAL EARNINGS/TIME UNIT FOR RATE OF
Y3332600,0.009934762991326868,0.0006190564823092466,3,0.16318434862425052,Y33326.00,RESTYPE2014,2014,family/home,TYPE OF RESIDENCE R LIVES IN - CONSTRUCTED
C6051000,0.0033923297271527078,0.00029420386922013005,1,0.157179925344271,C60510.00,CRES2016,2016,family/home,USUAL RESIDENCE OF CHILD
Y2878303,0.0,0.0,0,,Y28783.03,Q13-3F.05~000028,2012,behavioral/externalizing,BEHAVIOR PROBLEMS INDEX: CHILD HANGS AROUND WITH KIDS WHO GET INTO
Y2878203,0.0,0.0,0,,Y28782.03,Q13-3F.04~000028,2012,behavioral/externalizing,BEHAVIOR PROBLEMS INDEX: CHILD HANGS AROUND WITH KIDS WHO GET INTO
C5699400,0.0,0.0,0,,C56994.00,CSAS056B,2012,substance/risk behavior,CHILD SELF-ADMIN: CHILD'S AGE WHEN FIRST DRANK ALCOHOL
C5699600,0.0,0.0,0,,C56996.00,CSAS057B,2012,substance/risk behavior,CHILD SELF-ADMIN: CHILD'S AGE WHEN FIRST DRANK ALCOHOL MORE THAN
C5700200,0.0,0.0,0,,C57002.00,CSAS063,2012,substance/risk behavior,CHILD SELF-ADMIN: CHILD'S AGE WHEN FIRST USED MARIJUANA
Y2959806,0.0,0.0,0,,Y29598.06,YASR-65A~000007,2012,substance/risk behavior,CHARGES R MOST RECENTLY CONVICTED OF - POSSESSION OF MARIJUANA OR
Y2959807,0.0,0.0,0,,Y29598.07,YASR-65A~000008,2012,substance/risk behavior,CHARGES R MOST RECENTLY CONVICTED OF - SELLING OF MARIJUANA OR
C6034500,0.0,0.0,0,,C60345.00,MS-BPI-31,2014,behavioral/externalizing,BEHAVIOR PROBLEMS INDEX: CHILD IS DISOBEDIENT AT SCHOOL
Y3248901,0.0,0.0,0,,Y32489.01,Q13-3G.01~000026,2014,behavioral/externalizing,BEHAVIOR PROBLEMS INDEX: CHILD IS DISOBEDIENT AT SCHOOL
Y3249001,0.0,0.0,0,,Y32490.01,Q13-3G.02~000026,2014,behavioral/externalizing,BEHAVIOR PROBLEMS INDEX: CHILD IS DISOBEDIENT AT SCHOOL
Y3249101,0.0,0.0,0,,Y32491.01,Q13-3G.03~000026,2014,behavioral/externalizing,BEHAVIOR PROBLEMS INDEX: CHILD IS DISOBEDIENT AT SCHOOL
Y3249201,0.0,0.0,0,,Y32492.01,Q13-3G.04~000026,2014,behavioral/externalizing,BEHAVIOR PROBLEMS INDEX: CHILD IS DISOBEDIENT AT SCHOOL
Y3249301,0.0,0.0,0,,Y32493.01,Q13-3G.05~000026,2014,behavioral/externalizing,BEHAVIOR PROBLEMS INDEX: CHILD IS DISOBEDIENT AT SCHOOL
Y3249401,0.0,0.0,0,,Y32494.01,Q13-3G.06~000026,2014,behavioral/externalizing,BEHAVIOR PROBLEMS INDEX: CHILD IS DISOBEDIENT AT SCHOOL
C5806800,0.0,0.0,0,,C58068.00,BPMIS22014,2014,behavioral/externalizing,BEHAVIOR PROBLEMS INDEX: EXTERNAL RAW SCORE TRICHOTOMOUS ITEMS -
C5806900,0.0,0.0,0,,C58069.00,BPEXTR2014,2014,behavioral/externalizing,BEHAVIOR PROBLEMS INDEX: EXTERNAL SCORE TRICHOTOMOUS ITEMS
C5807400,0.0,0.0,0,,C58074.00,BPEXTP2014,2014,behavioral/externalizing,BEHAVIOR PROBLEMS INDEX: EXTERNAL PERCENTILE SCORE TRICHOTOMOUS
C5807500,0.0,0.0,0,,C58075.00,BPEXTZ2014,2014,behavioral/externalizing,BEHAVIOR PROBLEMS INDEX: EXTERNAL STANDARD SCORE TRICHOTOMOUS ITEMS
C5807700,0.0,0.0,0,,C58077.00,ANTI2014,2014,behavioral/externalizing,BEHAVIOR PROBLEMS INDEX: ANTISOCIAL RAW SCORE
C5807800,0.0,0.0,0,,C58078.00,ANTIPX2014,2014,behavioral/externalizing,BEHAVIOR PROBLEMS INDEX: ANTISOCIAL PERCENTILE SCORE - SAME SEX
C5807900,0.0,0.0,0,,C58079.00,ANTIP2014,2014,behavioral/externalizing,BEHAVIOR PROBLEMS INDEX: ANTISOCIAL PERCENTILE SCORE - ALL CHILDREN
C5808000,0.0,0.0,0,,C58080.00,ANTIZX2014,2014,behavioral/externalizing,BEHAVIOR PROBLEMS INDEX: ANTISOCIAL STANDARD SCORE - SAME SEX
Y2878003,0.0,0.0,0,,Y28780.03,Q13-3F.02~000028,2012,behavioral/externalizing,BEHAVIOR PROBLEMS INDEX: CHILD HANGS AROUND WITH KIDS WHO GET INTO
Y2961700,0.0,0.0,0,,Y29617.00,YASR-69B,2012,socioeconomic/work,WAS ANY OF VOLUNTEER WORK R HAS DONE COURT ORDERED?
Y2958600,0.0,0.0,0,,Y29586.00,YASR-60F,2012,school/achievement,HOW MANY TIMES IN LAST YEAR R DAMAGED SCHOOL PROPERTY ON PURPOSE
C5696000,0.0,0.0,0,,C56960.00,CSAS040E,2012,school/achievement,CHILD SELF-ADMIN: HOW OFTEN IN LAST YEAR DAMAGED SCHOOL PROPERTY ON
Y2959800,0.0,0.0,0,,Y29598.00,YASR-65A~000001,2012,prior delinquency/contact,CHARGES R MOST RECENTLY CONVICTED OF - ASSAULT
Y2878403,0.0,0.0,0,,Y28784.03,Q13-3F.06~000028,2012,behavioral/externalizing,BEHAVIOR PROBLEMS INDEX: CHILD HANGS AROUND WITH KIDS WHO GET INTO
C5525400,0.0,0.0,0,,C55254.00,CRES2012,2012,family/home,USUAL RESIDENCE OF CHILD
C5527600,0.0,0.0,0,,C55276.00,NH6_112012,2012,family/home,# HOUSEHOLD MEMBERS AGED 6 - 11 IN HOUSEHOLD OF MOTHER
Y2892400,0.0,0.0,0,,Y28924.00,Q14-16,2012,health,WHEN R LAST SAW DOCTOR FOR TREATMENT OF AN ILLNESS
Y2939300,0.0,0.0,0,,Y29393.00,Q16-11D,2012,other,TREATMENT BY OTHERS:  HOW OFTEN PEOPLE HAVE ACTED AS IF THEY THINK
Y2964011,0.0,0.0,0,,Y29640.11,YASR-72A~000012,2012,other,WHO R WOULD TURN TO FOR HELP WITH EMOTIONAL OR PERSONAL PROBLEM -
C5693600,0.0,0.0,0,,C56936.00,CSAS024A,2012,peer/neighborhood,CHILD SELF-ADMIN: HAS CHILD EVER SEEN STUDENT CARRY A WEAPON ON
C5695700,0.0,0.0,0,,C56957.00,CSAS040B,2012,prior delinquency/contact,CHILD SELF-ADMIN: HOW OFTEN IN LAST YEAR HURT SOMEONE BAD ENOUGH TO
Y2958300,0.0,0.0,0,,Y29583.00,YASR-60C,2012,prior delinquency/contact,HOW MANY TIMES IN LAST YEAR R HURT SOMEONE BADLY ENOUGH TO NEED
Y2959801,0.0,0.0,0,,Y29598.01,YASR-65A~000002,2012,prior delinquency/contact,CHARGES R MOST RECENTLY CONVICTED OF - ROBBERY
C5675400,0.0,0.0,0,,C56754.00,SCHL-15,2012,school/achievement,SCHOOL: HOW OFTEN DOES TEACHER GIVE CHILD HOMEWORK
Y2959802,0.0,0.0,0,,Y29598.02,YASR-65A~000003,2012,prior delinquency/contact,CHARGES R MOST RECENTLY CONVICTED OF - THEFT
Y2959804,0.0,0.0,0,,Y29598.04,YASR-65A~000005,2012,prior delinquency/contact,CHARGES R MOST RECENTLY CONVICTED OF - DESTRUCTION OF PROPERTY
Y2960000,0.0,0.0,0,,Y29600.00,YASR-67,2012,prior delinquency/contact,EVER/SINCE DATE OF LAST INTERVIEW R BEEN ON PROBATION?
Y2878103,0.0,0.0,0,,Y28781.03,Q13-3F.03~000028,2012,behavioral/externalizing,BEHAVIOR PROBLEMS INDEX: CHILD HANGS AROUND WITH KIDS WHO GET INTO
Y2959900,0.0,0.0,0,,Y29599.00,YASR-66,2012,prior delinquency/contact,EVER/SINCE DATE OF LAST INTERVIEW R BEEN SENTENCED TO A CORRECTIONS
Y2674500,0.0,0.0,0,,Y26745.00,Q4-5AA,2012,school/achievement,HAS R EVER SEEN A STUDENT CARRY A WEAPON ON SCHOOL PROPERTY
C6031700,0.0,0.0,0,,C60317.00,MS-BPI-04,2014,behavioral/externalizing,BEHAVIOR PROBLEMS INDEX: CHILD CHEATS OR TELLS LIES
Y2674600,0.0,0.0,0,,Y26746.00,Q4-5AB,2012,school/achievement,IN LAST SCHOOL YEAR HOW OFTEN HAS R SEEN A STUDENT CARRY A WEAPON
Y2959200,0.0,0.0,0,,Y29592.00,YASR-61B,2012,school/achievement,IN LAST YEAR R EVER GOTTEN INTO A PHYSICAL FIGHT AT SCHOOL OR WORK
C5808100,0.0,0.0,0,,C58081.00,ANTIZ2014,2014,behavioral/externalizing,BEHAVIOR PROBLEMS INDEX: ANTISOCIAL STANDARD SCORE - ALL CHILDREN
C6032300,0.0,0.0,0,,C60323.00,MS-BPI-10,2014,behavioral/externalizing,BEHAVIOR PROBLEMS INDEX: CHILD IS DISOBEDIENT AT HOME
C6031900,0.0,0.0,0,,C60319.00,MS-BPI-06,2014,behavioral/externalizing,BEHAVIOR PROBLEMS INDEX: CHILD ARGUES TOO MUCH
Y3248000,0.0,0.0,0,,Y32480.00,Q13-3E.04~000019,2014,behavioral/externalizing,BEHAVIOR PROBLEMS INDEX: CHILD HAS STRONG TEMPER AND LOSES IT
Y3247004,0.0,0.0,0,,Y32470.04,Q13-3C.06~000011,2014,behavioral/externalizing,BEHAVIOR PROBLEMS INDEX: CHILD DOES NOT SEEM TO FEEL SORRY AFTER
Y3247100,0.0,0.0,0,,Y32471.00,Q13-3D.01~000013,2014,behavioral/externalizing,BEHAVIOR PROBLEMS INDEX: CHILD IS IMPULSIVE OR ACTS WITHOUT
Y3247200,0.0,0.0,0,,Y32472.00,Q13-3D.02~000013,2014,behavioral/externalizing,BEHAVIOR PROBLEMS INDEX: CHILD IS IMPULSIVE OR ACTS WITHOUT
Y3247300,0.0,0.0,0,,Y32473.00,Q13-3D.03~000013,2014,behavioral/externalizing,BEHAVIOR PROBLEMS INDEX: CHILD IS IMPULSIVE OR ACTS WITHOUT
Y3247400,0.0,0.0,0,,Y32474.00,Q13-3D.04~000013,2014,behavioral/externalizing,BEHAVIOR PROBLEMS INDEX: CHILD IS IMPULSIVE OR ACTS WITHOUT
Y3247500,0.0,0.0,0,,Y32475.00,Q13-3D.05~000013,2014,behavioral/externalizing,BEHAVIOR PROBLEMS INDEX: CHILD IS IMPULSIVE OR ACTS WITHOUT
Y3247600,0.0,0.0,0,,Y32476.00,Q13-3D.06~000013,2014,behavioral/externalizing,BEHAVIOR PROBLEMS INDEX: CHILD IS IMPULSIVE OR ACTS WITHOUT
Y3247700,0.0,0.0,0,,Y32477.00,Q13-3E.01~000019,2014,behavioral/externalizing,BEHAVIOR PROBLEMS INDEX: CHILD HAS STRONG TEMPER AND LOSES IT
Y3247800,0.0,0.0,0,,Y32478.00,Q13-3E.02~000019,2014,behavioral/externalizing,BEHAVIOR PROBLEMS INDEX: CHILD HAS STRONG TEMPER AND LOSES IT
Y3247900,0.0,0.0,0,,Y32479.00,Q13-3E.03~000019,2014,behavioral/externalizing,BEHAVIOR PROBLEMS INDEX: CHILD HAS STRONG TEMPER AND LOSES IT
Y3248100,0.0,0.0,0,,Y32481.00,Q13-3E.05~000019,2014,behavioral/externalizing,BEHAVIOR PROBLEMS INDEX: CHILD HAS STRONG TEMPER AND LOSES IT
Y3246904,0.0,0.0,0,,Y32469.04,Q13-3C.05~000011,2014,behavioral/externalizing,BEHAVIOR PROBLEMS INDEX: CHILD DOES NOT SEEM TO FEEL SORRY AFTER
Y3248200,0.0,0.0,0,,Y32482.00,Q13-3E.06~000019,2014,behavioral/externalizing,BEHAVIOR PROBLEMS INDEX: CHILD HAS STRONG TEMPER AND LOSES IT
C6034100,0.0,0.0,0,,C60341.00,MS-BPI-28,2014,behavioral/externalizing,BEHAVIOR PROBLEMS INDEX: CHILD HANGS AROUND WITH KIDS WHO GET INTO
Y3248303,0.0,0.0,0,,Y32483.03,Q13-3F.01~000028,2014,behavioral/externalizing,BEHAVIOR PROBLEMS INDEX: CHILD HANGS AROUND WITH KIDS WHO GET INTO
Y3248403,0.0,0.0,0,,Y32484.03,Q13-3F.02~000028,2014,behavioral/externalizing,BEHAVIOR PROBLEMS INDEX: CHILD HANGS AROUND WITH KIDS WHO GET INTO
Y3248503,0.0,0.0,0,,Y32485.03,Q13-3F.03~000028,2014,behavioral/externalizing,BEHAVIOR PROBLEMS INDEX: CHILD HANGS AROUND WITH KIDS WHO GET INTO
Y3248603,0.0,0.0,0,,Y32486.03,Q13-3F.04~000028,2014,behavioral/externalizing,BEHAVIOR PROBLEMS INDEX: CHILD HANGS AROUND WITH KIDS WHO GET INTO
Y3248703,0.0,0.0,0,,Y32487.03,Q13-3F.05~000028,2014,behavioral/externalizing,BEHAVIOR PROBLEMS INDEX: CHILD HANGS AROUND WITH KIDS WHO GET INTO
Y3248803,0.0,0.0,0,,Y32488.03,Q13-3F.06~000028,2014,behavioral/externalizing,BEHAVIOR PROBLEMS INDEX: CHILD HANGS AROUND WITH KIDS WHO GET INTO
C5990500,0.0,0.0,0,,C59905.00,MS-BKGN-AGECK-YA1,2014,family/home,IS CHILD TURNING 15 YEARS OF AGE IN 2014?
Y3332300,0.0,0.0,0,,Y33323.00,NUMINHH2014,2014,family/home,NUMBER OF HOUSEHOLD MEMBERS IN HH OF R
Y3247003,0.0,0.0,0,,Y32470.03,Q13-3C.06~000010,2014,behavioral/externalizing,BEHAVIOR PROBLEMS INDEX: CHILD IS DISOBEDIENT AT HOME
Y3246903,0.0,0.0,0,,Y32469.03,Q13-3C.05~000010,2014,behavioral/externalizing,BEHAVIOR PROBLEMS INDEX: CHILD IS DISOBEDIENT AT HOME
C5766800,0.0,0.0,0,,C57668.00,MS-BPI-28,2012,behavioral/externalizing,BEHAVIOR PROBLEMS INDEX: CHILD HANGS AROUND WITH KIDS WHO GET INTO
Y3246205,0.0,0.0,0,,Y32462.05,Q13-3A.04~000006,2014,behavioral/externalizing,BEHAVIOR PROBLEMS INDEX: CHILD ARGUES TOO MUCH
C6032400,0.0,0.0,0,,C60324.00,MS-BPI-11,2014,behavioral/externalizing,BEHAVIOR PROBLEMS INDEX: CHILD DOES NOT SEEM TO FEEL SORRY AFTER
C6032600,0.0,0.0,0,,C60326.00,MS-BPI-13,2014,behavioral/externalizing,BEHAVIOR PROBLEMS INDEX: CHILD IS IMPULSIVE OR ACTS WITHOUT
C6033200,0.0,0.0,0,,C60332.00,MS-BPI-19,2014,behavioral/externalizing,BEHAVIOR PROBLEMS INDEX: CHILD HAS STRONG TEMPER AND LOSES IT
Y3245903,0.0,0.0,0,,Y32459.03,Q13-3A.01~000004,2014,behavioral/externalizing,BEHAVIOR PROBLEMS INDEX: CHILD CHEATS OR TELLS LIES
Y3245905,0.0,0.0,0,,Y32459.05,Q13-3A.01~000006,2014,behavioral/externalizing,BEHAVIOR PROBLEMS INDEX: CHILD ARGUES TOO MUCH
Y3246003,0.0,0.0,0,,Y32460.03,Q13-3A.02~000004,2014,behavioral/externalizing,BEHAVIOR PROBLEMS INDEX: CHILD CHEATS OR TELLS LIES
Y3246005,0.0,0.0,0,,Y32460.05,Q13-3A.02~000006,2014,behavioral/externalizing,BEHAVIOR PROBLEMS INDEX: CHILD ARGUES TOO MUCH
Y3246103,0.0,0.0,0,,Y32461.03,Q13-3A.03~000004,2014,behavioral/externalizing,BEHAVIOR PROBLEMS INDEX: CHILD CHEATS OR TELLS LIES
Y3246105,0.0,0.0,0,,Y32461.05,Q13-3A.03~000006,2014,behavioral/externalizing,BEHAVIOR PROBLEMS INDEX: CHILD ARGUES TOO MUCH
Y3246203,0.0,0.0,0,,Y32462.03,Q13-3A.04~000004,2014,behavioral/externalizing,BEHAVIOR PROBLEMS INDEX: CHILD CHEATS OR TELLS LIES
Y3246303,0.0,0.0,0,,Y32463.03,Q13-3A.05~000004,2014,behavioral/externalizing,BEHAVIOR PROBLEMS INDEX: CHILD CHEATS OR TELLS LIES
Y3246804,0.0,0.0,0,,Y32468.04,Q13-3C.04~000011,2014,behavioral/externalizing,BEHAVIOR PROBLEMS INDEX: CHILD DOES NOT SEEM TO FEEL SORRY AFTER
Y3246305,0.0,0.0,0,,Y32463.05,Q13-3A.05~000006,2014,behavioral/externalizing,BEHAVIOR PROBLEMS INDEX: CHILD ARGUES TOO MUCH
Y3246403,0.0,0.0,0,,Y32464.03,Q13-3A.06~000004,2014,behavioral/externalizing,BEHAVIOR PROBLEMS INDEX: CHILD CHEATS OR TELLS LIES
Y3246405,0.0,0.0,0,,Y32464.05,Q13-3A.06~000006,2014,behavioral/externalizing,BEHAVIOR PROBLEMS INDEX: CHILD ARGUES TOO MUCH
Y3246503,0.0,0.0,0,,Y32465.03,Q13-3C.01~000010,2014,behavioral/externalizing,BEHAVIOR PROBLEMS INDEX: CHILD IS DISOBEDIENT AT HOME
Y3246504,0.0,0.0,0,,Y32465.04,Q13-3C.01~000011,2014,behavioral/externalizing,BEHAVIOR PROBLEMS INDEX: CHILD DOES NOT SEEM TO FEEL SORRY AFTER
Y3246603,0.0,0.0,0,,Y32466.03,Q13-3C.02~000010,2014,behavioral/externalizing,BEHAVIOR PROBLEMS INDEX: CHILD IS DISOBEDIENT AT HOME
Y3246604,0.0,0.0,0,,Y32466.04,Q13-3C.02~000011,2014,behavioral/externalizing,BEHAVIOR PROBLEMS INDEX: CHILD DOES NOT SEEM TO FEEL SORRY AFTER
Y3246703,0.0,0.0,0,,Y32467.03,Q13-3C.03~000010,2014,behavioral/externalizing,BEHAVIOR PROBLEMS INDEX: CHILD IS DISOBEDIENT AT HOME
Y3246704,0.0,0.0,0,,Y32467.04,Q13-3C.03~000011,2014,behavioral/externalizing,BEHAVIOR PROBLEMS INDEX: CHILD DOES NOT SEEM TO FEEL SORRY AFTER
Y3246803,0.0,0.0,0,,Y32468.03,Q13-3C.04~000010,2014,behavioral/externalizing,BEHAVIOR PROBLEMS INDEX: CHILD IS DISOBEDIENT AT HOME
Y2877903,0.0,0.0,0,,Y28779.03,Q13-3F.01~000028,2012,behavioral/externalizing,BEHAVIOR PROBLEMS INDEX: CHILD HANGS AROUND WITH KIDS WHO GET INTO
Y2877700,0.0,0.0,0,,Y28777.00,Q13-3E.05~000019,2012,behavioral/externalizing,BEHAVIOR PROBLEMS INDEX: CHILD HAS STRONG TEMPER AND LOSES IT
Y2877800,0.0,0.0,0,,Y28778.00,Q13-3E.06~000019,2012,behavioral/externalizing,BEHAVIOR PROBLEMS INDEX: CHILD HAS STRONG TEMPER AND LOSES IT
Y2342510,0.0,0.0,0,,Y23425.10,Q3-75~000011,2010,family/home,RESPONSIBLILITY FOR HOUSEHOLD CHORES - HOW OFTEN DOES R DRIVE OTHER
Y2341500,0.0,0.0,0,,Y23415.00,Q3-65~000001,2010,other,HOW FREQUENTLY R AND SPOUSE/PARTNER ARGUE ABOUT CHORES AND
C5116300,0.0,0.0,0,,C51163.00,CSAS024A,2010,peer/neighborhood,CHILD SELF-ADMIN: HAS CHILD EVER SEEN STUDENT CARRY A WEAPON ON
C5118200,0.0,0.0,0,,C51182.00,CSAS040B,2010,prior delinquency/contact,CHILD SELF-ADMIN: HOW OFTEN IN LAST YEAR HURT SOMEONE BAD ENOUGH TO
Y2608200,0.0,0.0,0,,Y26082.00,YASR-60C,2010,prior delinquency/contact,HOW MANY TIMES IN LAST YEAR R HURT SOMEONE BADLY ENOUGH TO NEED
Y2609700,0.0,0.0,0,,Y26097.00,YASR-65A~000001,2010,prior delinquency/contact,CHARGES R MOST RECENTLY CONVICTED OF - ASSAULT
Y2609701,0.0,0.0,0,,Y26097.01,YASR-65A~000002,2010,prior delinquency/contact,CHARGES R MOST RECENTLY CONVICTED OF - ROBBERY
Y2609702,0.0,0.0,0,,Y26097.02,YASR-65A~000003,2010,prior delinquency/contact,CHARGES R MOST RECENTLY CONVICTED OF - THEFT
Y2609704,0.0,0.0,0,,Y26097.04,YASR-65A~000005,2010,prior delinquency/contact,CHARGES R MOST RECENTLY CONVICTED OF - DESTRUCTION OF PROPERTY
Y2609900,0.0,0.0,0,,Y26099.00,YASR-67,2010,prior delinquency/contact,EVER/SINCE DATE OF LAST INTERVIEW R BEEN ON PROBATION?
Y2609800,0.0,0.0,0,,Y26098.00,YASR-66,2010,prior delinquency/contact,EVER/SINCE DATE OF LAST INTERVIEW R BEEN SENTENCED TO A CORRECTIONS
Y2345000,0.0,0.0,0,,Y23450.00,Q4-5AA,2010,school/achievement,HAS R EVER SEEN A STUDENT CARRY A WEAPON ON SCHOOL PROPERTY
Y2345100,0.0,0.0,0,,Y23451.00,Q4-5AB,2010,school/achievement,IN LAST SCHOOL YEAR HOW OFTEN HAS R SEEN A STUDENT CARRY A WEAPON
Y2609100,0.0,0.0,0,,Y26091.00,YASR-61B,2010,school/achievement,IN LAST YEAR R EVER GOTTEN INTO A PHYSICAL FIGHT AT SCHOOL OR WORK
C5118500,0.0,0.0,0,,C51185.00,CSAS040E,2010,school/achievement,CHILD SELF-ADMIN: HOW OFTEN IN LAST YEAR DAMAGED SCHOOL PROPERTY ON
Y2608500,0.0,0.0,0,,Y26085.00,YASR-60F,2010,school/achievement,HOW MANY TIMES IN LAST YEAR R DAMAGED SCHOOL PROPERTY ON PURPOSE
Y2611600,0.0,0.0,0,,Y26116.00,YASR-69B,2010,socioeconomic/work,WAS ANY OF VOLUNTEER WORK R HAS DONE COURT ORDERED?
C5121900,0.0,0.0,0,,C51219.00,CSAS056B,2010,substance/risk behavior,CHILD SELF-ADMIN: CHILD'S AGE WHEN FIRST DRANK ALCOHOL
C5122100,0.0,0.0,0,,C51221.00,CSAS057B,2010,substance/risk behavior,CHILD SELF-ADMIN: CHILD'S AGE WHEN FIRST DRANK ALCOHOL MORE THAN
C5122700,0.0,0.0,0,,C51227.00,CSAS063,2010,substance/risk behavior,CHILD SELF-ADMIN: CHILD'S AGE WHEN FIRST USED MARIJUANA
Y2609706,0.0,0.0,0,,Y26097.06,YASR-65A~000007,2010,substance/risk behavior,CHARGES R MOST RECENTLY CONVICTED OF - POSSESSION OF MARIJUANA OR
Y2609707,0.0,0.0,0,,Y26097.07,YASR-65A~000008,2010,substance/risk behavior,CHARGES R MOST RECENTLY CONVICTED OF - SELLING OF MARIJUANA OR
C5767200,0.0,0.0,0,,C57672.00,MS-BPI-31,2012,behavioral/externalizing,BEHAVIOR PROBLEMS INDEX: CHILD IS DISOBEDIENT AT SCHOOL
Y2878501,0.0,0.0,0,,Y28785.01,Q13-3G.01~000026,2012,behavioral/externalizing,BEHAVIOR PROBLEMS INDEX: CHILD IS DISOBEDIENT AT SCHOOL
Y2616600,0.0,0.0,0,,Y26166.00,RESTYPE2010,2010,family/home,TYPE OF RESIDENCE R LIVES IN - CONSTRUCTED
C5192400,0.0,0.0,0,,C51924.00,MS-BPI-28,2010,behavioral/externalizing,BEHAVIOR PROBLEMS INDEX: CHILD HANGS AROUND WITH KIDS WHO GET INTO
Y2878701,0.0,0.0,0,,Y28787.01,Q13-3G.03~000026,2012,behavioral/externalizing,BEHAVIOR PROBLEMS INDEX: CHILD IS DISOBEDIENT AT SCHOOL
C5191500,0.0,0.0,0,,C51915.00,MS-BPI-19,2010,behavioral/externalizing,BEHAVIOR PROBLEMS INDEX: CHILD HAS STRONG TEMPER AND LOSES IT
C3870300,0.0,0.0,0,,C38703.00,CSAS040E,2008,school/achievement,CHILD SELF-ADMIN: HOW OFTEN IN LAST YEAR DAMAGED SCHOOL PROPERTY ON
Y2256900,0.0,0.0,0,,Y22569.00,YASR-60F,2008,school/achievement,HOW MANY TIMES IN LAST YEAR R DAMAGED SCHOOL PROPERTY ON PURPOSE
Y2258700,0.0,0.0,0,,Y22587.00,YASR-69B,2008,socioeconomic/work,WAS ANY OF VOLUNTEER WORK R HAS DONE COURT ORDERED?
C3873700,0.0,0.0,0,,C38737.00,CSAS056B,2008,substance/risk behavior,CHILD SELF-ADMIN: CHILD'S AGE WHEN FIRST DRANK ALCOHOL
C3873900,0.0,0.0,0,,C38739.00,CSAS057B,2008,substance/risk behavior,CHILD SELF-ADMIN: CHILD'S AGE WHEN FIRST DRANK ALCOHOL MORE THAN
C3874500,0.0,0.0,0,,C38745.00,CSAS063,2008,substance/risk behavior,CHILD SELF-ADMIN: CHILD'S AGE WHEN FIRST USED MARIJUANA
Y2258106,0.0,0.0,0,,Y22581.06,YASR-65A~000007,2008,substance/risk behavior,CHARGES R MOST RECENTLY CONVICTED OF - POSSESSION OF MARIJUANA OR
Y2258107,0.0,0.0,0,,Y22581.07,YASR-65A~000008,2008,substance/risk behavior,CHARGES R MOST RECENTLY CONVICTED OF - SELLING OF MARIJUANA OR
C5192800,0.0,0.0,0,,C51928.00,MS-BPI-31,2010,behavioral/externalizing,BEHAVIOR PROBLEMS INDEX: CHILD IS DISOBEDIENT AT SCHOOL
C3986600,0.0,0.0,0,,C39866.00,BPMIS22010,2010,behavioral/externalizing,BEHAVIOR PROBLEMS INDEX: EXTERNAL RAW SCORE TRICHOTOMOUS ITEMS -
C3986700,0.0,0.0,0,,C39867.00,BPEXTR2010,2010,behavioral/externalizing,BEHAVIOR PROBLEMS INDEX: EXTERNAL SCORE TRICHOTOMOUS ITEMS
C3987200,0.0,0.0,0,,C39872.00,BPEXTP2010,2010,behavioral/externalizing,BEHAVIOR PROBLEMS INDEX: EXTERNAL PERCENTILE SCORE TRICHOTOMOUS
C3987300,0.0,0.0,0,,C39873.00,BPEXTZ2010,2010,behavioral/externalizing,BEHAVIOR PROBLEMS INDEX: EXTERNAL STANDARD SCORE TRICHOTOMOUS ITEMS
C3987500,0.0,0.0,0,,C39875.00,ANTI2010,2010,behavioral/externalizing,BEHAVIOR PROBLEMS INDEX: ANTISOCIAL RAW SCORE
C3987600,0.0,0.0,0,,C39876.00,ANTIPX2010,2010,behavioral/externalizing,BEHAVIOR PROBLEMS INDEX: ANTISOCIAL PERCENTILE SCORE - SAME SEX
C3987700,0.0,0.0,0,,C39877.00,ANTIP2010,2010,behavioral/externalizing,BEHAVIOR PROBLEMS INDEX: ANTISOCIAL PERCENTILE SCORE - ALL CHILDREN
C3987800,0.0,0.0,0,,C39878.00,ANTIZX2010,2010,behavioral/externalizing,BEHAVIOR PROBLEMS INDEX: ANTISOCIAL STANDARD SCORE - SAME SEX
C3987900,0.0,0.0,0,,C39879.00,ANTIZ2010,2010,behavioral/externalizing,BEHAVIOR PROBLEMS INDEX: ANTISOCIAL STANDARD SCORE - ALL CHILDREN
C5190000,0.0,0.0,0,,C51900.00,MS-BPI-04,2010,behavioral/externalizing,BEHAVIOR PROBLEMS INDEX: CHILD CHEATS OR TELLS LIES
C5190200,0.0,0.0,0,,C51902.00,MS-BPI-06,2010,behavioral/externalizing,BEHAVIOR PROBLEMS INDEX: CHILD ARGUES TOO MUCH
C5190600,0.0,0.0,0,,C51906.00,MS-BPI-10,2010,behavioral/externalizing,BEHAVIOR PROBLEMS INDEX: CHILD IS DISOBEDIENT AT HOME
C5190700,0.0,0.0,0,,C51907.00,MS-BPI-11,2010,behavioral/externalizing,BEHAVIOR PROBLEMS INDEX: CHILD DOES NOT SEEM TO FEEL SORRY AFTER
C5190900,0.0,0.0,0,,C51909.00,MS-BPI-13,2010,behavioral/externalizing,BEHAVIOR PROBLEMS INDEX: CHILD IS IMPULSIVE OR ACTS WITHOUT
Y2878601,0.0,0.0,0,,Y28786.01,Q13-3G.02~000026,2012,behavioral/externalizing,BEHAVIOR PROBLEMS INDEX: CHILD IS DISOBEDIENT AT SCHOOL
Y2878801,0.0,0.0,0,,Y28788.01,Q13-3G.04~000026,2012,behavioral/externalizing,BEHAVIOR PROBLEMS INDEX: CHILD IS DISOBEDIENT AT SCHOOL
C5967600,0.0,0.0,0,,C59676.00,CSAS040B,2014,prior delinquency/contact,CHILD SELF-ADMIN: HOW OFTEN IN LAST YEAR HURT SOMEONE BAD ENOUGH TO
Y2875905,0.0,0.0,0,,Y28759.05,Q13-3A.05~000006,2012,behavioral/externalizing,BEHAVIOR PROBLEMS INDEX: CHILD ARGUES TOO MUCH
Y2876005,0.0,0.0,0,,Y28760.05,Q13-3A.06~000006,2012,behavioral/externalizing,BEHAVIOR PROBLEMS INDEX: CHILD ARGUES TOO MUCH
Y2876103,0.0,0.0,0,,Y28761.03,Q13-3C.01~000010,2012,behavioral/externalizing,BEHAVIOR PROBLEMS INDEX: CHILD IS DISOBEDIENT AT HOME
Y2876104,0.0,0.0,0,,Y28761.04,Q13-3C.01~000011,2012,behavioral/externalizing,BEHAVIOR PROBLEMS INDEX: CHILD DOES NOT SEEM TO FEEL SORRY AFTER
Y2876203,0.0,0.0,0,,Y28762.03,Q13-3C.02~000010,2012,behavioral/externalizing,BEHAVIOR PROBLEMS INDEX: CHILD IS DISOBEDIENT AT HOME
Y2876204,0.0,0.0,0,,Y28762.04,Q13-3C.02~000011,2012,behavioral/externalizing,BEHAVIOR PROBLEMS INDEX: CHILD DOES NOT SEEM TO FEEL SORRY AFTER
Y2876303,0.0,0.0,0,,Y28763.03,Q13-3C.03~000010,2012,behavioral/externalizing,BEHAVIOR PROBLEMS INDEX: CHILD IS DISOBEDIENT AT HOME
Y2876304,0.0,0.0,0,,Y28763.04,Q13-3C.03~000011,2012,behavioral/externalizing,BEHAVIOR PROBLEMS INDEX: CHILD DOES NOT SEEM TO FEEL SORRY AFTER
Y2876403,0.0,0.0,0,,Y28764.03,Q13-3C.04~000010,2012,behavioral/externalizing,BEHAVIOR PROBLEMS INDEX: CHILD IS DISOBEDIENT AT HOME
Y2876404,0.0,0.0,0,,Y28764.04,Q13-3C.04~000011,2012,behavioral/externalizing,BEHAVIOR PROBLEMS INDEX: CHILD DOES NOT SEEM TO FEEL SORRY AFTER
Y2876503,0.0,0.0,0,,Y28765.03,Q13-3C.05~000010,2012,behavioral/externalizing,BEHAVIOR PROBLEMS INDEX: CHILD IS DISOBEDIENT AT HOME
Y2876504,0.0,0.0,0,,Y28765.04,Q13-3C.05~000011,2012,behavioral/externalizing,BEHAVIOR PROBLEMS INDEX: CHILD DOES NOT SEEM TO FEEL SORRY AFTER
Y2876603,0.0,0.0,0,,Y28766.03,Q13-3C.06~000010,2012,behavioral/externalizing,BEHAVIOR PROBLEMS INDEX: CHILD IS DISOBEDIENT AT HOME
Y2876604,0.0,0.0,0,,Y28766.04,Q13-3C.06~000011,2012,behavioral/externalizing,BEHAVIOR PROBLEMS INDEX: CHILD DOES NOT SEEM TO FEEL SORRY AFTER
Y2876700,0.0,0.0,0,,Y28767.00,Q13-3D.01~000013,2012,behavioral/externalizing,BEHAVIOR PROBLEMS INDEX: CHILD IS IMPULSIVE OR ACTS WITHOUT
Y2876800,0.0,0.0,0,,Y28768.00,Q13-3D.02~000013,2012,behavioral/externalizing,BEHAVIOR PROBLEMS INDEX: CHILD IS IMPULSIVE OR ACTS WITHOUT
Y2876900,0.0,0.0,0,,Y28769.00,Q13-3D.03~000013,2012,behavioral/externalizing,BEHAVIOR PROBLEMS INDEX: CHILD IS IMPULSIVE OR ACTS WITHOUT
Y2877000,0.0,0.0,0,,Y28770.00,Q13-3D.04~000013,2012,behavioral/externalizing,BEHAVIOR PROBLEMS INDEX: CHILD IS IMPULSIVE OR ACTS WITHOUT
Y2877100,0.0,0.0,0,,Y28771.00,Q13-3D.05~000013,2012,behavioral/externalizing,BEHAVIOR PROBLEMS INDEX: CHILD IS IMPULSIVE OR ACTS WITHOUT
Y2877200,0.0,0.0,0,,Y28772.00,Q13-3D.06~000013,2012,behavioral/externalizing,BEHAVIOR PROBLEMS INDEX: CHILD IS IMPULSIVE OR ACTS WITHOUT
Y2877300,0.0,0.0,0,,Y28773.00,Q13-3E.01~000019,2012,behavioral/externalizing,BEHAVIOR PROBLEMS INDEX: CHILD HAS STRONG TEMPER AND LOSES IT
Y2877400,0.0,0.0,0,,Y28774.00,Q13-3E.02~000019,2012,behavioral/externalizing,BEHAVIOR PROBLEMS INDEX: CHILD HAS STRONG TEMPER AND LOSES IT
Y2877500,0.0,0.0,0,,Y28775.00,Q13-3E.03~000019,2012,behavioral/externalizing,BEHAVIOR PROBLEMS INDEX: CHILD HAS STRONG TEMPER AND LOSES IT
Y2877600,0.0,0.0,0,,Y28776.00,Q13-3E.04~000019,2012,behavioral/externalizing,BEHAVIOR PROBLEMS INDEX: CHILD HAS STRONG TEMPER AND LOSES IT
Y2876003,0.0,0.0,0,,Y28760.03,Q13-3A.06~000004,2012,behavioral/externalizing,BEHAVIOR PROBLEMS INDEX: CHILD CHEATS OR TELLS LIES
Y2875903,0.0,0.0,0,,Y28759.03,Q13-3A.05~000004,2012,behavioral/externalizing,BEHAVIOR PROBLEMS INDEX: CHILD CHEATS OR TELLS LIES
Y2878901,0.0,0.0,0,,Y28789.01,Q13-3G.05~000026,2012,behavioral/externalizing,BEHAVIOR PROBLEMS INDEX: CHILD IS DISOBEDIENT AT SCHOOL
Y2875805,0.0,0.0,0,,Y28758.05,Q13-3A.04~000006,2012,behavioral/externalizing,BEHAVIOR PROBLEMS INDEX: CHILD ARGUES TOO MUCH
Y2879001,0.0,0.0,0,,Y28790.01,Q13-3G.06~000026,2012,behavioral/externalizing,BEHAVIOR PROBLEMS INDEX: CHILD IS DISOBEDIENT AT SCHOOL
C5530600,0.0,0.0,0,,C55306.00,BPMIS22012,2012,behavioral/externalizing,BEHAVIOR PROBLEMS INDEX: EXTERNAL RAW SCORE TRICHOTOMOUS ITEMS -
C5530700,0.0,0.0,0,,C55307.00,BPEXTR2012,2012,behavioral/externalizing,BEHAVIOR PROBLEMS INDEX: EXTERNAL SCORE TRICHOTOMOUS ITEMS
C5531200,0.0,0.0,0,,C55312.00,BPEXTP2012,2012,behavioral/externalizing,BEHAVIOR PROBLEMS INDEX: EXTERNAL PERCENTILE SCORE TRICHOTOMOUS
C5531300,0.0,0.0,0,,C55313.00,BPEXTZ2012,2012,behavioral/externalizing,BEHAVIOR PROBLEMS INDEX: EXTERNAL STANDARD SCORE TRICHOTOMOUS ITEMS
C5531500,0.0,0.0,0,,C55315.00,ANTI2012,2012,behavioral/externalizing,BEHAVIOR PROBLEMS INDEX: ANTISOCIAL RAW SCORE
C5531600,0.0,0.0,0,,C55316.00,ANTIPX2012,2012,behavioral/externalizing,BEHAVIOR PROBLEMS INDEX: ANTISOCIAL PERCENTILE SCORE - SAME SEX
C5531700,0.0,0.0,0,,C55317.00,ANTIP2012,2012,behavioral/externalizing,BEHAVIOR PROBLEMS INDEX: ANTISOCIAL PERCENTILE SCORE - ALL CHILDREN
C5531800,0.0,0.0,0,,C55318.00,ANTIZX2012,2012,behavioral/externalizing,BEHAVIOR PROBLEMS INDEX: ANTISOCIAL STANDARD SCORE - SAME SEX
C5531900,0.0,0.0,0,,C55319.00,ANTIZ2012,2012,behavioral/externalizing,BEHAVIOR PROBLEMS INDEX: ANTISOCIAL STANDARD SCORE - ALL CHILDREN
C5764400,0.0,0.0,0,,C57644.00,MS-BPI-04,2012,behavioral/externalizing,BEHAVIOR PROBLEMS INDEX: CHILD CHEATS OR TELLS LIES
C5764600,0.0,0.0,0,,C57646.00,MS-BPI-06,2012,behavioral/externalizing,BEHAVIOR PROBLEMS INDEX: CHILD ARGUES TOO MUCH
C5765000,0.0,0.0,0,,C57650.00,MS-BPI-10,2012,behavioral/externalizing,BEHAVIOR PROBLEMS INDEX: CHILD IS DISOBEDIENT AT HOME
C5765100,0.0,0.0,0,,C57651.00,MS-BPI-11,2012,behavioral/externalizing,BEHAVIOR PROBLEMS INDEX: CHILD DOES NOT SEEM TO FEEL SORRY AFTER
C5765300,0.0,0.0,0,,C57653.00,MS-BPI-13,2012,behavioral/externalizing,BEHAVIOR PROBLEMS INDEX: CHILD IS IMPULSIVE OR ACTS WITHOUT
C5765900,0.0,0.0,0,,C57659.00,MS-BPI-19,2012,behavioral/externalizing,BEHAVIOR PROBLEMS INDEX: CHILD HAS STRONG TEMPER AND LOSES IT
Y2875503,0.0,0.0,0,,Y28755.03,Q13-3A.01~000004,2012,behavioral/externalizing,BEHAVIOR PROBLEMS INDEX: CHILD CHEATS OR TELLS LIES
Y2875505,0.0,0.0,0,,Y28755.05,Q13-3A.01~000006,2012,behavioral/externalizing,BEHAVIOR PROBLEMS INDEX: CHILD ARGUES TOO MUCH
Y2875603,0.0,0.0,0,,Y28756.03,Q13-3A.02~000004,2012,behavioral/externalizing,BEHAVIOR PROBLEMS INDEX: CHILD CHEATS OR TELLS LIES
Y2875605,0.0,0.0,0,,Y28756.05,Q13-3A.02~000006,2012,behavioral/externalizing,BEHAVIOR PROBLEMS INDEX: CHILD ARGUES TOO MUCH
Y2875703,0.0,0.0,0,,Y28757.03,Q13-3A.03~000004,2012,behavioral/externalizing,BEHAVIOR PROBLEMS INDEX: CHILD CHEATS OR TELLS LIES
Y2875705,0.0,0.0,0,,Y28757.05,Q13-3A.03~000006,2012,behavioral/externalizing,BEHAVIOR PROBLEMS INDEX: CHILD ARGUES TOO MUCH
Y2875803,0.0,0.0,0,,Y28758.03,Q13-3A.04~000004,2012,behavioral/externalizing,BEHAVIOR PROBLEMS INDEX: CHILD CHEATS OR TELLS LIES
C5965500,0.0,0.0,0,,C59655.00,CSAS024A,2014,peer/neighborhood,CHILD SELF-ADMIN: HAS CHILD EVER SEEN STUDENT CARRY A WEAPON ON
Y3326200,0.0,0.0,0,,Y33262.00,YASR-65A~000001,2014,prior delinquency/contact,CHARGES R MOST RECENTLY CONVICTED OF - ASSAULT
Y3325701,0.0,0.0,0,,Y33257.01,YASR-60B-J~000002,2014,prior delinquency/contact,HOW MANY TIMES IN LAST YEAR R HURT SOMEONE BADLY ENOUGH TO NEED
Y4210000,0.0,0.0,0,,Y42100.00,Q13-3E.04~000019,2018,behavioral/externalizing,BEHAVIOR PROBLEMS INDEX: CHILD HAS STRONG TEMPER AND LOSES IT
Y4210203,0.0,0.0,0,,Y42102.03,Q13-3F.01~000028,2018,behavioral/externalizing,BEHAVIOR PROBLEMS INDEX: CHILD HANGS AROUND WITH KIDS WHO GET INTO
Y4210303,0.0,0.0,0,,Y42103.03,Q13-3F.02~000028,2018,behavioral/externalizing,BEHAVIOR PROBLEMS INDEX: CHILD HANGS AROUND WITH KIDS WHO GET INTO
Y4210403,0.0,0.0,0,,Y42104.03,Q13-3F.03~000028,2018,behavioral/externalizing,BEHAVIOR PROBLEMS INDEX: CHILD HANGS AROUND WITH KIDS WHO GET INTO
Y4210503,0.0,0.0,0,,Y42105.03,Q13-3F.04~000028,2018,behavioral/externalizing,BEHAVIOR PROBLEMS INDEX: CHILD HANGS AROUND WITH KIDS WHO GET INTO
Y4210603,0.0,0.0,0,,Y42106.03,Q13-3F.05~000028,2018,behavioral/externalizing,BEHAVIOR PROBLEMS INDEX: CHILD HANGS AROUND WITH KIDS WHO GET INTO
C6120500,0.0,0.0,0,,C61205.00,CRES2018,2018,family/home,USUAL RESIDENCE OF CHILD
Y4275601,0.0,0.0,0,,Y42756.01,YASR-60B-J~000002,2018,prior delinquency/contact,HOW MANY TIMES IN LAST YEAR R HURT SOMEONE BADLY ENOUGH TO NEED
Y4276200,0.0,0.0,0,,Y42762.00,YASR-65A~000001,2018,prior delinquency/contact,CHARGES R MOST RECENTLY CONVICTED OF - ASSAULT
Y4276201,0.0,0.0,0,,Y42762.01,YASR-65A~000002,2018,prior delinquency/contact,CHARGES R MOST RECENTLY CONVICTED OF - ROBBERY
Y4276202,0.0,0.0,0,,Y42762.02,YASR-65A~000003,2018,prior delinquency/contact,CHARGES R MOST RECENTLY CONVICTED OF - THEFT
Y4276204,0.0,0.0,0,,Y42762.04,YASR-65A~000005,2018,prior delinquency/contact,CHARGES R MOST RECENTLY CONVICTED OF - DESTRUCTION OF PROPERTY
Y4276400,0.0,0.0,0,,Y42764.00,YASR-67,2018,prior delinquency/contact,EVER/SINCE DATE OF LAST INTERVIEW R BEEN ON PROBATION?
Y4276300,0.0,0.0,0,,Y42763.00,YASR-66,2018,prior delinquency/contact,EVER/SINCE DATE OF LAST INTERVIEW R BEEN SENTENCED TO A CORRECTIONS
Y4039500,0.0,0.0,0,,Y40395.00,Q4-5AA,2018,school/achievement,HAS R EVER SEEN A STUDENT CARRY A WEAPON ON SCHOOL PROPERTY
Y4039600,0.0,0.0,0,,Y40396.00,Q4-5AB,2018,school/achievement,IN LAST SCHOOL YEAR HOW OFTEN HAS R SEEN A STUDENT CARRY A WEAPON
Y4275701,0.0,0.0,0,,Y42757.01,YASR-61A-D~000002,2018,school/achievement,IN LAST YEAR R EVER GOTTEN INTO A PHYSICAL FIGHT AT SCHOOL OR WORK
Y4275604,0.0,0.0,0,,Y42756.04,YASR-60B-J~000005,2018,school/achievement,HOW MANY TIMES IN LAST YEAR R DAMAGED SCHOOL PROPERTY ON PURPOSE
Y4276206,0.0,0.0,0,,Y42762.06,YASR-65A~000007,2018,substance/risk behavior,CHARGES R MOST RECENTLY CONVICTED OF - POSSESSION OF MARIJUANA OR
Y4276207,0.0,0.0,0,,Y42762.07,YASR-65A~000008,2018,substance/risk behavior,CHARGES R MOST RECENTLY CONVICTED OF - SELLING OF MARIJUANA OR
Y4528701,0.0,0.0,0,,Y45287.01,Q13-3G.01~000026,2020,behavioral/externalizing,BEHAVIOR PROBLEMS INDEX: CHILD IS DISOBEDIENT AT SCHOOL
Y4528801,0.0,0.0,0,,Y45288.01,Q13-3G.02~000026,2020,behavioral/externalizing,BEHAVIOR PROBLEMS INDEX: CHILD IS DISOBEDIENT AT SCHOOL
Y4528901,0.0,0.0,0,,Y45289.01,Q13-3G.03~000026,2020,behavioral/externalizing,BEHAVIOR PROBLEMS INDEX: CHILD IS DISOBEDIENT AT SCHOOL
Y4529001,0.0,0.0,0,,Y45290.01,Q13-3G.04~000026,2020,behavioral/externalizing,BEHAVIOR PROBLEMS INDEX: CHILD IS DISOBEDIENT AT SCHOOL
Y4210100,0.0,0.0,0,,Y42101.00,Q13-3E.05~000019,2018,behavioral/externalizing,BEHAVIOR PROBLEMS INDEX: CHILD HAS STRONG TEMPER AND LOSES IT
Y4209900,0.0,0.0,0,,Y42099.00,Q13-3E.03~000019,2018,behavioral/externalizing,BEHAVIOR PROBLEMS INDEX: CHILD HAS STRONG TEMPER AND LOSES IT
Y4526203,0.0,0.0,0,,Y45262.03,Q13-3A.01~000004,2020,behavioral/externalizing,BEHAVIOR PROBLEMS INDEX: CHILD CHEATS OR TELLS LIES
Y4209800,0.0,0.0,0,,Y42098.00,Q13-3E.02~000019,2018,behavioral/externalizing,BEHAVIOR PROBLEMS INDEX: CHILD HAS STRONG TEMPER AND LOSES IT
Y4208305,0.0,0.0,0,,Y42083.05,Q13-3A.02~000006,2018,behavioral/externalizing,BEHAVIOR PROBLEMS INDEX: CHILD ARGUES TOO MUCH
Y4208403,0.0,0.0,0,,Y42084.03,Q13-3A.03~000004,2018,behavioral/externalizing,BEHAVIOR PROBLEMS INDEX: CHILD CHEATS OR TELLS LIES
Y4208405,0.0,0.0,0,,Y42084.05,Q13-3A.03~000006,2018,behavioral/externalizing,BEHAVIOR PROBLEMS INDEX: CHILD ARGUES TOO MUCH
Y4208503,0.0,0.0,0,,Y42085.03,Q13-3A.04~000004,2018,behavioral/externalizing,BEHAVIOR PROBLEMS INDEX: CHILD CHEATS OR TELLS LIES
Y4208505,0.0,0.0,0,,Y42085.05,Q13-3A.04~000006,2018,behavioral/externalizing,BEHAVIOR PROBLEMS INDEX: CHILD ARGUES TOO MUCH
Y4208603,0.0,0.0,0,,Y42086.03,Q13-3A.05~000004,2018,behavioral/externalizing,BEHAVIOR PROBLEMS INDEX: CHILD CHEATS OR TELLS LIES
Y4208605,0.0,0.0,0,,Y42086.05,Q13-3A.05~000006,2018,behavioral/externalizing,BEHAVIOR PROBLEMS INDEX: CHILD ARGUES TOO MUCH
Y4208703,0.0,0.0,0,,Y42087.03,Q13-3C.01~000010,2018,behavioral/externalizing,BEHAVIOR PROBLEMS INDEX: CHILD IS DISOBEDIENT AT HOME
Y4208704,0.0,0.0,0,,Y42087.04,Q13-3C.01~000011,2018,behavioral/externalizing,BEHAVIOR PROBLEMS INDEX: CHILD DOES NOT SEEM TO FEEL SORRY AFTER
Y4208803,0.0,0.0,0,,Y42088.03,Q13-3C.02~000010,2018,behavioral/externalizing,BEHAVIOR PROBLEMS INDEX: CHILD IS DISOBEDIENT AT HOME
Y4208804,0.0,0.0,0,,Y42088.04,Q13-3C.02~000011,2018,behavioral/externalizing,BEHAVIOR PROBLEMS INDEX: CHILD DOES NOT SEEM TO FEEL SORRY AFTER
Y4208903,0.0,0.0,0,,Y42089.03,Q13-3C.03~000010,2018,behavioral/externalizing,BEHAVIOR PROBLEMS INDEX: CHILD IS DISOBEDIENT AT HOME
Y4208904,0.0,0.0,0,,Y42089.04,Q13-3C.03~000011,2018,behavioral/externalizing,BEHAVIOR PROBLEMS INDEX: CHILD DOES NOT SEEM TO FEEL SORRY AFTER
Y4209003,0.0,0.0,0,,Y42090.03,Q13-3C.04~000010,2018,behavioral/externalizing,BEHAVIOR PROBLEMS INDEX: CHILD IS DISOBEDIENT AT HOME
Y4209004,0.0,0.0,0,,Y42090.04,Q13-3C.04~000011,2018,behavioral/externalizing,BEHAVIOR PROBLEMS INDEX: CHILD DOES NOT SEEM TO FEEL SORRY AFTER
Y4209103,0.0,0.0,0,,Y42091.03,Q13-3C.05~000010,2018,behavioral/externalizing,BEHAVIOR PROBLEMS INDEX: CHILD IS DISOBEDIENT AT HOME
Y4209104,0.0,0.0,0,,Y42091.04,Q13-3C.05~000011,2018,behavioral/externalizing,BEHAVIOR PROBLEMS INDEX: CHILD DOES NOT SEEM TO FEEL SORRY AFTER
Y4209200,0.0,0.0,0,,Y42092.00,Q13-3D.01~000013,2018,behavioral/externalizing,BEHAVIOR PROBLEMS INDEX: CHILD IS IMPULSIVE OR ACTS WITHOUT
Y4209300,0.0,0.0,0,,Y42093.00,Q13-3D.02~000013,2018,behavioral/externalizing,BEHAVIOR PROBLEMS INDEX: CHILD IS IMPULSIVE OR ACTS WITHOUT
Y4209400,0.0,0.0,0,,Y42094.00,Q13-3D.03~000013,2018,behavioral/externalizing,BEHAVIOR PROBLEMS INDEX: CHILD IS IMPULSIVE OR ACTS WITHOUT
Y4209500,0.0,0.0,0,,Y42095.00,Q13-3D.04~000013,2018,behavioral/externalizing,BEHAVIOR PROBLEMS INDEX: CHILD IS IMPULSIVE OR ACTS WITHOUT
Y4209600,0.0,0.0,0,,Y42096.00,Q13-3D.05~000013,2018,behavioral/externalizing,BEHAVIOR PROBLEMS INDEX: CHILD IS IMPULSIVE OR ACTS WITHOUT
Y4209700,0.0,0.0,0,,Y42097.00,Q13-3E.01~000019,2018,behavioral/externalizing,BEHAVIOR PROBLEMS INDEX: CHILD HAS STRONG TEMPER AND LOSES IT
Y4529101,0.0,0.0,0,,Y45291.01,Q13-3G.05~000026,2020,behavioral/externalizing,BEHAVIOR PROBLEMS INDEX: CHILD IS DISOBEDIENT AT SCHOOL
Y4526205,0.0,0.0,0,,Y45262.05,Q13-3A.01~000006,2020,behavioral/externalizing,BEHAVIOR PROBLEMS INDEX: CHILD ARGUES TOO MUCH
Y2020000,0.0,0.0,0,,Y20200.00,Q4-5AB,2008,school/achievement,IN LAST SCHOOL YEAR HOW OFTEN HAS R SEEN A STUDENT CARRY A WEAPON
Y4528000,0.0,0.0,0,,Y45280.00,Q13-3E.04~000019,2020,behavioral/externalizing,BEHAVIOR PROBLEMS INDEX: CHILD HAS STRONG TEMPER AND LOSES IT
Y4528203,0.0,0.0,0,,Y45282.03,Q13-3F.01~000028,2020,behavioral/externalizing,BEHAVIOR PROBLEMS INDEX: CHILD HANGS AROUND WITH KIDS WHO GET INTO
Y4528303,0.0,0.0,0,,Y45283.03,Q13-3F.02~000028,2020,behavioral/externalizing,BEHAVIOR PROBLEMS INDEX: CHILD HANGS AROUND WITH KIDS WHO GET INTO
Y4528403,0.0,0.0,0,,Y45284.03,Q13-3F.03~000028,2020,behavioral/externalizing,BEHAVIOR PROBLEMS INDEX: CHILD HANGS AROUND WITH KIDS WHO GET INTO
Y4528503,0.0,0.0,0,,Y45285.03,Q13-3F.04~000028,2020,behavioral/externalizing,BEHAVIOR PROBLEMS INDEX: CHILD HANGS AROUND WITH KIDS WHO GET INTO
Y4528603,0.0,0.0,0,,Y45286.03,Q13-3F.05~000028,2020,behavioral/externalizing,BEHAVIOR PROBLEMS INDEX: CHILD HANGS AROUND WITH KIDS WHO GET INTO
Y4596801,0.0,0.0,0,,Y45968.01,YASR-60B-J~000002,2020,prior delinquency/contact,HOW MANY TIMES IN LAST YEAR R HURT SOMEONE BADLY ENOUGH TO NEED
Y4597400,0.0,0.0,0,,Y45974.00,YASR-65A~000001,2020,prior delinquency/contact,CHARGES R MOST RECENTLY CONVICTED OF - ASSAULT
Y4597401,0.0,0.0,0,,Y45974.01,YASR-65A~000002,2020,prior delinquency/contact,CHARGES R MOST RECENTLY CONVICTED OF - ROBBERY
Y4597402,0.0,0.0,0,,Y45974.02,YASR-65A~000003,2020,prior delinquency/contact,CHARGES R MOST RECENTLY CONVICTED OF - THEFT
Y4597404,0.0,0.0,0,,Y45974.04,YASR-65A~000005,2020,prior delinquency/contact,CHARGES R MOST RECENTLY CONVICTED OF - DESTRUCTION OF PROPERTY
Y4597600,0.0,0.0,0,,Y45976.00,YASR-67,2020,prior delinquency/contact,EVER/SINCE DATE OF LAST INTERVIEW R BEEN ON PROBATION?
Y4597500,0.0,0.0,0,,Y45975.00,YASR-66,2020,prior delinquency/contact,EVER/SINCE DATE OF LAST INTERVIEW R BEEN SENTENCED TO A CORRECTIONS
Y4344700,0.0,0.0,0,,Y43447.00,Q4-5AA,2020,school/achievement,HAS R EVER SEEN A STUDENT CARRY A WEAPON ON SCHOOL PROPERTY
Y4344800,0.0,0.0,0,,Y43448.00,Q4-5AB,2020,school/achievement,IN LAST SCHOOL YEAR HOW OFTEN HAS R SEEN A STUDENT CARRY A WEAPON
Y4596901,0.0,0.0,0,,Y45969.01,YASR-61A-D~000002,2020,school/achievement,IN LAST YEAR R EVER GOTTEN INTO A PHYSICAL FIGHT AT SCHOOL OR WORK
Y4596804,0.0,0.0,0,,Y45968.04,YASR-60B-J~000005,2020,school/achievement,HOW MANY TIMES IN LAST YEAR R DAMAGED SCHOOL PROPERTY ON PURPOSE
Y4597406,0.0,0.0,0,,Y45974.06,YASR-65A~000007,2020,substance/risk behavior,CHARGES R MOST RECENTLY CONVICTED OF - POSSESSION OF MARIJUANA OR
Y4597407,0.0,0.0,0,,Y45974.07,YASR-65A~000008,2020,substance/risk behavior,CHARGES R MOST RECENTLY CONVICTED OF - SELLING OF MARIJUANA OR
C0005400,0.0,0.0,0,,C00054.00,CSEX,XRND,background,SEX OF CHILD
C0005800,0.0,0.0,0,,C00058.00,BTHORDR,XRND,background,BIRTH ORDER OF CHILD
C0005300,0.0,0.0,0,,C00053.00,CRACE,XRND,background,RACE OF CHILD (MOTHER'S RACIAL/ETHNIC COHORT FROM SCREENER)
C0007000,0.0,0.0,0,,C00070.00,MAGEBIR,XRND,background,AGE OF MOTHER AT BIRTH OF CHILD
C0005500,0.0,0.0,0,,C00055.00,CMOB,XRND,background,DATE OF BIRTH OF CHILD - MONTH
Y4528100,0.0,0.0,0,,Y45281.00,Q13-3E.05~000019,2020,behavioral/externalizing,BEHAVIOR PROBLEMS INDEX: CHILD HAS STRONG TEMPER AND LOSES IT
Y4527900,0.0,0.0,0,,Y45279.00,Q13-3E.03~000019,2020,behavioral/externalizing,BEHAVIOR PROBLEMS INDEX: CHILD HAS STRONG TEMPER AND LOSES IT
Y4526303,0.0,0.0,0,,Y45263.03,Q13-3A.02~000004,2020,behavioral/externalizing,BEHAVIOR PROBLEMS INDEX: CHILD CHEATS OR TELLS LIES
Y4527800,0.0,0.0,0,,Y45278.00,Q13-3E.02~000019,2020,behavioral/externalizing,BEHAVIOR PROBLEMS INDEX: CHILD HAS STRONG TEMPER AND LOSES IT
Y4526305,0.0,0.0,0,,Y45263.05,Q13-3A.02~000006,2020,behavioral/externalizing,BEHAVIOR PROBLEMS INDEX: CHILD ARGUES TOO MUCH
Y4526403,0.0,0.0,0,,Y45264.03,Q13-3A.03~000004,2020,behavioral/externalizing,BEHAVIOR PROBLEMS INDEX: CHILD CHEATS OR TELLS LIES
Y4526405,0.0,0.0,0,,Y45264.05,Q13-3A.03~000006,2020,behavioral/externalizing,BEHAVIOR PROBLEMS INDEX: CHILD ARGUES TOO MUCH
Y4526503,0.0,0.0,0,,Y45265.03,Q13-3A.04~000004,2020,behavioral/externalizing,BEHAVIOR PROBLEMS INDEX: CHILD CHEATS OR TELLS LIES
Y4526505,0.0,0.0,0,,Y45265.05,Q13-3A.04~000006,2020,behavioral/externalizing,BEHAVIOR PROBLEMS INDEX: CHILD ARGUES TOO MUCH
Y4526603,0.0,0.0,0,,Y45266.03,Q13-3A.05~000004,2020,behavioral/externalizing,BEHAVIOR PROBLEMS INDEX: CHILD CHEATS OR TELLS LIES
Y4526605,0.0,0.0,0,,Y45266.05,Q13-3A.05~000006,2020,behavioral/externalizing,BEHAVIOR PROBLEMS INDEX: CHILD ARGUES TOO MUCH
Y4526703,0.0,0.0,0,,Y45267.03,Q13-3C.01~000010,2020,behavioral/externalizing,BEHAVIOR PROBLEMS INDEX: CHILD IS DISOBEDIENT AT HOME
Y4526704,0.0,0.0,0,,Y45267.04,Q13-3C.01~000011,2020,behavioral/externalizing,BEHAVIOR PROBLEMS INDEX: CHILD DOES NOT SEEM TO FEEL SORRY AFTER
Y4526803,0.0,0.0,0,,Y45268.03,Q13-3C.02~000010,2020,behavioral/externalizing,BEHAVIOR PROBLEMS INDEX: CHILD IS DISOBEDIENT AT HOME
Y4526804,0.0,0.0,0,,Y45268.04,Q13-3C.02~000011,2020,behavioral/externalizing,BEHAVIOR PROBLEMS INDEX: CHILD DOES NOT SEEM TO FEEL SORRY AFTER
Y4526903,0.0,0.0,0,,Y45269.03,Q13-3C.03~000010,2020,behavioral/externalizing,BEHAVIOR PROBLEMS INDEX: CHILD IS DISOBEDIENT AT HOME
Y4526904,0.0,0.0,0,,Y45269.04,Q13-3C.03~000011,2020,behavioral/externalizing,BEHAVIOR PROBLEMS INDEX: CHILD DOES NOT SEEM TO FEEL SORRY AFTER
Y4527003,0.0,0.0,0,,Y45270.03,Q13-3C.04~000010,2020,behavioral/externalizing,BEHAVIOR PROBLEMS INDEX: CHILD IS DISOBEDIENT AT HOME
Y4527004,0.0,0.0,0,,Y45270.04,Q13-3C.04~000011,2020,behavioral/externalizing,BEHAVIOR PROBLEMS INDEX: CHILD DOES NOT SEEM TO FEEL SORRY AFTER
Y4527103,0.0,0.0,0,,Y45271.03,Q13-3C.05~000010,2020,behavioral/externalizing,BEHAVIOR PROBLEMS INDEX: CHILD IS DISOBEDIENT AT HOME
Y4527104,0.0,0.0,0,,Y45271.04,Q13-3C.05~000011,2020,behavioral/externalizing,BEHAVIOR PROBLEMS INDEX: CHILD DOES NOT SEEM TO FEEL SORRY AFTER
Y4527200,0.0,0.0,0,,Y45272.00,Q13-3D.01~000013,2020,behavioral/externalizing,BEHAVIOR PROBLEMS INDEX: CHILD IS IMPULSIVE OR ACTS WITHOUT
Y4527300,0.0,0.0,0,,Y45273.00,Q13-3D.02~000013,2020,behavioral/externalizing,BEHAVIOR PROBLEMS INDEX: CHILD IS IMPULSIVE OR ACTS WITHOUT
Y4527400,0.0,0.0,0,,Y45274.00,Q13-3D.03~000013,2020,behavioral/externalizing,BEHAVIOR PROBLEMS INDEX: CHILD IS IMPULSIVE OR ACTS WITHOUT
Y4527500,0.0,0.0,0,,Y45275.00,Q13-3D.04~000013,2020,behavioral/externalizing,BEHAVIOR PROBLEMS INDEX: CHILD IS IMPULSIVE OR ACTS WITHOUT
Y4527600,0.0,0.0,0,,Y45276.00,Q13-3D.05~000013,2020,behavioral/externalizing,BEHAVIOR PROBLEMS INDEX: CHILD IS IMPULSIVE OR ACTS WITHOUT
Y4527700,0.0,0.0,0,,Y45277.00,Q13-3E.01~000019,2020,behavioral/externalizing,BEHAVIOR PROBLEMS INDEX: CHILD HAS STRONG TEMPER AND LOSES IT
Y4208303,0.0,0.0,0,,Y42083.03,Q13-3A.02~000004,2018,behavioral/externalizing,BEHAVIOR PROBLEMS INDEX: CHILD CHEATS OR TELLS LIES
Y4208205,0.0,0.0,0,,Y42082.05,Q13-3A.01~000006,2018,behavioral/externalizing,BEHAVIOR PROBLEMS INDEX: CHILD ARGUES TOO MUCH
Y4208203,0.0,0.0,0,,Y42082.03,Q13-3A.01~000004,2018,behavioral/externalizing,BEHAVIOR PROBLEMS INDEX: CHILD CHEATS OR TELLS LIES
C6053200,0.0,0.0,0,,C60532.00,BPEXTP2016,2016,behavioral/externalizing,BEHAVIOR PROBLEMS INDEX: EXTERNAL PERCENTILE SCORE TRICHOTOMOUS
C6053500,0.0,0.0,0,,C60535.00,ANTI2016,2016,behavioral/externalizing,BEHAVIOR PROBLEMS INDEX: ANTISOCIAL RAW SCORE
C6053600,0.0,0.0,0,,C60536.00,ANTIPX2016,2016,behavioral/externalizing,BEHAVIOR PROBLEMS INDEX: ANTISOCIAL PERCENTILE SCORE - SAME SEX
C6053700,0.0,0.0,0,,C60537.00,ANTIP2016,2016,behavioral/externalizing,BEHAVIOR PROBLEMS INDEX: ANTISOCIAL PERCENTILE SCORE - ALL CHILDREN
C6053800,0.0,0.0,0,,C60538.00,ANTIZX2016,2016,behavioral/externalizing,BEHAVIOR PROBLEMS INDEX: ANTISOCIAL STANDARD SCORE - SAME SEX
C6053900,0.0,0.0,0,,C60539.00,ANTIZ2016,2016,behavioral/externalizing,BEHAVIOR PROBLEMS INDEX: ANTISOCIAL STANDARD SCORE - ALL CHILDREN
C6099800,0.0,0.0,0,,C60998.00,MS-BPI-04,2016,behavioral/externalizing,BEHAVIOR PROBLEMS INDEX: CHILD CHEATS OR TELLS LIES
C6100000,0.0,0.0,0,,C61000.00,MS-BPI-06,2016,behavioral/externalizing,BEHAVIOR PROBLEMS INDEX: CHILD ARGUES TOO MUCH
C6100400,0.0,0.0,0,,C61004.00,MS-BPI-10,2016,behavioral/externalizing,BEHAVIOR PROBLEMS INDEX: CHILD IS DISOBEDIENT AT HOME
C6100500,0.0,0.0,0,,C61005.00,MS-BPI-11,2016,behavioral/externalizing,BEHAVIOR PROBLEMS INDEX: CHILD DOES NOT SEEM TO FEEL SORRY AFTER
C6100700,0.0,0.0,0,,C61007.00,MS-BPI-13,2016,behavioral/externalizing,BEHAVIOR PROBLEMS INDEX: CHILD IS IMPULSIVE OR ACTS WITHOUT
C6101300,0.0,0.0,0,,C61013.00,MS-BPI-19,2016,behavioral/externalizing,BEHAVIOR PROBLEMS INDEX: CHILD HAS STRONG TEMPER AND LOSES IT
Y3586303,0.0,0.0,0,,Y35863.03,Q13-3A.01~000004,2016,behavioral/externalizing,BEHAVIOR PROBLEMS INDEX: CHILD CHEATS OR TELLS LIES
Y3586305,0.0,0.0,0,,Y35863.05,Q13-3A.01~000006,2016,behavioral/externalizing,BEHAVIOR PROBLEMS INDEX: CHILD ARGUES TOO MUCH
Y3586403,0.0,0.0,0,,Y35864.03,Q13-3A.02~000004,2016,behavioral/externalizing,BEHAVIOR PROBLEMS INDEX: CHILD CHEATS OR TELLS LIES
Y3586405,0.0,0.0,0,,Y35864.05,Q13-3A.02~000006,2016,behavioral/externalizing,BEHAVIOR PROBLEMS INDEX: CHILD ARGUES TOO MUCH
Y3586503,0.0,0.0,0,,Y35865.03,Q13-3A.03~000004,2016,behavioral/externalizing,BEHAVIOR PROBLEMS INDEX: CHILD CHEATS OR TELLS LIES
Y3586505,0.0,0.0,0,,Y35865.05,Q13-3A.03~000006,2016,behavioral/externalizing,BEHAVIOR PROBLEMS INDEX: CHILD ARGUES TOO MUCH
Y3586603,0.0,0.0,0,,Y35866.03,Q13-3A.04~000004,2016,behavioral/externalizing,BEHAVIOR PROBLEMS INDEX: CHILD CHEATS OR TELLS LIES
Y3586605,0.0,0.0,0,,Y35866.05,Q13-3A.04~000006,2016,behavioral/externalizing,BEHAVIOR PROBLEMS INDEX: CHILD ARGUES TOO MUCH
Y3586703,0.0,0.0,0,,Y35867.03,Q13-3A.05~000004,2016,behavioral/externalizing,BEHAVIOR PROBLEMS INDEX: CHILD CHEATS OR TELLS LIES
Y3586705,0.0,0.0,0,,Y35867.05,Q13-3A.05~000006,2016,behavioral/externalizing,BEHAVIOR PROBLEMS INDEX: CHILD ARGUES TOO MUCH
Y3586803,0.0,0.0,0,,Y35868.03,Q13-3A.06~000004,2016,behavioral/externalizing,BEHAVIOR PROBLEMS INDEX: CHILD CHEATS OR TELLS LIES
Y3586805,0.0,0.0,0,,Y35868.05,Q13-3A.06~000006,2016,behavioral/externalizing,BEHAVIOR PROBLEMS INDEX: CHILD ARGUES TOO MUCH
C6053300,0.0,0.0,0,,C60533.00,BPEXTZ2016,2016,behavioral/externalizing,BEHAVIOR PROBLEMS INDEX: EXTERNAL STANDARD SCORE TRICHOTOMOUS ITEMS
C6052700,0.0,0.0,0,,C60527.00,BPEXTR2016,2016,behavioral/externalizing,BEHAVIOR PROBLEMS INDEX: EXTERNAL SCORE TRICHOTOMOUS ITEMS
Y4211101,0.0,0.0,0,,Y42111.01,Q13-3G.05~000026,2018,behavioral/externalizing,BEHAVIOR PROBLEMS INDEX: CHILD IS DISOBEDIENT AT SCHOOL
C6052600,0.0,0.0,0,,C60526.00,BPMIS22016,2016,behavioral/externalizing,BEHAVIOR PROBLEMS INDEX: EXTERNAL RAW SCORE TRICHOTOMOUS ITEMS -
Y3326201,0.0,0.0,0,,Y33262.01,YASR-65A~000002,2014,prior delinquency/contact,CHARGES R MOST RECENTLY CONVICTED OF - ROBBERY
Y3326202,0.0,0.0,0,,Y33262.02,YASR-65A~000003,2014,prior delinquency/contact,CHARGES R MOST RECENTLY CONVICTED OF - THEFT
Y3326204,0.0,0.0,0,,Y33262.04,YASR-65A~000005,2014,prior delinquency/contact,CHARGES R MOST RECENTLY CONVICTED OF - DESTRUCTION OF PROPERTY
Y3326400,0.0,0.0,0,,Y33264.00,YASR-67,2014,prior delinquency/contact,EVER/SINCE DATE OF LAST INTERVIEW R BEEN ON PROBATION?
Y3326300,0.0,0.0,0,,Y33263.00,YASR-66,2014,prior delinquency/contact,EVER/SINCE DATE OF LAST INTERVIEW R BEEN SENTENCED TO A CORRECTIONS
Y3030900,0.0,0.0,0,,Y30309.00,Q4-5AA,2014,school/achievement,HAS R EVER SEEN A STUDENT CARRY A WEAPON ON SCHOOL PROPERTY
Y3031000,0.0,0.0,0,,Y30310.00,Q4-5AB,2014,school/achievement,IN LAST SCHOOL YEAR HOW OFTEN HAS R SEEN A STUDENT CARRY A WEAPON
Y3325801,0.0,0.0,0,,Y33258.01,YASR-61A-D~000002,2014,school/achievement,IN LAST YEAR R EVER GOTTEN INTO A PHYSICAL FIGHT AT SCHOOL OR WORK
C5967900,0.0,0.0,0,,C59679.00,CSAS040E,2014,school/achievement,CHILD SELF-ADMIN: HOW OFTEN IN LAST YEAR DAMAGED SCHOOL PROPERTY ON
Y3325704,0.0,0.0,0,,Y33257.04,YASR-60B-J~000005,2014,school/achievement,HOW MANY TIMES IN LAST YEAR R DAMAGED SCHOOL PROPERTY ON PURPOSE
Y3327000,0.0,0.0,0,,Y33270.00,YASR-69B,2014,socioeconomic/work,WAS ANY OF VOLUNTEER WORK R HAS DONE COURT ORDERED?
C5971300,0.0,0.0,0,,C59713.00,CSAS056B,2014,substance/risk behavior,CHILD SELF-ADMIN: CHILD'S AGE WHEN FIRST DRANK ALCOHOL
C5971500,0.0,0.0,0,,C59715.00,CSAS057B,2014,substance/risk behavior,CHILD SELF-ADMIN: CHILD'S AGE WHEN FIRST DRANK ALCOHOL MORE THAN
C5972100,0.0,0.0,0,,C59721.00,CSAS063,2014,substance/risk behavior,CHILD SELF-ADMIN: CHILD'S AGE WHEN FIRST USED MARIJUANA
Y3326206,0.0,0.0,0,,Y33262.06,YASR-65A~000007,2014,substance/risk behavior,CHARGES R MOST RECENTLY CONVICTED OF - POSSESSION OF MARIJUANA OR
Y3326207,0.0,0.0,0,,Y33262.07,YASR-65A~000008,2014,substance/risk behavior,CHARGES R MOST RECENTLY CONVICTED OF - SELLING OF MARIJUANA OR
C6102600,0.0,0.0,0,,C61026.00,MS-BPI-31,2016,behavioral/externalizing,BEHAVIOR PROBLEMS INDEX: CHILD IS DISOBEDIENT AT SCHOOL
Y3589301,0.0,0.0,0,,Y35893.01,Q13-3G.01~000026,2016,behavioral/externalizing,BEHAVIOR PROBLEMS INDEX: CHILD IS DISOBEDIENT AT SCHOOL
Y3589401,0.0,0.0,0,,Y35894.01,Q13-3G.02~000026,2016,behavioral/externalizing,BEHAVIOR PROBLEMS INDEX: CHILD IS DISOBEDIENT AT SCHOOL
Y3589501,0.0,0.0,0,,Y35895.01,Q13-3G.03~000026,2016,behavioral/externalizing,BEHAVIOR PROBLEMS INDEX: CHILD IS DISOBEDIENT AT SCHOOL
Y3589601,0.0,0.0,0,,Y35896.01,Q13-3G.04~000026,2016,behavioral/externalizing,BEHAVIOR PROBLEMS INDEX: CHILD IS DISOBEDIENT AT SCHOOL
Y3589701,0.0,0.0,0,,Y35897.01,Q13-3G.05~000026,2016,behavioral/externalizing,BEHAVIOR PROBLEMS INDEX: CHILD IS DISOBEDIENT AT SCHOOL
Y3589801,0.0,0.0,0,,Y35898.01,Q13-3G.06~000026,2016,behavioral/externalizing,BEHAVIOR PROBLEMS INDEX: CHILD IS DISOBEDIENT AT SCHOOL
Y3586903,0.0,0.0,0,,Y35869.03,Q13-3C.01~000010,2016,behavioral/externalizing,BEHAVIOR PROBLEMS INDEX: CHILD IS DISOBEDIENT AT HOME
Y3586904,0.0,0.0,0,,Y35869.04,Q13-3C.01~000011,2016,behavioral/externalizing,BEHAVIOR PROBLEMS INDEX: CHILD DOES NOT SEEM TO FEEL SORRY AFTER
Y3587003,0.0,0.0,0,,Y35870.03,Q13-3C.02~000010,2016,behavioral/externalizing,BEHAVIOR PROBLEMS INDEX: CHILD IS DISOBEDIENT AT HOME
Y3587004,0.0,0.0,0,,Y35870.04,Q13-3C.02~000011,2016,behavioral/externalizing,BEHAVIOR PROBLEMS INDEX: CHILD DOES NOT SEEM TO FEEL SORRY AFTER
Y3589203,0.0,0.0,0,,Y35892.03,Q13-3F.06~000028,2016,behavioral/externalizing,BEHAVIOR PROBLEMS INDEX: CHILD HANGS AROUND WITH KIDS WHO GET INTO
Y3676100,0.0,0.0,0,,Y36761.00,NUMINHH2016,2016,family/home,NUMBER OF HOUSEHOLD MEMBERS IN HH OF R
Y3676400,0.0,0.0,0,,Y36764.00,RESTYPE2016,2016,family/home,TYPE OF RESIDENCE R LIVES IN - CONSTRUCTED
Y3563900,0.0,0.0,0,,Y35639.00,Q12-172,2016,other,HOW MANY (MORE) CHILDREN DOES R EXPECT TO HAVE? (NONE OR SELECT TO
Y3662000,0.0,0.0,0,,Y36620.00,YASR-10-1,2016,other,HOW MANY HOURS IN A TYPICAL WEEK R WATCHES TV (CATEGORICAL)
Y3670801,0.0,0.0,0,,Y36708.01,YASR-60B-J~000002,2016,prior delinquency/contact,HOW MANY TIMES IN LAST YEAR R HURT SOMEONE BADLY ENOUGH TO NEED
Y3671400,0.0,0.0,0,,Y36714.00,YASR-65A~000001,2016,prior delinquency/contact,CHARGES R MOST RECENTLY CONVICTED OF - ASSAULT
Y3671401,0.0,0.0,0,,Y36714.01,YASR-65A~000002,2016,prior delinquency/contact,CHARGES R MOST RECENTLY CONVICTED OF - ROBBERY
Y3671402,0.0,0.0,0,,Y36714.02,YASR-65A~000003,2016,prior delinquency/contact,CHARGES R MOST RECENTLY CONVICTED OF - THEFT
Y3671404,0.0,0.0,0,,Y36714.04,YASR-65A~000005,2016,prior delinquency/contact,CHARGES R MOST RECENTLY CONVICTED OF - DESTRUCTION OF PROPERTY
Y3671600,0.0,0.0,0,,Y36716.00,YASR-67,2016,prior delinquency/contact,EVER/SINCE DATE OF LAST INTERVIEW R BEEN ON PROBATION?
Y3671500,0.0,0.0,0,,Y36715.00,YASR-66,2016,prior delinquency/contact,EVER/SINCE DATE OF LAST INTERVIEW R BEEN SENTENCED TO A CORRECTIONS
Y3373600,0.0,0.0,0,,Y33736.00,Q2-43,2016,school/achievement,IN PAST YEAR HOW OFTEN R HAS ATTENDED RELIGIOUS SERVICES
Y3396400,0.0,0.0,0,,Y33964.00,Q4-5AA,2016,school/achievement,HAS R EVER SEEN A STUDENT CARRY A WEAPON ON SCHOOL PROPERTY
Y3396500,0.0,0.0,0,,Y33965.00,Q4-5AB,2016,school/achievement,IN LAST SCHOOL YEAR HOW OFTEN HAS R SEEN A STUDENT CARRY A WEAPON
Y3670901,0.0,0.0,0,,Y36709.01,YASR-61A-D~000002,2016,school/achievement,IN LAST YEAR R EVER GOTTEN INTO A PHYSICAL FIGHT AT SCHOOL OR WORK
Y3670804,0.0,0.0,0,,Y36708.04,YASR-60B-J~000005,2016,school/achievement,HOW MANY TIMES IN LAST YEAR R DAMAGED SCHOOL PROPERTY ON PURPOSE
Y3671406,0.0,0.0,0,,Y36714.06,YASR-65A~000007,2016,substance/risk behavior,CHARGES R MOST RECENTLY CONVICTED OF - POSSESSION OF MARIJUANA OR
Y3671407,0.0,0.0,0,,Y36714.07,YASR-65A~000008,2016,substance/risk behavior,CHARGES R MOST RECENTLY CONVICTED OF - SELLING OF MARIJUANA OR
Y4210701,0.0,0.0,0,,Y42107.01,Q13-3G.01~000026,2018,behavioral/externalizing,BEHAVIOR PROBLEMS INDEX: CHILD IS DISOBEDIENT AT SCHOOL
Y4210801,0.0,0.0,0,,Y42108.01,Q13-3G.02~000026,2018,behavioral/externalizing,BEHAVIOR PROBLEMS INDEX: CHILD IS DISOBEDIENT AT SCHOOL
Y4210901,0.0,0.0,0,,Y42109.01,Q13-3G.03~000026,2018,behavioral/externalizing,BEHAVIOR PROBLEMS INDEX: CHILD IS DISOBEDIENT AT SCHOOL
Y4211001,0.0,0.0,0,,Y42110.01,Q13-3G.04~000026,2018,behavioral/externalizing,BEHAVIOR PROBLEMS INDEX: CHILD IS DISOBEDIENT AT SCHOOL
Y3589103,0.0,0.0,0,,Y35891.03,Q13-3F.05~000028,2016,behavioral/externalizing,BEHAVIOR PROBLEMS INDEX: CHILD HANGS AROUND WITH KIDS WHO GET INTO
Y3589003,0.0,0.0,0,,Y35890.03,Q13-3F.04~000028,2016,behavioral/externalizing,BEHAVIOR PROBLEMS INDEX: CHILD HANGS AROUND WITH KIDS WHO GET INTO
Y3588903,0.0,0.0,0,,Y35889.03,Q13-3F.03~000028,2016,behavioral/externalizing,BEHAVIOR PROBLEMS INDEX: CHILD HANGS AROUND WITH KIDS WHO GET INTO
Y3587700,0.0,0.0,0,,Y35877.00,Q13-3D.03~000013,2016,behavioral/externalizing,BEHAVIOR PROBLEMS INDEX: CHILD IS IMPULSIVE OR ACTS WITHOUT
Y3587103,0.0,0.0,0,,Y35871.03,Q13-3C.03~000010,2016,behavioral/externalizing,BEHAVIOR PROBLEMS INDEX: CHILD IS DISOBEDIENT AT HOME
Y3587104,0.0,0.0,0,,Y35871.04,Q13-3C.03~000011,2016,behavioral/externalizing,BEHAVIOR PROBLEMS INDEX: CHILD DOES NOT SEEM TO FEEL SORRY AFTER
Y3587203,0.0,0.0,0,,Y35872.03,Q13-3C.04~000010,2016,behavioral/externalizing,BEHAVIOR PROBLEMS INDEX: CHILD IS DISOBEDIENT AT HOME
Y3587204,0.0,0.0,0,,Y35872.04,Q13-3C.04~000011,2016,behavioral/externalizing,BEHAVIOR PROBLEMS INDEX: CHILD DOES NOT SEEM TO FEEL SORRY AFTER
Y3587303,0.0,0.0,0,,Y35873.03,Q13-3C.05~000010,2016,behavioral/externalizing,BEHAVIOR PROBLEMS INDEX: CHILD IS DISOBEDIENT AT HOME
Y3587304,0.0,0.0,0,,Y35873.04,Q13-3C.05~000011,2016,behavioral/externalizing,BEHAVIOR PROBLEMS INDEX: CHILD DOES NOT SEEM TO FEEL SORRY AFTER
Y3587403,0.0,0.0,0,,Y35874.03,Q13-3C.06~000010,2016,behavioral/externalizing,BEHAVIOR PROBLEMS INDEX: CHILD IS DISOBEDIENT AT HOME
Y3587404,0.0,0.0,0,,Y35874.04,Q13-3C.06~000011,2016,behavioral/externalizing,BEHAVIOR PROBLEMS INDEX: CHILD DOES NOT SEEM TO FEEL SORRY AFTER
Y3587500,0.0,0.0,0,,Y35875.00,Q13-3D.01~000013,2016,behavioral/externalizing,BEHAVIOR PROBLEMS INDEX: CHILD IS IMPULSIVE OR ACTS WITHOUT
Y3587600,0.0,0.0,0,,Y35876.00,Q13-3D.02~000013,2016,behavioral/externalizing,BEHAVIOR PROBLEMS INDEX: CHILD IS IMPULSIVE OR ACTS WITHOUT
Y3587800,0.0,0.0,0,,Y35878.00,Q13-3D.04~000013,2016,behavioral/externalizing,BEHAVIOR PROBLEMS INDEX: CHILD IS IMPULSIVE OR ACTS WITHOUT
Y3588803,0.0,0.0,0,,Y35888.03,Q13-3F.02~000028,2016,behavioral/externalizing,BEHAVIOR PROBLEMS INDEX: CHILD HANGS AROUND WITH KIDS WHO GET INTO
Y3587900,0.0,0.0,0,,Y35879.00,Q13-3D.05~000013,2016,behavioral/externalizing,BEHAVIOR PROBLEMS INDEX: CHILD IS IMPULSIVE OR ACTS WITHOUT
Y3588000,0.0,0.0,0,,Y35880.00,Q13-3D.06~000013,2016,behavioral/externalizing,BEHAVIOR PROBLEMS INDEX: CHILD IS IMPULSIVE OR ACTS WITHOUT
Y3588100,0.0,0.0,0,,Y35881.00,Q13-3E.01~000019,2016,behavioral/externalizing,BEHAVIOR PROBLEMS INDEX: CHILD HAS STRONG TEMPER AND LOSES IT
Y3588200,0.0,0.0,0,,Y35882.00,Q13-3E.02~000019,2016,behavioral/externalizing,BEHAVIOR PROBLEMS INDEX: CHILD HAS STRONG TEMPER AND LOSES IT
Y3588300,0.0,0.0,0,,Y35883.00,Q13-3E.03~000019,2016,behavioral/externalizing,BEHAVIOR PROBLEMS INDEX: CHILD HAS STRONG TEMPER AND LOSES IT
Y3588400,0.0,0.0,0,,Y35884.00,Q13-3E.04~000019,2016,behavioral/externalizing,BEHAVIOR PROBLEMS INDEX: CHILD HAS STRONG TEMPER AND LOSES IT
Y3588500,0.0,0.0,0,,Y35885.00,Q13-3E.05~000019,2016,behavioral/externalizing,BEHAVIOR PROBLEMS INDEX: CHILD HAS STRONG TEMPER AND LOSES IT
Y3588600,0.0,0.0,0,,Y35886.00,Q13-3E.06~000019,2016,behavioral/externalizing,BEHAVIOR PROBLEMS INDEX: CHILD HAS STRONG TEMPER AND LOSES IT
C6102200,0.0,0.0,0,,C61022.00,MS-BPI-28,2016,behavioral/externalizing,BEHAVIOR PROBLEMS INDEX: CHILD HANGS AROUND WITH KIDS WHO GET INTO
Y3588703,0.0,0.0,0,,Y35887.03,Q13-3F.01~000028,2016,behavioral/externalizing,BEHAVIOR PROBLEMS INDEX: CHILD HANGS AROUND WITH KIDS WHO GET INTO
Y2257500,0.0,0.0,0,,Y22575.00,YASR-61B,2008,school/achievement,IN LAST YEAR R EVER GOTTEN INTO A PHYSICAL FIGHT AT SCHOOL OR WORK
C0566600,0.0,0.0,0,,C05666.00,MS860544,1986,behavioral/externalizing,BEHAVIOR PROBLEMS INDEX: CHILD IS DISOBEDIENT AT SCHOOL
C0564300,0.0,0.0,0,,C05643.00,MS860521,1986,behavioral/externalizing,BEHAVIOR PROBLEMS INDEX: CHILD CHEATS OR TELLS LIES
Y0379900,0.0,0.0,0,,Y03799.00,YASR-66F,1994,prior delinquency/contact,YA SELF-REPORT: AGE WHEN FIRST REFERRED TO COURT-RELATED COUNSELING
Y0380500,0.0,0.0,0,,Y03805.00,YASR-69B,1994,socioeconomic/work,YA SELF-REPORT: WAS VOLUNTEER WORK COURT ORDERED?
C1370100,0.0,0.0,0,,C13701.00,CS942641,1994,substance/risk behavior,CHILD SELF-ADMIN: CHILD'S AGE WHEN FIRST DRANK ALCOHOL
C1370500,0.0,0.0,0,,C13705.00,CS942649,1994,substance/risk behavior,CHILD SELF-ADMIN: CHILD'S AGE WHEN FIRST USED MARIJUANA
Y0377900,0.0,0.0,0,,Y03779.00,YASR-65A~000007,1994,substance/risk behavior,YA SELF-REPORT: EVER CONVICTED OF POSSESSION OF MARIJUANA OR
Y0378000,0.0,0.0,0,,Y03780.00,YASR-65A~000008,1994,substance/risk behavior,YA SELF-REPORT: EVER CONVICTED OF SELLING MARIJUANA OR HASHISH?
Y0378100,0.0,0.0,0,,Y03781.00,YASR-65A~000009,1994,substance/risk behavior,YA SELF-REPORT: EVER CONVICTED OF POSSESSION/USE OF ILLICIT DRUGS?
Y0378400,0.0,0.0,0,,Y03784.00,YASR-65A~000012,1994,substance/risk behavior,YASR: EVER CONVICTED OF DRINKING/PURCHASING ALCOHOL WHILE UNDER
S0042900,0.0,0.0,0,,S00429.00,P1Q38F,1995,school/achievement,PRINCIPAL #1: SCHOOL PROBLEM - DEGREE OF ROBBERY OR THEFT
S0043800,0.0,0.0,0,,S00438.00,P1Q38O,1995,school/achievement,PRINCIPAL #1: SCHOOL PROBLEM - DEGREE OF POSSESSION OF WEAPONS
S0062300,0.0,0.0,0,,S00623.00,P2Q38F,1995,school/achievement,PRINCIPAL #2: SCHOOL PROBLEM - DEGREE OF ROBBERY OR THEFT
S0063200,0.0,0.0,0,,S00632.00,P2Q38O,1995,school/achievement,PRINCIPAL #2: SCHOOL PROBLEM - DEGREE OF POSSESSION OF WEAPONS
S0013300,0.0,0.0,0,,S00133.00,C1Q59,1995,school/achievement,SCHOOLING #1: AMOUNT OF HOMEWORK ASSIGNED AT GRADE LEVEL
C1639100,0.0,0.0,0,,C16391.00,MS961519,1996,behavioral/externalizing,BEHAVIOR PROBLEMS INDEX: CHILD IS DISOBEDIENT AT SCHOOL
C1558800,0.0,0.0,0,,C15588.00,ANTI1996,1996,behavioral/externalizing,BEHAVIOR PROBLEMS INDEX: ANTISOCIAL RAW SCORE
C1559500,0.0,0.0,0,,C15595.00,ANTIP1996,1996,behavioral/externalizing,BEHAVIOR PROBLEMS INDEX: ANTISOCIAL PERCENTILE SCORE - ALL CHILDREN
C1560200,0.0,0.0,0,,C15602.00,ANTIZ1996,1996,behavioral/externalizing,BEHAVIOR PROBLEMS INDEX: ANTISOCIAL STANDARD SCORE - ALL CHILDREN
C1560900,0.0,0.0,0,,C15609.00,ANTIPX1996,1996,behavioral/externalizing,BEHAVIOR PROBLEMS INDEX: ANTISOCIAL PERCENTILE SCORE - SAME SEX
C1561600,0.0,0.0,0,,C15616.00,ANTIZX1996,1996,behavioral/externalizing,BEHAVIOR PROBLEMS INDEX: ANTISOCIAL STANDARD SCORE - SAME SEX
C1562500,0.0,0.0,0,,C15625.00,BPEXTR1996,1996,behavioral/externalizing,BEHAVIOR PROBLEMS INDEX: EXTERNAL SCORE TRICHOTOMOUS ITEMS
C1562600,0.0,0.0,0,,C15626.00,BPEXTP1996,1996,behavioral/externalizing,BEHAVIOR PROBLEMS INDEX: EXTERNAL PERCENTILE SCORE TRICHOTOMOUS
C1562700,0.0,0.0,0,,C15627.00,BPEXTZ1996,1996,behavioral/externalizing,BEHAVIOR PROBLEMS INDEX: EXTERNAL STANDARD SCORE TRICHOTOMOUS ITEMS
C1563200,0.0,0.0,0,,C15632.00,BPMIS21996,1996,behavioral/externalizing,BEHAVIOR PROBLEMS INDEX: EXTERNAL RAW SCORE TRICHOTOMOUS ITEMS -
C1636400,0.0,0.0,0,,C16364.00,MS961429,1996,behavioral/externalizing,BEHAVIOR PROBLEMS INDEX: CHILD CHEATS OR TELLS LIES
C1366500,0.0,0.0,0,,C13665.00,CS942523,1994,school/achievement,CHILD SELF-ADMIN: HOW OFTEN IN LAST YEAR DAMAGED SCHOOL PROPERTY ON
Y0379800,0.0,0.0,0,,Y03798.00,YASR-66E,1994,prior delinquency/contact,YA SELF-REPORT: NUMBER OF TIMES REFERRED TO COURT-RELATED
C1637000,0.0,0.0,0,,C16370.00,MS961441,1996,behavioral/externalizing,BEHAVIOR PROBLEMS INDEX: CHILD IS DISOBEDIENT AT HOME
Y0379700,0.0,0.0,0,,Y03797.00,YASR-66D,1994,prior delinquency/contact,YASR: EVER BEEN REFERRED TO COURT-RELATED COUNSELING BY
C1504700,0.0,0.0,0,,C15047.00,ANTIZX1994,1994,behavioral/externalizing,BEHAVIOR PROBLEMS INDEX: ANTISOCIAL STANDARD SCORE - SAME SEX
C1505600,0.0,0.0,0,,C15056.00,BPEXTR1994,1994,behavioral/externalizing,BEHAVIOR PROBLEMS INDEX: EXTERNAL SCORE TRICHOTOMOUS ITEMS
C1505700,0.0,0.0,0,,C15057.00,BPEXTP1994,1994,behavioral/externalizing,BEHAVIOR PROBLEMS INDEX: EXTERNAL PERCENTILE SCORE TRICHOTOMOUS
C1505800,0.0,0.0,0,,C15058.00,BPEXTS1994,1994,behavioral/externalizing,BEHAVIOR PROBLEMS INDEX: EXTERNAL STANDARD SCORE TRICHOTOMOUS ITEMS
C1506300,0.0,0.0,0,,C15063.00,BPMIS21994,1994,behavioral/externalizing,BEHAVIOR PROBLEMS INDEX: EXTERNAL RAW SCORE TRICHOTOMOUS ITEMS -
C1437200,0.0,0.0,0,,C14372.00,MS941513,1994,behavioral/externalizing,BEHAVIOR PROBLEMS INDEX: CHILD HANGS AROUND WITH KIDS WHO GET INTO
C0127914,0.0,0.0,0,,C01279.14,NH12_171994,1994,family/home,# HOUSEHOLD MEMBERS AGED 12 - 17 IN HOUSEHOLD OF MOTHER
C1220200,0.0,0.0,0,,C12202.00,CS94H-22,1994,health,HEALTH: CHILD'S HEIGHT - FEET
C1366200,0.0,0.0,0,,C13662.00,CS942517,1994,prior delinquency/contact,CHILD SELF-ADMIN: HOW OFTEN IN LAST YEAR HURT SOMEONE BAD ENOUGH TO
Y0375200,0.0,0.0,0,,Y03752.00,YASR-61E,1994,prior delinquency/contact,YA SELF-REPORT: EVER IN LAST YEAR DAMAGED PROPERTY OF OTHERS ON
Y0375300,0.0,0.0,0,,Y03753.00,YASR-61B,1994,prior delinquency/contact,YA SELF-REPORT: HAVE YOU EVER IN PAST YEAR GOTTEN INTO FIGHT AT
Y0376500,0.0,0.0,0,,Y03765.00,YASR-61O,1994,prior delinquency/contact,YA SELF-REPORT: HAVE YOU EVER IN LAST YEAR HURT SOMEONE ENOUGH TO
Y0376800,0.0,0.0,0,,Y03768.00,YASR-62A,1994,prior delinquency/contact,YASR: EVER BEEN CONVICTED OF CHARGES OTHER THAN MINOR TRAFFIC
Y0376900,0.0,0.0,0,,Y03769.00,YASR-63,1994,prior delinquency/contact,YA SELF-REPORT: NUMBER OF TIMES BEEN CONVICTED OF SOMETHING
Y0377300,0.0,0.0,0,,Y03773.00,YASR-65A~000001,1994,prior delinquency/contact,YA SELF-REPORT: EVER CONVICTED OF ASSAULT?
Y0377400,0.0,0.0,0,,Y03774.00,YASR-65A~000002,1994,prior delinquency/contact,YA SELF-REPORT: EVER CONVICTED OF ROBBERY?
Y0377500,0.0,0.0,0,,Y03775.00,YASR-65A~000003,1994,prior delinquency/contact,YA SELF-REPORT: EVER CONVICTED OF THEFT?
Y0377600,0.0,0.0,0,,Y03776.00,YASR-65A~000004,1994,prior delinquency/contact,YA SELF-REPORT: EVER CONVICTED OF FENCING/RECEIVING/SELLING STOLEN
Y0377700,0.0,0.0,0,,Y03777.00,YASR-65A~000005,1994,prior delinquency/contact,YA SELF-REPORT: EVER CONVICTED OF DESTRUCTION OF PROPERTY?
Y0378600,0.0,0.0,0,,Y03786.00,YASR-65B,1994,prior delinquency/contact,YA SELF-REPORT: EVER BEEN CONVICTED OF ANYTHING IN ADULT COURT?
Y0378700,0.0,0.0,0,,Y03787.00,YASR-67,1994,prior delinquency/contact,YA SELF-REPORT: EVER BEEN ON PROBATION?
Y0379000,0.0,0.0,0,,Y03790.00,YASR-67B,1994,prior delinquency/contact,YA SELF-REPORT: STILL ON PROBATION
Y0379100,0.0,0.0,0,,Y03791.00,YASR-66,1994,prior delinquency/contact,YASR: EVER BEEN SENTENCED TO A CORRECTIONS INSTITUTION/JAIL/REFORM
C1636600,0.0,0.0,0,,C16366.00,MS961433,1996,behavioral/externalizing,BEHAVIOR PROBLEMS INDEX: CHILD ARGUES TOO MUCH
C1637100,0.0,0.0,0,,C16371.00,MS961443,1996,behavioral/externalizing,BEHAVIOR PROBLEMS INDEX: CHILD DOES NOT SEEM TO FEEL SORRY AFTER
C1503300,0.0,0.0,0,,C15033.00,ANTIZ1994,1994,behavioral/externalizing,BEHAVIOR PROBLEMS INDEX: ANTISOCIAL STANDARD SCORE - ALL CHILDREN
C1592100,0.0,0.0,0,,C15921.00,CS960935,1996,substance/risk behavior,CHILD SELF-ADMIN: CHILD'S AGE WHEN FIRST DRANK ALCOHOL
Y0671600,0.0,0.0,0,,Y06716.00,YASR-65A~000007,1996,substance/risk behavior,YA SELF-REPORT: EVER CONVICTED OF POSSESSION OF MARIJUANA OR
Y0671700,0.0,0.0,0,,Y06717.00,YASR-65A~000008,1996,substance/risk behavior,YA SELF-REPORT: EVER CONVICTED OF SELLING MARIJUANA OR HASHISH?
Y0671800,0.0,0.0,0,,Y06718.00,YASR-65A~000009,1996,substance/risk behavior,YA SELF-REPORT: EVER CONVICTED OF POSSESSION/USE OF ILLICIT DRUGS?
Y0672100,0.0,0.0,0,,Y06721.00,YASR-65A~000012,1996,substance/risk behavior,YASR: EVER CONVICTED OF DRINKING/PURCHASING ALCOHOL WHILE UNDER
C1980000,0.0,0.0,0,,C19800.00,MS984031,1998,behavioral/externalizing,BEHAVIOR PROBLEMS INDEX: CHILD IS DISOBEDIENT AT SCHOOL
C1794500,0.0,0.0,0,,C17945.00,ANTI1998,1998,behavioral/externalizing,BEHAVIOR PROBLEMS INDEX: ANTISOCIAL RAW SCORE
C1795200,0.0,0.0,0,,C17952.00,ANTIP1998,1998,behavioral/externalizing,BEHAVIOR PROBLEMS INDEX: ANTISOCIAL PERCENTILE SCORE - ALL CHILDREN
C1795900,0.0,0.0,0,,C17959.00,ANTIZ1998,1998,behavioral/externalizing,BEHAVIOR PROBLEMS INDEX: ANTISOCIAL STANDARD SCORE - ALL CHILDREN
C1796600,0.0,0.0,0,,C17966.00,ANTIPX1998,1998,behavioral/externalizing,BEHAVIOR PROBLEMS INDEX: ANTISOCIAL PERCENTILE SCORE - SAME SEX
C1797300,0.0,0.0,0,,C17973.00,ANTIZX1998,1998,behavioral/externalizing,BEHAVIOR PROBLEMS INDEX: ANTISOCIAL STANDARD SCORE - SAME SEX
C1798200,0.0,0.0,0,,C17982.00,BPEXTR1998,1998,behavioral/externalizing,BEHAVIOR PROBLEMS INDEX: EXTERNAL SCORE TRICHOTOMOUS ITEMS
C1798300,0.0,0.0,0,,C17983.00,BPEXTP1998,1998,behavioral/externalizing,BEHAVIOR PROBLEMS INDEX: EXTERNAL PERCENTILE SCORE TRICHOTOMOUS
C1798400,0.0,0.0,0,,C17984.00,BPEXTZ1998,1998,behavioral/externalizing,BEHAVIOR PROBLEMS INDEX: EXTERNAL STANDARD SCORE TRICHOTOMOUS ITEMS
C1798900,0.0,0.0,0,,C17989.00,BPMIS21998,1998,behavioral/externalizing,BEHAVIOR PROBLEMS INDEX: EXTERNAL RAW SCORE TRICHOTOMOUS ITEMS -
C1977300,0.0,0.0,0,,C19773.00,MS984004,1998,behavioral/externalizing,BEHAVIOR PROBLEMS INDEX: CHILD CHEATS OR TELLS LIES
C1977500,0.0,0.0,0,,C19775.00,MS984006,1998,behavioral/externalizing,BEHAVIOR PROBLEMS INDEX: CHILD ARGUES TOO MUCH
C1977900,0.0,0.0,0,,C19779.00,MS984010,1998,behavioral/externalizing,BEHAVIOR PROBLEMS INDEX: CHILD IS DISOBEDIENT AT HOME
C1978000,0.0,0.0,0,,C19780.00,MS984011,1998,behavioral/externalizing,BEHAVIOR PROBLEMS INDEX: CHILD DOES NOT SEEM TO FEEL SORRY AFTER
C1978200,0.0,0.0,0,,C19782.00,MS984013,1998,behavioral/externalizing,BEHAVIOR PROBLEMS INDEX: CHILD IS IMPULSIVE OR ACTS WITHOUT
C1978800,0.0,0.0,0,,C19788.00,MS984019,1998,behavioral/externalizing,BEHAVIOR PROBLEMS INDEX: CHILD HAS STRONG TEMPER AND LOSES IT
C1979700,0.0,0.0,0,,C19797.00,MS984028,1998,behavioral/externalizing,BEHAVIOR PROBLEMS INDEX: CHILD HANGS AROUND WITH KIDS WHO GET INTO
C1910300,0.0,0.0,0,,C19103.00,CS98005A,1998,family/home,CHILD SELF-ADMIN: HOW MUCH SAY IN RULES ABOUT WATCHING TV
C1944900,0.0,0.0,0,,C19449.00,MS981A16,1998,family/home,HOME PART A (0-2 YRS): HOW OFTEN MOTHER TALKS TO CHILD WHILE
C1592600,0.0,0.0,0,,C15926.00,CS960945,1996,substance/risk behavior,CHILD SELF-ADMIN: CHILD'S AGE WHEN FIRST USED MARIJUANA
Y0674200,0.0,0.0,0,,Y06742.00,YASR-69B,1996,socioeconomic/work,YA SELF-REPORT: WAS VOLUNTEER WORK COURT ORDERED?
C1637300,0.0,0.0,0,,C16373.00,MS961447,1996,behavioral/externalizing,BEHAVIOR PROBLEMS INDEX: CHILD IS IMPULSIVE OR ACTS WITHOUT
C1662300,0.0,0.0,0,,C16623.00,CS96MATH_GRD,1996,school/achievement,PIAT MATH: CHILD GRADE IN SCHOOL
C1637900,0.0,0.0,0,,C16379.00,MS961459,1996,behavioral/externalizing,BEHAVIOR PROBLEMS INDEX: CHILD HAS STRONG TEMPER AND LOSES IT
C1638800,0.0,0.0,0,,C16388.00,MS961513,1996,behavioral/externalizing,BEHAVIOR PROBLEMS INDEX: CHILD HANGS AROUND WITH KIDS WHO GET INTO
C0128014,0.0,0.0,0,,C01280.14,NH12_171996,1996,family/home,# HOUSEHOLD MEMBERS AGED 12 - 17 IN HOUSEHOLD OF MOTHER
C1532700,0.0,0.0,0,,C15327.00,CS96H-22,1996,health,HEALTH: CHILD HEIGHT - FEET
C1588500,0.0,0.0,0,,C15885.00,CS960817,1996,prior delinquency/contact,CHILD SELF-ADMIN: HOW OFTEN IN LAST YEAR HURT SOMEONE BAD ENOUGH TO
Y0668900,0.0,0.0,0,,Y06689.00,YASR-61E,1996,prior delinquency/contact,YA SELF-REPORT: EVER IN LAST YEAR DAMAGED PROPERTY OF OTHERS ON
Y0669000,0.0,0.0,0,,Y06690.00,YASR-61B,1996,prior delinquency/contact,YA SELF-REPORT: HAVE YOU EVER IN PAST YEAR GOTTEN INTO FIGHT AT
Y0670200,0.0,0.0,0,,Y06702.00,YASR-61O,1996,prior delinquency/contact,YA SELF-REPORT: HAVE YOU EVER IN LAST YEAR HURT SOMEONE ENOUGH TO
Y0670500,0.0,0.0,0,,Y06705.00,YASR-62A,1996,prior delinquency/contact,YASR: EVER BEEN CONVICTED OF CHARGES OTHER THAN MINOR TRAFFIC
Y0670600,0.0,0.0,0,,Y06706.00,YASR-63,1996,prior delinquency/contact,YA SELF-REPORT: NUMBER OF TIMES BEEN CONVICTED OF SOMETHING
Y0671000,0.0,0.0,0,,Y06710.00,YASR-65A~000001,1996,prior delinquency/contact,YA SELF-REPORT: EVER CONVICTED OF ASSAULT?
Y0671100,0.0,0.0,0,,Y06711.00,YASR-65A~000002,1996,prior delinquency/contact,YA SELF-REPORT: EVER CONVICTED OF ROBBERY?
Y0671200,0.0,0.0,0,,Y06712.00,YASR-65A~000003,1996,prior delinquency/contact,YA SELF-REPORT: EVER CONVICTED OF THEFT?
Y0671300,0.0,0.0,0,,Y06713.00,YASR-65A~000004,1996,prior delinquency/contact,YA SELF-REPORT: EVER CONVICTED OF FENCING/RECEIVING/SELLING STOLEN
Y0671400,0.0,0.0,0,,Y06714.00,YASR-65A~000005,1996,prior delinquency/contact,YA SELF-REPORT: EVER CONVICTED OF DESTRUCTION OF PROPERTY?
Y0672300,0.0,0.0,0,,Y06723.00,YASR-65B,1996,prior delinquency/contact,YA SELF-REPORT: EVER BEEN CONVICTED OF ANYTHING IN ADULT COURT?
Y0672400,0.0,0.0,0,,Y06724.00,YASR-67,1996,prior delinquency/contact,YA SELF-REPORT: EVER BEEN ON PROBATION?
Y0672700,0.0,0.0,0,,Y06727.00,YASR-67B,1996,prior delinquency/contact,YA SELF-REPORT: STILL ON PROBATION
Y0672800,0.0,0.0,0,,Y06728.00,YASR-66,1996,prior delinquency/contact,YASR: EVER BEEN SENTENCED TO A CORRECTIONS INSTITUTION/JAIL/REFORM
Y0673400,0.0,0.0,0,,Y06734.00,YASR-66D,1996,prior delinquency/contact,YASR: EVER BEEN REFERRED TO COURT-RELATED COUNSELING BY
Y0673500,0.0,0.0,0,,Y06735.00,YASR-66E,1996,prior delinquency/contact,YA SELF-REPORT: NUMBER OF TIMES REFERRED TO COURT-RELATED
Y0673600,0.0,0.0,0,,Y06736.00,YASR-66F,1996,prior delinquency/contact,YA SELF-REPORT: AGE WHEN FIRST REFERRED TO COURT-RELATED COUNSELING
C1588800,0.0,0.0,0,,C15888.00,CS960823,1996,school/achievement,CHILD SELF-ADMIN: HOW OFTEN IN LAST YEAR DAMAGED SCHOOL PROPERTY ON
C1504000,0.0,0.0,0,,C15040.00,ANTIPX1994,1994,behavioral/externalizing,BEHAVIOR PROBLEMS INDEX: ANTISOCIAL PERCENTILE SCORE - SAME SEX
C1502600,0.0,0.0,0,,C15026.00,ANTIP1994,1994,behavioral/externalizing,BEHAVIOR PROBLEMS INDEX: ANTISOCIAL PERCENTILE SCORE - ALL CHILDREN
C1927400,0.0,0.0,0,,C19274.00,CS98040B,1998,prior delinquency/contact,CHILD SELF-ADMIN: HOW OFTEN IN LAST YEAR HURT SOMEONE BAD ENOUGH TO
C0795200,0.0,0.0,0,,C07952.00,ANTIZ1988,1988,behavioral/externalizing,BEHAVIOR PROBLEMS INDEX: ANTISOCIAL STANDARD SCORE - ALL CHILDREN
C0796600,0.0,0.0,0,,C07966.00,ANTIZX1988,1988,behavioral/externalizing,BEHAVIOR PROBLEMS INDEX: ANTISOCIAL STANDARD SCORE - SAME SEX
C0797104,0.0,0.0,0,,C07971.04,BPEXTR1988,1988,behavioral/externalizing,BEHAVIOR PROBLEMS INDEX: EXTERNAL SCORE TRICHOTOMOUS ITEMS
C0797105,0.0,0.0,0,,C07971.05,BPEXTP1988,1988,behavioral/externalizing,BEHAVIOR PROBLEMS INDEX: EXTERNAL PERCENTILE SCORE TRICHOTOMOUS
C0797106,0.0,0.0,0,,C07971.06,BPEXTZ1988,1988,behavioral/externalizing,BEHAVIOR PROBLEMS INDEX: EXTERNAL STANDARD SCORE TRICHOTOMOUS ITEMS
C0783700,0.0,0.0,0,,C07837.00,MS880834,1988,behavioral/externalizing,BEHAVIOR PROBLEMS INDEX: CHILD HANGS AROUND WITH KIDS WHO GET INTO
C0119000,0.0,0.0,0,,C01190.00,NH6_111988,1988,family/home,NUMBER OF HOUSEHOLD MEMBERS AGED 6 - 11
C0606300,0.0,0.0,0,,C06063.00,CS881515,1988,health,HEALTH: CHILD'S HEIGHT - FEET
C0730700,0.0,0.0,0,,C07307.00,CS884221,1988,prior delinquency/contact,CHILD SELF-ADMINISTERED: HURT SOMEONE BAD ENOUGH TO NEED A DOCTOR
C0731000,0.0,0.0,0,,C07310.00,CS884224,1988,school/achievement,CHILD SELF-ADMINISTERED: DAMAGED SCHOOL PROPERTY ON PURPOSE
C0732800,0.0,0.0,0,,C07328.00,CS884246,1988,substance/risk behavior,CHILD SELF-ADMINISTERED: HAVE YOU EVER DRUNK ALCOHOL
C0732900,0.0,0.0,0,,C07329.00,CS884247,1988,substance/risk behavior,CHILD SELF-ADMINISTERED: HAVE R DRUNK ALCOHOL IN PAST 3 MONTHS
C0733000,0.0,0.0,0,,C07330.00,CS884248,1988,substance/risk behavior,CHILD SELF-ADMINISTERED: R'S AGE WHEN FIRST DRANK ALCOHOL
C0733100,0.0,0.0,0,,C07331.00,CS884250,1988,substance/risk behavior,CHILD SELF-ADMINISTERED: HAVE YOU EVER USED MARIJUANA
C0733200,0.0,0.0,0,,C07332.00,CS884251,1988,substance/risk behavior,CHILD SELF-ADMINISTERED: R USED MARIJUANA IN THE PAST 3 MONTHS
C0733300,0.0,0.0,0,,C07333.00,CS884252,1988,substance/risk behavior,CHILD SELF-ADMINISTERED: R'S AGE WHEN FIRST USED MARIJUANA
C0733400,0.0,0.0,0,,C07334.00,CS884254,1988,substance/risk behavior,CHILD SELF-ADMINISTERED: HAVE YOU EVER USED OTHER DRUGS
C0733500,0.0,0.0,0,,C07335.00,CS884255,1988,substance/risk behavior,CHILD SELF-ADMINISTERED: USED OTHER DRUGS IN THE PAST 3 MONTHS
C0733600,0.0,0.0,0,,C07336.00,CS884256,1988,substance/risk behavior,CHILD SELF-ADMINISTERED: R'S AGE WHEN FIRST USED ANY DRUGS
C0986800,0.0,0.0,0,,C09868.00,MS901419,1990,behavioral/externalizing,BEHAVIOR PROBLEMS INDEX: CHILD IS DISOBEDIENT AT SCHOOL
C0984100,0.0,0.0,0,,C09841.00,MS901329,1990,behavioral/externalizing,BEHAVIOR PROBLEMS INDEX: CHILD CHEATS OR TELLS LIES
C0984300,0.0,0.0,0,,C09843.00,MS901333,1990,behavioral/externalizing,BEHAVIOR PROBLEMS INDEX: CHILD ARGUES TOO MUCH
C0984700,0.0,0.0,0,,C09847.00,MS901341,1990,behavioral/externalizing,BEHAVIOR PROBLEMS INDEX: CHILD IS DISOBEDIENT AT HOME
C0984800,0.0,0.0,0,,C09848.00,MS901343,1990,behavioral/externalizing,BEHAVIOR PROBLEMS INDEX: CHILD DOES NOT SEEM TO FEEL SORRY AFTER
C0795900,0.0,0.0,0,,C07959.00,ANTIPX1988,1988,behavioral/externalizing,BEHAVIOR PROBLEMS INDEX: ANTISOCIAL PERCENTILE SCORE - SAME SEX
C0794500,0.0,0.0,0,,C07945.00,ANTIP1988,1988,behavioral/externalizing,BEHAVIOR PROBLEMS INDEX: ANTISOCIAL PERCENTILE SCORE - ALL CHILDREN
C0985600,0.0,0.0,0,,C09856.00,MS901359,1990,behavioral/externalizing,BEHAVIOR PROBLEMS INDEX: CHILD HAS STRONG TEMPER AND LOSES IT
C0793800,0.0,0.0,0,,C07938.00,ANTI1988,1988,behavioral/externalizing,BEHAVIOR PROBLEMS INDEX: ANTISOCIAL RAW SCORE
C0564500,0.0,0.0,0,,C05645.00,MS860523,1986,behavioral/externalizing,BEHAVIOR PROBLEMS INDEX: CHILD ARGUES TOO MUCH
C0564900,0.0,0.0,0,,C05649.00,MS860527,1986,behavioral/externalizing,BEHAVIOR PROBLEMS INDEX: CHILD IS DISOBEDIENT AT HOME
C0565000,0.0,0.0,0,,C05650.00,MS860528,1986,behavioral/externalizing,BEHAVIOR PROBLEMS INDEX: CHILD DOES NOT SEEM TO FEEL SORRY AFTER
C0565200,0.0,0.0,0,,C05652.00,MS860530,1986,behavioral/externalizing,BEHAVIOR PROBLEMS INDEX: CHILD IS IMPULSIVE OR ACTS WITHOUT
C0565800,0.0,0.0,0,,C05658.00,MS860536,1986,behavioral/externalizing,BEHAVIOR PROBLEMS INDEX: CHILD HAS STRONG TEMPER AND LOSES IT
C0573400,0.0,0.0,0,,C05734.00,ANTI1986,1986,behavioral/externalizing,BEHAVIOR PROBLEMS INDEX: ANTISOCIAL RAW SCORE
C0574100,0.0,0.0,0,,C05741.00,ANTIP1986,1986,behavioral/externalizing,BEHAVIOR PROBLEMS INDEX: ANTISOCIAL PERCENTILE SCORE - ALL CHILDREN
C0574800,0.0,0.0,0,,C05748.00,ANTIZ1986,1986,behavioral/externalizing,BEHAVIOR PROBLEMS INDEX: ANTISOCIAL STANDARD SCORE - ALL CHILDREN
C0575500,0.0,0.0,0,,C05755.00,ANTIPX1986,1986,behavioral/externalizing,BEHAVIOR PROBLEMS INDEX: ANTISOCIAL PERCENTILE SCORE - SAME SEX
C0576200,0.0,0.0,0,,C05762.00,ANTIZX1986,1986,behavioral/externalizing,BEHAVIOR PROBLEMS INDEX: ANTISOCIAL STANDARD SCORE - SAME SEX
C0576704,0.0,0.0,0,,C05767.04,BPEXTR1986,1986,behavioral/externalizing,BEHAVIOR PROBLEMS INDEX: EXTERNAL SCORE TRICHOTOMOUS ITEMS
C0576705,0.0,0.0,0,,C05767.05,BPEXTP1986,1986,behavioral/externalizing,BEHAVIOR PROBLEMS INDEX: EXTERNAL PERCENTILE SCORE TRICHOTOMOUS
C0576706,0.0,0.0,0,,C05767.06,BPEXTZ1986,1986,behavioral/externalizing,BEHAVIOR PROBLEMS INDEX: EXTERNAL STANDARD SCORE TRICHOTOMOUS ITEMS
C0112600,0.0,0.0,0,,C01126.00,NHCHLD1986,1986,family/home,NUMBER OF MEMBERS UNDER 18 IN HH OF MOTHER
C0577900,0.0,0.0,0,,C05779.00,BODY1986,1986,school/achievement,KNOWLEDGE OF BODY PARTS: TOTAL RAW SCORE
C0578100,0.0,0.0,0,,C05781.00,LOCA1986,1986,school/achievement,MEMORY FOR LOCATION:  TOTAL RAW SCORE
C0783400,0.0,0.0,0,,C07834.00,MS880831,1988,behavioral/externalizing,BEHAVIOR PROBLEMS INDEX: CHILD IS DISOBEDIENT AT SCHOOL
C0781100,0.0,0.0,0,,C07811.00,MS880775,1988,behavioral/externalizing,BEHAVIOR PROBLEMS INDEX: CHILD CHEATS OR TELLS LIES
C0781300,0.0,0.0,0,,C07813.00,MS880777,1988,behavioral/externalizing,BEHAVIOR PROBLEMS INDEX: CHILD ARGUES TOO MUCH
C0781700,0.0,0.0,0,,C07817.00,MS880814,1988,behavioral/externalizing,BEHAVIOR PROBLEMS INDEX: CHILD IS DISOBEDIENT AT HOME
C0781800,0.0,0.0,0,,C07818.00,MS880815,1988,behavioral/externalizing,BEHAVIOR PROBLEMS INDEX: CHILD DOES NOT SEEM TO FEEL SORRY AFTER
C0782000,0.0,0.0,0,,C07820.00,MS880817,1988,behavioral/externalizing,BEHAVIOR PROBLEMS INDEX: CHILD IS IMPULSIVE OR ACTS WITHOUT
C0782600,0.0,0.0,0,,C07826.00,MS880823,1988,behavioral/externalizing,BEHAVIOR PROBLEMS INDEX: CHILD HAS STRONG TEMPER AND LOSES IT
C0985000,0.0,0.0,0,,C09850.00,MS901347,1990,behavioral/externalizing,BEHAVIOR PROBLEMS INDEX: CHILD IS IMPULSIVE OR ACTS WITHOUT
C0993800,0.0,0.0,0,,C09938.00,ANTI1990,1990,behavioral/externalizing,BEHAVIOR PROBLEMS INDEX: ANTISOCIAL RAW SCORE
C1501900,0.0,0.0,0,,C15019.00,ANTI1994,1994,behavioral/externalizing,BEHAVIOR PROBLEMS INDEX: ANTISOCIAL RAW SCORE
C1183300,0.0,0.0,0,,C11833.00,MS921347,1992,behavioral/externalizing,BEHAVIOR PROBLEMS INDEX: CHILD IS IMPULSIVE OR ACTS WITHOUT
C1194100,0.0,0.0,0,,C11941.00,ANTI1992,1992,behavioral/externalizing,BEHAVIOR PROBLEMS INDEX: ANTISOCIAL RAW SCORE
C1194800,0.0,0.0,0,,C11948.00,ANTIP1992,1992,behavioral/externalizing,BEHAVIOR PROBLEMS INDEX: ANTISOCIAL PERCENTILE SCORE - ALL CHILDREN
C1195500,0.0,0.0,0,,C11955.00,ANTIZ1992,1992,behavioral/externalizing,BEHAVIOR PROBLEMS INDEX: ANTISOCIAL STANDARD SCORE - ALL CHILDREN
C1196200,0.0,0.0,0,,C11962.00,ANTIPX1992,1992,behavioral/externalizing,BEHAVIOR PROBLEMS INDEX: ANTISOCIAL PERCENTILE SCORE - SAME SEX
C1196900,0.0,0.0,0,,C11969.00,ANTIZX1992,1992,behavioral/externalizing,BEHAVIOR PROBLEMS INDEX: ANTISOCIAL STANDARD SCORE - SAME SEX
C1197414,0.0,0.0,0,,C11974.14,BPEXTR1992,1992,behavioral/externalizing,BEHAVIOR PROBLEMS INDEX: EXTERNAL SCORE TRICHOTOMOUS ITEMS
C1197415,0.0,0.0,0,,C11974.15,BPEXTP1992,1992,behavioral/externalizing,BEHAVIOR PROBLEMS INDEX: EXTERNAL PERCENTILE SCORE TRICHOTOMOUS
C1197416,0.0,0.0,0,,C11974.16,BPEXTZ1992,1992,behavioral/externalizing,BEHAVIOR PROBLEMS INDEX: EXTERNAL STANDARD SCORE TRICHOTOMOUS ITEMS
C1184800,0.0,0.0,0,,C11848.00,MS921413,1992,behavioral/externalizing,BEHAVIOR PROBLEMS INDEX: CHILD HANGS AROUND WITH KIDS WHO GET INTO
C1137200,0.0,0.0,0,,C11372.00,CS926762,1992,prior delinquency/contact,CHILD SELF-ADMIN: HOW OFTEN IN LAST YEAR HURT SOMEONE BAD ENOUGH TO
C1137500,0.0,0.0,0,,C11375.00,CS926768,1992,school/achievement,CHILD SELF-ADMIN: HOW OFTEN IN LAST YEAR DAMAGED SCHOOL PROPERTY ON
C1140000,0.0,0.0,0,,C11400.00,CS926857,1992,substance/risk behavior,CHILD SELF-ADMINISTERED: HAS CHILD DRUNK ALCOHOL IN THE PAST 3
C1140100,0.0,0.0,0,,C11401.00,CS926859,1992,substance/risk behavior,CHILD SELF-ADMINISTERED: CHILD'S AGE WHEN FIRST DRANK ALCOHOL
C1140300,0.0,0.0,0,,C11403.00,CS926863,1992,substance/risk behavior,CHILD SELF-ADMINISTERED: HAS CHILD USED MARIJUANA IN THE PAST 3
C1140400,0.0,0.0,0,,C11404.00,CS926865,1992,substance/risk behavior,CHILD SELF-ADMINISTERED: CHILD'S AGE WHEN FIRST USED MARIJUANA
C1140600,0.0,0.0,0,,C11406.00,CS926869,1992,substance/risk behavior,CHILD SELF-ADMINISTERED: HAS CHILD USED OTHER DRUGS IN THE PAST 3
C1437500,0.0,0.0,0,,C14375.00,MS941519,1994,behavioral/externalizing,BEHAVIOR PROBLEMS INDEX: CHILD IS DISOBEDIENT AT SCHOOL
C1434800,0.0,0.0,0,,C14348.00,MS941429,1994,behavioral/externalizing,BEHAVIOR PROBLEMS INDEX: CHILD CHEATS OR TELLS LIES
C1435000,0.0,0.0,0,,C14350.00,MS941433,1994,behavioral/externalizing,BEHAVIOR PROBLEMS INDEX: CHILD ARGUES TOO MUCH
C1435400,0.0,0.0,0,,C14354.00,MS941441,1994,behavioral/externalizing,BEHAVIOR PROBLEMS INDEX: CHILD IS DISOBEDIENT AT HOME
C1435500,0.0,0.0,0,,C14355.00,MS941443,1994,behavioral/externalizing,BEHAVIOR PROBLEMS INDEX: CHILD DOES NOT SEEM TO FEEL SORRY AFTER
C1435700,0.0,0.0,0,,C14357.00,MS941447,1994,behavioral/externalizing,BEHAVIOR PROBLEMS INDEX: CHILD IS IMPULSIVE OR ACTS WITHOUT
C1436300,0.0,0.0,0,,C14363.00,MS941459,1994,behavioral/externalizing,BEHAVIOR PROBLEMS INDEX: CHILD HAS STRONG TEMPER AND LOSES IT
C1183900,0.0,0.0,0,,C11839.00,MS921359,1992,behavioral/externalizing,BEHAVIOR PROBLEMS INDEX: CHILD HAS STRONG TEMPER AND LOSES IT
C1183100,0.0,0.0,0,,C11831.00,MS921343,1992,behavioral/externalizing,BEHAVIOR PROBLEMS INDEX: CHILD DOES NOT SEEM TO FEEL SORRY AFTER
C0994500,0.0,0.0,0,,C09945.00,ANTIP1990,1990,behavioral/externalizing,BEHAVIOR PROBLEMS INDEX: ANTISOCIAL PERCENTILE SCORE - ALL CHILDREN
C1183000,0.0,0.0,0,,C11830.00,MS921341,1992,behavioral/externalizing,BEHAVIOR PROBLEMS INDEX: CHILD IS DISOBEDIENT AT HOME
C0995200,0.0,0.0,0,,C09952.00,ANTIZ1990,1990,behavioral/externalizing,BEHAVIOR PROBLEMS INDEX: ANTISOCIAL STANDARD SCORE - ALL CHILDREN
C0995900,0.0,0.0,0,,C09959.00,ANTIPX1990,1990,behavioral/externalizing,BEHAVIOR PROBLEMS INDEX: ANTISOCIAL PERCENTILE SCORE - SAME SEX
C0996600,0.0,0.0,0,,C09966.00,ANTIZX1990,1990,behavioral/externalizing,BEHAVIOR PROBLEMS INDEX: ANTISOCIAL STANDARD SCORE - SAME SEX
C0997104,0.0,0.0,0,,C09971.04,BPEXTR1990,1990,behavioral/externalizing,BEHAVIOR PROBLEMS INDEX: EXTERNAL SCORE TRICHOTOMOUS ITEMS
C0997105,0.0,0.0,0,,C09971.05,BPEXTP1990,1990,behavioral/externalizing,BEHAVIOR PROBLEMS INDEX: EXTERNAL PERCENTILE SCORE TRICHOTOMOUS
C0997106,0.0,0.0,0,,C09971.06,BPEXTZ1990,1990,behavioral/externalizing,BEHAVIOR PROBLEMS INDEX: EXTERNAL STANDARD SCORE TRICHOTOMOUS ITEMS
C0986500,0.0,0.0,0,,C09865.00,MS901413,1990,behavioral/externalizing,BEHAVIOR PROBLEMS INDEX: CHILD HANGS AROUND WITH KIDS WHO GET INTO
C0823600,0.0,0.0,0,,C08236.00,CS902039,1990,health,HEALTH: IS CHILD 8 YRS OR OLDER?
C0942400,0.0,0.0,0,,C09424.00,CS906613,1990,prior delinquency/contact,CHILD SELF-ADMINISTERED: HURT SOMEONE BAD ENOUGH TO NEED A DOCTOR
C0942700,0.0,0.0,0,,C09427.00,CS906619,1990,school/achievement,CHILD SELF-ADMINISTERED: DAMAGED SCHOOL PROPERTY ON PURPOSE
C0944500,0.0,0.0,0,,C09445.00,CS906655,1990,substance/risk behavior,CHILD SELF-ADMINISTERED: HAVE YOU EVER DRUNK ALCOHOL
C0944600,0.0,0.0,0,,C09446.00,CS906657,1990,substance/risk behavior,CHILD SELF-ADMINISTERED: HAVE R DRUNK ALCOHOL IN THE PAST 3 MONTHS
C0944700,0.0,0.0,0,,C09447.00,CS906659,1990,substance/risk behavior,CHILD SELF-ADMINISTERED: R'S AGE WHEN FIRST DRANK ALCOHOL
C0944800,0.0,0.0,0,,C09448.00,CS906661,1990,substance/risk behavior,CHILD SELF-ADMINISTERED: HAVE YOU EVER USED MARIJUANA
C0944900,0.0,0.0,0,,C09449.00,CS906663,1990,substance/risk behavior,CHILD SELF-ADMINISTERED: R USED MARIJUANA IN THE PAST 3 MONTHS
C0945000,0.0,0.0,0,,C09450.00,CS906665,1990,substance/risk behavior,CHILD SELF-ADMINISTERED: R'S AGE WHEN FIRST USED MARIJUANA
C0945100,0.0,0.0,0,,C09451.00,CS906667,1990,substance/risk behavior,CHILD SELF-ADMINISTERED: HAVE YOU EVER USED OTHER DRUGS
C0945200,0.0,0.0,0,,C09452.00,CS906669,1990,substance/risk behavior,CHILD SELF-ADMINISTERED: USED OTHER DRUGS IN THE PAST 3 MONTHS
C0945300,0.0,0.0,0,,C09453.00,CS906671,1990,substance/risk behavior,CHILD SELF-ADMINISTERED: R'S AGE WHEN FIRST USED ANY DRUGS
C0127413,0.0,0.0,0,,C01274.13,NH6_111991,1991,family/home,# HOUSEHOLD MEMBERS AGED 6 - 11 IN HOUSEHOLD OF MOTHER
C1185100,0.0,0.0,0,,C11851.00,MS921419,1992,behavioral/externalizing,BEHAVIOR PROBLEMS INDEX: CHILD IS DISOBEDIENT AT SCHOOL
C1182400,0.0,0.0,0,,C11824.00,MS921329,1992,behavioral/externalizing,BEHAVIOR PROBLEMS INDEX: CHILD CHEATS OR TELLS LIES
C1182600,0.0,0.0,0,,C11826.00,MS921334,1992,behavioral/externalizing,BEHAVIOR PROBLEMS INDEX: CHILD ARGUES TOO MUCH
C1801400,0.0,0.0,0,,C18014.00,CS98LIK_02,1998,other,WHAT I AM LIKE/SPPC: SOME KIDS UNHAPPY/SOME PLEASED WITH THEMSELVES
Y0966300,0.0,0.0,0,,Y09663.00,YASR-61E,1998,prior delinquency/contact,YA SELF-REPORT: EVER IN LAST YEAR DAMAGED PROPERTY OF OTHERS ON
Y2258200,0.0,0.0,0,,Y22582.00,YASR-66,2008,prior delinquency/contact,EVER/SINCE DATE OF LAST INTERVIEW R BEEN SENTENCED TO A CORRECTIONS
Y1668200,0.0,0.0,0,,Y16682.00,YASR-61B,2004,school/achievement,IN LAST YEAR R EVER GOTTEN INTO A PHYSICAL FIGHT AT SCHOOL OR WORK
Y1667600,0.0,0.0,0,,Y16676.00,YASR-60F,2004,school/achievement,HOW MANY TIMES IN LAST YEAR R DAMAGED SCHOOL PROPERTY ON PURPOSE
Y1669300,0.0,0.0,0,,Y16693.00,YASR-69B,2004,socioeconomic/work,WAS ANY OF VOLUNTEER WORK R HAS DONE COURT ORDERED?
C3049700,0.0,0.0,0,,C30497.00,CSAS056B,2004,substance/risk behavior,CHILD SELF-ADMIN: CHILD'S AGE WHEN FIRST DRANK ALCOHOL
C3049900,0.0,0.0,0,,C30499.00,CSAS057B,2004,substance/risk behavior,CHILD SELF-ADMIN: CHILD'S AGE WHEN FIRST DRANK ALCOHOL MORE THAN
C3050500,0.0,0.0,0,,C30505.00,CSAS063,2004,substance/risk behavior,CHILD SELF-ADMIN: CHILD'S AGE WHEN FIRST USED MARIJUANA
Y1668806,0.0,0.0,0,,Y16688.06,YASR-65A~000007,2004,substance/risk behavior,CHARGES R MOST RECENTLY CONVICTED OF - POSSESSION OF MARIJUANA OR
Y1668807,0.0,0.0,0,,Y16688.07,YASR-65A~000008,2004,substance/risk behavior,CHARGES R MOST RECENTLY CONVICTED OF - SELLING OF MARIJUANA OR
C3422800,0.0,0.0,0,,C34228.00,MS-BPI-31,2006,behavioral/externalizing,BEHAVIOR PROBLEMS INDEX: CHILD IS DISOBEDIENT AT SCHOOL
C3104300,0.0,0.0,0,,C31043.00,BPMIS22006,2006,behavioral/externalizing,BEHAVIOR PROBLEMS INDEX: EXTERNAL RAW SCORE TRICHOTOMOUS ITEMS -
C3104400,0.0,0.0,0,,C31044.00,BPEXTR2006,2006,behavioral/externalizing,BEHAVIOR PROBLEMS INDEX: EXTERNAL SCORE TRICHOTOMOUS ITEMS
C3104900,0.0,0.0,0,,C31049.00,BPEXTP2006,2006,behavioral/externalizing,BEHAVIOR PROBLEMS INDEX: EXTERNAL PERCENTILE SCORE TRICHOTOMOUS
C3105000,0.0,0.0,0,,C31050.00,BPEXTZ2006,2006,behavioral/externalizing,BEHAVIOR PROBLEMS INDEX: EXTERNAL STANDARD SCORE TRICHOTOMOUS ITEMS
C3105200,0.0,0.0,0,,C31052.00,ANTI2006,2006,behavioral/externalizing,BEHAVIOR PROBLEMS INDEX: ANTISOCIAL RAW SCORE
C3105300,0.0,0.0,0,,C31053.00,ANTIPX2006,2006,behavioral/externalizing,BEHAVIOR PROBLEMS INDEX: ANTISOCIAL PERCENTILE SCORE - SAME SEX
C3105400,0.0,0.0,0,,C31054.00,ANTIP2006,2006,behavioral/externalizing,BEHAVIOR PROBLEMS INDEX: ANTISOCIAL PERCENTILE SCORE - ALL CHILDREN
C3105500,0.0,0.0,0,,C31055.00,ANTIZX2006,2006,behavioral/externalizing,BEHAVIOR PROBLEMS INDEX: ANTISOCIAL STANDARD SCORE - SAME SEX
C3105600,0.0,0.0,0,,C31056.00,ANTIZ2006,2006,behavioral/externalizing,BEHAVIOR PROBLEMS INDEX: ANTISOCIAL STANDARD SCORE - ALL CHILDREN
C3420000,0.0,0.0,0,,C34200.00,MS-BPI-04,2006,behavioral/externalizing,BEHAVIOR PROBLEMS INDEX: CHILD CHEATS OR TELLS LIES
C3420200,0.0,0.0,0,,C34202.00,MS-BPI-06,2006,behavioral/externalizing,BEHAVIOR PROBLEMS INDEX: CHILD ARGUES TOO MUCH
C3420600,0.0,0.0,0,,C34206.00,MS-BPI-10,2006,behavioral/externalizing,BEHAVIOR PROBLEMS INDEX: CHILD IS DISOBEDIENT AT HOME
C3420700,0.0,0.0,0,,C34207.00,MS-BPI-11,2006,behavioral/externalizing,BEHAVIOR PROBLEMS INDEX: CHILD DOES NOT SEEM TO FEEL SORRY AFTER
C3420900,0.0,0.0,0,,C34209.00,MS-BPI-13,2006,behavioral/externalizing,BEHAVIOR PROBLEMS INDEX: CHILD IS IMPULSIVE OR ACTS WITHOUT
C3421500,0.0,0.0,0,,C34215.00,MS-BPI-19,2006,behavioral/externalizing,BEHAVIOR PROBLEMS INDEX: CHILD HAS STRONG TEMPER AND LOSES IT
C3045800,0.0,0.0,0,,C30458.00,CSAS040E,2004,school/achievement,CHILD SELF-ADMIN: HOW OFTEN IN LAST YEAR DAMAGED SCHOOL PROPERTY ON
Y1489400,0.0,0.0,0,,Y14894.00,Q4-5AB,2004,school/achievement,IN LAST SCHOOL YEAR HOW OFTEN HAS R SEEN A STUDENT CARRY A WEAPON
Y1917200,0.0,0.0,0,,Y19172.00,Q15-143,2006,family/home,HOW OFTEN R OR HOUSEHOLD PUTS OFF BUYING SOMETHING NECESSARY (SUCH
Y1489300,0.0,0.0,0,,Y14893.00,Q4-5AA,2004,school/achievement,HAS R EVER SEEN A STUDENT CARRY A WEAPON ON SCHOOL PROPERTY
C2797300,0.0,0.0,0,,C27973.00,ANTIPX2004,2004,behavioral/externalizing,BEHAVIOR PROBLEMS INDEX: ANTISOCIAL PERCENTILE SCORE - SAME SEX
C2797400,0.0,0.0,0,,C27974.00,ANTIP2004,2004,behavioral/externalizing,BEHAVIOR PROBLEMS INDEX: ANTISOCIAL PERCENTILE SCORE - ALL CHILDREN
C2797500,0.0,0.0,0,,C27975.00,ANTIZX2004,2004,behavioral/externalizing,BEHAVIOR PROBLEMS INDEX: ANTISOCIAL STANDARD SCORE - SAME SEX
C2797600,0.0,0.0,0,,C27976.00,ANTIZ2004,2004,behavioral/externalizing,BEHAVIOR PROBLEMS INDEX: ANTISOCIAL STANDARD SCORE - ALL CHILDREN
C3010000,0.0,0.0,0,,C30100.00,BPI-04,2004,behavioral/externalizing,BEHAVIOR PROBLEMS INDEX: CHILD CHEATS OR TELLS LIES
C3010200,0.0,0.0,0,,C30102.00,BPI-06,2004,behavioral/externalizing,BEHAVIOR PROBLEMS INDEX: CHILD ARGUES TOO MUCH
C3010600,0.0,0.0,0,,C30106.00,BPI-10,2004,behavioral/externalizing,BEHAVIOR PROBLEMS INDEX: CHILD IS DISOBEDIENT AT HOME
C3010700,0.0,0.0,0,,C30107.00,BPI-11,2004,behavioral/externalizing,BEHAVIOR PROBLEMS INDEX: CHILD DOES NOT SEEM TO FEEL SORRY AFTER
C3010900,0.0,0.0,0,,C30109.00,BPI-13,2004,behavioral/externalizing,BEHAVIOR PROBLEMS INDEX: CHILD IS IMPULSIVE OR ACTS WITHOUT
C3011500,0.0,0.0,0,,C30115.00,BPI-19,2004,behavioral/externalizing,BEHAVIOR PROBLEMS INDEX: CHILD HAS STRONG TEMPER AND LOSES IT
C3012400,0.0,0.0,0,,C30124.00,BPI-28,2004,behavioral/externalizing,BEHAVIOR PROBLEMS INDEX: CHILD HANGS AROUND WITH KIDS WHO GET INTO
C0008047,0.0,0.0,0,,C00080.47,CRES2004,2004,family/home,USUAL RESIDENCE OF CHILD
C2996600,0.0,0.0,0,,C29966.00,HOME-D04,2004,family/home,HOME PART D (10-14 YRS): DOES FAMILY GET A DAILY NEWSPAPER?
C3048400,0.0,0.0,0,,C30484.00,CSAS049A,2004,other,CHILD SELF-ADMIN: OFTEN GETS IN A JAM BECAUSE R DOES THINGS W/O
C3040300,0.0,0.0,0,,C30403.00,CSAS024A,2004,peer/neighborhood,CHILD SELF-ADMIN: HAS CHILD EVER SEEN STUDENT CARRY A WEAPON ON
C3045500,0.0,0.0,0,,C30455.00,CSAS040B,2004,prior delinquency/contact,CHILD SELF-ADMIN: HOW OFTEN IN LAST YEAR HURT SOMEONE BAD ENOUGH TO
Y1667300,0.0,0.0,0,,Y16673.00,YASR-60C,2004,prior delinquency/contact,HOW MANY TIMES IN LAST YEAR R HURT SOMEONE BADLY ENOUGH TO NEED
Y1668800,0.0,0.0,0,,Y16688.00,YASR-65A~000001,2004,prior delinquency/contact,CHARGES R MOST RECENTLY CONVICTED OF - ASSAULT
Y1668801,0.0,0.0,0,,Y16688.01,YASR-65A~000002,2004,prior delinquency/contact,CHARGES R MOST RECENTLY CONVICTED OF - ROBBERY
Y1668802,0.0,0.0,0,,Y16688.02,YASR-65A~000003,2004,prior delinquency/contact,CHARGES R MOST RECENTLY CONVICTED OF - THEFT
Y1668804,0.0,0.0,0,,Y16688.04,YASR-65A~000005,2004,prior delinquency/contact,CHARGES R MOST RECENTLY CONVICTED OF - DESTRUCTION OF PROPERTY
Y1669000,0.0,0.0,0,,Y16690.00,YASR-67,2004,prior delinquency/contact,EVER/SINCE DATE OF LAST INTERVIEW R BEEN ON PROBATION?
Y1668900,0.0,0.0,0,,Y16689.00,YASR-66,2004,prior delinquency/contact,EVER/SINCE DATE OF LAST INTERVIEW R BEEN SENTENCED TO A CORRECTIONS
C3422400,0.0,0.0,0,,C34224.00,MS-BPI-28,2006,behavioral/externalizing,BEHAVIOR PROBLEMS INDEX: CHILD HANGS AROUND WITH KIDS WHO GET INTO
C3357600,0.0,0.0,0,,C33576.00,CSAS005D,2006,family/home,CHILD SELF-ADMIN: HOW MUCH SAY IN RULES ABOUT DATING AND BOY/GIRL
C2797000,0.0,0.0,0,,C27970.00,BPEXTZ2004,2004,behavioral/externalizing,BEHAVIOR PROBLEMS INDEX: EXTERNAL STANDARD SCORE TRICHOTOMOUS ITEMS
C3608600,0.0,0.0,0,,C36086.00,BPEXTP2008,2008,behavioral/externalizing,BEHAVIOR PROBLEMS INDEX: EXTERNAL PERCENTILE SCORE TRICHOTOMOUS
C3608900,0.0,0.0,0,,C36089.00,ANTI2008,2008,behavioral/externalizing,BEHAVIOR PROBLEMS INDEX: ANTISOCIAL RAW SCORE
C3609000,0.0,0.0,0,,C36090.00,ANTIPX2008,2008,behavioral/externalizing,BEHAVIOR PROBLEMS INDEX: ANTISOCIAL PERCENTILE SCORE - SAME SEX
C3609100,0.0,0.0,0,,C36091.00,ANTIP2008,2008,behavioral/externalizing,BEHAVIOR PROBLEMS INDEX: ANTISOCIAL PERCENTILE SCORE - ALL CHILDREN
C3609200,0.0,0.0,0,,C36092.00,ANTIZX2008,2008,behavioral/externalizing,BEHAVIOR PROBLEMS INDEX: ANTISOCIAL STANDARD SCORE - SAME SEX
C3609300,0.0,0.0,0,,C36093.00,ANTIZ2008,2008,behavioral/externalizing,BEHAVIOR PROBLEMS INDEX: ANTISOCIAL STANDARD SCORE - ALL CHILDREN
C3945900,0.0,0.0,0,,C39459.00,MS-BPI-04,2008,behavioral/externalizing,BEHAVIOR PROBLEMS INDEX: CHILD CHEATS OR TELLS LIES
C3946100,0.0,0.0,0,,C39461.00,MS-BPI-06,2008,behavioral/externalizing,BEHAVIOR PROBLEMS INDEX: CHILD ARGUES TOO MUCH
C3946500,0.0,0.0,0,,C39465.00,MS-BPI-10,2008,behavioral/externalizing,BEHAVIOR PROBLEMS INDEX: CHILD IS DISOBEDIENT AT HOME
C3946600,0.0,0.0,0,,C39466.00,MS-BPI-11,2008,behavioral/externalizing,BEHAVIOR PROBLEMS INDEX: CHILD DOES NOT SEEM TO FEEL SORRY AFTER
C3946800,0.0,0.0,0,,C39468.00,MS-BPI-13,2008,behavioral/externalizing,BEHAVIOR PROBLEMS INDEX: CHILD IS IMPULSIVE OR ACTS WITHOUT
C3947400,0.0,0.0,0,,C39474.00,MS-BPI-19,2008,behavioral/externalizing,BEHAVIOR PROBLEMS INDEX: CHILD HAS STRONG TEMPER AND LOSES IT
C3948300,0.0,0.0,0,,C39483.00,MS-BPI-28,2008,behavioral/externalizing,BEHAVIOR PROBLEMS INDEX: CHILD HANGS AROUND WITH KIDS WHO GET INTO
C3604000,0.0,0.0,0,,C36040.00,NHFCHD2008,2008,family/home,# FEMALE HH MEMBERS UNDER 18 IN HOUSEHOLD OF MOTHER
C3924800,0.0,0.0,0,,C39248.00,MS-HOME-D02F,2008,family/home,HOME PART D (10-14 YRS): HOW OFTEN CHILD EXPECTED TO HELP MANAGE
C3868400,0.0,0.0,0,,C38684.00,CSAS030A,2008,other,CHILD SELF-ADMIN: GIRLS AND BOYS SHOULD BE TREATED THE SAME AT
C3868100,0.0,0.0,0,,C38681.00,CSAS024A,2008,peer/neighborhood,CHILD SELF-ADMIN: HAS CHILD EVER SEEN STUDENT CARRY A WEAPON ON
C3870000,0.0,0.0,0,,C38700.00,CSAS040B,2008,prior delinquency/contact,CHILD SELF-ADMIN: HOW OFTEN IN LAST YEAR HURT SOMEONE BAD ENOUGH TO
Y2256600,0.0,0.0,0,,Y22566.00,YASR-60C,2008,prior delinquency/contact,HOW MANY TIMES IN LAST YEAR R HURT SOMEONE BADLY ENOUGH TO NEED
Y2258100,0.0,0.0,0,,Y22581.00,YASR-65A~000001,2008,prior delinquency/contact,CHARGES R MOST RECENTLY CONVICTED OF - ASSAULT
Y2258101,0.0,0.0,0,,Y22581.01,YASR-65A~000002,2008,prior delinquency/contact,CHARGES R MOST RECENTLY CONVICTED OF - ROBBERY
Y2258102,0.0,0.0,0,,Y22581.02,YASR-65A~000003,2008,prior delinquency/contact,CHARGES R MOST RECENTLY CONVICTED OF - THEFT
Y2258104,0.0,0.0,0,,Y22581.04,YASR-65A~000005,2008,prior delinquency/contact,CHARGES R MOST RECENTLY CONVICTED OF - DESTRUCTION OF PROPERTY
Y2258300,0.0,0.0,0,,Y22583.00,YASR-67,2008,prior delinquency/contact,EVER/SINCE DATE OF LAST INTERVIEW R BEEN ON PROBATION?
C3608700,0.0,0.0,0,,C36087.00,BPEXTZ2008,2008,behavioral/externalizing,BEHAVIOR PROBLEMS INDEX: EXTERNAL STANDARD SCORE TRICHOTOMOUS ITEMS
C3608100,0.0,0.0,0,,C36081.00,BPEXTR2008,2008,behavioral/externalizing,BEHAVIOR PROBLEMS INDEX: EXTERNAL SCORE TRICHOTOMOUS ITEMS
Y1890600,0.0,0.0,0,,Y18906.00,Q14-14G,2006,health,USUAL PLACE R GOES FOR MEDICAL TREATMENT WHEN HAS ILLNESS OR INJURY
C3608000,0.0,0.0,0,,C36080.00,BPMIS22008,2008,behavioral/externalizing,BEHAVIOR PROBLEMS INDEX: EXTERNAL RAW SCORE TRICHOTOMOUS ITEMS -
Y1737502,0.0,0.0,0,,Y17375.02,Q3-78~000003,2006,other,DO R AND SPOUSE/PARTNER HAVE SEPARATE CREDIT CARDS?
Y1938701,0.0,0.0,0,,Y19387.01,YASR-54A~000002,2006,other,"BIRTH CONTROL METHODS R USED - CONDOM, RUBBER"
C3364400,0.0,0.0,0,,C33644.00,CSAS024A,2006,peer/neighborhood,CHILD SELF-ADMIN: HAS CHILD EVER SEEN STUDENT CARRY A WEAPON ON
C3366300,0.0,0.0,0,,C33663.00,CSAS040B,2006,prior delinquency/contact,CHILD SELF-ADMIN: HOW OFTEN IN LAST YEAR HURT SOMEONE BAD ENOUGH TO
Y1940600,0.0,0.0,0,,Y19406.00,YASR-60C,2006,prior delinquency/contact,HOW MANY TIMES IN LAST YEAR R HURT SOMEONE BADLY ENOUGH TO NEED
Y1942100,0.0,0.0,0,,Y19421.00,YASR-65A~000001,2006,prior delinquency/contact,CHARGES R MOST RECENTLY CONVICTED OF - ASSAULT
Y1942101,0.0,0.0,0,,Y19421.01,YASR-65A~000002,2006,prior delinquency/contact,CHARGES R MOST RECENTLY CONVICTED OF - ROBBERY
Y1942102,0.0,0.0,0,,Y19421.02,YASR-65A~000003,2006,prior delinquency/contact,CHARGES R MOST RECENTLY CONVICTED OF - THEFT
Y1942104,0.0,0.0,0,,Y19421.04,YASR-65A~000005,2006,prior delinquency/contact,CHARGES R MOST RECENTLY CONVICTED OF - DESTRUCTION OF PROPERTY
Y1942300,0.0,0.0,0,,Y19423.00,YASR-67,2006,prior delinquency/contact,EVER/SINCE DATE OF LAST INTERVIEW R BEEN ON PROBATION?
Y1942200,0.0,0.0,0,,Y19422.00,YASR-66,2006,prior delinquency/contact,EVER/SINCE DATE OF LAST INTERVIEW R BEEN SENTENCED TO A CORRECTIONS
Y1739100,0.0,0.0,0,,Y17391.00,Q4-5AA,2006,school/achievement,HAS R EVER SEEN A STUDENT CARRY A WEAPON ON SCHOOL PROPERTY
Y1739200,0.0,0.0,0,,Y17392.00,Q4-5AB,2006,school/achievement,IN LAST SCHOOL YEAR HOW OFTEN HAS R SEEN A STUDENT CARRY A WEAPON
Y1941500,0.0,0.0,0,,Y19415.00,YASR-61B,2006,school/achievement,IN LAST YEAR R EVER GOTTEN INTO A PHYSICAL FIGHT AT SCHOOL OR WORK
C3366600,0.0,0.0,0,,C33666.00,CSAS040E,2006,school/achievement,CHILD SELF-ADMIN: HOW OFTEN IN LAST YEAR DAMAGED SCHOOL PROPERTY ON
Y1940900,0.0,0.0,0,,Y19409.00,YASR-60F,2006,school/achievement,HOW MANY TIMES IN LAST YEAR R DAMAGED SCHOOL PROPERTY ON PURPOSE
Y1942700,0.0,0.0,0,,Y19427.00,YASR-69B,2006,socioeconomic/work,WAS ANY OF VOLUNTEER WORK R HAS DONE COURT ORDERED?
C3370000,0.0,0.0,0,,C33700.00,CSAS056B,2006,substance/risk behavior,CHILD SELF-ADMIN: CHILD'S AGE WHEN FIRST DRANK ALCOHOL
C3370200,0.0,0.0,0,,C33702.00,CSAS057B,2006,substance/risk behavior,CHILD SELF-ADMIN: CHILD'S AGE WHEN FIRST DRANK ALCOHOL MORE THAN
C3370800,0.0,0.0,0,,C33708.00,CSAS063,2006,substance/risk behavior,CHILD SELF-ADMIN: CHILD'S AGE WHEN FIRST USED MARIJUANA
Y1942106,0.0,0.0,0,,Y19421.06,YASR-65A~000007,2006,substance/risk behavior,CHARGES R MOST RECENTLY CONVICTED OF - POSSESSION OF MARIJUANA OR
Y1942107,0.0,0.0,0,,Y19421.07,YASR-65A~000008,2006,substance/risk behavior,CHARGES R MOST RECENTLY CONVICTED OF - SELLING OF MARIJUANA OR
C3948700,0.0,0.0,0,,C39487.00,MS-BPI-31,2008,behavioral/externalizing,BEHAVIOR PROBLEMS INDEX: CHILD IS DISOBEDIENT AT SCHOOL
C2797200,0.0,0.0,0,,C27972.00,ANTI2004,2004,behavioral/externalizing,BEHAVIOR PROBLEMS INDEX: ANTISOCIAL RAW SCORE
C2796900,0.0,0.0,0,,C27969.00,BPEXTP2004,2004,behavioral/externalizing,BEHAVIOR PROBLEMS INDEX: EXTERNAL PERCENTILE SCORE TRICHOTOMOUS
Y0966400,0.0,0.0,0,,Y09664.00,YASR-61B,1998,prior delinquency/contact,YA SELF-REPORT: HAVE YOU EVER IN PAST YEAR GOTTEN INTO FIGHT AT
Y0969500,0.0,0.0,0,,Y09695.00,YASR-65A~000012,1998,substance/risk behavior,YASR: EVER CONVICTED OF DRINKING/PURCHASING ALCOHOL WHILE UNDER
C2432900,0.0,0.0,0,,C24329.00,MS2-04,2000,behavioral/externalizing,BEHAVIOR PROBLEMS INDEX: CHILD CHEATS OR TELLS LIES
C2433100,0.0,0.0,0,,C24331.00,MS2-06,2000,behavioral/externalizing,BEHAVIOR PROBLEMS INDEX: CHILD ARGUES TOO MUCH
C2433500,0.0,0.0,0,,C24335.00,MS2-10,2000,behavioral/externalizing,BEHAVIOR PROBLEMS INDEX: CHILD IS DISOBEDIENT AT HOME
C2433600,0.0,0.0,0,,C24336.00,MS2-11,2000,behavioral/externalizing,BEHAVIOR PROBLEMS INDEX: CHILD DOES NOT SEEM TO FEEL SORRY AFTER
C2433800,0.0,0.0,0,,C24338.00,MS2-13,2000,behavioral/externalizing,BEHAVIOR PROBLEMS INDEX: CHILD IS IMPULSIVE OR ACTS WITHOUT
C2434400,0.0,0.0,0,,C24344.00,MS2-19,2000,behavioral/externalizing,BEHAVIOR PROBLEMS INDEX: CHILD HAS STRONG TEMPER AND LOSES IT
C2496500,0.0,0.0,0,,C24965.00,BPMIS22000,2000,behavioral/externalizing,BEHAVIOR PROBLEMS INDEX: EXTERNAL RAW SCORE TRICHOTOMOUS ITEMS -
C2496600,0.0,0.0,0,,C24966.00,BPEXTR2000,2000,behavioral/externalizing,BEHAVIOR PROBLEMS INDEX: EXTERNAL SCORE TRICHOTOMOUS ITEMS
C2497100,0.0,0.0,0,,C24971.00,BPEXTP2000,2000,behavioral/externalizing,BEHAVIOR PROBLEMS INDEX: EXTERNAL PERCENTILE SCORE TRICHOTOMOUS
C2497200,0.0,0.0,0,,C24972.00,BPEXTZ2000,2000,behavioral/externalizing,BEHAVIOR PROBLEMS INDEX: EXTERNAL STANDARD SCORE TRICHOTOMOUS ITEMS
C2497400,0.0,0.0,0,,C24974.00,ANTI2000,2000,behavioral/externalizing,BEHAVIOR PROBLEMS INDEX: ANTISOCIAL RAW SCORE
C2497500,0.0,0.0,0,,C24975.00,ANTIPX2000,2000,behavioral/externalizing,BEHAVIOR PROBLEMS INDEX: ANTISOCIAL PERCENTILE SCORE - SAME SEX
C2497600,0.0,0.0,0,,C24976.00,ANTIP2000,2000,behavioral/externalizing,BEHAVIOR PROBLEMS INDEX: ANTISOCIAL PERCENTILE SCORE - ALL CHILDREN
C2497700,0.0,0.0,0,,C24977.00,ANTIZX2000,2000,behavioral/externalizing,BEHAVIOR PROBLEMS INDEX: ANTISOCIAL STANDARD SCORE - SAME SEX
C2497800,0.0,0.0,0,,C24978.00,ANTIZ2000,2000,behavioral/externalizing,BEHAVIOR PROBLEMS INDEX: ANTISOCIAL STANDARD SCORE - ALL CHILDREN
C2435300,0.0,0.0,0,,C24353.00,MS2-28,2000,behavioral/externalizing,BEHAVIOR PROBLEMS INDEX: CHILD HANGS AROUND WITH KIDS WHO GET INTO
C2254614,0.0,0.0,0,,C22546.14,HLTH-5A~000016,2000,health,CHILD HEALTH: TYPE OF LIMITING CONDITION
C2466100,0.0,0.0,0,,C24661.00,CSAS040B,2000,prior delinquency/contact,CHILD SELF-ADMIN: HOW OFTEN IN LAST YEAR HURT SOMEONE BAD ENOUGH TO
Y1176800,0.0,0.0,0,,Y11768.00,YASR-65A~000001,2000,prior delinquency/contact,CHARGES R MOST RECENTLY CONVICTED OF - ASSAULT
Y1176801,0.0,0.0,0,,Y11768.01,YASR-65A~000002,2000,prior delinquency/contact,CHARGES R MOST RECENTLY CONVICTED OF - ROBBERY
Y1176802,0.0,0.0,0,,Y11768.02,YASR-65A~000003,2000,prior delinquency/contact,CHARGES R MOST RECENTLY CONVICTED OF - THEFT
Y1176804,0.0,0.0,0,,Y11768.04,YASR-65A~000005,2000,prior delinquency/contact,CHARGES R MOST RECENTLY CONVICTED OF - DESTRUCTION OF PROPERTY
Y1177000,0.0,0.0,0,,Y11770.00,YASR-67,2000,prior delinquency/contact,EVER/SINCE DATE OF LAST INTERVIEW R BEEN ON PROBATION?
C2435600,0.0,0.0,0,,C24356.00,MS2-31,2000,behavioral/externalizing,BEHAVIOR PROBLEMS INDEX: CHILD IS DISOBEDIENT AT SCHOOL
Y0969200,0.0,0.0,0,,Y09692.00,YASR-65A~000009,1998,substance/risk behavior,YA SELF-REPORT: EVER CONVICTED OF POSSESSION/USE OF ILLICIT DRUGS?
Y1176200,0.0,0.0,0,,Y11762.00,YASR-61B,2000,school/achievement,IN LAST YEAR R EVER GOTTEN INTO A PHYSICAL FIGHT AT SCHOOL OR WORK
Y0969100,0.0,0.0,0,,Y09691.00,YASR-65A~000008,1998,substance/risk behavior,YA SELF-REPORT: EVER CONVICTED OF SELLING MARIJUANA OR HASHISH?
Y0967600,0.0,0.0,0,,Y09676.00,YASR-61O,1998,prior delinquency/contact,YA SELF-REPORT: HAVE YOU EVER IN LAST YEAR HURT SOMEONE ENOUGH TO
Y0967900,0.0,0.0,0,,Y09679.00,YASR-62A,1998,prior delinquency/contact,YASR: EVER BEEN CONVICTED OF CHARGES OTHER THAN MINOR TRAFFIC
Y0968000,0.0,0.0,0,,Y09680.00,YASR-63,1998,prior delinquency/contact,YA SELF-REPORT: NUMBER OF TIMES BEEN CONVICTED OF SOMETHING
Y0968400,0.0,0.0,0,,Y09684.00,YASR-65A~000001,1998,prior delinquency/contact,YA SELF-REPORT: EVER CONVICTED OF ASSAULT?
Y0968500,0.0,0.0,0,,Y09685.00,YASR-65A~000002,1998,prior delinquency/contact,YA SELF-REPORT: EVER CONVICTED OF ROBBERY?
Y0968600,0.0,0.0,0,,Y09686.00,YASR-65A~000003,1998,prior delinquency/contact,YA SELF-REPORT: EVER CONVICTED OF THEFT?
Y0968700,0.0,0.0,0,,Y09687.00,YASR-65A~000004,1998,prior delinquency/contact,YA SELF-REPORT: EVER CONVICTED OF FENCING/RECEIVING/SELLING STOLEN
Y0968800,0.0,0.0,0,,Y09688.00,YASR-65A~000005,1998,prior delinquency/contact,YA SELF-REPORT: EVER CONVICTED OF DESTRUCTION OF PROPERTY?
Y0969700,0.0,0.0,0,,Y09697.00,YASR-65B,1998,prior delinquency/contact,YA SELF-REPORT: EVER BEEN CONVICTED OF ANYTHING IN ADULT COURT?
Y0969800,0.0,0.0,0,,Y09698.00,YASR-67,1998,prior delinquency/contact,YA SELF-REPORT: EVER BEEN ON PROBATION?
Y0970100,0.0,0.0,0,,Y09701.00,YASR-67B,1998,prior delinquency/contact,YA SELF-REPORT: STILL ON PROBATION
Y0970200,0.0,0.0,0,,Y09702.00,YASR-66,1998,prior delinquency/contact,YASR: EVER BEEN SENTENCED TO A CORRECTIONS INSTITUTION/JAIL/REFORM
Y0970800,0.0,0.0,0,,Y09708.00,YASR-66D,1998,prior delinquency/contact,YASR: EVER BEEN REFERRED TO COURT-RELATED COUNSELING BY
Y0970900,0.0,0.0,0,,Y09709.00,YASR-66E,1998,prior delinquency/contact,YA SELF-REPORT: NUMBER OF TIMES REFERRED TO COURT-RELATED
Y0971000,0.0,0.0,0,,Y09710.00,YASR-66F,1998,prior delinquency/contact,YA SELF-REPORT: AGE WHEN FIRST REFERRED TO COURT-RELATED COUNSELING
C1802100,0.0,0.0,0,,C18021.00,CS98LIK_09,1998,school/achievement,WHAT I AM LIKE/SPPC: SOME DO WELL AT CLASSWORK/OTHERS DO NOT DO SO
C1920500,0.0,0.0,0,,C19205.00,CS98022,1998,school/achievement,CHILD SELF-ADMIN: WHAT GRADE IN SCHOOL ARE YOU ATTENDING
C1927700,0.0,0.0,0,,C19277.00,CS98040E,1998,school/achievement,CHILD SELF-ADMIN: HOW OFTEN IN LAST YEAR DAMAGED SCHOOL PROPERTY ON
Y0971600,0.0,0.0,0,,Y09716.00,YASR-69B,1998,socioeconomic/work,YA SELF-REPORT: WAS VOLUNTEER WORK COURT ORDERED?
C1932800,0.0,0.0,0,,C19328.00,CS98057,1998,substance/risk behavior,CHILD SELF-ADMIN: CHILD'S AGE WHEN FIRST DRANK ALCOHOL
C1933400,0.0,0.0,0,,C19334.00,CS98063,1998,substance/risk behavior,CHILD SELF-ADMIN: CHILD'S AGE WHEN FIRST USED MARIJUANA
Y0954700,0.0,0.0,0,,Y09547.00,YASR-24A,1998,substance/risk behavior,YA SELF-REPORT:  HAVE YOU EVER USED MARIJUANA
Y0969000,0.0,0.0,0,,Y09690.00,YASR-65A~000007,1998,substance/risk behavior,YA SELF-REPORT: EVER CONVICTED OF POSSESSION OF MARIJUANA OR
Y1176900,0.0,0.0,0,,Y11769.00,YASR-66,2000,prior delinquency/contact,EVER/SINCE DATE OF LAST INTERVIEW R BEEN SENTENCED TO A CORRECTIONS
C2466400,0.0,0.0,0,,C24664.00,CSAS040E,2000,school/achievement,CHILD SELF-ADMIN: HOW OFTEN IN LAST YEAR DAMAGED SCHOOL PROPERTY ON
C2796400,0.0,0.0,0,,C27964.00,BPEXTR2004,2004,behavioral/externalizing,BEHAVIOR PROBLEMS INDEX: EXTERNAL SCORE TRICHOTOMOUS ITEMS
C2765800,0.0,0.0,0,,C27658.00,CSAS040B,2002,prior delinquency/contact,CHILD SELF-ADMIN: HOW OFTEN IN LAST YEAR HURT SOMEONE BAD ENOUGH TO
Y1417400,0.0,0.0,0,,Y14174.00,YASR-65A~000001,2002,prior delinquency/contact,CHARGES R MOST RECENTLY CONVICTED OF - ASSAULT
Y1417401,0.0,0.0,0,,Y14174.01,YASR-65A~000002,2002,prior delinquency/contact,CHARGES R MOST RECENTLY CONVICTED OF - ROBBERY
Y1417402,0.0,0.0,0,,Y14174.02,YASR-65A~000003,2002,prior delinquency/contact,CHARGES R MOST RECENTLY CONVICTED OF - THEFT
Y1417404,0.0,0.0,0,,Y14174.04,YASR-65A~000005,2002,prior delinquency/contact,CHARGES R MOST RECENTLY CONVICTED OF - DESTRUCTION OF PROPERTY
Y1417600,0.0,0.0,0,,Y14176.00,YASR-67,2002,prior delinquency/contact,EVER/SINCE DATE OF LAST INTERVIEW R BEEN ON PROBATION?
Y1417500,0.0,0.0,0,,Y14175.00,YASR-66,2002,prior delinquency/contact,EVER/SINCE DATE OF LAST INTERVIEW R BEEN SENTENCED TO A CORRECTIONS
Y1255500,0.0,0.0,0,,Y12555.00,Q4-5AA,2002,school/achievement,HAS R EVER SEEN A STUDENT CARRY A WEAPON ON SCHOOL PROPERTY
Y1255600,0.0,0.0,0,,Y12556.00,Q4-5AB,2002,school/achievement,IN LAST SCHOOL YEAR HOW OFTEN HAS R SEEN A STUDENT CARRY A WEAPON
Y1416800,0.0,0.0,0,,Y14168.00,YASR-61B,2002,school/achievement,IN LAST YEAR R EVER GOTTEN INTO A PHYSICAL FIGHT AT SCHOOL OR WORK
C2573200,0.0,0.0,0,,C25732.00,SCHL-32,2002,school/achievement,SCHOOL: HOW MANY TIMES DID PARENTS ATTEND SCHOOL MEETING
C2589000,0.0,0.0,0,,C25890.00,MAT_GRD,2002,school/achievement,PIAT MATH: CHILD GRADE IN SCHOOL
C2759000,0.0,0.0,0,,C27590.00,CSAS020F,2002,school/achievement,CHILD SELF-ADMIN: HOW MUCH CHILD TELLS PARENTS ABOUT WHAT HOMEWORK
C2766100,0.0,0.0,0,,C27661.00,CSAS040E,2002,school/achievement,CHILD SELF-ADMIN: HOW OFTEN IN LAST YEAR DAMAGED SCHOOL PROPERTY ON
C2773300,0.0,0.0,0,,C27733.00,CSAS093,2002,school/achievement,CHILD SELF-ADMIN: HAS CHILD EVER HAD A SEX EDUCATION CLASS AT
Y1416200,0.0,0.0,0,,Y14162.00,YASR-60F,2002,school/achievement,HOW MANY TIMES IN LAST YEAR R DAMAGED SCHOOL PROPERTY ON PURPOSE
Y1417900,0.0,0.0,0,,Y14179.00,YASR-69B,2002,socioeconomic/work,WAS ANY OF VOLUNTEER WORK R HAS DONE COURT ORDERED?
C2769800,0.0,0.0,0,,C27698.00,CSAS056B,2002,substance/risk behavior,CHILD SELF-ADMIN: CHILD'S AGE WHEN FIRST DRANK ALCOHOL
C2770000,0.0,0.0,0,,C27700.00,CSAS057B,2002,substance/risk behavior,CHILD SELF-ADMIN: CHILD'S AGE WHEN FIRST DRANK ALCOHOL MORE THAN
C2770600,0.0,0.0,0,,C27706.00,CSAS063,2002,substance/risk behavior,CHILD SELF-ADMIN: CHILD'S AGE WHEN FIRST USED MARIJUANA
Y1417406,0.0,0.0,0,,Y14174.06,YASR-65A~000007,2002,substance/risk behavior,CHARGES R MOST RECENTLY CONVICTED OF - POSSESSION OF MARIJUANA OR
Y1417407,0.0,0.0,0,,Y14174.07,YASR-65A~000008,2002,substance/risk behavior,CHARGES R MOST RECENTLY CONVICTED OF - SELLING OF MARIJUANA OR
C3012800,0.0,0.0,0,,C30128.00,BPI-31,2004,behavioral/externalizing,BEHAVIOR PROBLEMS INDEX: CHILD IS DISOBEDIENT AT SCHOOL
C2796300,0.0,0.0,0,,C27963.00,BPMIS22004,2004,behavioral/externalizing,BEHAVIOR PROBLEMS INDEX: EXTERNAL RAW SCORE TRICHOTOMOUS ITEMS -
Y1415900,0.0,0.0,0,,Y14159.00,YASR-60C,2002,prior delinquency/contact,HOW MANY TIMES IN LAST YEAR R HURT SOMEONE BADLY ENOUGH TO NEED
C2760900,0.0,0.0,0,,C27609.00,CSAS024A,2002,peer/neighborhood,CHILD SELF-ADMIN: HAS CHILD EVER SEEN STUDENT CARRY A WEAPON ON
C2479400,0.0,0.0,0,,C24794.00,CSAS107C,2000,school/achievement,CHILD SELF-ADMIN: EVER HAD A CLASS/TRAINING PROGRAM ON WORD
C2521400,0.0,0.0,0,,C25214.00,NH6_112002,2002,family/home,# HOUSEHOLD MEMBERS AGED 6 - 11 IN HOUSEHOLD OF MOTHER
Y1177300,0.0,0.0,0,,Y11773.00,YASR-69B,2000,socioeconomic/work,WAS ANY OF VOLUNTEER WORK R HAS DONE COURT ORDERED?
C2472000,0.0,0.0,0,,C24720.00,CSAS057,2000,substance/risk behavior,CHILD SELF-ADMIN: CHILD'S AGE WHEN FIRST DRANK ALCOHOL
C2472600,0.0,0.0,0,,C24726.00,CSAS063,2000,substance/risk behavior,CHILD SELF-ADMIN: CHILD'S AGE WHEN FIRST USED MARIJUANA
Y1176806,0.0,0.0,0,,Y11768.06,YASR-65A~000007,2000,substance/risk behavior,CHARGES R MOST RECENTLY CONVICTED OF - POSSESSION OF MARIJUANA OR
Y1176807,0.0,0.0,0,,Y11768.07,YASR-65A~000008,2000,substance/risk behavior,CHARGES R MOST RECENTLY CONVICTED OF - SELLING OF MARIJUANA OR
C2740400,0.0,0.0,0,,C27404.00,BPI-31,2002,behavioral/externalizing,BEHAVIOR PROBLEMS INDEX: CHILD IS DISOBEDIENT AT SCHOOL
C2525000,0.0,0.0,0,,C25250.00,BPMIS22002,2002,behavioral/externalizing,BEHAVIOR PROBLEMS INDEX: EXTERNAL RAW SCORE TRICHOTOMOUS ITEMS -
C2525100,0.0,0.0,0,,C25251.00,BPEXTR2002,2002,behavioral/externalizing,BEHAVIOR PROBLEMS INDEX: EXTERNAL SCORE TRICHOTOMOUS ITEMS
C2525600,0.0,0.0,0,,C25256.00,BPEXTP2002,2002,behavioral/externalizing,BEHAVIOR PROBLEMS INDEX: EXTERNAL PERCENTILE SCORE TRICHOTOMOUS
C2525700,0.0,0.0,0,,C25257.00,BPEXTZ2002,2002,behavioral/externalizing,BEHAVIOR PROBLEMS INDEX: EXTERNAL STANDARD SCORE TRICHOTOMOUS ITEMS
C2525900,0.0,0.0,0,,C25259.00,ANTI2002,2002,behavioral/externalizing,BEHAVIOR PROBLEMS INDEX: ANTISOCIAL RAW SCORE
C2526000,0.0,0.0,0,,C25260.00,ANTIPX2002,2002,behavioral/externalizing,BEHAVIOR PROBLEMS INDEX: ANTISOCIAL PERCENTILE SCORE - SAME SEX
C2526100,0.0,0.0,0,,C25261.00,ANTIP2002,2002,behavioral/externalizing,BEHAVIOR PROBLEMS INDEX: ANTISOCIAL PERCENTILE SCORE - ALL CHILDREN
C2526200,0.0,0.0,0,,C25262.00,ANTIZX2002,2002,behavioral/externalizing,BEHAVIOR PROBLEMS INDEX: ANTISOCIAL STANDARD SCORE - SAME SEX
C2526300,0.0,0.0,0,,C25263.00,ANTIZ2002,2002,behavioral/externalizing,BEHAVIOR PROBLEMS INDEX: ANTISOCIAL STANDARD SCORE - ALL CHILDREN
C2737600,0.0,0.0,0,,C27376.00,BPI-04,2002,behavioral/externalizing,BEHAVIOR PROBLEMS INDEX: CHILD CHEATS OR TELLS LIES
C2737800,0.0,0.0,0,,C27378.00,BPI-06,2002,behavioral/externalizing,BEHAVIOR PROBLEMS INDEX: CHILD ARGUES TOO MUCH
C2738200,0.0,0.0,0,,C27382.00,BPI-10,2002,behavioral/externalizing,BEHAVIOR PROBLEMS INDEX: CHILD IS DISOBEDIENT AT HOME
C2738300,0.0,0.0,0,,C27383.00,BPI-11,2002,behavioral/externalizing,BEHAVIOR PROBLEMS INDEX: CHILD DOES NOT SEEM TO FEEL SORRY AFTER
C2738500,0.0,0.0,0,,C27385.00,BPI-13,2002,behavioral/externalizing,BEHAVIOR PROBLEMS INDEX: CHILD IS IMPULSIVE OR ACTS WITHOUT
C2739100,0.0,0.0,0,,C27391.00,BPI-19,2002,behavioral/externalizing,BEHAVIOR PROBLEMS INDEX: CHILD HAS STRONG TEMPER AND LOSES IT
C2740000,0.0,0.0,0,,C27400.00,BPI-28,2002,behavioral/externalizing,BEHAVIOR PROBLEMS INDEX: CHILD HANGS AROUND WITH KIDS WHO GET INTO
C0008046,0.0,0.0,0,,C00080.46,CRES2002,2002,family/home,USUAL RESIDENCE OF CHILD
Y2019900,0.0,0.0,0,,Y20199.00,Q4-5AA,2008,school/achievement,HAS R EVER SEEN A STUDENT CARRY A WEAPON ON SCHOOL PROPERTY
