C0000100,target,model,y_true,probability,prediction,correct
103001,later_persistent_delinquency_contact_2000_2020,l2_logistic_regression_original_bol_features_cutoff,1,0.9916970645491037,1,True
372703,later_persistent_delinquency_contact_2000_2020,l2_logistic_regression_original_bol_features_cutoff,0,0.9597845519011398,1,False
253802,later_persistent_delinquency_contact_2000_2020,l2_logistic_regression_original_bol_features_cutoff,1,0.9967744104658678,1,True
493302,later_persistent_delinquency_contact_2000_2020,l2_logistic_regression_original_bol_features_cutoff,1,0.6258699617801956,1,True
56302,later_persistent_delinquency_contact_2000_2020,l2_logistic_regression_original_bol_features_cutoff,0,0.0031757639454480773,0,True
475705,later_persistent_delinquency_contact_2000_2020,l2_logistic_regression_original_bol_features_cutoff,0,0.137705228513067,0,True
373902,later_persistent_delinquency_contact_2000_2020,l2_logistic_regression_original_bol_features_cutoff,1,0.6818687067244179,1,True
136202,later_persistent_delinquency_contact_2000_2020,l2_logistic_regression_original_bol_features_cutoff,1,0.8168300456263794,1,True
268001,later_persistent_delinquency_contact_2000_2020,l2_logistic_regression_original_bol_features_cutoff,1,0.9673706118576715,1,True
477402,later_persistent_delinquency_contact_2000_2020,l2_logistic_regression_original_bol_features_cutoff,1,0.9976395464135972,1,True
311802,later_persistent_delinquency_contact_2000_2020,l2_logistic_regression_original_bol_features_cutoff,0,0.023656059977312995,0,True
211203,later_persistent_delinquency_contact_2000_2020,l2_logistic_regression_original_bol_features_cutoff,1,0.8908694936165465,1,True
75604,later_persistent_delinquency_contact_2000_2020,l2_logistic_regression_original_bol_features_cutoff,1,0.821455169933556,1,True
435403,later_persistent_delinquency_contact_2000_2020,l2_logistic_regression_original_bol_features_cutoff,1,0.825245198855733,1,True
246202,later_persistent_delinquency_contact_2000_2020,l2_logistic_regression_original_bol_features_cutoff,1,0.8952377147591465,1,True
107102,later_persistent_delinquency_contact_2000_2020,l2_logistic_regression_original_bol_features_cutoff,0,0.015275991119760328,0,True
206201,later_persistent_delinquency_contact_2000_2020,l2_logistic_regression_original_bol_features_cutoff,0,0.9172044931166512,1,False
207301,later_persistent_delinquency_contact_2000_2020,l2_logistic_regression_original_bol_features_cutoff,1,0.9176438750509408,1,True
319701,later_persistent_delinquency_contact_2000_2020,l2_logistic_regression_original_bol_features_cutoff,0,0.11099356877778961,0,True
369901,later_persistent_delinquency_contact_2000_2020,l2_logistic_regression_original_bol_features_cutoff,0,0.0031438064329044856,0,True
87602,later_persistent_delinquency_contact_2000_2020,l2_logistic_regression_original_bol_features_cutoff,0,0.6163885388116979,1,False
103403,later_persistent_delinquency_contact_2000_2020,l2_logistic_regression_original_bol_features_cutoff,1,0.8697057846611594,1,True
406001,later_persistent_delinquency_contact_2000_2020,l2_logistic_regression_original_bol_features_cutoff,0,0.00031625482100734883,0,True
363701,later_persistent_delinquency_contact_2000_2020,l2_logistic_regression_original_bol_features_cutoff,0,0.0043394258185875615,0,True
221001,later_persistent_delinquency_contact_2000_2020,l2_logistic_regression_original_bol_features_cutoff,1,0.9816460938728313,1,True
298302,later_persistent_delinquency_contact_2000_2020,l2_logistic_regression_original_bol_features_cutoff,0,0.22575671255219684,0,True
75903,later_persistent_delinquency_contact_2000_2020,l2_logistic_regression_original_bol_features_cutoff,1,0.9944390883083921,1,True
129702,later_persistent_delinquency_contact_2000_2020,l2_logistic_regression_original_bol_features_cutoff,0,0.0001611383279988031,0,True
497801,later_persistent_delinquency_contact_2000_2020,l2_logistic_regression_original_bol_features_cutoff,1,0.885724679966261,1,True
447801,later_persistent_delinquency_contact_2000_2020,l2_logistic_regression_original_bol_features_cutoff,1,0.8248800846583274,1,True
251402,later_persistent_delinquency_contact_2000_2020,l2_logistic_regression_original_bol_features_cutoff,1,0.8366287237333687,1,True
382401,later_persistent_delinquency_contact_2000_2020,l2_logistic_regression_original_bol_features_cutoff,0,0.00022863787208781468,0,True
423204,later_persistent_delinquency_contact_2000_2020,l2_logistic_regression_original_bol_features_cutoff,1,0.7099793385464861,1,True
345803,later_persistent_delinquency_contact_2000_2020,l2_logistic_regression_original_bol_features_cutoff,1,0.9978432291283643,1,True
377104,later_persistent_delinquency_contact_2000_2020,l2_logistic_regression_original_bol_features_cutoff,0,0.015463869991041409,0,True
415001,later_persistent_delinquency_contact_2000_2020,l2_logistic_regression_original_bol_features_cutoff,0,0.44450029860769685,0,True
174701,later_persistent_delinquency_contact_2000_2020,l2_logistic_regression_original_bol_features_cutoff,1,0.3895359719510999,0,False
205801,later_persistent_delinquency_contact_2000_2020,l2_logistic_regression_original_bol_features_cutoff,1,0.9911224837395509,1,True
236203,later_persistent_delinquency_contact_2000_2020,l2_logistic_regression_original_bol_features_cutoff,1,0.9916482475040601,1,True
248804,later_persistent_delinquency_contact_2000_2020,l2_logistic_regression_original_bol_features_cutoff,0,0.059729815455545135,0,True
38803,later_persistent_delinquency_contact_2000_2020,l2_logistic_regression_original_bol_features_cutoff,1,0.9614299347780799,1,True
365003,later_persistent_delinquency_contact_2000_2020,l2_logistic_regression_original_bol_features_cutoff,1,0.8632244024909035,1,True
281401,later_persistent_delinquency_contact_2000_2020,l2_logistic_regression_original_bol_features_cutoff,1,0.8208488971849613,1,True
454301,later_persistent_delinquency_contact_2000_2020,l2_logistic_regression_original_bol_features_cutoff,1,0.3960540444070706,0,False
443702,later_persistent_delinquency_contact_2000_2020,l2_logistic_regression_original_bol_features_cutoff,1,0.9915308838273534,1,True
159605,later_persistent_delinquency_contact_2000_2020,l2_logistic_regression_original_bol_features_cutoff,0,0.9979246119317052,1,False
22102,later_persistent_delinquency_contact_2000_2020,l2_logistic_regression_original_bol_features_cutoff,1,0.9441339658947563,1,True
317901,later_persistent_delinquency_contact_2000_2020,l2_logistic_regression_original_bol_features_cutoff,1,0.9628163188901078,1,True
139101,later_persistent_delinquency_contact_2000_2020,l2_logistic_regression_original_bol_features_cutoff,0,0.0018868624553707682,0,True
231301,later_persistent_delinquency_contact_2000_2020,l2_logistic_regression_original_bol_features_cutoff,0,0.00037322646966207447,0,True
449003,later_persistent_delinquency_contact_2000_2020,l2_logistic_regression_original_bol_features_cutoff,0,0.010884732849903067,0,True
226706,later_persistent_delinquency_contact_2000_2020,l2_logistic_regression_original_bol_features_cutoff,0,0.16514687808925516,0,True
417003,later_persistent_delinquency_contact_2000_2020,l2_logistic_regression_original_bol_features_cutoff,1,0.9443626428042159,1,True
14302,later_persistent_delinquency_contact_2000_2020,l2_logistic_regression_original_bol_features_cutoff,1,0.9970009281285263,1,True
282302,later_persistent_delinquency_contact_2000_2020,l2_logistic_regression_original_bol_features_cutoff,1,0.9518599989725739,1,True
186601,later_persistent_delinquency_contact_2000_2020,l2_logistic_regression_original_bol_features_cutoff,1,0.7996906111192343,1,True
360901,later_persistent_delinquency_contact_2000_2020,l2_logistic_regression_original_bol_features_cutoff,1,0.9660077513229953,1,True
93201,later_persistent_delinquency_contact_2000_2020,l2_logistic_regression_original_bol_features_cutoff,0,0.013158356541789288,0,True
351101,later_persistent_delinquency_contact_2000_2020,l2_logistic_regression_original_bol_features_cutoff,1,0.9872424180088918,1,True
437804,later_persistent_delinquency_contact_2000_2020,l2_logistic_regression_original_bol_features_cutoff,1,0.9723202917216754,1,True
285503,later_persistent_delinquency_contact_2000_2020,l2_logistic_regression_original_bol_features_cutoff,1,0.7995941911920283,1,True
116401,later_persistent_delinquency_contact_2000_2020,l2_logistic_regression_original_bol_features_cutoff,0,0.0010525527477463945,0,True
66804,later_persistent_delinquency_contact_2000_2020,l2_logistic_regression_original_bol_features_cutoff,0,0.6919997807592346,1,False
377001,later_persistent_delinquency_contact_2000_2020,l2_logistic_regression_original_bol_features_cutoff,0,0.008965704332293474,0,True
60403,later_persistent_delinquency_contact_2000_2020,l2_logistic_regression_original_bol_features_cutoff,1,0.9991830125749193,1,True
108302,later_persistent_delinquency_contact_2000_2020,l2_logistic_regression_original_bol_features_cutoff,1,0.7569272039566052,1,True
448502,later_persistent_delinquency_contact_2000_2020,l2_logistic_regression_original_bol_features_cutoff,0,0.0778812357457441,0,True
324401,later_persistent_delinquency_contact_2000_2020,l2_logistic_regression_original_bol_features_cutoff,1,0.9723997602067187,1,True
438601,later_persistent_delinquency_contact_2000_2020,l2_logistic_regression_original_bol_features_cutoff,1,0.8653774699157939,1,True
421202,later_persistent_delinquency_contact_2000_2020,l2_logistic_regression_original_bol_features_cutoff,1,0.554029135402009,1,True
327301,later_persistent_delinquency_contact_2000_2020,l2_logistic_regression_original_bol_features_cutoff,0,0.22197191166846572,0,True
76404,later_persistent_delinquency_contact_2000_2020,l2_logistic_regression_original_bol_features_cutoff,1,0.9916119752095502,1,True
165602,later_persistent_delinquency_contact_2000_2020,l2_logistic_regression_original_bol_features_cutoff,1,0.9703242181605328,1,True
182503,later_persistent_delinquency_contact_2000_2020,l2_logistic_regression_original_bol_features_cutoff,0,0.002463731842526265,0,True
342601,later_persistent_delinquency_contact_2000_2020,l2_logistic_regression_original_bol_features_cutoff,1,0.9770979916703831,1,True
326808,later_persistent_delinquency_contact_2000_2020,l2_logistic_regression_original_bol_features_cutoff,0,0.008507327264190387,0,True
108704,later_persistent_delinquency_contact_2000_2020,l2_logistic_regression_original_bol_features_cutoff,0,0.254182798977548,0,True
244201,later_persistent_delinquency_contact_2000_2020,l2_logistic_regression_original_bol_features_cutoff,0,0.002766149912501926,0,True
341101,later_persistent_delinquency_contact_2000_2020,l2_logistic_regression_original_bol_features_cutoff,0,0.1489709643867791,0,True
52901,later_persistent_delinquency_contact_2000_2020,l2_logistic_regression_original_bol_features_cutoff,0,0.7548692306339028,1,False
316302,later_persistent_delinquency_contact_2000_2020,l2_logistic_regression_original_bol_features_cutoff,0,0.010562780165746313,0,True
37902,later_persistent_delinquency_contact_2000_2020,l2_logistic_regression_original_bol_features_cutoff,1,0.6639815493112654,1,True
97402,later_persistent_delinquency_contact_2000_2020,l2_logistic_regression_original_bol_features_cutoff,1,0.9986300815374816,1,True
206401,later_persistent_delinquency_contact_2000_2020,l2_logistic_regression_original_bol_features_cutoff,0,0.17972085353665082,0,True
13701,later_persistent_delinquency_contact_2000_2020,l2_logistic_regression_original_bol_features_cutoff,1,0.9978475143142087,1,True
135602,later_persistent_delinquency_contact_2000_2020,l2_logistic_regression_original_bol_features_cutoff,1,0.9775609001755217,1,True
384602,later_persistent_delinquency_contact_2000_2020,l2_logistic_regression_original_bol_features_cutoff,0,0.767826685861485,1,False
26501,later_persistent_delinquency_contact_2000_2020,l2_logistic_regression_original_bol_features_cutoff,0,0.8346826468861395,1,False
432601,later_persistent_delinquency_contact_2000_2020,l2_logistic_regression_original_bol_features_cutoff,0,0.001026444832192455,0,True
359701,later_persistent_delinquency_contact_2000_2020,l2_logistic_regression_original_bol_features_cutoff,0,0.03691176454521723,0,True
96601,later_persistent_delinquency_contact_2000_2020,l2_logistic_regression_original_bol_features_cutoff,0,0.7458738802702022,1,False
252302,later_persistent_delinquency_contact_2000_2020,l2_logistic_regression_original_bol_features_cutoff,0,0.012996623981716408,0,True
56701,later_persistent_delinquency_contact_2000_2020,l2_logistic_regression_original_bol_features_cutoff,1,0.9975611375951673,1,True
151202,later_persistent_delinquency_contact_2000_2020,l2_logistic_regression_original_bol_features_cutoff,1,0.9478270487898991,1,True
465702,later_persistent_delinquency_contact_2000_2020,l2_logistic_regression_original_bol_features_cutoff,0,0.020787861983771163,0,True
449903,later_persistent_delinquency_contact_2000_2020,l2_logistic_regression_original_bol_features_cutoff,1,0.9980427899135705,1,True
122704,later_persistent_delinquency_contact_2000_2020,l2_logistic_regression_original_bol_features_cutoff,1,0.9999356339331076,1,True
325401,later_persistent_delinquency_contact_2000_2020,l2_logistic_regression_original_bol_features_cutoff,1,0.9789278939183634,1,True
473001,later_persistent_delinquency_contact_2000_2020,l2_logistic_regression_original_bol_features_cutoff,0,0.08154854091199487,0,True
44901,later_persistent_delinquency_contact_2000_2020,l2_logistic_regression_original_bol_features_cutoff,0,0.14142229758436736,0,True
397002,later_persistent_delinquency_contact_2000_2020,l2_logistic_regression_original_bol_features_cutoff,1,0.918332963738473,1,True
9901,later_persistent_delinquency_contact_2000_2020,l2_logistic_regression_original_bol_features_cutoff,1,0.738173021022428,1,True
472601,later_persistent_delinquency_contact_2000_2020,l2_logistic_regression_original_bol_features_cutoff,0,0.001357318548427517,0,True
176002,later_persistent_delinquency_contact_2000_2020,l2_logistic_regression_original_bol_features_cutoff,0,0.008514178425430992,0,True
393601,later_persistent_delinquency_contact_2000_2020,l2_logistic_regression_original_bol_features_cutoff,0,0.37360343692657694,0,True
129301,later_persistent_delinquency_contact_2000_2020,l2_logistic_regression_original_bol_features_cutoff,0,0.26977925824329496,0,True
265501,later_persistent_delinquency_contact_2000_2020,l2_logistic_regression_original_bol_features_cutoff,1,0.989191423605083,1,True
267202,later_persistent_delinquency_contact_2000_2020,l2_logistic_regression_original_bol_features_cutoff,0,0.001177573507095863,0,True
15301,later_persistent_delinquency_contact_2000_2020,l2_logistic_regression_original_bol_features_cutoff,0,0.016451633419364276,0,True
94902,later_persistent_delinquency_contact_2000_2020,l2_logistic_regression_original_bol_features_cutoff,1,0.34829901385932777,0,False
152503,later_persistent_delinquency_contact_2000_2020,l2_logistic_regression_original_bol_features_cutoff,1,0.9817248125532652,1,True
493003,later_persistent_delinquency_contact_2000_2020,l2_logistic_regression_original_bol_features_cutoff,1,0.978053018694133,1,True
242601,later_persistent_delinquency_contact_2000_2020,l2_logistic_regression_original_bol_features_cutoff,1,0.9454460183313919,1,True
274802,later_persistent_delinquency_contact_2000_2020,l2_logistic_regression_original_bol_features_cutoff,1,0.9426177347428825,1,True
352401,later_persistent_delinquency_contact_2000_2020,l2_logistic_regression_original_bol_features_cutoff,1,0.7552854493691452,1,True
164902,later_persistent_delinquency_contact_2000_2020,l2_logistic_regression_original_bol_features_cutoff,1,0.728149608772311,1,True
172601,later_persistent_delinquency_contact_2000_2020,l2_logistic_regression_original_bol_features_cutoff,0,0.3030330958774775,0,True
328003,later_persistent_delinquency_contact_2000_2020,l2_logistic_regression_original_bol_features_cutoff,1,0.9920830171279199,1,True
415403,later_persistent_delinquency_contact_2000_2020,l2_logistic_regression_original_bol_features_cutoff,0,0.8097281490440136,1,False
241601,later_persistent_delinquency_contact_2000_2020,l2_logistic_regression_original_bol_features_cutoff,1,0.8977187392665722,1,True
370302,later_persistent_delinquency_contact_2000_2020,l2_logistic_regression_original_bol_features_cutoff,0,0.008984953813210439,0,True
224701,later_persistent_delinquency_contact_2000_2020,l2_logistic_regression_original_bol_features_cutoff,1,0.994000108133149,1,True
71201,later_persistent_delinquency_contact_2000_2020,l2_logistic_regression_original_bol_features_cutoff,0,0.003130166567322633,0,True
142301,later_persistent_delinquency_contact_2000_2020,l2_logistic_regression_original_bol_features_cutoff,0,0.00844818819339345,0,True
443701,later_persistent_delinquency_contact_2000_2020,l2_logistic_regression_original_bol_features_cutoff,1,0.9698135089495523,1,True
194801,later_persistent_delinquency_contact_2000_2020,l2_logistic_regression_original_bol_features_cutoff,1,0.8751694080128751,1,True
164201,later_persistent_delinquency_contact_2000_2020,l2_logistic_regression_original_bol_features_cutoff,0,0.0012026590817998941,0,True
218602,later_persistent_delinquency_contact_2000_2020,l2_logistic_regression_original_bol_features_cutoff,0,0.08565983929629777,0,True
153202,later_persistent_delinquency_contact_2000_2020,l2_logistic_regression_original_bol_features_cutoff,1,0.9751850271966823,1,True
45502,later_persistent_delinquency_contact_2000_2020,l2_logistic_regression_original_bol_features_cutoff,1,0.9728239033249563,1,True
265503,later_persistent_delinquency_contact_2000_2020,l2_logistic_regression_original_bol_features_cutoff,1,0.9997381954933007,1,True
228801,later_persistent_delinquency_contact_2000_2020,l2_logistic_regression_original_bol_features_cutoff,0,0.005822097089835,0,True
112305,later_persistent_delinquency_contact_2000_2020,l2_logistic_regression_original_bol_features_cutoff,1,0.9470728320532361,1,True
344701,later_persistent_delinquency_contact_2000_2020,l2_logistic_regression_original_bol_features_cutoff,0,0.007046772230411179,0,True
95001,later_persistent_delinquency_contact_2000_2020,l2_logistic_regression_original_bol_features_cutoff,1,0.9820412615406924,1,True
342603,later_persistent_delinquency_contact_2000_2020,l2_logistic_regression_original_bol_features_cutoff,1,0.8066616690488777,1,True
23601,later_persistent_delinquency_contact_2000_2020,l2_logistic_regression_original_bol_features_cutoff,0,0.8774816127733837,1,False
10201,later_persistent_delinquency_contact_2000_2020,l2_logistic_regression_original_bol_features_cutoff,0,0.20902286318967614,0,True
99902,later_persistent_delinquency_contact_2000_2020,l2_logistic_regression_original_bol_features_cutoff,1,0.7168609947362898,1,True
123602,later_persistent_delinquency_contact_2000_2020,l2_logistic_regression_original_bol_features_cutoff,0,0.007456359959587291,0,True
418201,later_persistent_delinquency_contact_2000_2020,l2_logistic_regression_original_bol_features_cutoff,0,0.005387228206900882,0,True
144601,later_persistent_delinquency_contact_2000_2020,l2_logistic_regression_original_bol_features_cutoff,1,0.722439682097734,1,True
118701,later_persistent_delinquency_contact_2000_2020,l2_logistic_regression_original_bol_features_cutoff,1,0.9402220583356857,1,True
240901,later_persistent_delinquency_contact_2000_2020,l2_logistic_regression_original_bol_features_cutoff,0,0.14096167385603944,0,True
144301,later_persistent_delinquency_contact_2000_2020,l2_logistic_regression_original_bol_features_cutoff,1,0.0865168290445501,0,False
120902,later_persistent_delinquency_contact_2000_2020,l2_logistic_regression_original_bol_features_cutoff,1,0.9503442304422268,1,True
371103,later_persistent_delinquency_contact_2000_2020,l2_logistic_regression_original_bol_features_cutoff,0,0.003951798501517654,0,True
60802,later_persistent_delinquency_contact_2000_2020,l2_logistic_regression_original_bol_features_cutoff,1,0.9099024462866576,1,True
210301,later_persistent_delinquency_contact_2000_2020,l2_logistic_regression_original_bol_features_cutoff,0,0.022377192079868727,0,True
291801,later_persistent_delinquency_contact_2000_2020,l2_logistic_regression_original_bol_features_cutoff,1,0.938829280457809,1,True
223201,later_persistent_delinquency_contact_2000_2020,l2_logistic_regression_original_bol_features_cutoff,1,0.9870816683147275,1,True
158301,later_persistent_delinquency_contact_2000_2020,l2_logistic_regression_original_bol_features_cutoff,0,0.00531017978152785,0,True
14303,later_persistent_delinquency_contact_2000_2020,l2_logistic_regression_original_bol_features_cutoff,1,0.85325205124391,1,True
408403,later_persistent_delinquency_contact_2000_2020,l2_logistic_regression_original_bol_features_cutoff,0,0.5478851933734797,1,False
260501,later_persistent_delinquency_contact_2000_2020,l2_logistic_regression_original_bol_features_cutoff,0,0.022835068020139744,0,True
252902,later_persistent_delinquency_contact_2000_2020,l2_logistic_regression_original_bol_features_cutoff,1,0.992364484370624,1,True
356601,later_persistent_delinquency_contact_2000_2020,l2_logistic_regression_original_bol_features_cutoff,0,0.00014663674630192226,0,True
345102,later_persistent_delinquency_contact_2000_2020,l2_logistic_regression_original_bol_features_cutoff,1,0.8723525912700795,1,True
473403,later_persistent_delinquency_contact_2000_2020,l2_logistic_regression_original_bol_features_cutoff,0,0.08168528805398793,0,True
291101,later_persistent_delinquency_contact_2000_2020,l2_logistic_regression_original_bol_features_cutoff,0,7.626085432402871e-05,0,True
418001,later_persistent_delinquency_contact_2000_2020,l2_logistic_regression_original_bol_features_cutoff,0,0.004277386512486237,0,True
425402,later_persistent_delinquency_contact_2000_2020,l2_logistic_regression_original_bol_features_cutoff,1,0.9911746616955589,1,True
12101,later_persistent_delinquency_contact_2000_2020,l2_logistic_regression_original_bol_features_cutoff,1,0.9898289741557665,1,True
150204,later_persistent_delinquency_contact_2000_2020,l2_logistic_regression_original_bol_features_cutoff,0,0.639457729499882,1,False
18303,later_persistent_delinquency_contact_2000_2020,l2_logistic_regression_original_bol_features_cutoff,1,0.9159405382448703,1,True
143802,later_persistent_delinquency_contact_2000_2020,l2_logistic_regression_original_bol_features_cutoff,0,0.0385773328510409,0,True
119902,later_persistent_delinquency_contact_2000_2020,l2_logistic_regression_original_bol_features_cutoff,1,0.9064507798819037,1,True
432302,later_persistent_delinquency_contact_2000_2020,l2_logistic_regression_original_bol_features_cutoff,0,0.48782595296246495,0,True
54803,later_persistent_delinquency_contact_2000_2020,l2_logistic_regression_original_bol_features_cutoff,1,0.9035955133502104,1,True
359703,later_persistent_delinquency_contact_2000_2020,l2_logistic_regression_original_bol_features_cutoff,1,0.9460730607297957,1,True
480103,later_persistent_delinquency_contact_2000_2020,l2_logistic_regression_original_bol_features_cutoff,1,0.6691295175172366,1,True
233901,later_persistent_delinquency_contact_2000_2020,l2_logistic_regression_original_bol_features_cutoff,0,0.007821315991864008,0,True
251501,later_persistent_delinquency_contact_2000_2020,l2_logistic_regression_original_bol_features_cutoff,0,0.6980841922068969,1,False
465101,later_persistent_delinquency_contact_2000_2020,l2_logistic_regression_original_bol_features_cutoff,0,0.09766016064980738,0,True
227002,later_persistent_delinquency_contact_2000_2020,l2_logistic_regression_original_bol_features_cutoff,0,0.3727424761684135,0,True
149501,later_persistent_delinquency_contact_2000_2020,l2_logistic_regression_original_bol_features_cutoff,0,0.41338770351142434,0,True
38202,later_persistent_delinquency_contact_2000_2020,l2_logistic_regression_original_bol_features_cutoff,0,3.7449797129963782e-06,0,True
32203,later_persistent_delinquency_contact_2000_2020,l2_logistic_regression_original_bol_features_cutoff,0,0.34608673105579973,0,True
9801,later_persistent_delinquency_contact_2000_2020,l2_logistic_regression_original_bol_features_cutoff,1,0.8746751528686508,1,True
400202,later_persistent_delinquency_contact_2000_2020,l2_logistic_regression_original_bol_features_cutoff,1,0.9910313709972587,1,True
470602,later_persistent_delinquency_contact_2000_2020,l2_logistic_regression_original_bol_features_cutoff,0,0.8957704957113682,1,False
484802,later_persistent_delinquency_contact_2000_2020,l2_logistic_regression_original_bol_features_cutoff,0,0.4625710224462313,0,True
172901,later_persistent_delinquency_contact_2000_2020,l2_logistic_regression_original_bol_features_cutoff,0,0.2173913921563451,0,True
403502,later_persistent_delinquency_contact_2000_2020,l2_logistic_regression_original_bol_features_cutoff,1,0.6600897701690923,1,True
55704,later_persistent_delinquency_contact_2000_2020,l2_logistic_regression_original_bol_features_cutoff,1,0.9931001753233116,1,True
342904,later_persistent_delinquency_contact_2000_2020,l2_logistic_regression_original_bol_features_cutoff,1,0.9779574628444296,1,True
372702,later_persistent_delinquency_contact_2000_2020,l2_logistic_regression_original_bol_features_cutoff,0,0.7879392035915119,1,False
487303,later_persistent_delinquency_contact_2000_2020,l2_logistic_regression_original_bol_features_cutoff,0,0.038529025909315145,0,True
354502,later_persistent_delinquency_contact_2000_2020,l2_logistic_regression_original_bol_features_cutoff,1,0.9888104750915229,1,True
464502,later_persistent_delinquency_contact_2000_2020,l2_logistic_regression_original_bol_features_cutoff,1,0.4862554877158423,0,False
377101,later_persistent_delinquency_contact_2000_2020,l2_logistic_regression_original_bol_features_cutoff,0,0.06958648423837671,0,True
161703,later_persistent_delinquency_contact_2000_2020,l2_logistic_regression_original_bol_features_cutoff,1,0.9062611420482355,1,True
336503,later_persistent_delinquency_contact_2000_2020,l2_logistic_regression_original_bol_features_cutoff,0,0.25018445036420706,0,True
402402,later_persistent_delinquency_contact_2000_2020,l2_logistic_regression_original_bol_features_cutoff,1,0.3313203113749008,0,False
116102,later_persistent_delinquency_contact_2000_2020,l2_logistic_regression_original_bol_features_cutoff,0,0.008776362747953808,0,True
190202,later_persistent_delinquency_contact_2000_2020,l2_logistic_regression_original_bol_features_cutoff,1,0.7436170476474879,1,True
273501,later_persistent_delinquency_contact_2000_2020,l2_logistic_regression_original_bol_features_cutoff,1,0.796447403542102,1,True
415302,later_persistent_delinquency_contact_2000_2020,l2_logistic_regression_original_bol_features_cutoff,1,0.9962909149295776,1,True
444502,later_persistent_delinquency_contact_2000_2020,l2_logistic_regression_original_bol_features_cutoff,1,0.9809427576680233,1,True
476801,later_persistent_delinquency_contact_2000_2020,l2_logistic_regression_original_bol_features_cutoff,1,0.4697842587541989,0,False
478501,later_persistent_delinquency_contact_2000_2020,l2_logistic_regression_original_bol_features_cutoff,1,0.8948597216943687,1,True
73903,later_persistent_delinquency_contact_2000_2020,l2_logistic_regression_original_bol_features_cutoff,1,0.7684676966719577,1,True
117901,later_persistent_delinquency_contact_2000_2020,l2_logistic_regression_original_bol_features_cutoff,1,0.9909912928295472,1,True
294303,later_persistent_delinquency_contact_2000_2020,l2_logistic_regression_original_bol_features_cutoff,0,0.04235946962550771,0,True
107601,later_persistent_delinquency_contact_2000_2020,l2_logistic_regression_original_bol_features_cutoff,0,0.10871290812373972,0,True
401602,later_persistent_delinquency_contact_2000_2020,l2_logistic_regression_original_bol_features_cutoff,0,0.08681283817446256,0,True
279001,later_persistent_delinquency_contact_2000_2020,l2_logistic_regression_original_bol_features_cutoff,0,0.014037442450205941,0,True
40701,later_persistent_delinquency_contact_2000_2020,l2_logistic_regression_original_bol_features_cutoff,0,0.0811345769402837,0,True
487301,later_persistent_delinquency_contact_2000_2020,l2_logistic_regression_original_bol_features_cutoff,0,0.015321695773538249,0,True
110101,later_persistent_delinquency_contact_2000_2020,l2_logistic_regression_original_bol_features_cutoff,0,0.6187854329277293,1,False
455301,later_persistent_delinquency_contact_2000_2020,l2_logistic_regression_original_bol_features_cutoff,0,0.3457668518803418,0,True
401201,later_persistent_delinquency_contact_2000_2020,l2_logistic_regression_original_bol_features_cutoff,1,0.9825328930115457,1,True
483702,later_persistent_delinquency_contact_2000_2020,l2_logistic_regression_original_bol_features_cutoff,0,0.002192569451299962,0,True
297001,later_persistent_delinquency_contact_2000_2020,l2_logistic_regression_original_bol_features_cutoff,0,0.006325445846200191,0,True
346502,later_persistent_delinquency_contact_2000_2020,l2_logistic_regression_original_bol_features_cutoff,0,0.312706332492317,0,True
209901,later_persistent_delinquency_contact_2000_2020,l2_logistic_regression_original_bol_features_cutoff,1,0.8982639784202299,1,True
372001,later_persistent_delinquency_contact_2000_2020,l2_logistic_regression_original_bol_features_cutoff,0,0.6369850419121137,1,False
214001,later_persistent_delinquency_contact_2000_2020,l2_logistic_regression_original_bol_features_cutoff,0,0.004648295488730206,0,True
161702,later_persistent_delinquency_contact_2000_2020,l2_logistic_regression_original_bol_features_cutoff,1,0.9815076481871318,1,True
244704,later_persistent_delinquency_contact_2000_2020,l2_logistic_regression_original_bol_features_cutoff,0,0.007630847418636157,0,True
499101,later_persistent_delinquency_contact_2000_2020,l2_logistic_regression_original_bol_features_cutoff,0,0.777282869932616,1,False
176601,later_persistent_delinquency_contact_2000_2020,l2_logistic_regression_original_bol_features_cutoff,0,0.00011633604288783677,0,True
80103,later_persistent_delinquency_contact_2000_2020,l2_logistic_regression_original_bol_features_cutoff,1,0.95279761372057,1,True
357601,later_persistent_delinquency_contact_2000_2020,l2_logistic_regression_original_bol_features_cutoff,0,0.00020698418148057098,0,True
184802,later_persistent_delinquency_contact_2000_2020,l2_logistic_regression_original_bol_features_cutoff,1,0.9708658501657406,1,True
429601,later_persistent_delinquency_contact_2000_2020,l2_logistic_regression_original_bol_features_cutoff,1,0.911621379978923,1,True
134302,later_persistent_delinquency_contact_2000_2020,l2_logistic_regression_original_bol_features_cutoff,1,0.9506389190204632,1,True
366101,later_persistent_delinquency_contact_2000_2020,l2_logistic_regression_original_bol_features_cutoff,1,0.7251192290047944,1,True
207202,later_persistent_delinquency_contact_2000_2020,l2_logistic_regression_original_bol_features_cutoff,1,0.8937468593638265,1,True
409502,later_persistent_delinquency_contact_2000_2020,l2_logistic_regression_original_bol_features_cutoff,1,0.9941419344679696,1,True
448101,later_persistent_delinquency_contact_2000_2020,l2_logistic_regression_original_bol_features_cutoff,0,0.0014357827378453487,0,True
480401,later_persistent_delinquency_contact_2000_2020,l2_logistic_regression_original_bol_features_cutoff,0,0.18691198472192666,0,True
377002,later_persistent_delinquency_contact_2000_2020,l2_logistic_regression_original_bol_features_cutoff,1,0.9312241119724851,1,True
398203,later_persistent_delinquency_contact_2000_2020,l2_logistic_regression_original_bol_features_cutoff,0,0.0003084286085579349,0,True
36902,later_persistent_delinquency_contact_2000_2020,l2_logistic_regression_original_bol_features_cutoff,1,0.9917446592906695,1,True
183301,later_persistent_delinquency_contact_2000_2020,l2_logistic_regression_original_bol_features_cutoff,0,0.0005957973597424433,0,True
123301,later_persistent_delinquency_contact_2000_2020,l2_logistic_regression_original_bol_features_cutoff,0,0.01089625235100945,0,True
1602,later_persistent_delinquency_contact_2000_2020,l2_logistic_regression_original_bol_features_cutoff,1,0.9015420645896239,1,True
401503,later_persistent_delinquency_contact_2000_2020,l2_logistic_regression_original_bol_features_cutoff,1,0.9707980769991685,1,True
332101,later_persistent_delinquency_contact_2000_2020,l2_logistic_regression_original_bol_features_cutoff,0,0.00017638932155906623,0,True
495003,later_persistent_delinquency_contact_2000_2020,l2_logistic_regression_original_bol_features_cutoff,1,0.9361604951322339,1,True
141602,later_persistent_delinquency_contact_2000_2020,l2_logistic_regression_original_bol_features_cutoff,1,0.15680086766439005,0,False
73303,later_persistent_delinquency_contact_2000_2020,l2_logistic_regression_original_bol_features_cutoff,1,0.8618351387217299,1,True
62101,later_persistent_delinquency_contact_2000_2020,l2_logistic_regression_original_bol_features_cutoff,1,0.9969771063814726,1,True
20002,later_persistent_delinquency_contact_2000_2020,l2_logistic_regression_original_bol_features_cutoff,1,0.9397378267964988,1,True
187601,later_persistent_delinquency_contact_2000_2020,l2_logistic_regression_original_bol_features_cutoff,0,0.008992373145057917,0,True
188502,later_persistent_delinquency_contact_2000_2020,l2_logistic_regression_original_bol_features_cutoff,1,0.9942859117022146,1,True
207703,later_persistent_delinquency_contact_2000_2020,l2_logistic_regression_original_bol_features_cutoff,0,2.7449917379970048e-06,0,True
153901,later_persistent_delinquency_contact_2000_2020,l2_logistic_regression_original_bol_features_cutoff,0,0.2669085317865839,0,True
495004,later_persistent_delinquency_contact_2000_2020,l2_logistic_regression_original_bol_features_cutoff,1,0.899103734302765,1,True
475302,later_persistent_delinquency_contact_2000_2020,l2_logistic_regression_original_bol_features_cutoff,1,0.9630874800089286,1,True
37903,later_persistent_delinquency_contact_2000_2020,l2_logistic_regression_original_bol_features_cutoff,0,0.0013685723038191402,0,True
288901,later_persistent_delinquency_contact_2000_2020,l2_logistic_regression_original_bol_features_cutoff,1,0.8575913102410397,1,True
180802,later_persistent_delinquency_contact_2000_2020,l2_logistic_regression_original_bol_features_cutoff,1,0.9141356750217964,1,True
265901,later_persistent_delinquency_contact_2000_2020,l2_logistic_regression_original_bol_features_cutoff,0,0.002221605504100342,0,True
224002,later_persistent_delinquency_contact_2000_2020,l2_logistic_regression_original_bol_features_cutoff,0,0.010141326814542344,0,True
338703,later_persistent_delinquency_contact_2000_2020,l2_logistic_regression_original_bol_features_cutoff,1,0.9642869324546738,1,True
108803,later_persistent_delinquency_contact_2000_2020,l2_logistic_regression_original_bol_features_cutoff,1,0.9737519044053297,1,True
137602,later_persistent_delinquency_contact_2000_2020,l2_logistic_regression_original_bol_features_cutoff,0,6.37286994209248e-07,0,True
445001,later_persistent_delinquency_contact_2000_2020,l2_logistic_regression_original_bol_features_cutoff,0,0.007573861720104543,0,True
240702,later_persistent_delinquency_contact_2000_2020,l2_logistic_regression_original_bol_features_cutoff,1,0.421287648632751,0,False
463803,later_persistent_delinquency_contact_2000_2020,l2_logistic_regression_original_bol_features_cutoff,0,0.0010913124368881473,0,True
138102,later_persistent_delinquency_contact_2000_2020,l2_logistic_regression_original_bol_features_cutoff,1,0.9988075788653001,1,True
122401,later_persistent_delinquency_contact_2000_2020,l2_logistic_regression_original_bol_features_cutoff,0,0.009237684670410551,0,True
280901,later_persistent_delinquency_contact_2000_2020,l2_logistic_regression_original_bol_features_cutoff,0,5.744127728787628e-05,0,True
10002,later_persistent_delinquency_contact_2000_2020,l2_logistic_regression_original_bol_features_cutoff,1,0.9619197601516114,1,True
378302,later_persistent_delinquency_contact_2000_2020,l2_logistic_regression_original_bol_features_cutoff,0,0.002168406432117117,0,True
75901,later_persistent_delinquency_contact_2000_2020,l2_logistic_regression_original_bol_features_cutoff,0,0.0029493181808472766,0,True
241101,later_persistent_delinquency_contact_2000_2020,l2_logistic_regression_original_bol_features_cutoff,0,0.0014971629645328796,0,True
371402,later_persistent_delinquency_contact_2000_2020,l2_logistic_regression_original_bol_features_cutoff,1,0.9883970325479337,1,True
239902,later_persistent_delinquency_contact_2000_2020,l2_logistic_regression_original_bol_features_cutoff,1,0.9280491168311554,1,True
209403,later_persistent_delinquency_contact_2000_2020,l2_logistic_regression_original_bol_features_cutoff,0,0.0012824583929015043,0,True
453401,later_persistent_delinquency_contact_2000_2020,l2_logistic_regression_original_bol_features_cutoff,0,3.8684235735624954e-05,0,True
418601,later_persistent_delinquency_contact_2000_2020,l2_logistic_regression_original_bol_features_cutoff,1,0.9867411417656423,1,True
206601,later_persistent_delinquency_contact_2000_2020,l2_logistic_regression_original_bol_features_cutoff,1,0.9065750747087188,1,True
499103,later_persistent_delinquency_contact_2000_2020,l2_logistic_regression_original_bol_features_cutoff,0,0.6186062278839963,1,False
354801,later_persistent_delinquency_contact_2000_2020,l2_logistic_regression_original_bol_features_cutoff,0,0.0007184628304845806,0,True
346702,later_persistent_delinquency_contact_2000_2020,l2_logistic_regression_original_bol_features_cutoff,0,0.17053975782680778,0,True
65602,later_persistent_delinquency_contact_2000_2020,l2_logistic_regression_original_bol_features_cutoff,1,0.8824579325908609,1,True
102505,later_persistent_delinquency_contact_2000_2020,l2_logistic_regression_original_bol_features_cutoff,0,0.001395032866485375,0,True
418701,later_persistent_delinquency_contact_2000_2020,l2_logistic_regression_original_bol_features_cutoff,0,0.006701126470268203,0,True
349102,later_persistent_delinquency_contact_2000_2020,l2_logistic_regression_original_bol_features_cutoff,1,0.9738166937214119,1,True
435202,later_persistent_delinquency_contact_2000_2020,l2_logistic_regression_original_bol_features_cutoff,1,0.8213173195435036,1,True
447902,later_persistent_delinquency_contact_2000_2020,l2_logistic_regression_original_bol_features_cutoff,1,0.9268529279793546,1,True
346701,later_persistent_delinquency_contact_2000_2020,l2_logistic_regression_original_bol_features_cutoff,1,0.8825140663029034,1,True
27204,later_persistent_delinquency_contact_2000_2020,l2_logistic_regression_original_bol_features_cutoff,0,0.9076239584455484,1,False
334702,later_persistent_delinquency_contact_2000_2020,l2_logistic_regression_original_bol_features_cutoff,0,0.9487977099393489,1,False
27803,later_persistent_delinquency_contact_2000_2020,l2_logistic_regression_original_bol_features_cutoff,0,0.9537507310487727,1,False
122002,later_persistent_delinquency_contact_2000_2020,l2_logistic_regression_original_bol_features_cutoff,0,0.1979109035413144,0,True
355801,later_persistent_delinquency_contact_2000_2020,l2_logistic_regression_original_bol_features_cutoff,1,0.8708952283062147,1,True
459001,later_persistent_delinquency_contact_2000_2020,l2_logistic_regression_original_bol_features_cutoff,1,0.9328806657853616,1,True
84501,later_persistent_delinquency_contact_2000_2020,l2_logistic_regression_original_bol_features_cutoff,0,0.10947782773412701,0,True
192602,later_persistent_delinquency_contact_2000_2020,l2_logistic_regression_original_bol_features_cutoff,1,0.9709425926504167,1,True
58505,later_persistent_delinquency_contact_2000_2020,l2_logistic_regression_original_bol_features_cutoff,1,0.9084779606038187,1,True
24002,later_persistent_delinquency_contact_2000_2020,l2_logistic_regression_original_bol_features_cutoff,1,0.8860061273764923,1,True
200901,later_persistent_delinquency_contact_2000_2020,l2_logistic_regression_original_bol_features_cutoff,1,0.6344440428481125,1,True
165502,later_persistent_delinquency_contact_2000_2020,l2_logistic_regression_original_bol_features_cutoff,1,0.8654130298096355,1,True
243401,later_persistent_delinquency_contact_2000_2020,l2_logistic_regression_original_bol_features_cutoff,0,0.013234869134899019,0,True
264501,later_persistent_delinquency_contact_2000_2020,l2_logistic_regression_original_bol_features_cutoff,0,0.0007839997235421079,0,True
186302,later_persistent_delinquency_contact_2000_2020,l2_logistic_regression_original_bol_features_cutoff,1,0.9776560435795467,1,True
265502,later_persistent_delinquency_contact_2000_2020,l2_logistic_regression_original_bol_features_cutoff,1,0.9985979772052865,1,True
486901,later_persistent_delinquency_contact_2000_2020,l2_logistic_regression_original_bol_features_cutoff,0,0.683847909156081,1,False
109002,later_persistent_delinquency_contact_2000_2020,l2_logistic_regression_original_bol_features_cutoff,0,0.014352087600304438,0,True
373701,later_persistent_delinquency_contact_2000_2020,l2_logistic_regression_original_bol_features_cutoff,1,0.7313475969683507,1,True
211901,later_persistent_delinquency_contact_2000_2020,l2_logistic_regression_original_bol_features_cutoff,0,0.8872987840162428,1,False
341302,later_persistent_delinquency_contact_2000_2020,l2_logistic_regression_original_bol_features_cutoff,0,0.04966814835570343,0,True
66201,later_persistent_delinquency_contact_2000_2020,l2_logistic_regression_original_bol_features_cutoff,1,0.9700528480619681,1,True
475701,later_persistent_delinquency_contact_2000_2020,l2_logistic_regression_original_bol_features_cutoff,0,0.0284483506151997,0,True
474403,later_persistent_delinquency_contact_2000_2020,l2_logistic_regression_original_bol_features_cutoff,1,0.6327491859685326,1,True
370501,later_persistent_delinquency_contact_2000_2020,l2_logistic_regression_original_bol_features_cutoff,0,0.0034992130977688244,0,True
279002,later_persistent_delinquency_contact_2000_2020,l2_logistic_regression_original_bol_features_cutoff,0,0.6711635038514605,1,False
379902,later_persistent_delinquency_contact_2000_2020,l2_logistic_regression_original_bol_features_cutoff,0,0.02496779322368209,0,True
201302,later_persistent_delinquency_contact_2000_2020,l2_logistic_regression_original_bol_features_cutoff,1,0.8770142498221143,1,True
116502,later_persistent_delinquency_contact_2000_2020,l2_logistic_regression_original_bol_features_cutoff,0,0.00021525698829279912,0,True
62102,later_persistent_delinquency_contact_2000_2020,l2_logistic_regression_original_bol_features_cutoff,1,0.9931028378489583,1,True
310601,later_persistent_delinquency_contact_2000_2020,l2_logistic_regression_original_bol_features_cutoff,1,0.6329384192314391,1,True
330401,later_persistent_delinquency_contact_2000_2020,l2_logistic_regression_original_bol_features_cutoff,1,0.9707797763181937,1,True
190602,later_persistent_delinquency_contact_2000_2020,l2_logistic_regression_original_bol_features_cutoff,1,0.9926162501462632,1,True
474603,later_persistent_delinquency_contact_2000_2020,l2_logistic_regression_original_bol_features_cutoff,1,0.9944026381354116,1,True
271202,later_persistent_delinquency_contact_2000_2020,l2_logistic_regression_original_bol_features_cutoff,0,0.005784060162488571,0,True
357203,later_persistent_delinquency_contact_2000_2020,l2_logistic_regression_original_bol_features_cutoff,0,0.892693667576321,1,False
172001,later_persistent_delinquency_contact_2000_2020,l2_logistic_regression_original_bol_features_cutoff,0,0.00010091580371509135,0,True
477702,later_persistent_delinquency_contact_2000_2020,l2_logistic_regression_original_bol_features_cutoff,1,0.9978571969947914,1,True
272301,later_persistent_delinquency_contact_2000_2020,l2_logistic_regression_original_bol_features_cutoff,1,0.932456778684024,1,True
337002,later_persistent_delinquency_contact_2000_2020,l2_logistic_regression_original_bol_features_cutoff,0,0.14127766839814151,0,True
340203,later_persistent_delinquency_contact_2000_2020,l2_logistic_regression_original_bol_features_cutoff,1,0.8832692387362514,1,True
292601,later_persistent_delinquency_contact_2000_2020,l2_logistic_regression_original_bol_features_cutoff,0,0.6200008263962605,1,False
139902,later_persistent_delinquency_contact_2000_2020,l2_logistic_regression_original_bol_features_cutoff,1,0.9823912813448336,1,True
182903,later_persistent_delinquency_contact_2000_2020,l2_logistic_regression_original_bol_features_cutoff,1,0.9981714142929793,1,True
295501,later_persistent_delinquency_contact_2000_2020,l2_logistic_regression_original_bol_features_cutoff,0,0.26292838980364874,0,True
81101,later_persistent_delinquency_contact_2000_2020,l2_logistic_regression_original_bol_features_cutoff,1,0.867238773991589,1,True
248302,later_persistent_delinquency_contact_2000_2020,l2_logistic_regression_original_bol_features_cutoff,0,0.005991950096588379,0,True
201601,later_persistent_delinquency_contact_2000_2020,l2_logistic_regression_original_bol_features_cutoff,1,0.933038180680004,1,True
476904,later_persistent_delinquency_contact_2000_2020,l2_logistic_regression_original_bol_features_cutoff,1,0.6420752158672918,1,True
7802,later_persistent_delinquency_contact_2000_2020,l2_logistic_regression_original_bol_features_cutoff,0,0.8561552532022035,1,False
15903,later_persistent_delinquency_contact_2000_2020,l2_logistic_regression_original_bol_features_cutoff,0,0.6310793352403612,1,False
159901,later_persistent_delinquency_contact_2000_2020,l2_logistic_regression_original_bol_features_cutoff,0,0.0015748246374152574,0,True
104902,later_persistent_delinquency_contact_2000_2020,l2_logistic_regression_original_bol_features_cutoff,1,0.8589904478886653,1,True
486303,later_persistent_delinquency_contact_2000_2020,l2_logistic_regression_original_bol_features_cutoff,0,0.33118173162224074,0,True
185801,later_persistent_delinquency_contact_2000_2020,l2_logistic_regression_original_bol_features_cutoff,0,0.04136318906438393,0,True
421001,later_persistent_delinquency_contact_2000_2020,l2_logistic_regression_original_bol_features_cutoff,0,0.001869203500178862,0,True
265102,later_persistent_delinquency_contact_2000_2020,l2_logistic_regression_original_bol_features_cutoff,0,0.005943147867948796,0,True
484202,later_persistent_delinquency_contact_2000_2020,l2_logistic_regression_original_bol_features_cutoff,0,0.00037965867178992415,0,True
75801,later_persistent_delinquency_contact_2000_2020,l2_logistic_regression_original_bol_features_cutoff,0,7.666510793221475e-05,0,True
176902,later_persistent_delinquency_contact_2000_2020,l2_logistic_regression_original_bol_features_cutoff,1,0.951018793537095,1,True
113202,later_persistent_delinquency_contact_2000_2020,l2_logistic_regression_original_bol_features_cutoff,1,0.9525111091753422,1,True
301001,later_persistent_delinquency_contact_2000_2020,l2_logistic_regression_original_bol_features_cutoff,0,0.029999915609347533,0,True
111102,later_persistent_delinquency_contact_2000_2020,l2_logistic_regression_original_bol_features_cutoff,0,0.11222751711216326,0,True
492001,later_persistent_delinquency_contact_2000_2020,l2_logistic_regression_original_bol_features_cutoff,0,0.18101047877041973,0,True
97801,later_persistent_delinquency_contact_2000_2020,l2_logistic_regression_original_bol_features_cutoff,0,0.009995975555074052,0,True
497304,later_persistent_delinquency_contact_2000_2020,l2_logistic_regression_original_bol_features_cutoff,1,0.9965551310021135,1,True
141402,later_persistent_delinquency_contact_2000_2020,l2_logistic_regression_original_bol_features_cutoff,0,0.20867417824143555,0,True
454401,later_persistent_delinquency_contact_2000_2020,l2_logistic_regression_original_bol_features_cutoff,0,2.0953940380559772e-05,0,True
136201,later_persistent_delinquency_contact_2000_2020,l2_logistic_regression_original_bol_features_cutoff,1,0.9030099464395999,1,True
391901,later_persistent_delinquency_contact_2000_2020,l2_logistic_regression_original_bol_features_cutoff,0,0.6082847071993521,1,False
20402,later_persistent_delinquency_contact_2000_2020,l2_logistic_regression_original_bol_features_cutoff,0,0.18600653897536118,0,True
375601,later_persistent_delinquency_contact_2000_2020,l2_logistic_regression_original_bol_features_cutoff,1,0.9638488647304633,1,True
427201,later_persistent_delinquency_contact_2000_2020,l2_logistic_regression_original_bol_features_cutoff,1,0.9540635240732837,1,True
27202,later_persistent_delinquency_contact_2000_2020,l2_logistic_regression_original_bol_features_cutoff,1,0.6587166965464621,1,True
294902,later_persistent_delinquency_contact_2000_2020,l2_logistic_regression_original_bol_features_cutoff,1,0.9845103192494508,1,True
439104,later_persistent_delinquency_contact_2000_2020,l2_logistic_regression_original_bol_features_cutoff,1,0.9734959840360923,1,True
300403,later_persistent_delinquency_contact_2000_2020,l2_logistic_regression_original_bol_features_cutoff,1,0.5203840455496485,1,True
278501,later_persistent_delinquency_contact_2000_2020,l2_logistic_regression_original_bol_features_cutoff,0,0.028483922501326777,0,True
80402,later_persistent_delinquency_contact_2000_2020,l2_logistic_regression_original_bol_features_cutoff,1,0.9313538094970196,1,True
471403,later_persistent_delinquency_contact_2000_2020,l2_logistic_regression_original_bol_features_cutoff,1,0.7914914890449772,1,True
495404,later_persistent_delinquency_contact_2000_2020,l2_logistic_regression_original_bol_features_cutoff,1,0.7836980301318413,1,True
99502,later_persistent_delinquency_contact_2000_2020,l2_logistic_regression_original_bol_features_cutoff,0,0.05718336263872522,0,True
482602,later_persistent_delinquency_contact_2000_2020,l2_logistic_regression_original_bol_features_cutoff,1,0.9723326729250913,1,True
270401,later_persistent_delinquency_contact_2000_2020,l2_logistic_regression_original_bol_features_cutoff,0,0.6651490689056023,1,False
495502,later_persistent_delinquency_contact_2000_2020,l2_logistic_regression_original_bol_features_cutoff,0,0.01284162222275638,0,True
15701,later_persistent_delinquency_contact_2000_2020,l2_logistic_regression_original_bol_features_cutoff,0,0.05325161707948012,0,True
283401,later_persistent_delinquency_contact_2000_2020,l2_logistic_regression_original_bol_features_cutoff,0,0.0003296319023519289,0,True
248203,later_persistent_delinquency_contact_2000_2020,l2_logistic_regression_original_bol_features_cutoff,0,7.987666076851706e-05,0,True
129503,later_persistent_delinquency_contact_2000_2020,l2_logistic_regression_original_bol_features_cutoff,1,0.983011940710449,1,True
57901,later_persistent_delinquency_contact_2000_2020,l2_logistic_regression_original_bol_features_cutoff,1,0.728844016893567,1,True
239901,later_persistent_delinquency_contact_2000_2020,l2_logistic_regression_original_bol_features_cutoff,1,0.4747628543432222,0,False
339703,later_persistent_delinquency_contact_2000_2020,l2_logistic_regression_original_bol_features_cutoff,1,0.9950428351093591,1,True
379302,later_persistent_delinquency_contact_2000_2020,l2_logistic_regression_original_bol_features_cutoff,0,0.40935166474800894,0,True
44902,later_persistent_delinquency_contact_2000_2020,l2_logistic_regression_original_bol_features_cutoff,1,0.31294524561955345,0,False
489901,later_persistent_delinquency_contact_2000_2020,l2_logistic_regression_original_bol_features_cutoff,0,0.017649390219878054,0,True
374002,later_persistent_delinquency_contact_2000_2020,l2_logistic_regression_original_bol_features_cutoff,1,0.9453659863302634,1,True
441602,later_persistent_delinquency_contact_2000_2020,l2_logistic_regression_original_bol_features_cutoff,0,0.0007913252523928635,0,True
428203,later_persistent_delinquency_contact_2000_2020,l2_logistic_regression_original_bol_features_cutoff,0,0.031509944953348724,0,True
141405,later_persistent_delinquency_contact_2000_2020,l2_logistic_regression_original_bol_features_cutoff,0,0.5380049295388657,1,False
452501,later_persistent_delinquency_contact_2000_2020,l2_logistic_regression_original_bol_features_cutoff,0,0.6627730409875715,1,False
260702,later_persistent_delinquency_contact_2000_2020,l2_logistic_regression_original_bol_features_cutoff,1,0.9199748639597916,1,True
88602,later_persistent_delinquency_contact_2000_2020,l2_logistic_regression_original_bol_features_cutoff,1,0.5342467450893159,1,True
265505,later_persistent_delinquency_contact_2000_2020,l2_logistic_regression_original_bol_features_cutoff,1,0.9947105078400429,1,True
199401,later_persistent_delinquency_contact_2000_2020,l2_logistic_regression_original_bol_features_cutoff,0,0.646482057913909,1,False
492002,later_persistent_delinquency_contact_2000_2020,l2_logistic_regression_original_bol_features_cutoff,0,0.00028403791791898963,0,True
143801,later_persistent_delinquency_contact_2000_2020,l2_logistic_regression_original_bol_features_cutoff,0,0.03057091199697456,0,True
466301,later_persistent_delinquency_contact_2000_2020,l2_logistic_regression_original_bol_features_cutoff,1,0.9601176089809826,1,True
472402,later_persistent_delinquency_contact_2000_2020,l2_logistic_regression_original_bol_features_cutoff,1,0.2037270546570414,0,False
468302,later_persistent_delinquency_contact_2000_2020,l2_logistic_regression_original_bol_features_cutoff,1,0.5420078125258312,1,True
129002,later_persistent_delinquency_contact_2000_2020,l2_logistic_regression_original_bol_features_cutoff,1,0.9553775509781827,1,True
378602,later_persistent_delinquency_contact_2000_2020,l2_logistic_regression_original_bol_features_cutoff,1,0.981772184651235,1,True
319001,later_persistent_delinquency_contact_2000_2020,l2_logistic_regression_original_bol_features_cutoff,0,0.0003517720013151428,0,True
420303,later_persistent_delinquency_contact_2000_2020,l2_logistic_regression_original_bol_features_cutoff,1,0.68237602975974,1,True
199501,later_persistent_delinquency_contact_2000_2020,l2_logistic_regression_original_bol_features_cutoff,1,0.172614290960364,0,False
400701,later_persistent_delinquency_contact_2000_2020,l2_logistic_regression_original_bol_features_cutoff,0,0.04982020108328449,0,True
159604,later_persistent_delinquency_contact_2000_2020,l2_logistic_regression_original_bol_features_cutoff,1,0.8220864305681302,1,True
265506,later_persistent_delinquency_contact_2000_2020,l2_logistic_regression_original_bol_features_cutoff,0,0.9490959764386994,1,False
463103,later_persistent_delinquency_contact_2000_2020,l2_logistic_regression_original_bol_features_cutoff,0,0.8580879669079139,1,False
226001,later_persistent_delinquency_contact_2000_2020,l2_logistic_regression_original_bol_features_cutoff,0,0.39118379695004135,0,True
164901,later_persistent_delinquency_contact_2000_2020,l2_logistic_regression_original_bol_features_cutoff,1,0.13634889147272825,0,False
180302,later_persistent_delinquency_contact_2000_2020,l2_logistic_regression_original_bol_features_cutoff,1,0.9603227228432434,1,True
266301,later_persistent_delinquency_contact_2000_2020,l2_logistic_regression_original_bol_features_cutoff,0,0.2214867255750722,0,True
122701,later_persistent_delinquency_contact_2000_2020,l2_logistic_regression_original_bol_features_cutoff,0,0.0012190924060310308,0,True
103801,later_persistent_delinquency_contact_2000_2020,l2_logistic_regression_original_bol_features_cutoff,1,0.9505275220215657,1,True
304702,later_persistent_delinquency_contact_2000_2020,l2_logistic_regression_original_bol_features_cutoff,0,0.12009858335618304,0,True
331501,later_persistent_delinquency_contact_2000_2020,l2_logistic_regression_original_bol_features_cutoff,0,0.0009668498465219464,0,True
365901,later_persistent_delinquency_contact_2000_2020,l2_logistic_regression_original_bol_features_cutoff,0,0.001957861368201662,0,True
208802,later_persistent_delinquency_contact_2000_2020,l2_logistic_regression_original_bol_features_cutoff,0,0.96248347480805,1,False
224702,later_persistent_delinquency_contact_2000_2020,l2_logistic_regression_original_bol_features_cutoff,1,0.43264251281841243,0,False
108805,later_persistent_delinquency_contact_2000_2020,l2_logistic_regression_original_bol_features_cutoff,0,0.0074900515638750545,0,True
279203,later_persistent_delinquency_contact_2000_2020,l2_logistic_regression_original_bol_features_cutoff,1,0.8610632091983946,1,True
394802,later_persistent_delinquency_contact_2000_2020,l2_logistic_regression_original_bol_features_cutoff,0,0.04708585842343103,0,True
213701,later_persistent_delinquency_contact_2000_2020,l2_logistic_regression_original_bol_features_cutoff,0,0.0005555754563620832,0,True
47501,later_persistent_delinquency_contact_2000_2020,l2_logistic_regression_original_bol_features_cutoff,1,0.8198380390153058,1,True
205001,later_persistent_delinquency_contact_2000_2020,l2_logistic_regression_original_bol_features_cutoff,0,0.05651070242026845,0,True
361102,later_persistent_delinquency_contact_2000_2020,l2_logistic_regression_original_bol_features_cutoff,0,0.11957323326546199,0,True
25405,later_persistent_delinquency_contact_2000_2020,l2_logistic_regression_original_bol_features_cutoff,1,0.8991783290925448,1,True
353701,later_persistent_delinquency_contact_2000_2020,l2_logistic_regression_original_bol_features_cutoff,1,0.9206420056465685,1,True
395303,later_persistent_delinquency_contact_2000_2020,l2_logistic_regression_original_bol_features_cutoff,1,0.7890996358343838,1,True
28802,later_persistent_delinquency_contact_2000_2020,l2_logistic_regression_original_bol_features_cutoff,1,0.9483766598181581,1,True
375303,later_persistent_delinquency_contact_2000_2020,l2_logistic_regression_original_bol_features_cutoff,0,0.010450911670115005,0,True
471402,later_persistent_delinquency_contact_2000_2020,l2_logistic_regression_original_bol_features_cutoff,1,0.9649983217709629,1,True
126902,later_persistent_delinquency_contact_2000_2020,l2_logistic_regression_original_bol_features_cutoff,0,0.43656509360000334,0,True
84301,later_persistent_delinquency_contact_2000_2020,l2_logistic_regression_original_bol_features_cutoff,0,0.00012569037368919826,0,True
245903,later_persistent_delinquency_contact_2000_2020,l2_logistic_regression_original_bol_features_cutoff,1,0.9910435954165827,1,True
215304,later_persistent_delinquency_contact_2000_2020,l2_logistic_regression_original_bol_features_cutoff,1,0.9992305095078388,1,True
24401,later_persistent_delinquency_contact_2000_2020,l2_logistic_regression_original_bol_features_cutoff,0,0.0008079215837465691,0,True
391301,later_persistent_delinquency_contact_2000_2020,l2_logistic_regression_original_bol_features_cutoff,1,0.971320665586834,1,True
376901,later_persistent_delinquency_contact_2000_2020,l2_logistic_regression_original_bol_features_cutoff,0,0.45532435553669426,0,True
41601,later_persistent_delinquency_contact_2000_2020,l2_logistic_regression_original_bol_features_cutoff,1,0.8093645563386036,1,True
335503,later_persistent_delinquency_contact_2000_2020,l2_logistic_regression_original_bol_features_cutoff,0,0.6543231396847883,1,False
196201,later_persistent_delinquency_contact_2000_2020,l2_logistic_regression_original_bol_features_cutoff,0,0.25921386751508413,0,True
320101,later_persistent_delinquency_contact_2000_2020,l2_logistic_regression_original_bol_features_cutoff,0,0.08371861548526484,0,True
498102,later_persistent_delinquency_contact_2000_2020,l2_logistic_regression_original_bol_features_cutoff,1,0.9850145387938178,1,True
63502,later_persistent_delinquency_contact_2000_2020,l2_logistic_regression_original_bol_features_cutoff,0,0.0001609917310648511,0,True
309801,later_persistent_delinquency_contact_2000_2020,l2_logistic_regression_original_bol_features_cutoff,1,0.8331606683110935,1,True
132801,later_persistent_delinquency_contact_2000_2020,l2_logistic_regression_original_bol_features_cutoff,0,0.8074469377222077,1,False
108802,later_persistent_delinquency_contact_2000_2020,l2_logistic_regression_original_bol_features_cutoff,1,0.8789979450312195,1,True
179401,later_persistent_delinquency_contact_2000_2020,l2_logistic_regression_original_bol_features_cutoff,1,0.6402175072048834,1,True
273701,later_persistent_delinquency_contact_2000_2020,l2_logistic_regression_original_bol_features_cutoff,1,0.011715005874896234,0,False
129703,later_persistent_delinquency_contact_2000_2020,l2_logistic_regression_original_bol_features_cutoff,0,0.47187506773531546,0,True
410302,later_persistent_delinquency_contact_2000_2020,l2_logistic_regression_original_bol_features_cutoff,1,0.9664234763127186,1,True
379402,later_persistent_delinquency_contact_2000_2020,l2_logistic_regression_original_bol_features_cutoff,1,0.9759530983201131,1,True
240002,later_persistent_delinquency_contact_2000_2020,l2_logistic_regression_original_bol_features_cutoff,1,0.992428790406286,1,True
343203,later_persistent_delinquency_contact_2000_2020,l2_logistic_regression_original_bol_features_cutoff,0,0.4497794981252804,0,True
77503,later_persistent_delinquency_contact_2000_2020,l2_logistic_regression_original_bol_features_cutoff,1,0.9895816784825178,1,True
326805,later_persistent_delinquency_contact_2000_2020,l2_logistic_regression_original_bol_features_cutoff,1,0.9832912542341845,1,True
26503,later_persistent_delinquency_contact_2000_2020,l2_logistic_regression_original_bol_features_cutoff,0,0.058172791466991815,0,True
447304,later_persistent_delinquency_contact_2000_2020,l2_logistic_regression_original_bol_features_cutoff,1,0.9331289570868548,1,True
473303,later_persistent_delinquency_contact_2000_2020,l2_logistic_regression_original_bol_features_cutoff,1,0.9512788880085413,1,True
34001,later_persistent_delinquency_contact_2000_2020,l2_logistic_regression_original_bol_features_cutoff,0,0.00019221860982492723,0,True
230101,later_persistent_delinquency_contact_2000_2020,l2_logistic_regression_original_bol_features_cutoff,0,0.02024895838652944,0,True
158402,later_persistent_delinquency_contact_2000_2020,l2_logistic_regression_original_bol_features_cutoff,1,0.9927137665707078,1,True
301301,later_persistent_delinquency_contact_2000_2020,l2_logistic_regression_original_bol_features_cutoff,0,0.5329987461667998,1,False
177002,later_persistent_delinquency_contact_2000_2020,l2_logistic_regression_original_bol_features_cutoff,0,0.005528847984743902,0,True
288301,later_persistent_delinquency_contact_2000_2020,l2_logistic_regression_original_bol_features_cutoff,1,0.968655828418566,1,True
159301,later_persistent_delinquency_contact_2000_2020,l2_logistic_regression_original_bol_features_cutoff,0,0.4736124239068912,0,True
200210,later_persistent_delinquency_contact_2000_2020,l2_logistic_regression_original_bol_features_cutoff,1,0.7940089013533358,1,True
342202,later_persistent_delinquency_contact_2000_2020,l2_logistic_regression_original_bol_features_cutoff,0,0.8405420610830074,1,False
28806,later_persistent_delinquency_contact_2000_2020,l2_logistic_regression_original_bol_features_cutoff,0,0.568429984285467,1,False
421204,later_persistent_delinquency_contact_2000_2020,l2_logistic_regression_original_bol_features_cutoff,1,0.8294195270582106,1,True
100901,later_persistent_delinquency_contact_2000_2020,l2_logistic_regression_original_bol_features_cutoff,0,0.038497978536725395,0,True
129504,later_persistent_delinquency_contact_2000_2020,l2_logistic_regression_original_bol_features_cutoff,0,0.5304246454743967,1,False
471103,later_persistent_delinquency_contact_2000_2020,l2_logistic_regression_original_bol_features_cutoff,1,0.9596101647075982,1,True
122702,later_persistent_delinquency_contact_2000_2020,l2_logistic_regression_original_bol_features_cutoff,0,0.27328299215765006,0,True
396402,later_persistent_delinquency_contact_2000_2020,l2_logistic_regression_original_bol_features_cutoff,0,0.0973770777662603,0,True
213702,later_persistent_delinquency_contact_2000_2020,l2_logistic_regression_original_bol_features_cutoff,0,0.09565012739393834,0,True
273101,later_persistent_delinquency_contact_2000_2020,l2_logistic_regression_original_bol_features_cutoff,1,0.8208861339743083,1,True
213001,later_persistent_delinquency_contact_2000_2020,l2_logistic_regression_original_bol_features_cutoff,0,0.04116060318492076,0,True
155901,later_persistent_delinquency_contact_2000_2020,l2_logistic_regression_original_bol_features_cutoff,1,0.7904026916800193,1,True
145504,later_persistent_delinquency_contact_2000_2020,l2_logistic_regression_original_bol_features_cutoff,0,0.00031374974727824026,0,True
365002,later_persistent_delinquency_contact_2000_2020,l2_logistic_regression_original_bol_features_cutoff,0,0.07044695124649278,0,True
290902,later_persistent_delinquency_contact_2000_2020,l2_logistic_regression_original_bol_features_cutoff,0,0.7875287675566386,1,False
199002,later_persistent_delinquency_contact_2000_2020,l2_logistic_regression_original_bol_features_cutoff,0,0.3786011702706262,0,True
215801,later_persistent_delinquency_contact_2000_2020,l2_logistic_regression_original_bol_features_cutoff,0,3.085851513638901e-05,0,True
161001,later_persistent_delinquency_contact_2000_2020,l2_logistic_regression_original_bol_features_cutoff,0,5.825491270236666e-05,0,True
58802,later_persistent_delinquency_contact_2000_2020,l2_logistic_regression_original_bol_features_cutoff,0,0.15456633461110064,0,True
361401,later_persistent_delinquency_contact_2000_2020,l2_logistic_regression_original_bol_features_cutoff,0,0.004595183228232258,0,True
93601,later_persistent_delinquency_contact_2000_2020,l2_logistic_regression_original_bol_features_cutoff,1,0.7774882441963937,1,True
247802,later_persistent_delinquency_contact_2000_2020,l2_logistic_regression_original_bol_features_cutoff,1,0.8022825009577006,1,True
435401,later_persistent_delinquency_contact_2000_2020,l2_logistic_regression_original_bol_features_cutoff,0,0.015102664593447687,0,True
87604,later_persistent_delinquency_contact_2000_2020,l2_logistic_regression_original_bol_features_cutoff,0,0.6772523348748056,1,False
14403,later_persistent_delinquency_contact_2000_2020,l2_logistic_regression_original_bol_features_cutoff,0,0.13938376245403733,0,True
96201,later_persistent_delinquency_contact_2000_2020,l2_logistic_regression_original_bol_features_cutoff,0,0.00014823260611607835,0,True
469003,later_persistent_delinquency_contact_2000_2020,l2_logistic_regression_original_bol_features_cutoff,1,0.9344487557840269,1,True
267503,later_persistent_delinquency_contact_2000_2020,l2_logistic_regression_original_bol_features_cutoff,1,0.9971033384188045,1,True
356001,later_persistent_delinquency_contact_2000_2020,l2_logistic_regression_original_bol_features_cutoff,0,0.0038958306600007987,0,True
383903,later_persistent_delinquency_contact_2000_2020,l2_logistic_regression_original_bol_features_cutoff,1,0.9635111552561423,1,True
223702,later_persistent_delinquency_contact_2000_2020,l2_logistic_regression_original_bol_features_cutoff,1,0.9721846058572707,1,True
58801,later_persistent_delinquency_contact_2000_2020,l2_logistic_regression_original_bol_features_cutoff,0,0.00014003352790492338,0,True
188501,later_persistent_delinquency_contact_2000_2020,l2_logistic_regression_original_bol_features_cutoff,1,0.9414644515168415,1,True
141001,later_persistent_delinquency_contact_2000_2020,l2_logistic_regression_original_bol_features_cutoff,0,0.0063118694106937346,0,True
377201,later_persistent_delinquency_contact_2000_2020,l2_logistic_regression_original_bol_features_cutoff,1,0.8772039372177712,1,True
360102,later_persistent_delinquency_contact_2000_2020,l2_logistic_regression_original_bol_features_cutoff,1,0.9073770893074544,1,True
195302,later_persistent_delinquency_contact_2000_2020,l2_logistic_regression_original_bol_features_cutoff,1,0.9930357956313811,1,True
374101,later_persistent_delinquency_contact_2000_2020,l2_logistic_regression_original_bol_features_cutoff,0,0.07732029963090684,0,True
406503,later_persistent_delinquency_contact_2000_2020,l2_logistic_regression_original_bol_features_cutoff,1,0.8427383705469479,1,True
285501,later_persistent_delinquency_contact_2000_2020,l2_logistic_regression_original_bol_features_cutoff,1,0.578207755967087,1,True
151902,later_persistent_delinquency_contact_2000_2020,l2_logistic_regression_original_bol_features_cutoff,0,0.3968430112980123,0,True
280802,later_persistent_delinquency_contact_2000_2020,l2_logistic_regression_original_bol_features_cutoff,1,0.9936066584895996,1,True
308001,later_persistent_delinquency_contact_2000_2020,l2_logistic_regression_original_bol_features_cutoff,1,0.7263553940433861,1,True
475702,later_persistent_delinquency_contact_2000_2020,l2_logistic_regression_original_bol_features_cutoff,0,0.4318102676986282,0,True
120002,later_persistent_delinquency_contact_2000_2020,l2_logistic_regression_original_bol_features_cutoff,1,0.8645759755410077,1,True
176801,later_persistent_delinquency_contact_2000_2020,l2_logistic_regression_original_bol_features_cutoff,1,0.9847164023409509,1,True
359704,later_persistent_delinquency_contact_2000_2020,l2_logistic_regression_original_bol_features_cutoff,1,0.9206015009369576,1,True
267002,later_persistent_delinquency_contact_2000_2020,l2_logistic_regression_original_bol_features_cutoff,1,0.8199646002579852,1,True
131002,later_persistent_delinquency_contact_2000_2020,l2_logistic_regression_original_bol_features_cutoff,0,0.003860596772799349,0,True
44201,later_persistent_delinquency_contact_2000_2020,l2_logistic_regression_original_bol_features_cutoff,0,0.0003569523837036333,0,True
495304,later_persistent_delinquency_contact_2000_2020,l2_logistic_regression_original_bol_features_cutoff,1,0.9753130495022175,1,True
392901,later_persistent_delinquency_contact_2000_2020,l2_logistic_regression_original_bol_features_cutoff,0,0.028270649494078013,0,True
217501,later_persistent_delinquency_contact_2000_2020,l2_logistic_regression_original_bol_features_cutoff,0,0.011326602423074856,0,True
102503,later_persistent_delinquency_contact_2000_2020,l2_logistic_regression_original_bol_features_cutoff,0,0.00017577931237479298,0,True
341202,later_persistent_delinquency_contact_2000_2020,l2_logistic_regression_original_bol_features_cutoff,1,0.7231225835998475,1,True
270501,later_persistent_delinquency_contact_2000_2020,l2_logistic_regression_original_bol_features_cutoff,1,0.03026322743415739,0,False
422402,later_persistent_delinquency_contact_2000_2020,l2_logistic_regression_original_bol_features_cutoff,1,0.891985180894388,1,True
337105,later_persistent_delinquency_contact_2000_2020,l2_logistic_regression_original_bol_features_cutoff,0,0.053469571521768906,0,True
238301,later_persistent_delinquency_contact_2000_2020,l2_logistic_regression_original_bol_features_cutoff,0,7.14674075333444e-05,0,True
200301,later_persistent_delinquency_contact_2000_2020,l2_logistic_regression_original_bol_features_cutoff,0,0.016749504811334085,0,True
13802,later_persistent_delinquency_contact_2000_2020,l2_logistic_regression_original_bol_features_cutoff,1,0.9170367565368408,1,True
429501,later_persistent_delinquency_contact_2000_2020,l2_logistic_regression_original_bol_features_cutoff,0,0.7999742191354312,1,False
276901,later_persistent_delinquency_contact_2000_2020,l2_logistic_regression_original_bol_features_cutoff,0,5.25811078553443e-06,0,True
360103,later_persistent_delinquency_contact_2000_2020,l2_logistic_regression_original_bol_features_cutoff,1,0.9722220435196804,1,True
440002,later_persistent_delinquency_contact_2000_2020,l2_logistic_regression_original_bol_features_cutoff,0,0.007179687371464371,0,True
207902,later_persistent_delinquency_contact_2000_2020,l2_logistic_regression_original_bol_features_cutoff,0,0.08255763961842091,0,True
483701,later_persistent_delinquency_contact_2000_2020,l2_logistic_regression_original_bol_features_cutoff,0,0.006503708744145909,0,True
204901,later_persistent_delinquency_contact_2000_2020,l2_logistic_regression_original_bol_features_cutoff,1,0.8418863954962257,1,True
342402,later_persistent_delinquency_contact_2000_2020,l2_logistic_regression_original_bol_features_cutoff,1,0.9157588237490344,1,True
28502,later_persistent_delinquency_contact_2000_2020,l2_logistic_regression_original_bol_features_cutoff,0,0.009498741836923426,0,True
463702,later_persistent_delinquency_contact_2000_2020,l2_logistic_regression_original_bol_features_cutoff,1,0.9427729127754779,1,True
465703,later_persistent_delinquency_contact_2000_2020,l2_logistic_regression_original_bol_features_cutoff,1,0.9610922760668928,1,True
444503,later_persistent_delinquency_contact_2000_2020,l2_logistic_regression_original_bol_features_cutoff,1,0.589067464294988,1,True
143803,later_persistent_delinquency_contact_2000_2020,l2_logistic_regression_original_bol_features_cutoff,1,0.8817414894676117,1,True
16702,later_persistent_delinquency_contact_2000_2020,l2_logistic_regression_original_bol_features_cutoff,1,0.9250511410011452,1,True
58804,later_persistent_delinquency_contact_2000_2020,l2_logistic_regression_original_bol_features_cutoff,1,0.9832696656986775,1,True
83102,later_persistent_delinquency_contact_2000_2020,l2_logistic_regression_original_bol_features_cutoff,1,0.7491644921695817,1,True
43902,later_persistent_delinquency_contact_2000_2020,l2_logistic_regression_original_bol_features_cutoff,1,0.9963783588120858,1,True
463104,later_persistent_delinquency_contact_2000_2020,l2_logistic_regression_original_bol_features_cutoff,0,0.8698465049166935,1,False
236201,later_persistent_delinquency_contact_2000_2020,l2_logistic_regression_original_bol_features_cutoff,1,0.6310449161731141,1,True
344603,later_persistent_delinquency_contact_2000_2020,l2_logistic_regression_original_bol_features_cutoff,0,0.7368534696013819,1,False
366902,later_persistent_delinquency_contact_2000_2020,l2_logistic_regression_original_bol_features_cutoff,0,0.33482995396246856,0,True
271001,later_persistent_delinquency_contact_2000_2020,l2_logistic_regression_original_bol_features_cutoff,0,0.0310460601994103,0,True
223701,later_persistent_delinquency_contact_2000_2020,l2_logistic_regression_original_bol_features_cutoff,1,0.7620814708624176,1,True
50601,later_persistent_delinquency_contact_2000_2020,l2_logistic_regression_original_bol_features_cutoff,0,0.04222294436383882,0,True
354601,later_persistent_delinquency_contact_2000_2020,l2_logistic_regression_original_bol_features_cutoff,0,0.3995882695325771,0,True
469102,later_persistent_delinquency_contact_2000_2020,l2_logistic_regression_original_bol_features_cutoff,0,0.15726120492483803,0,True
228101,later_persistent_delinquency_contact_2000_2020,l2_logistic_regression_original_bol_features_cutoff,0,0.026926138841422226,0,True
116501,later_persistent_delinquency_contact_2000_2020,l2_logistic_regression_original_bol_features_cutoff,0,3.9608391626142354e-05,0,True
83602,later_persistent_delinquency_contact_2000_2020,l2_logistic_regression_original_bol_features_cutoff,1,0.9992014211732364,1,True
348103,later_persistent_delinquency_contact_2000_2020,l2_logistic_regression_original_bol_features_cutoff,1,0.941354251010965,1,True
341301,later_persistent_delinquency_contact_2000_2020,l2_logistic_regression_original_bol_features_cutoff,0,0.031885137209229135,0,True
478702,later_persistent_delinquency_contact_2000_2020,l2_logistic_regression_original_bol_features_cutoff,1,0.41740419122542727,0,False
180401,later_persistent_delinquency_contact_2000_2020,l2_logistic_regression_original_bol_features_cutoff,1,0.9850940362735349,1,True
437102,later_persistent_delinquency_contact_2000_2020,l2_logistic_regression_original_bol_features_cutoff,1,0.9743442724925458,1,True
414501,later_persistent_delinquency_contact_2000_2020,l2_logistic_regression_original_bol_features_cutoff,1,0.9795965232648732,1,True
289202,later_persistent_delinquency_contact_2000_2020,l2_logistic_regression_original_bol_features_cutoff,1,0.956479514006235,1,True
72002,later_persistent_delinquency_contact_2000_2020,l2_logistic_regression_original_bol_features_cutoff,0,0.0006286543946956803,0,True
465301,later_persistent_delinquency_contact_2000_2020,l2_logistic_regression_original_bol_features_cutoff,1,0.9432599193406639,1,True
61903,later_persistent_delinquency_contact_2000_2020,l2_logistic_regression_original_bol_features_cutoff,0,0.006996074979699982,0,True
99202,later_persistent_delinquency_contact_2000_2020,l2_logistic_regression_original_bol_features_cutoff,0,0.004388192398762195,0,True
29702,later_persistent_delinquency_contact_2000_2020,l2_logistic_regression_original_bol_features_cutoff,1,0.9825297056490798,1,True
118902,later_persistent_delinquency_contact_2000_2020,l2_logistic_regression_original_bol_features_cutoff,0,0.34862396491400893,0,True
326807,later_persistent_delinquency_contact_2000_2020,l2_logistic_regression_original_bol_features_cutoff,1,0.9985698662571083,1,True
223401,later_persistent_delinquency_contact_2000_2020,l2_logistic_regression_original_bol_features_cutoff,1,0.9520515039460807,1,True
225701,later_persistent_delinquency_contact_2000_2020,l2_logistic_regression_original_bol_features_cutoff,1,0.9113326939562384,1,True
187603,later_persistent_delinquency_contact_2000_2020,l2_logistic_regression_original_bol_features_cutoff,0,0.008179924359984806,0,True
365101,later_persistent_delinquency_contact_2000_2020,l2_logistic_regression_original_bol_features_cutoff,0,0.003197075008957995,0,True
101501,later_persistent_delinquency_contact_2000_2020,l2_logistic_regression_original_bol_features_cutoff,0,0.010637217400773068,0,True
231701,later_persistent_delinquency_contact_2000_2020,l2_logistic_regression_original_bol_features_cutoff,0,0.7508369792762046,1,False
373801,later_persistent_delinquency_contact_2000_2020,l2_logistic_regression_original_bol_features_cutoff,0,0.0366859823216445,0,True
272001,later_persistent_delinquency_contact_2000_2020,l2_logistic_regression_original_bol_features_cutoff,0,0.4747202708328326,0,True
48502,later_persistent_delinquency_contact_2000_2020,l2_logistic_regression_original_bol_features_cutoff,0,0.4606703196256577,0,True
229001,later_persistent_delinquency_contact_2000_2020,l2_logistic_regression_original_bol_features_cutoff,1,0.9716355997667306,1,True
356002,later_persistent_delinquency_contact_2000_2020,l2_logistic_regression_original_bol_features_cutoff,0,0.06461174878147802,0,True
495701,later_persistent_delinquency_contact_2000_2020,l2_logistic_regression_original_bol_features_cutoff,1,0.05680027576166246,0,False
177602,later_persistent_delinquency_contact_2000_2020,l2_logistic_regression_original_bol_features_cutoff,1,0.9094291916434574,1,True
291901,later_persistent_delinquency_contact_2000_2020,l2_logistic_regression_original_bol_features_cutoff,0,0.0028545339094011566,0,True
356501,later_persistent_delinquency_contact_2000_2020,l2_logistic_regression_original_bol_features_cutoff,0,0.002351674434451962,0,True
297901,later_persistent_delinquency_contact_2000_2020,l2_logistic_regression_original_bol_features_cutoff,1,0.9600899193113119,1,True
259201,later_persistent_delinquency_contact_2000_2020,l2_logistic_regression_original_bol_features_cutoff,0,0.0061561703618247315,0,True
498901,later_persistent_delinquency_contact_2000_2020,l2_logistic_regression_original_bol_features_cutoff,0,0.06791862350436147,0,True
159607,later_persistent_delinquency_contact_2000_2020,l2_logistic_regression_original_bol_features_cutoff,1,0.975005692100585,1,True
328702,later_persistent_delinquency_contact_2000_2020,l2_logistic_regression_original_bol_features_cutoff,1,0.9025358908080412,1,True
399301,later_persistent_delinquency_contact_2000_2020,l2_logistic_regression_original_bol_features_cutoff,0,0.041215887996275125,0,True
178903,later_persistent_delinquency_contact_2000_2020,l2_logistic_regression_original_bol_features_cutoff,0,0.03643257261367525,0,True
460001,later_persistent_delinquency_contact_2000_2020,l2_logistic_regression_original_bol_features_cutoff,0,0.6308179374422609,1,False
427703,later_persistent_delinquency_contact_2000_2020,l2_logistic_regression_original_bol_features_cutoff,0,0.3662203656898946,0,True
190502,later_persistent_delinquency_contact_2000_2020,l2_logistic_regression_original_bol_features_cutoff,1,0.9131919560428631,1,True
294804,later_persistent_delinquency_contact_2000_2020,l2_logistic_regression_original_bol_features_cutoff,1,0.9460045507183114,1,True
328701,later_persistent_delinquency_contact_2000_2020,l2_logistic_regression_original_bol_features_cutoff,0,0.00040545242245619675,0,True
343303,later_persistent_delinquency_contact_2000_2020,l2_logistic_regression_original_bol_features_cutoff,1,0.872243757606404,1,True
463703,later_persistent_delinquency_contact_2000_2020,l2_logistic_regression_original_bol_features_cutoff,1,0.9377108614029478,1,True
5802,later_persistent_delinquency_contact_2000_2020,l2_logistic_regression_original_bol_features_cutoff,0,0.008220241941727878,0,True
251503,later_persistent_delinquency_contact_2000_2020,l2_logistic_regression_original_bol_features_cutoff,0,0.4279790706174235,0,True
277102,later_persistent_delinquency_contact_2000_2020,l2_logistic_regression_original_bol_features_cutoff,1,0.9154425379391787,1,True
94201,later_persistent_delinquency_contact_2000_2020,l2_logistic_regression_original_bol_features_cutoff,1,0.9940409769371237,1,True
60801,later_persistent_delinquency_contact_2000_2020,l2_logistic_regression_original_bol_features_cutoff,1,0.5848676600723611,1,True
24201,later_persistent_delinquency_contact_2000_2020,l2_logistic_regression_original_bol_features_cutoff,1,0.648341643919877,1,True
221503,later_persistent_delinquency_contact_2000_2020,l2_logistic_regression_original_bol_features_cutoff,0,0.03555341992296332,0,True
315502,later_persistent_delinquency_contact_2000_2020,l2_logistic_regression_original_bol_features_cutoff,1,0.9494208231049028,1,True
144003,later_persistent_delinquency_contact_2000_2020,l2_logistic_regression_original_bol_features_cutoff,0,0.0015950657791549052,0,True
252802,later_persistent_delinquency_contact_2000_2020,l2_logistic_regression_original_bol_features_cutoff,0,0.00503308834159057,0,True
43801,later_persistent_delinquency_contact_2000_2020,l2_logistic_regression_original_bol_features_cutoff,1,0.8078963489489942,1,True
27802,later_persistent_delinquency_contact_2000_2020,l2_logistic_regression_original_bol_features_cutoff,1,0.9796963401628455,1,True
271203,later_persistent_delinquency_contact_2000_2020,l2_logistic_regression_original_bol_features_cutoff,1,0.8307339580686248,1,True
119501,later_persistent_delinquency_contact_2000_2020,l2_logistic_regression_original_bol_features_cutoff,0,0.005508567056010167,0,True
139103,later_persistent_delinquency_contact_2000_2020,l2_logistic_regression_original_bol_features_cutoff,0,0.012174126410637531,0,True
297801,later_persistent_delinquency_contact_2000_2020,l2_logistic_regression_original_bol_features_cutoff,0,0.07886737067292512,0,True
140107,later_persistent_delinquency_contact_2000_2020,l2_logistic_regression_original_bol_features_cutoff,0,0.8299616316516952,1,False
420801,later_persistent_delinquency_contact_2000_2020,l2_logistic_regression_original_bol_features_cutoff,1,0.9944177663870247,1,True
241602,later_persistent_delinquency_contact_2000_2020,l2_logistic_regression_original_bol_features_cutoff,1,0.9490943438074149,1,True
182901,later_persistent_delinquency_contact_2000_2020,l2_logistic_regression_original_bol_features_cutoff,0,0.003967659291719268,0,True
373901,later_persistent_delinquency_contact_2000_2020,l2_logistic_regression_original_bol_features_cutoff,1,0.7745879072824287,1,True
80102,later_persistent_delinquency_contact_2000_2020,l2_logistic_regression_original_bol_features_cutoff,1,0.8916211899059526,1,True
429101,later_persistent_delinquency_contact_2000_2020,l2_logistic_regression_original_bol_features_cutoff,1,0.44999049757777904,0,False
457802,later_persistent_delinquency_contact_2000_2020,l2_logistic_regression_original_bol_features_cutoff,1,0.8137573289585756,1,True
70302,later_persistent_delinquency_contact_2000_2020,l2_logistic_regression_original_bol_features_cutoff,1,0.9551780018670037,1,True
22703,later_persistent_delinquency_contact_2000_2020,l2_logistic_regression_original_bol_features_cutoff,1,0.7892632882008948,1,True
429602,later_persistent_delinquency_contact_2000_2020,l2_logistic_regression_original_bol_features_cutoff,1,0.9941467347033605,1,True
20001,later_persistent_delinquency_contact_2000_2020,l2_logistic_regression_original_bol_features_cutoff,0,0.17428097421187505,0,True
355701,later_persistent_delinquency_contact_2000_2020,l2_logistic_regression_original_bol_features_cutoff,1,0.8638734634966069,1,True
194001,later_persistent_delinquency_contact_2000_2020,l2_logistic_regression_original_bol_features_cutoff,1,0.8770767799540482,1,True
125301,later_persistent_delinquency_contact_2000_2020,l2_logistic_regression_original_bol_features_cutoff,1,0.8432939844777503,1,True
203001,later_persistent_delinquency_contact_2000_2020,l2_logistic_regression_original_bol_features_cutoff,1,0.8922617655914549,1,True
165006,later_persistent_delinquency_contact_2000_2020,l2_logistic_regression_original_bol_features_cutoff,1,0.7126872278895102,1,True
272701,later_persistent_delinquency_contact_2000_2020,l2_logistic_regression_original_bol_features_cutoff,0,0.09828293664271802,0,True
103003,later_persistent_delinquency_contact_2000_2020,l2_logistic_regression_original_bol_features_cutoff,1,0.9731731348753213,1,True
380401,later_persistent_delinquency_contact_2000_2020,l2_logistic_regression_original_bol_features_cutoff,1,0.9844205776615154,1,True
370502,later_persistent_delinquency_contact_2000_2020,l2_logistic_regression_original_bol_features_cutoff,0,0.022180807038523622,0,True
326002,later_persistent_delinquency_contact_2000_2020,l2_logistic_regression_original_bol_features_cutoff,0,0.06437495279856482,0,True
83401,later_persistent_delinquency_contact_2000_2020,l2_logistic_regression_original_bol_features_cutoff,0,0.0007790642044735224,0,True
150702,later_persistent_delinquency_contact_2000_2020,l2_logistic_regression_original_bol_features_cutoff,1,0.9992223465273203,1,True
345403,later_persistent_delinquency_contact_2000_2020,l2_logistic_regression_original_bol_features_cutoff,0,0.0038524028249302955,0,True
463102,later_persistent_delinquency_contact_2000_2020,l2_logistic_regression_original_bol_features_cutoff,1,0.7633745715919781,1,True
423104,later_persistent_delinquency_contact_2000_2020,l2_logistic_regression_original_bol_features_cutoff,1,0.9986349458710072,1,True
33801,later_persistent_delinquency_contact_2000_2020,l2_logistic_regression_original_bol_features_cutoff,0,0.01694960084866569,0,True
15802,later_persistent_delinquency_contact_2000_2020,l2_logistic_regression_original_bol_features_cutoff,0,0.8860544750159712,1,False
407701,later_persistent_delinquency_contact_2000_2020,l2_logistic_regression_original_bol_features_cutoff,1,0.9724463101162415,1,True
322501,later_persistent_delinquency_contact_2000_2020,l2_logistic_regression_original_bol_features_cutoff,0,0.6102107886480274,1,False
104903,later_persistent_delinquency_contact_2000_2020,l2_logistic_regression_original_bol_features_cutoff,1,0.1832739195409539,0,False
81202,later_persistent_delinquency_contact_2000_2020,l2_logistic_regression_original_bol_features_cutoff,1,0.8395773699271116,1,True
497404,later_persistent_delinquency_contact_2000_2020,l2_logistic_regression_original_bol_features_cutoff,1,0.6331997642580101,1,True
116801,later_persistent_delinquency_contact_2000_2020,l2_logistic_regression_original_bol_features_cutoff,0,0.0034229420760031894,0,True
191201,later_persistent_delinquency_contact_2000_2020,l2_logistic_regression_original_bol_features_cutoff,1,0.9605787789237478,1,True
472701,later_persistent_delinquency_contact_2000_2020,l2_logistic_regression_original_bol_features_cutoff,0,0.11895095947748305,0,True
272302,later_persistent_delinquency_contact_2000_2020,l2_logistic_regression_original_bol_features_cutoff,1,0.8209912135933872,1,True
344704,later_persistent_delinquency_contact_2000_2020,l2_logistic_regression_original_bol_features_cutoff,1,0.9897704142974723,1,True
22901,later_persistent_delinquency_contact_2000_2020,l2_logistic_regression_original_bol_features_cutoff,1,0.996965074836585,1,True
24904,later_persistent_delinquency_contact_2000_2020,l2_logistic_regression_original_bol_features_cutoff,1,0.9112823046843285,1,True
279201,later_persistent_delinquency_contact_2000_2020,l2_logistic_regression_original_bol_features_cutoff,0,0.009814660965744574,0,True
446502,later_persistent_delinquency_contact_2000_2020,l2_logistic_regression_original_bol_features_cutoff,1,0.5757726337537438,1,True
106503,later_persistent_delinquency_contact_2000_2020,l2_logistic_regression_original_bol_features_cutoff,1,0.9867178705795043,1,True
224902,later_persistent_delinquency_contact_2000_2020,l2_logistic_regression_original_bol_features_cutoff,1,0.5713577508142019,1,True
469203,later_persistent_delinquency_contact_2000_2020,l2_logistic_regression_original_bol_features_cutoff,0,0.016188790443737236,0,True
80303,later_persistent_delinquency_contact_2000_2020,l2_logistic_regression_original_bol_features_cutoff,1,0.9955300596145169,1,True
344501,later_persistent_delinquency_contact_2000_2020,l2_logistic_regression_original_bol_features_cutoff,0,0.0014227498712398312,0,True
270503,later_persistent_delinquency_contact_2000_2020,l2_logistic_regression_original_bol_features_cutoff,1,0.6285993968606357,1,True
497303,later_persistent_delinquency_contact_2000_2020,l2_logistic_regression_original_bol_features_cutoff,1,0.6154410653901956,1,True
182601,later_persistent_delinquency_contact_2000_2020,l2_logistic_regression_original_bol_features_cutoff,0,0.008287790336129948,0,True
379301,later_persistent_delinquency_contact_2000_2020,l2_logistic_regression_original_bol_features_cutoff,0,0.27269767426902486,0,True
223001,later_persistent_delinquency_contact_2000_2020,l2_logistic_regression_original_bol_features_cutoff,1,0.5535396197490334,1,True
22801,later_persistent_delinquency_contact_2000_2020,l2_logistic_regression_original_bol_features_cutoff,0,0.0010319052993157814,0,True
220001,later_persistent_delinquency_contact_2000_2020,l2_logistic_regression_original_bol_features_cutoff,0,0.27697931682327165,0,True
496202,later_persistent_delinquency_contact_2000_2020,l2_logistic_regression_original_bol_features_cutoff,1,0.04386517956607684,0,False
375902,later_persistent_delinquency_contact_2000_2020,l2_logistic_regression_original_bol_features_cutoff,0,0.010432859952955653,0,True
71301,later_persistent_delinquency_contact_2000_2020,l2_logistic_regression_original_bol_features_cutoff,1,0.9997173003719159,1,True
401501,later_persistent_delinquency_contact_2000_2020,l2_logistic_regression_original_bol_features_cutoff,0,0.011887382534280696,0,True
282301,later_persistent_delinquency_contact_2000_2020,l2_logistic_regression_original_bol_features_cutoff,0,0.047033738808937624,0,True
336902,later_persistent_delinquency_contact_2000_2020,l2_logistic_regression_original_bol_features_cutoff,1,0.9976388016160932,1,True
199302,later_persistent_delinquency_contact_2000_2020,l2_logistic_regression_original_bol_features_cutoff,0,0.001442095354376871,0,True
146903,later_persistent_delinquency_contact_2000_2020,l2_logistic_regression_original_bol_features_cutoff,0,0.00013788426390004725,0,True
343601,later_persistent_delinquency_contact_2000_2020,l2_logistic_regression_original_bol_features_cutoff,0,0.006480457620654126,0,True
305401,later_persistent_delinquency_contact_2000_2020,l2_logistic_regression_original_bol_features_cutoff,1,0.784743430287898,1,True
7801,later_persistent_delinquency_contact_2000_2020,l2_logistic_regression_original_bol_features_cutoff,1,0.8772713778702894,1,True
497203,later_persistent_delinquency_contact_2000_2020,l2_logistic_regression_original_bol_features_cutoff,1,0.9688118665614678,1,True
9102,later_persistent_delinquency_contact_2000_2020,l2_logistic_regression_original_bol_features_cutoff,1,0.9906472248269662,1,True
34401,later_persistent_delinquency_contact_2000_2020,l2_logistic_regression_original_bol_features_cutoff,1,0.9059921738999014,1,True
384301,later_persistent_delinquency_contact_2000_2020,l2_logistic_regression_original_bol_features_cutoff,1,0.6580170450520162,1,True
380402,later_persistent_delinquency_contact_2000_2020,l2_logistic_regression_original_bol_features_cutoff,1,0.979940923240616,1,True
180402,later_persistent_delinquency_contact_2000_2020,l2_logistic_regression_original_bol_features_cutoff,1,0.8646892843149069,1,True
190501,later_persistent_delinquency_contact_2000_2020,l2_logistic_regression_original_bol_features_cutoff,1,0.9454318846929562,1,True
148203,later_persistent_delinquency_contact_2000_2020,l2_logistic_regression_original_bol_features_cutoff,0,0.00010121521113588801,0,True
135903,later_persistent_delinquency_contact_2000_2020,l2_logistic_regression_original_bol_features_cutoff,1,0.9250764101790185,1,True
181801,later_persistent_delinquency_contact_2000_2020,l2_logistic_regression_original_bol_features_cutoff,0,0.0019715978966066737,0,True
18601,later_persistent_delinquency_contact_2000_2020,l2_logistic_regression_original_bol_features_cutoff,1,0.9095452802759086,1,True
234003,later_persistent_delinquency_contact_2000_2020,l2_logistic_regression_original_bol_features_cutoff,1,0.7985536237669387,1,True
473401,later_persistent_delinquency_contact_2000_2020,l2_logistic_regression_original_bol_features_cutoff,0,0.05168629901906271,0,True
414803,later_persistent_delinquency_contact_2000_2020,l2_logistic_regression_original_bol_features_cutoff,1,0.548031540929938,1,True
228703,later_persistent_delinquency_contact_2000_2020,l2_logistic_regression_original_bol_features_cutoff,1,0.7057726321912661,1,True
273703,later_persistent_delinquency_contact_2000_2020,l2_logistic_regression_original_bol_features_cutoff,1,0.851803293019784,1,True
295901,later_persistent_delinquency_contact_2000_2020,l2_logistic_regression_original_bol_features_cutoff,1,0.9576662304056404,1,True
306901,later_persistent_delinquency_contact_2000_2020,l2_logistic_regression_original_bol_features_cutoff,1,0.9321478726552151,1,True
42801,later_persistent_delinquency_contact_2000_2020,l2_logistic_regression_original_bol_features_cutoff,0,0.36111452680154127,0,True
236001,later_persistent_delinquency_contact_2000_2020,l2_logistic_regression_original_bol_features_cutoff,0,0.008964288440275161,0,True
14702,later_persistent_delinquency_contact_2000_2020,l2_logistic_regression_original_bol_features_cutoff,1,0.9591967373836041,1,True
339302,later_persistent_delinquency_contact_2000_2020,l2_logistic_regression_original_bol_features_cutoff,0,0.19979306736676755,0,True
55001,later_persistent_delinquency_contact_2000_2020,l2_logistic_regression_original_bol_features_cutoff,0,0.016233240436917658,0,True
397202,later_persistent_delinquency_contact_2000_2020,l2_logistic_regression_original_bol_features_cutoff,0,0.19485508265733734,0,True
202101,later_persistent_delinquency_contact_2000_2020,l2_logistic_regression_original_bol_features_cutoff,0,0.06070336826478493,0,True
412002,later_persistent_delinquency_contact_2000_2020,l2_logistic_regression_original_bol_features_cutoff,0,0.027162796925955128,0,True
210504,later_persistent_delinquency_contact_2000_2020,l2_logistic_regression_original_bol_features_cutoff,1,0.9885723633994645,1,True
269201,later_persistent_delinquency_contact_2000_2020,l2_logistic_regression_original_bol_features_cutoff,1,0.9713462303413559,1,True
320402,later_persistent_delinquency_contact_2000_2020,l2_logistic_regression_original_bol_features_cutoff,1,0.9790823438811245,1,True
342304,later_persistent_delinquency_contact_2000_2020,l2_logistic_regression_original_bol_features_cutoff,0,0.015115312797007771,0,True
456502,later_persistent_delinquency_contact_2000_2020,l2_logistic_regression_original_bol_features_cutoff,1,0.5111552079283784,1,True
190401,later_persistent_delinquency_contact_2000_2020,l2_logistic_regression_original_bol_features_cutoff,0,0.0255047791539153,0,True
195301,later_persistent_delinquency_contact_2000_2020,l2_logistic_regression_original_bol_features_cutoff,1,0.9926275808228006,1,True
344703,later_persistent_delinquency_contact_2000_2020,l2_logistic_regression_original_bol_features_cutoff,1,0.997876710393187,1,True
9803,later_persistent_delinquency_contact_2000_2020,l2_logistic_regression_original_bol_features_cutoff,1,0.7066121540688887,1,True
493401,later_persistent_delinquency_contact_2000_2020,l2_logistic_regression_original_bol_features_cutoff,0,2.81079799763529e-05,0,True
449002,later_persistent_delinquency_contact_2000_2020,l2_logistic_regression_original_bol_features_cutoff,0,0.02317484847633921,0,True
193703,later_persistent_delinquency_contact_2000_2020,l2_logistic_regression_original_bol_features_cutoff,1,0.9202023337503936,1,True
210202,later_persistent_delinquency_contact_2000_2020,l2_logistic_regression_original_bol_features_cutoff,0,0.00450839655412752,0,True
154903,later_persistent_delinquency_contact_2000_2020,l2_logistic_regression_original_bol_features_cutoff,1,0.9868859850589716,1,True
484801,later_persistent_delinquency_contact_2000_2020,l2_logistic_regression_original_bol_features_cutoff,0,0.003510553993572184,0,True
75902,later_persistent_delinquency_contact_2000_2020,l2_logistic_regression_original_bol_features_cutoff,0,0.00023504274894322802,0,True
429201,later_persistent_delinquency_contact_2000_2020,l2_logistic_regression_original_bol_features_cutoff,1,0.526525817937076,1,True
244103,later_persistent_delinquency_contact_2000_2020,l2_logistic_regression_original_bol_features_cutoff,1,0.7145421290288886,1,True
274801,later_persistent_delinquency_contact_2000_2020,l2_logistic_regression_original_bol_features_cutoff,0,0.0008184448956621972,0,True
329302,later_persistent_delinquency_contact_2000_2020,l2_logistic_regression_original_bol_features_cutoff,0,0.3343793959107638,0,True
482101,later_persistent_delinquency_contact_2000_2020,l2_logistic_regression_original_bol_features_cutoff,1,0.9628128978631838,1,True
355703,later_persistent_delinquency_contact_2000_2020,l2_logistic_regression_original_bol_features_cutoff,1,0.9802640856595601,1,True
309802,later_persistent_delinquency_contact_2000_2020,l2_logistic_regression_original_bol_features_cutoff,1,0.9752734644725096,1,True
426801,later_persistent_delinquency_contact_2000_2020,l2_logistic_regression_original_bol_features_cutoff,0,0.4414220792990715,0,True
426201,later_persistent_delinquency_contact_2000_2020,l2_logistic_regression_original_bol_features_cutoff,0,0.0710765237114438,0,True
397502,later_persistent_delinquency_contact_2000_2020,l2_logistic_regression_original_bol_features_cutoff,0,0.24478758392452607,0,True
267201,later_persistent_delinquency_contact_2000_2020,l2_logistic_regression_original_bol_features_cutoff,0,0.049158822351491036,0,True
307901,later_persistent_delinquency_contact_2000_2020,l2_logistic_regression_original_bol_features_cutoff,0,0.04699875038177172,0,True
265402,later_persistent_delinquency_contact_2000_2020,l2_logistic_regression_original_bol_features_cutoff,1,0.9649308393732154,1,True
311102,later_persistent_delinquency_contact_2000_2020,l2_logistic_regression_original_bol_features_cutoff,1,0.9619628109011595,1,True
108002,later_persistent_delinquency_contact_2000_2020,l2_logistic_regression_original_bol_features_cutoff,1,0.8761439583992604,1,True
466501,later_persistent_delinquency_contact_2000_2020,l2_logistic_regression_original_bol_features_cutoff,0,0.7663199923793835,1,False
427402,later_persistent_delinquency_contact_2000_2020,l2_logistic_regression_original_bol_features_cutoff,0,0.03354900897919209,0,True
280803,later_persistent_delinquency_contact_2000_2020,l2_logistic_regression_original_bol_features_cutoff,0,0.015484745646537457,0,True
290801,later_persistent_delinquency_contact_2000_2020,l2_logistic_regression_original_bol_features_cutoff,1,0.9483050643089379,1,True
149401,later_persistent_delinquency_contact_2000_2020,l2_logistic_regression_original_bol_features_cutoff,0,0.06494202866051046,0,True
394401,later_persistent_delinquency_contact_2000_2020,l2_logistic_regression_original_bol_features_cutoff,0,3.297152088997946e-05,0,True
11101,later_persistent_delinquency_contact_2000_2020,l2_logistic_regression_original_bol_features_cutoff,0,0.00024039460657049785,0,True
302701,later_persistent_delinquency_contact_2000_2020,l2_logistic_regression_original_bol_features_cutoff,0,0.08828847078333989,0,True
332102,later_persistent_delinquency_contact_2000_2020,l2_logistic_regression_original_bol_features_cutoff,0,0.0005986928549016916,0,True
38901,later_persistent_delinquency_contact_2000_2020,l2_logistic_regression_original_bol_features_cutoff,0,0.4687890654139658,0,True
303601,later_persistent_delinquency_contact_2000_2020,l2_logistic_regression_original_bol_features_cutoff,0,0.00011537336926159112,0,True
124201,later_persistent_delinquency_contact_2000_2020,l2_logistic_regression_original_bol_features_cutoff,1,0.9805997575799651,1,True
239802,later_persistent_delinquency_contact_2000_2020,l2_logistic_regression_original_bol_features_cutoff,1,0.15045575738277744,0,False
17503,later_persistent_delinquency_contact_2000_2020,l2_logistic_regression_original_bol_features_cutoff,0,0.005675964241277495,0,True
202702,later_persistent_delinquency_contact_2000_2020,l2_logistic_regression_original_bol_features_cutoff,0,0.007339312506663365,0,True
434603,later_persistent_delinquency_contact_2000_2020,l2_logistic_regression_original_bol_features_cutoff,1,0.9587104695863233,1,True
106301,later_persistent_delinquency_contact_2000_2020,l2_logistic_regression_original_bol_features_cutoff,0,0.00011197365937855282,0,True
143703,later_persistent_delinquency_contact_2000_2020,l2_logistic_regression_original_bol_features_cutoff,1,0.35276129515031646,0,False
231302,later_persistent_delinquency_contact_2000_2020,l2_logistic_regression_original_bol_features_cutoff,1,0.9913046263362641,1,True
453402,later_persistent_delinquency_contact_2000_2020,l2_logistic_regression_original_bol_features_cutoff,1,0.8935638392650265,1,True
310102,later_persistent_delinquency_contact_2000_2020,l2_logistic_regression_original_bol_features_cutoff,1,0.9706056898011551,1,True
242001,later_persistent_delinquency_contact_2000_2020,l2_logistic_regression_original_bol_features_cutoff,0,0.008488279995780426,0,True
347604,later_persistent_delinquency_contact_2000_2020,l2_logistic_regression_original_bol_features_cutoff,0,0.3787127320222034,0,True
107703,later_persistent_delinquency_contact_2000_2020,l2_logistic_regression_original_bol_features_cutoff,0,0.1325302329818393,0,True
327302,later_persistent_delinquency_contact_2000_2020,l2_logistic_regression_original_bol_features_cutoff,0,0.0034623251693655203,0,True
228501,later_persistent_delinquency_contact_2000_2020,l2_logistic_regression_original_bol_features_cutoff,0,0.0006319604168481608,0,True
59004,later_persistent_delinquency_contact_2000_2020,l2_logistic_regression_original_bol_features_cutoff,0,0.9913313415143602,1,False
352301,later_persistent_delinquency_contact_2000_2020,l2_logistic_regression_original_bol_features_cutoff,1,0.8603768417887931,1,True
359702,later_persistent_delinquency_contact_2000_2020,l2_logistic_regression_original_bol_features_cutoff,0,5.557987392092014e-05,0,True
305805,later_persistent_delinquency_contact_2000_2020,l2_logistic_regression_original_bol_features_cutoff,1,0.9671405728511432,1,True
379801,later_persistent_delinquency_contact_2000_2020,l2_logistic_regression_original_bol_features_cutoff,1,0.9285528936618063,1,True
398204,later_persistent_delinquency_contact_2000_2020,l2_logistic_regression_original_bol_features_cutoff,1,0.8097986323052389,1,True
400702,later_persistent_delinquency_contact_2000_2020,l2_logistic_regression_original_bol_features_cutoff,0,0.01637487298905348,0,True
282901,later_persistent_delinquency_contact_2000_2020,l2_logistic_regression_original_bol_features_cutoff,0,0.4020935072946854,0,True
140902,later_persistent_delinquency_contact_2000_2020,l2_logistic_regression_original_bol_features_cutoff,1,0.9972821529439515,1,True
245801,later_persistent_delinquency_contact_2000_2020,l2_logistic_regression_original_bol_features_cutoff,0,0.0007022777925763127,0,True
498701,later_persistent_delinquency_contact_2000_2020,l2_logistic_regression_original_bol_features_cutoff,1,0.9234784646956447,1,True
331602,later_persistent_delinquency_contact_2000_2020,l2_logistic_regression_original_bol_features_cutoff,0,0.13166835797728674,0,True
268102,later_persistent_delinquency_contact_2000_2020,l2_logistic_regression_original_bol_features_cutoff,1,0.9432189488347907,1,True
371504,later_persistent_delinquency_contact_2000_2020,l2_logistic_regression_original_bol_features_cutoff,0,0.6977469886930903,1,False
183802,later_persistent_delinquency_contact_2000_2020,l2_logistic_regression_original_bol_features_cutoff,0,0.37507962903768516,0,True
227402,later_persistent_delinquency_contact_2000_2020,l2_logistic_regression_original_bol_features_cutoff,0,0.22091628740724986,0,True
33302,later_persistent_delinquency_contact_2000_2020,l2_logistic_regression_original_bol_features_cutoff,1,0.9990511584709445,1,True
429503,later_persistent_delinquency_contact_2000_2020,l2_logistic_regression_original_bol_features_cutoff,1,0.8284153338526716,1,True
41801,later_persistent_delinquency_contact_2000_2020,l2_logistic_regression_original_bol_features_cutoff,1,0.8128837852516019,1,True
128602,later_persistent_delinquency_contact_2000_2020,l2_logistic_regression_original_bol_features_cutoff,1,0.8601397079720247,1,True
408903,later_persistent_delinquency_contact_2000_2020,l2_logistic_regression_original_bol_features_cutoff,0,0.0007857002252477481,0,True
64201,later_persistent_delinquency_contact_2000_2020,l2_logistic_regression_original_bol_features_cutoff,0,0.019146819024173225,0,True
102504,later_persistent_delinquency_contact_2000_2020,l2_logistic_regression_original_bol_features_cutoff,0,0.007702546512741873,0,True
61401,later_persistent_delinquency_contact_2000_2020,l2_logistic_regression_original_bol_features_cutoff,0,0.005095086051307648,0,True
215301,later_persistent_delinquency_contact_2000_2020,l2_logistic_regression_original_bol_features_cutoff,0,0.013630322192693922,0,True
307401,later_persistent_delinquency_contact_2000_2020,l2_logistic_regression_original_bol_features_cutoff,1,0.9744903928901981,1,True
344705,later_persistent_delinquency_contact_2000_2020,l2_logistic_regression_original_bol_features_cutoff,1,0.9743167465993103,1,True
493301,later_persistent_delinquency_contact_2000_2020,l2_logistic_regression_original_bol_features_cutoff,0,0.12494365531200484,0,True
3001,later_persistent_delinquency_contact_2000_2020,l2_logistic_regression_original_bol_features_cutoff,0,0.0009583261535472501,0,True
256404,later_persistent_delinquency_contact_2000_2020,l2_logistic_regression_original_bol_features_cutoff,1,0.8834364192961565,1,True
395301,later_persistent_delinquency_contact_2000_2020,l2_logistic_regression_original_bol_features_cutoff,0,0.0006742421128339474,0,True
193701,later_persistent_delinquency_contact_2000_2020,l2_logistic_regression_original_bol_features_cutoff,1,0.9503927245094933,1,True
15702,later_persistent_delinquency_contact_2000_2020,l2_logistic_regression_original_bol_features_cutoff,0,0.002955787107031706,0,True
372601,later_persistent_delinquency_contact_2000_2020,l2_logistic_regression_original_bol_features_cutoff,0,0.000520627413538375,0,True
377402,later_persistent_delinquency_contact_2000_2020,l2_logistic_regression_original_bol_features_cutoff,0,0.005108266591181073,0,True
354202,later_persistent_delinquency_contact_2000_2020,l2_logistic_regression_original_bol_features_cutoff,1,0.7742730001031886,1,True
373504,later_persistent_delinquency_contact_2000_2020,l2_logistic_regression_original_bol_features_cutoff,0,0.12218859537468385,0,True
139901,later_persistent_delinquency_contact_2000_2020,l2_logistic_regression_original_bol_features_cutoff,1,0.8454896871136913,1,True
470601,later_persistent_delinquency_contact_2000_2020,l2_logistic_regression_original_bol_features_cutoff,0,0.0758181118668539,0,True
101801,later_persistent_delinquency_contact_2000_2020,l2_logistic_regression_original_bol_features_cutoff,0,0.7127426671311184,1,False
107103,later_persistent_delinquency_contact_2000_2020,l2_logistic_regression_original_bol_features_cutoff,0,0.006412282368711657,0,True
283501,later_persistent_delinquency_contact_2000_2020,l2_logistic_regression_original_bol_features_cutoff,0,0.008307944927491404,0,True
152505,later_persistent_delinquency_contact_2000_2020,l2_logistic_regression_original_bol_features_cutoff,1,0.9989358478273841,1,True
37301,later_persistent_delinquency_contact_2000_2020,l2_logistic_regression_original_bol_features_cutoff,0,0.19266697613432404,0,True
39003,later_persistent_delinquency_contact_2000_2020,l2_logistic_regression_original_bol_features_cutoff,1,0.7446549469307421,1,True
343803,later_persistent_delinquency_contact_2000_2020,l2_logistic_regression_original_bol_features_cutoff,0,0.00491230116602915,0,True
121604,later_persistent_delinquency_contact_2000_2020,l2_logistic_regression_original_bol_features_cutoff,1,0.9849147796258556,1,True
248404,later_persistent_delinquency_contact_2000_2020,l2_logistic_regression_original_bol_features_cutoff,1,0.4796270119556159,0,False
193802,later_persistent_delinquency_contact_2000_2020,l2_logistic_regression_original_bol_features_cutoff,1,0.7184955187184181,1,True
267502,later_persistent_delinquency_contact_2000_2020,l2_logistic_regression_original_bol_features_cutoff,0,0.00010618241454729972,0,True
473301,later_persistent_delinquency_contact_2000_2020,l2_logistic_regression_original_bol_features_cutoff,0,0.1677570635999466,0,True
379102,later_persistent_delinquency_contact_2000_2020,l2_logistic_regression_original_bol_features_cutoff,0,0.002546618044626817,0,True
474502,later_persistent_delinquency_contact_2000_2020,l2_logistic_regression_original_bol_features_cutoff,0,0.0004558238333714627,0,True
377401,later_persistent_delinquency_contact_2000_2020,l2_logistic_regression_original_bol_features_cutoff,0,0.721186830355394,1,False
354602,later_persistent_delinquency_contact_2000_2020,l2_logistic_regression_original_bol_features_cutoff,0,0.0009463419223032618,0,True
280801,later_persistent_delinquency_contact_2000_2020,l2_logistic_regression_original_bol_features_cutoff,0,0.021759291800388287,0,True
454101,later_persistent_delinquency_contact_2000_2020,l2_logistic_regression_original_bol_features_cutoff,0,0.012392953532111424,0,True
85404,later_persistent_delinquency_contact_2000_2020,l2_logistic_regression_original_bol_features_cutoff,1,0.982015974042999,1,True
93501,later_persistent_delinquency_contact_2000_2020,l2_logistic_regression_original_bol_features_cutoff,0,0.08842061077203793,0,True
361101,later_persistent_delinquency_contact_2000_2020,l2_logistic_regression_original_bol_features_cutoff,0,0.004286061388779195,0,True
225301,later_persistent_delinquency_contact_2000_2020,l2_logistic_regression_original_bol_features_cutoff,0,0.045749383368969276,0,True
111201,later_persistent_delinquency_contact_2000_2020,l2_logistic_regression_original_bol_features_cutoff,0,0.0036664340186856052,0,True
205701,later_persistent_delinquency_contact_2000_2020,l2_logistic_regression_original_bol_features_cutoff,1,0.9999035289307882,1,True
95302,later_persistent_delinquency_contact_2000_2020,l2_logistic_regression_original_bol_features_cutoff,1,0.99784874908538,1,True
332201,later_persistent_delinquency_contact_2000_2020,l2_logistic_regression_original_bol_features_cutoff,1,0.9901729839783977,1,True
433901,later_persistent_delinquency_contact_2000_2020,l2_logistic_regression_original_bol_features_cutoff,1,0.774249075681026,1,True
409201,later_persistent_delinquency_contact_2000_2020,l2_logistic_regression_original_bol_features_cutoff,1,0.9981922183284409,1,True
494801,later_persistent_delinquency_contact_2000_2020,l2_logistic_regression_original_bol_features_cutoff,0,0.16371910715657226,0,True
385901,later_persistent_delinquency_contact_2000_2020,l2_logistic_regression_original_bol_features_cutoff,1,0.9968383510878961,1,True
136102,later_persistent_delinquency_contact_2000_2020,l2_logistic_regression_original_bol_features_cutoff,1,0.39298643819353757,0,False
130603,later_persistent_delinquency_contact_2000_2020,l2_logistic_regression_original_bol_features_cutoff,1,0.7913295107270708,1,True
457002,later_persistent_delinquency_contact_2000_2020,l2_logistic_regression_original_bol_features_cutoff,0,0.060458581502894196,0,True
226708,later_persistent_delinquency_contact_2000_2020,l2_logistic_regression_original_bol_features_cutoff,1,0.9959742370007192,1,True
45201,later_persistent_delinquency_contact_2000_2020,l2_logistic_regression_original_bol_features_cutoff,1,0.9166722586947396,1,True
42301,later_persistent_delinquency_contact_2000_2020,l2_logistic_regression_original_bol_features_cutoff,1,0.2549713144400545,0,False
497305,later_persistent_delinquency_contact_2000_2020,l2_logistic_regression_original_bol_features_cutoff,1,0.9366650000390045,1,True
430602,later_persistent_delinquency_contact_2000_2020,l2_logistic_regression_original_bol_features_cutoff,0,0.43244971658060044,0,True
422301,later_persistent_delinquency_contact_2000_2020,l2_logistic_regression_original_bol_features_cutoff,1,0.9696878255570417,1,True
94002,later_persistent_delinquency_contact_2000_2020,l2_logistic_regression_original_bol_features_cutoff,0,0.12147163639298501,0,True
239401,later_persistent_delinquency_contact_2000_2020,l2_logistic_regression_original_bol_features_cutoff,0,0.0004708220181535563,0,True
167501,later_persistent_delinquency_contact_2000_2020,l2_logistic_regression_original_bol_features_cutoff,1,0.9992529513587436,1,True
66501,later_persistent_delinquency_contact_2000_2020,l2_logistic_regression_original_bol_features_cutoff,1,0.9381143876930561,1,True
65601,later_persistent_delinquency_contact_2000_2020,l2_logistic_regression_original_bol_features_cutoff,1,0.8680974525939305,1,True
308101,later_persistent_delinquency_contact_2000_2020,l2_logistic_regression_original_bol_features_cutoff,0,0.18643438054494638,0,True
97802,later_persistent_delinquency_contact_2000_2020,l2_logistic_regression_original_bol_features_cutoff,1,0.5596313363753984,1,True
497402,later_persistent_delinquency_contact_2000_2020,l2_logistic_regression_original_bol_features_cutoff,0,0.0033457691431576088,0,True
348102,later_persistent_delinquency_contact_2000_2020,l2_logistic_regression_original_bol_features_cutoff,0,0.004379401426867349,0,True
182401,later_persistent_delinquency_contact_2000_2020,l2_logistic_regression_original_bol_features_cutoff,0,0.05487870576935331,0,True
345103,later_persistent_delinquency_contact_2000_2020,l2_logistic_regression_original_bol_features_cutoff,1,0.9623912721962943,1,True
28501,later_persistent_delinquency_contact_2000_2020,l2_logistic_regression_original_bol_features_cutoff,0,0.005347301215898024,0,True
471401,later_persistent_delinquency_contact_2000_2020,l2_logistic_regression_original_bol_features_cutoff,0,0.6195261835952331,1,False
372901,later_persistent_delinquency_contact_2000_2020,l2_logistic_regression_original_bol_features_cutoff,0,0.10827320233382419,0,True
27203,later_persistent_delinquency_contact_2000_2020,l2_logistic_regression_original_bol_features_cutoff,1,0.9075512575637317,1,True
200201,later_persistent_delinquency_contact_2000_2020,l2_logistic_regression_original_bol_features_cutoff,0,0.04309886453608927,0,True
343802,later_persistent_delinquency_contact_2000_2020,l2_logistic_regression_original_bol_features_cutoff,1,0.6327727113482479,1,True
272901,later_persistent_delinquency_contact_2000_2020,l2_logistic_regression_original_bol_features_cutoff,0,0.06304039089197093,0,True
363502,later_persistent_delinquency_contact_2000_2020,l2_logistic_regression_original_bol_features_cutoff,0,0.04013606486192979,0,True
131301,later_persistent_delinquency_contact_2000_2020,l2_logistic_regression_original_bol_features_cutoff,0,0.000763369675046379,0,True
137502,later_persistent_delinquency_contact_2000_2020,l2_logistic_regression_original_bol_features_cutoff,1,0.9851568366117179,1,True
89501,later_persistent_delinquency_contact_2000_2020,l2_logistic_regression_original_bol_features_cutoff,0,0.7984652140115608,1,False
131302,later_persistent_delinquency_contact_2000_2020,l2_logistic_regression_original_bol_features_cutoff,1,0.9526486122568208,1,True
88902,later_persistent_delinquency_contact_2000_2020,l2_logistic_regression_original_bol_features_cutoff,0,0.004827792595332413,0,True
259101,later_persistent_delinquency_contact_2000_2020,l2_logistic_regression_original_bol_features_cutoff,0,0.004198151563711434,0,True
254901,later_persistent_delinquency_contact_2000_2020,l2_logistic_regression_original_bol_features_cutoff,1,0.9324855864107083,1,True
391401,later_persistent_delinquency_contact_2000_2020,l2_logistic_regression_original_bol_features_cutoff,0,0.5432047422181028,1,False
148202,later_persistent_delinquency_contact_2000_2020,l2_logistic_regression_original_bol_features_cutoff,0,1.6206094664494e-06,0,True
118702,later_persistent_delinquency_contact_2000_2020,l2_logistic_regression_original_bol_features_cutoff,1,0.9723114182120914,1,True
432501,later_persistent_delinquency_contact_2000_2020,l2_logistic_regression_original_bol_features_cutoff,1,0.984660506902995,1,True
164002,later_persistent_delinquency_contact_2000_2020,l2_logistic_regression_original_bol_features_cutoff,0,0.9722640668961612,1,False
55803,later_persistent_delinquency_contact_2000_2020,l2_logistic_regression_original_bol_features_cutoff,1,0.6408588072174873,1,True
269202,later_persistent_delinquency_contact_2000_2020,l2_logistic_regression_original_bol_features_cutoff,1,0.9753740835261122,1,True
303505,later_persistent_delinquency_contact_2000_2020,l2_logistic_regression_original_bol_features_cutoff,1,0.9453712926405515,1,True
459002,later_persistent_delinquency_contact_2000_2020,l2_logistic_regression_original_bol_features_cutoff,1,0.7091657590824939,1,True
399502,later_persistent_delinquency_contact_2000_2020,l2_logistic_regression_original_bol_features_cutoff,0,0.0004839265828995239,0,True
115501,later_persistent_delinquency_contact_2000_2020,l2_logistic_regression_original_bol_features_cutoff,0,0.03777275023720486,0,True
475703,later_persistent_delinquency_contact_2000_2020,l2_logistic_regression_original_bol_features_cutoff,0,0.040503215488750514,0,True
225001,later_persistent_delinquency_contact_2000_2020,l2_logistic_regression_original_bol_features_cutoff,1,0.04099692749946512,0,False
334101,later_persistent_delinquency_contact_2000_2020,l2_logistic_regression_original_bol_features_cutoff,1,0.9975473364965594,1,True
98101,later_persistent_delinquency_contact_2000_2020,l2_logistic_regression_original_bol_features_cutoff,1,0.9889058747826854,1,True
16502,later_persistent_delinquency_contact_2000_2020,l2_logistic_regression_original_bol_features_cutoff,1,0.9040104516404689,1,True
360602,later_persistent_delinquency_contact_2000_2020,l2_logistic_regression_original_bol_features_cutoff,1,0.475079831511116,0,False
144004,later_persistent_delinquency_contact_2000_2020,l2_logistic_regression_original_bol_features_cutoff,1,0.9123645153592373,1,True
270502,later_persistent_delinquency_contact_2000_2020,l2_logistic_regression_original_bol_features_cutoff,0,0.012151709897416292,0,True
422701,later_persistent_delinquency_contact_2000_2020,l2_logistic_regression_original_bol_features_cutoff,1,0.8072156273107756,1,True
281402,later_persistent_delinquency_contact_2000_2020,l2_logistic_regression_original_bol_features_cutoff,0,0.8536992763515882,1,False
302502,later_persistent_delinquency_contact_2000_2020,l2_logistic_regression_original_bol_features_cutoff,0,0.007611264263882476,0,True
330602,later_persistent_delinquency_contact_2000_2020,l2_logistic_regression_original_bol_features_cutoff,0,0.0003941115147570919,0,True
316202,later_persistent_delinquency_contact_2000_2020,l2_logistic_regression_original_bol_features_cutoff,1,0.9802470259650852,1,True
461401,later_persistent_delinquency_contact_2000_2020,l2_logistic_regression_original_bol_features_cutoff,0,0.0009916583794427568,0,True
355102,later_persistent_delinquency_contact_2000_2020,l2_logistic_regression_original_bol_features_cutoff,0,0.017491914960919848,0,True
167403,later_persistent_delinquency_contact_2000_2020,l2_logistic_regression_original_bol_features_cutoff,0,0.995052790305625,1,False
149102,later_persistent_delinquency_contact_2000_2020,l2_logistic_regression_original_bol_features_cutoff,0,0.17652716683632788,0,True
356502,later_persistent_delinquency_contact_2000_2020,l2_logistic_regression_original_bol_features_cutoff,0,0.28323171199373015,0,True
190402,later_persistent_delinquency_contact_2000_2020,l2_logistic_regression_original_bol_features_cutoff,0,0.13702342009057814,0,True
178503,later_persistent_delinquency_contact_2000_2020,l2_logistic_regression_original_bol_features_cutoff,1,0.9185526026842814,1,True
455102,later_persistent_delinquency_contact_2000_2020,l2_logistic_regression_original_bol_features_cutoff,1,0.8527906300002807,1,True
448102,later_persistent_delinquency_contact_2000_2020,l2_logistic_regression_original_bol_features_cutoff,1,0.8462557592874485,1,True
53301,later_persistent_delinquency_contact_2000_2020,l2_logistic_regression_original_bol_features_cutoff,1,0.9891522731392254,1,True
80101,later_persistent_delinquency_contact_2000_2020,l2_logistic_regression_original_bol_features_cutoff,0,0.006269279469520286,0,True
23603,later_persistent_delinquency_contact_2000_2020,l2_logistic_regression_original_bol_features_cutoff,0,0.21429877555858023,0,True
454403,later_persistent_delinquency_contact_2000_2020,l2_logistic_regression_original_bol_features_cutoff,0,0.5954600812227545,1,False
61904,later_persistent_delinquency_contact_2000_2020,l2_logistic_regression_original_bol_features_cutoff,0,0.2334326813297033,0,True
121301,later_persistent_delinquency_contact_2000_2020,l2_logistic_regression_original_bol_features_cutoff,0,0.28008210086235596,0,True
175802,later_persistent_delinquency_contact_2000_2020,l2_logistic_regression_original_bol_features_cutoff,1,0.987791363345335,1,True
448302,later_persistent_delinquency_contact_2000_2020,l2_logistic_regression_original_bol_features_cutoff,0,0.004412181468327095,0,True
437601,later_persistent_delinquency_contact_2000_2020,l2_logistic_regression_original_bol_features_cutoff,0,0.023865502421732118,0,True
478302,later_persistent_delinquency_contact_2000_2020,l2_logistic_regression_original_bol_features_cutoff,1,0.9809300484139635,1,True
295201,later_persistent_delinquency_contact_2000_2020,l2_logistic_regression_original_bol_features_cutoff,1,0.9812039477157375,1,True
322101,later_persistent_delinquency_contact_2000_2020,l2_logistic_regression_original_bol_features_cutoff,0,0.05750701427362136,0,True
20302,later_persistent_delinquency_contact_2000_2020,l2_logistic_regression_original_bol_features_cutoff,0,0.6057827007262088,1,False
449001,later_persistent_delinquency_contact_2000_2020,l2_logistic_regression_original_bol_features_cutoff,0,0.05174681482125335,0,True
392102,later_persistent_delinquency_contact_2000_2020,l2_logistic_regression_original_bol_features_cutoff,1,0.9645548708534292,1,True
274201,later_persistent_delinquency_contact_2000_2020,l2_logistic_regression_original_bol_features_cutoff,0,0.002972805586115126,0,True
243602,later_persistent_delinquency_contact_2000_2020,l2_logistic_regression_original_bol_features_cutoff,0,0.016909280779287515,0,True
4902,later_persistent_delinquency_contact_2000_2020,l2_logistic_regression_original_bol_features_cutoff,1,0.9204067369114648,1,True
73304,later_persistent_delinquency_contact_2000_2020,l2_logistic_regression_original_bol_features_cutoff,1,0.929227244130081,1,True
379403,later_persistent_delinquency_contact_2000_2020,l2_logistic_regression_original_bol_features_cutoff,0,0.22064839598214334,0,True
221502,later_persistent_delinquency_contact_2000_2020,l2_logistic_regression_original_bol_features_cutoff,0,0.4342900044492056,0,True
97501,later_persistent_delinquency_contact_2000_2020,l2_logistic_regression_original_bol_features_cutoff,0,0.6226329922349724,1,False
390802,later_persistent_delinquency_contact_2000_2020,l2_logistic_regression_original_bol_features_cutoff,0,0.003547440300770774,0,True
343007,later_persistent_delinquency_contact_2000_2020,l2_logistic_regression_original_bol_features_cutoff,0,0.5428953880030157,1,False
51401,later_persistent_delinquency_contact_2000_2020,l2_logistic_regression_original_bol_features_cutoff,1,0.9290287259227767,1,True
151903,later_persistent_delinquency_contact_2000_2020,l2_logistic_regression_original_bol_features_cutoff,1,0.9195532075575084,1,True
311801,later_persistent_delinquency_contact_2000_2020,l2_logistic_regression_original_bol_features_cutoff,1,0.4068380275605537,0,False
213201,later_persistent_delinquency_contact_2000_2020,l2_logistic_regression_original_bol_features_cutoff,1,0.7511961117295948,1,True
488002,later_persistent_delinquency_contact_2000_2020,l2_logistic_regression_original_bol_features_cutoff,1,0.6054428493410446,1,True
156603,later_persistent_delinquency_contact_2000_2020,l2_logistic_regression_original_bol_features_cutoff,1,0.5989065461353215,1,True
317802,later_persistent_delinquency_contact_2000_2020,l2_logistic_regression_original_bol_features_cutoff,0,0.0015519526895335536,0,True
372902,later_persistent_delinquency_contact_2000_2020,l2_logistic_regression_original_bol_features_cutoff,1,0.2600721596948922,0,False
14001,later_persistent_delinquency_contact_2000_2020,l2_logistic_regression_original_bol_features_cutoff,1,0.9821554714673882,1,True
9701,later_persistent_delinquency_contact_2000_2020,l2_logistic_regression_original_bol_features_cutoff,1,0.9235359711643981,1,True
4303,later_persistent_delinquency_contact_2000_2020,l2_logistic_regression_original_bol_features_cutoff,1,0.9912151236565055,1,True
122803,later_persistent_delinquency_contact_2000_2020,l2_logistic_regression_original_bol_features_cutoff,1,0.9405855341053457,1,True
306601,later_persistent_delinquency_contact_2000_2020,l2_logistic_regression_original_bol_features_cutoff,1,0.9715002676465436,1,True
156605,later_persistent_delinquency_contact_2000_2020,l2_logistic_regression_original_bol_features_cutoff,1,0.9996196097960146,1,True
3003,later_persistent_delinquency_contact_2000_2020,l2_logistic_regression_original_bol_features_cutoff,1,0.9675732946823703,1,True
222402,later_persistent_delinquency_contact_2000_2020,l2_logistic_regression_original_bol_features_cutoff,1,0.9924307727342072,1,True
179901,later_persistent_delinquency_contact_2000_2020,l2_logistic_regression_original_bol_features_cutoff,0,0.3110737959269172,0,True
245901,later_persistent_delinquency_contact_2000_2020,l2_logistic_regression_original_bol_features_cutoff,0,0.08041270767692985,0,True
357602,later_persistent_delinquency_contact_2000_2020,l2_logistic_regression_original_bol_features_cutoff,1,0.8547920010960379,1,True
269901,later_persistent_delinquency_contact_2000_2020,l2_logistic_regression_original_bol_features_cutoff,0,0.0003786118269832471,0,True
82802,later_persistent_delinquency_contact_2000_2020,l2_logistic_regression_original_bol_features_cutoff,1,0.9782027261322686,1,True
116005,later_persistent_delinquency_contact_2000_2020,l2_logistic_regression_original_bol_features_cutoff,1,0.7756090218575107,1,True
108201,later_persistent_delinquency_contact_2000_2020,l2_logistic_regression_original_bol_features_cutoff,1,0.9515755692202961,1,True
164904,later_persistent_delinquency_contact_2000_2020,l2_logistic_regression_original_bol_features_cutoff,1,0.461776850479689,0,False
166101,later_persistent_delinquency_contact_2000_2020,l2_logistic_regression_original_bol_features_cutoff,1,0.9396565775178917,1,True
439601,later_persistent_delinquency_contact_2000_2020,l2_logistic_regression_original_bol_features_cutoff,0,0.03836441903637385,0,True
163803,later_persistent_delinquency_contact_2000_2020,l2_logistic_regression_original_bol_features_cutoff,0,6.870747305350555e-05,0,True
73601,later_persistent_delinquency_contact_2000_2020,l2_logistic_regression_original_bol_features_cutoff,0,0.0027507843196064113,0,True
464103,later_persistent_delinquency_contact_2000_2020,l2_logistic_regression_original_bol_features_cutoff,1,0.8807247849717883,1,True
353203,later_persistent_delinquency_contact_2000_2020,l2_logistic_regression_original_bol_features_cutoff,1,0.801921063111808,1,True
425401,later_persistent_delinquency_contact_2000_2020,l2_logistic_regression_original_bol_features_cutoff,1,0.9927225995163658,1,True
143502,later_persistent_delinquency_contact_2000_2020,l2_logistic_regression_original_bol_features_cutoff,1,0.9362203721366981,1,True
408901,later_persistent_delinquency_contact_2000_2020,l2_logistic_regression_original_bol_features_cutoff,1,0.062202005221437436,0,False
183801,later_persistent_delinquency_contact_2000_2020,l2_logistic_regression_original_bol_features_cutoff,0,0.010724494438895215,0,True
302104,later_persistent_delinquency_contact_2000_2020,l2_logistic_regression_original_bol_features_cutoff,0,0.05845381406529089,0,True
221402,later_persistent_delinquency_contact_2000_2020,l2_logistic_regression_original_bol_features_cutoff,1,0.9990052010795268,1,True
165004,later_persistent_delinquency_contact_2000_2020,l2_logistic_regression_original_bol_features_cutoff,1,0.4755600404896375,0,False
362402,later_persistent_delinquency_contact_2000_2020,l2_logistic_regression_original_bol_features_cutoff,1,0.9147528539687463,1,True
273902,later_persistent_delinquency_contact_2000_2020,l2_logistic_regression_original_bol_features_cutoff,1,0.6113851206720523,1,True
310701,later_persistent_delinquency_contact_2000_2020,l2_logistic_regression_original_bol_features_cutoff,1,0.9120699553842962,1,True
376902,later_persistent_delinquency_contact_2000_2020,l2_logistic_regression_original_bol_features_cutoff,0,0.02763774905481694,0,True
163401,later_persistent_delinquency_contact_2000_2020,l2_logistic_regression_original_bol_features_cutoff,1,0.9395791225428759,1,True
405101,later_persistent_delinquency_contact_2000_2020,l2_logistic_regression_original_bol_features_cutoff,1,0.9908512531174126,1,True
28803,later_persistent_delinquency_contact_2000_2020,l2_logistic_regression_original_bol_features_cutoff,1,0.945723742037034,1,True
305402,later_persistent_delinquency_contact_2000_2020,l2_logistic_regression_original_bol_features_cutoff,0,0.0032820396536732623,0,True
461801,later_persistent_delinquency_contact_2000_2020,l2_logistic_regression_original_bol_features_cutoff,1,0.6339622947720803,1,True
144302,later_persistent_delinquency_contact_2000_2020,l2_logistic_regression_original_bol_features_cutoff,0,0.03607225554123828,0,True
369704,later_persistent_delinquency_contact_2000_2020,l2_logistic_regression_original_bol_features_cutoff,1,0.9663725632742531,1,True
328703,later_persistent_delinquency_contact_2000_2020,l2_logistic_regression_original_bol_features_cutoff,1,0.9975541886692584,1,True
453801,later_persistent_delinquency_contact_2000_2020,l2_logistic_regression_original_bol_features_cutoff,0,0.04307536712470639,0,True
149502,later_persistent_delinquency_contact_2000_2020,l2_logistic_regression_original_bol_features_cutoff,0,0.002948530819683349,0,True
55802,later_persistent_delinquency_contact_2000_2020,l2_logistic_regression_original_bol_features_cutoff,1,0.5404909999254183,1,True
476601,later_persistent_delinquency_contact_2000_2020,l2_logistic_regression_original_bol_features_cutoff,1,0.9732399547335279,1,True
274301,later_persistent_delinquency_contact_2000_2020,l2_logistic_regression_original_bol_features_cutoff,0,1.983073740927801e-05,0,True
255803,later_persistent_delinquency_contact_2000_2020,l2_logistic_regression_original_bol_features_cutoff,1,0.9977124738540936,1,True
9602,later_persistent_delinquency_contact_2000_2020,l2_logistic_regression_original_bol_features_cutoff,1,0.9962429253457503,1,True
499002,later_persistent_delinquency_contact_2000_2020,l2_logistic_regression_original_bol_features_cutoff,1,0.980808152582739,1,True
18801,later_persistent_delinquency_contact_2000_2020,l2_logistic_regression_original_bol_features_cutoff,0,0.08553326408493579,0,True
486501,later_persistent_delinquency_contact_2000_2020,l2_logistic_regression_original_bol_features_cutoff,1,0.864023868620823,1,True
41401,later_persistent_delinquency_contact_2000_2020,l2_logistic_regression_original_bol_features_cutoff,0,0.3550987759312762,0,True
466203,later_persistent_delinquency_contact_2000_2020,l2_logistic_regression_original_bol_features_cutoff,1,0.9952573951868081,1,True
391902,later_persistent_delinquency_contact_2000_2020,l2_logistic_regression_original_bol_features_cutoff,0,0.6001004838740912,1,False
354401,later_persistent_delinquency_contact_2000_2020,l2_logistic_regression_original_bol_features_cutoff,0,0.16941561992059373,0,True
175404,later_persistent_delinquency_contact_2000_2020,l2_logistic_regression_original_bol_features_cutoff,1,0.9965132971811947,1,True
116302,later_persistent_delinquency_contact_2000_2020,l2_logistic_regression_original_bol_features_cutoff,1,0.9248351957309799,1,True
117701,later_persistent_delinquency_contact_2000_2020,l2_logistic_regression_original_bol_features_cutoff,1,0.9403065127062482,1,True
186801,later_persistent_delinquency_contact_2000_2020,l2_logistic_regression_original_bol_features_cutoff,0,0.0005915329574169696,0,True
80305,later_persistent_delinquency_contact_2000_2020,l2_logistic_regression_original_bol_features_cutoff,1,0.8976194917548952,1,True
493801,later_persistent_delinquency_contact_2000_2020,l2_logistic_regression_original_bol_features_cutoff,0,0.013972311975126547,0,True
221201,later_persistent_delinquency_contact_2000_2020,l2_logistic_regression_original_bol_features_cutoff,1,0.8436085606950007,1,True
15904,later_persistent_delinquency_contact_2000_2020,l2_logistic_regression_original_bol_features_cutoff,0,0.47837089025923996,0,True
479002,later_persistent_delinquency_contact_2000_2020,l2_logistic_regression_original_bol_features_cutoff,0,0.04293622110042913,0,True
397701,later_persistent_delinquency_contact_2000_2020,l2_logistic_regression_original_bol_features_cutoff,0,0.19907664681590584,0,True
497401,later_persistent_delinquency_contact_2000_2020,l2_logistic_regression_original_bol_features_cutoff,0,0.07937228657751522,0,True
240501,later_persistent_delinquency_contact_2000_2020,l2_logistic_regression_original_bol_features_cutoff,1,0.6639857801997782,1,True
396204,later_persistent_delinquency_contact_2000_2020,l2_logistic_regression_original_bol_features_cutoff,1,0.9685639794914779,1,True
264502,later_persistent_delinquency_contact_2000_2020,l2_logistic_regression_original_bol_features_cutoff,0,0.00518942175010435,0,True
32101,later_persistent_delinquency_contact_2000_2020,l2_logistic_regression_original_bol_features_cutoff,1,0.9952333168147578,1,True
428002,later_persistent_delinquency_contact_2000_2020,l2_logistic_regression_original_bol_features_cutoff,0,0.018501555942082776,0,True
319006,later_persistent_delinquency_contact_2000_2020,l2_logistic_regression_original_bol_features_cutoff,1,0.9378784944530448,1,True
287702,later_persistent_delinquency_contact_2000_2020,l2_logistic_regression_original_bol_features_cutoff,1,0.9985660106171818,1,True
64801,later_persistent_delinquency_contact_2000_2020,l2_logistic_regression_original_bol_features_cutoff,1,0.45467953307812276,0,False
360601,later_persistent_delinquency_contact_2000_2020,l2_logistic_regression_original_bol_features_cutoff,0,0.01289320051350059,0,True
445101,later_persistent_delinquency_contact_2000_2020,l2_logistic_regression_original_bol_features_cutoff,0,5.7875120034248705e-05,0,True
206301,later_persistent_delinquency_contact_2000_2020,l2_logistic_regression_original_bol_features_cutoff,0,0.05648111504263059,0,True
27502,later_persistent_delinquency_contact_2000_2020,l2_logistic_regression_original_bol_features_cutoff,1,0.9791795294313019,1,True
42503,later_persistent_delinquency_contact_2000_2020,l2_logistic_regression_original_bol_features_cutoff,0,0.0016719131076154184,0,True
358401,later_persistent_delinquency_contact_2000_2020,l2_logistic_regression_original_bol_features_cutoff,1,0.8043022447969362,1,True
181603,later_persistent_delinquency_contact_2000_2020,l2_logistic_regression_original_bol_features_cutoff,1,0.7311194832697993,1,True
290001,later_persistent_delinquency_contact_2000_2020,l2_logistic_regression_original_bol_features_cutoff,1,0.9866952836459403,1,True
397504,later_persistent_delinquency_contact_2000_2020,l2_logistic_regression_original_bol_features_cutoff,0,0.8359004924456654,1,False
248301,later_persistent_delinquency_contact_2000_2020,l2_logistic_regression_original_bol_features_cutoff,0,0.0007003223999497624,0,True
442801,later_persistent_delinquency_contact_2000_2020,l2_logistic_regression_original_bol_features_cutoff,1,0.9989405482809564,1,True
123401,later_persistent_delinquency_contact_2000_2020,l2_logistic_regression_original_bol_features_cutoff,1,0.8111887393582934,1,True
40503,later_persistent_delinquency_contact_2000_2020,l2_logistic_regression_original_bol_features_cutoff,0,0.0544359161880492,0,True
25803,later_persistent_delinquency_contact_2000_2020,l2_logistic_regression_original_bol_features_cutoff,0,0.08447901202114319,0,True
178601,later_persistent_delinquency_contact_2000_2020,l2_logistic_regression_original_bol_features_cutoff,0,0.0010765599361389788,0,True
379002,later_persistent_delinquency_contact_2000_2020,l2_logistic_regression_original_bol_features_cutoff,1,0.9832981606888967,1,True
122502,later_persistent_delinquency_contact_2000_2020,l2_logistic_regression_original_bol_features_cutoff,1,0.6982924963534617,1,True
430801,later_persistent_delinquency_contact_2000_2020,l2_logistic_regression_original_bol_features_cutoff,0,0.00806438879499131,0,True
167504,later_persistent_delinquency_contact_2000_2020,l2_logistic_regression_original_bol_features_cutoff,1,0.45845579424047567,0,False
165005,later_persistent_delinquency_contact_2000_2020,l2_logistic_regression_original_bol_features_cutoff,1,0.6648809524722115,1,True
351401,later_persistent_delinquency_contact_2000_2020,l2_logistic_regression_original_bol_features_cutoff,0,0.24813188095673627,0,True
331506,later_persistent_delinquency_contact_2000_2020,l2_logistic_regression_original_bol_features_cutoff,0,0.031253788060420375,0,True
258501,later_persistent_delinquency_contact_2000_2020,l2_logistic_regression_original_bol_features_cutoff,0,0.3035807514682653,0,True
119101,later_persistent_delinquency_contact_2000_2020,l2_logistic_regression_original_bol_features_cutoff,0,0.00496976700516585,0,True
398801,later_persistent_delinquency_contact_2000_2020,l2_logistic_regression_original_bol_features_cutoff,0,4.0122362344792345e-06,0,True
357301,later_persistent_delinquency_contact_2000_2020,l2_logistic_regression_original_bol_features_cutoff,0,0.6413824031257835,1,False
74402,later_persistent_delinquency_contact_2000_2020,l2_logistic_regression_original_bol_features_cutoff,1,0.9970028734442746,1,True
458101,later_persistent_delinquency_contact_2000_2020,l2_logistic_regression_original_bol_features_cutoff,0,0.0024461641238488693,0,True
229602,later_persistent_delinquency_contact_2000_2020,l2_logistic_regression_original_bol_features_cutoff,1,0.9998219575557267,1,True
371503,later_persistent_delinquency_contact_2000_2020,l2_logistic_regression_original_bol_features_cutoff,0,0.8817255329181648,1,False
47401,later_persistent_delinquency_contact_2000_2020,l2_logistic_regression_original_bol_features_cutoff,1,0.9539260322303124,1,True
43101,later_persistent_delinquency_contact_2000_2020,l2_logistic_regression_original_bol_features_cutoff,1,0.9915112718016474,1,True
249902,later_persistent_delinquency_contact_2000_2020,l2_logistic_regression_original_bol_features_cutoff,0,0.5033102978634322,1,False
295902,later_persistent_delinquency_contact_2000_2020,l2_logistic_regression_original_bol_features_cutoff,0,0.01689184493315349,0,True
330303,later_persistent_delinquency_contact_2000_2020,l2_logistic_regression_original_bol_features_cutoff,1,0.797215829085602,1,True
380901,later_persistent_delinquency_contact_2000_2020,l2_logistic_regression_original_bol_features_cutoff,0,0.8111603371791322,1,False
387601,later_persistent_delinquency_contact_2000_2020,l2_logistic_regression_original_bol_features_cutoff,0,0.531230302192631,1,False
458201,later_persistent_delinquency_contact_2000_2020,l2_logistic_regression_original_bol_features_cutoff,0,0.019601164999433516,0,True
318201,later_persistent_delinquency_contact_2000_2020,l2_logistic_regression_original_bol_features_cutoff,1,0.8996498160940688,1,True
391502,later_persistent_delinquency_contact_2000_2020,l2_logistic_regression_original_bol_features_cutoff,1,0.11120230614959267,0,False
207201,later_persistent_delinquency_contact_2000_2020,l2_logistic_regression_original_bol_features_cutoff,1,0.5603828634845502,1,True
324301,later_persistent_delinquency_contact_2000_2020,l2_logistic_regression_original_bol_features_cutoff,0,0.24230541205742337,0,True
24503,later_persistent_delinquency_contact_2000_2020,l2_logistic_regression_original_bol_features_cutoff,1,0.9699228957274914,1,True
405702,later_persistent_delinquency_contact_2000_2020,l2_logistic_regression_original_bol_features_cutoff,0,0.9908009668806262,1,False
471701,later_persistent_delinquency_contact_2000_2020,l2_logistic_regression_original_bol_features_cutoff,1,0.9575766535347129,1,True
379103,later_persistent_delinquency_contact_2000_2020,l2_logistic_regression_original_bol_features_cutoff,1,0.43544790145934104,0,False
498801,later_persistent_delinquency_contact_2000_2020,l2_logistic_regression_original_bol_features_cutoff,0,0.7830841937844618,1,False
115802,later_persistent_delinquency_contact_2000_2020,l2_logistic_regression_original_bol_features_cutoff,1,0.7145750212470793,1,True
441601,later_persistent_delinquency_contact_2000_2020,l2_logistic_regression_original_bol_features_cutoff,0,0.009213681380406583,0,True
144303,later_persistent_delinquency_contact_2000_2020,l2_logistic_regression_original_bol_features_cutoff,1,0.9822542477366233,1,True
39102,later_persistent_delinquency_contact_2000_2020,l2_logistic_regression_original_bol_features_cutoff,1,0.880214599795854,1,True
136601,later_persistent_delinquency_contact_2000_2020,l2_logistic_regression_original_bol_features_cutoff,1,0.867169316800685,1,True
436801,later_persistent_delinquency_contact_2000_2020,l2_logistic_regression_original_bol_features_cutoff,1,0.7532025349811486,1,True
38802,later_persistent_delinquency_contact_2000_2020,l2_logistic_regression_original_bol_features_cutoff,1,0.9914137549585955,1,True
479004,later_persistent_delinquency_contact_2000_2020,l2_logistic_regression_original_bol_features_cutoff,0,0.779011560159106,1,False
243301,later_persistent_delinquency_contact_2000_2020,l2_logistic_regression_original_bol_features_cutoff,1,0.9736166687834417,1,True
361301,later_persistent_delinquency_contact_2000_2020,l2_logistic_regression_original_bol_features_cutoff,1,0.855689671672085,1,True
278101,later_persistent_delinquency_contact_2000_2020,l2_logistic_regression_original_bol_features_cutoff,0,0.00036439111107640305,0,True
19702,later_persistent_delinquency_contact_2000_2020,l2_logistic_regression_original_bol_features_cutoff,1,0.9657855463009283,1,True
9902,later_persistent_delinquency_contact_2000_2020,l2_logistic_regression_original_bol_features_cutoff,1,0.9563730603406997,1,True
394803,later_persistent_delinquency_contact_2000_2020,l2_logistic_regression_original_bol_features_cutoff,0,0.0001532251234830758,0,True
22803,later_persistent_delinquency_contact_2000_2020,l2_logistic_regression_original_bol_features_cutoff,1,0.9907178999424356,1,True
346703,later_persistent_delinquency_contact_2000_2020,l2_logistic_regression_original_bol_features_cutoff,1,0.8101619464619556,1,True
71202,later_persistent_delinquency_contact_2000_2020,l2_logistic_regression_original_bol_features_cutoff,1,0.9948212757094362,1,True
421402,later_persistent_delinquency_contact_2000_2020,l2_logistic_regression_original_bol_features_cutoff,1,0.6804288298501716,1,True
209402,later_persistent_delinquency_contact_2000_2020,l2_logistic_regression_original_bol_features_cutoff,0,0.0020524511320238695,0,True
274401,later_persistent_delinquency_contact_2000_2020,l2_logistic_regression_original_bol_features_cutoff,1,0.87915718091635,1,True
270601,later_persistent_delinquency_contact_2000_2020,l2_logistic_regression_original_bol_features_cutoff,1,0.9902593939066815,1,True
6103,later_persistent_delinquency_contact_2000_2020,l2_logistic_regression_original_bol_features_cutoff,1,0.9747009700676411,1,True
401502,later_persistent_delinquency_contact_2000_2020,l2_logistic_regression_original_bol_features_cutoff,0,0.02283099696329545,0,True
62202,later_persistent_delinquency_contact_2000_2020,l2_logistic_regression_original_bol_features_cutoff,1,0.9857048430215266,1,True
79204,later_persistent_delinquency_contact_2000_2020,l2_logistic_regression_original_bol_features_cutoff,1,0.8457596172988626,1,True
397501,later_persistent_delinquency_contact_2000_2020,l2_logistic_regression_original_bol_features_cutoff,0,0.18112726829653128,0,True
217903,later_persistent_delinquency_contact_2000_2020,l2_logistic_regression_original_bol_features_cutoff,0,0.011303074149438147,0,True
33501,later_persistent_delinquency_contact_2000_2020,l2_logistic_regression_original_bol_features_cutoff,1,0.7400261819222935,1,True
9101,later_persistent_delinquency_contact_2000_2020,l2_logistic_regression_original_bol_features_cutoff,0,0.001100461086954786,0,True
215501,later_persistent_delinquency_contact_2000_2020,l2_logistic_regression_original_bol_features_cutoff,1,0.6936314111937383,1,True
303501,later_persistent_delinquency_contact_2000_2020,l2_logistic_regression_original_bol_features_cutoff,0,0.00010123651356519291,0,True
83603,later_persistent_delinquency_contact_2000_2020,l2_logistic_regression_original_bol_features_cutoff,1,0.9974654266875439,1,True
240803,later_persistent_delinquency_contact_2000_2020,l2_logistic_regression_original_bol_features_cutoff,1,0.6334116389241865,1,True
175101,later_persistent_delinquency_contact_2000_2020,l2_logistic_regression_original_bol_features_cutoff,0,0.001223604846194506,0,True
47801,later_persistent_delinquency_contact_2000_2020,l2_logistic_regression_original_bol_features_cutoff,0,0.007985876274638017,0,True
241204,later_persistent_delinquency_contact_2000_2020,l2_logistic_regression_original_bol_features_cutoff,0,0.004555940707290546,0,True
226205,later_persistent_delinquency_contact_2000_2020,l2_logistic_regression_original_bol_features_cutoff,0,0.031084986409636292,0,True
52202,later_persistent_delinquency_contact_2000_2020,l2_logistic_regression_original_bol_features_cutoff,0,0.32652414974243127,0,True
379804,later_persistent_delinquency_contact_2000_2020,l2_logistic_regression_original_bol_features_cutoff,1,0.9878390482828984,1,True
142304,later_persistent_delinquency_contact_2000_2020,l2_logistic_regression_original_bol_features_cutoff,0,0.0977897959751696,0,True
312202,later_persistent_delinquency_contact_2000_2020,l2_logistic_regression_original_bol_features_cutoff,1,0.7963467463530589,1,True
485201,later_persistent_delinquency_contact_2000_2020,l2_logistic_regression_original_bol_features_cutoff,0,0.004337374636016625,0,True
266902,later_persistent_delinquency_contact_2000_2020,l2_logistic_regression_original_bol_features_cutoff,0,0.8032354602201507,1,False
434101,later_persistent_delinquency_contact_2000_2020,l2_logistic_regression_original_bol_features_cutoff,0,0.321437739109677,0,True
404903,later_persistent_delinquency_contact_2000_2020,l2_logistic_regression_original_bol_features_cutoff,0,0.03892150549202952,0,True
83001,later_persistent_delinquency_contact_2000_2020,l2_logistic_regression_original_bol_features_cutoff,0,7.283166505002442e-05,0,True
479601,later_persistent_delinquency_contact_2000_2020,l2_logistic_regression_original_bol_features_cutoff,0,0.9639922047751404,1,False
342301,later_persistent_delinquency_contact_2000_2020,l2_logistic_regression_original_bol_features_cutoff,1,0.9880342981248881,1,True
118901,later_persistent_delinquency_contact_2000_2020,l2_logistic_regression_original_bol_features_cutoff,0,0.004237234841223393,0,True
167602,later_persistent_delinquency_contact_2000_2020,l2_logistic_regression_original_bol_features_cutoff,1,0.9615500391454691,1,True
155102,later_persistent_delinquency_contact_2000_2020,l2_logistic_regression_original_bol_features_cutoff,0,0.0004650747384821082,0,True
392301,later_persistent_delinquency_contact_2000_2020,l2_logistic_regression_original_bol_features_cutoff,1,0.9495548355267379,1,True
439602,later_persistent_delinquency_contact_2000_2020,l2_logistic_regression_original_bol_features_cutoff,0,0.05245402906741485,0,True
115702,later_persistent_delinquency_contact_2000_2020,l2_logistic_regression_original_bol_features_cutoff,1,0.9969306983619723,1,True
335501,later_persistent_delinquency_contact_2000_2020,l2_logistic_regression_original_bol_features_cutoff,1,0.4029479009921964,0,False
465701,later_persistent_delinquency_contact_2000_2020,l2_logistic_regression_original_bol_features_cutoff,0,0.4355370839087294,0,True
478502,later_persistent_delinquency_contact_2000_2020,l2_logistic_regression_original_bol_features_cutoff,1,0.982519444842358,1,True
115801,later_persistent_delinquency_contact_2000_2020,l2_logistic_regression_original_bol_features_cutoff,1,0.9877725354844629,1,True
140001,later_persistent_delinquency_contact_2000_2020,l2_logistic_regression_original_bol_features_cutoff,0,0.02596162448960481,0,True
458403,later_persistent_delinquency_contact_2000_2020,l2_logistic_regression_original_bol_features_cutoff,0,0.699477921389204,1,False
130602,later_persistent_delinquency_contact_2000_2020,l2_logistic_regression_original_bol_features_cutoff,1,0.9951917245888471,1,True
399302,later_persistent_delinquency_contact_2000_2020,l2_logistic_regression_original_bol_features_cutoff,0,0.29031384612679684,0,True
466402,later_persistent_delinquency_contact_2000_2020,l2_logistic_regression_original_bol_features_cutoff,1,0.8145715027058095,1,True
311302,later_persistent_delinquency_contact_2000_2020,l2_logistic_regression_original_bol_features_cutoff,0,8.267418219637047e-06,0,True
141002,later_persistent_delinquency_contact_2000_2020,l2_logistic_regression_original_bol_features_cutoff,0,0.9429308850621626,1,False
229901,later_persistent_delinquency_contact_2000_2020,l2_logistic_regression_original_bol_features_cutoff,0,0.008489095595853546,0,True
85602,later_persistent_delinquency_contact_2000_2020,l2_logistic_regression_original_bol_features_cutoff,1,0.9055231824646728,1,True
198601,later_persistent_delinquency_contact_2000_2020,l2_logistic_regression_original_bol_features_cutoff,0,0.12859130165579621,0,True
374401,later_persistent_delinquency_contact_2000_2020,l2_logistic_regression_original_bol_features_cutoff,0,0.0001922707429098905,0,True
103401,later_persistent_delinquency_contact_2000_2020,l2_logistic_regression_original_bol_features_cutoff,1,0.004364377014715508,0,False
52201,later_persistent_delinquency_contact_2000_2020,l2_logistic_regression_original_bol_features_cutoff,0,0.016607161987277384,0,True
187602,later_persistent_delinquency_contact_2000_2020,l2_logistic_regression_original_bol_features_cutoff,0,0.030836498882836866,0,True
267001,later_persistent_delinquency_contact_2000_2020,l2_logistic_regression_original_bol_features_cutoff,0,0.03952755288577258,0,True
103601,later_persistent_delinquency_contact_2000_2020,l2_logistic_regression_original_bol_features_cutoff,0,0.6310213458370217,1,False
101901,later_persistent_delinquency_contact_2000_2020,l2_logistic_regression_original_bol_features_cutoff,1,0.8103423448421153,1,True
62103,later_persistent_delinquency_contact_2000_2020,l2_logistic_regression_original_bol_features_cutoff,1,0.9974371709384574,1,True
274002,later_persistent_delinquency_contact_2000_2020,l2_logistic_regression_original_bol_features_cutoff,0,0.012497826365859888,0,True
335001,later_persistent_delinquency_contact_2000_2020,l2_logistic_regression_original_bol_features_cutoff,1,0.8010039732436072,1,True
290803,later_persistent_delinquency_contact_2000_2020,l2_logistic_regression_original_bol_features_cutoff,1,0.9681224412758943,1,True
438301,later_persistent_delinquency_contact_2000_2020,l2_logistic_regression_original_bol_features_cutoff,1,0.11101752832712879,0,False
8601,later_persistent_delinquency_contact_2000_2020,l2_logistic_regression_original_bol_features_cutoff,0,0.0003859498873425465,0,True
50303,later_persistent_delinquency_contact_2000_2020,l2_logistic_regression_original_bol_features_cutoff,0,0.0021423824498836676,0,True
378701,later_persistent_delinquency_contact_2000_2020,l2_logistic_regression_original_bol_features_cutoff,1,0.9835456717454975,1,True
84201,later_persistent_delinquency_contact_2000_2020,l2_logistic_regression_original_bol_features_cutoff,0,0.0012008595033103987,0,True
380601,later_persistent_delinquency_contact_2000_2020,l2_logistic_regression_original_bol_features_cutoff,1,0.9505833527155436,1,True
419402,later_persistent_delinquency_contact_2000_2020,l2_logistic_regression_original_bol_features_cutoff,0,0.05733724637354868,0,True
200401,later_persistent_delinquency_contact_2000_2020,l2_logistic_regression_original_bol_features_cutoff,1,0.9584160996891689,1,True
143503,later_persistent_delinquency_contact_2000_2020,l2_logistic_regression_original_bol_features_cutoff,1,0.8915122196137889,1,True
476302,later_persistent_delinquency_contact_2000_2020,l2_logistic_regression_original_bol_features_cutoff,0,5.1147960817106754e-05,0,True
210205,later_persistent_delinquency_contact_2000_2020,l2_logistic_regression_original_bol_features_cutoff,1,0.9192042629899694,1,True
190603,later_persistent_delinquency_contact_2000_2020,l2_logistic_regression_original_bol_features_cutoff,0,0.9965656896552851,1,False
127902,later_persistent_delinquency_contact_2000_2020,l2_logistic_regression_original_bol_features_cutoff,1,0.9689819600303242,1,True
219302,later_persistent_delinquency_contact_2000_2020,l2_logistic_regression_original_bol_features_cutoff,0,0.00023762892196920254,0,True
331504,later_persistent_delinquency_contact_2000_2020,l2_logistic_regression_original_bol_features_cutoff,0,7.193086629655147e-05,0,True
381701,later_persistent_delinquency_contact_2000_2020,l2_logistic_regression_original_bol_features_cutoff,1,0.45106118045045784,0,False
135201,later_persistent_delinquency_contact_2000_2020,l2_logistic_regression_original_bol_features_cutoff,0,0.0012266789954795637,0,True
268101,later_persistent_delinquency_contact_2000_2020,l2_logistic_regression_original_bol_features_cutoff,1,0.9866655542525906,1,True
215402,later_persistent_delinquency_contact_2000_2020,l2_logistic_regression_original_bol_features_cutoff,0,0.07255757345503284,0,True
93503,later_persistent_delinquency_contact_2000_2020,l2_logistic_regression_original_bol_features_cutoff,1,0.8745448209097438,1,True
4304,later_persistent_delinquency_contact_2000_2020,l2_logistic_regression_original_bol_features_cutoff,0,0.15524166577548626,0,True
159802,later_persistent_delinquency_contact_2000_2020,l2_logistic_regression_original_bol_features_cutoff,1,0.7861709746439608,1,True
240401,later_persistent_delinquency_contact_2000_2020,l2_logistic_regression_original_bol_features_cutoff,0,0.006104598604468808,0,True
236002,later_persistent_delinquency_contact_2000_2020,l2_logistic_regression_original_bol_features_cutoff,0,0.20368362852695282,0,True
316402,later_persistent_delinquency_contact_2000_2020,l2_logistic_regression_original_bol_features_cutoff,1,0.8370700095949929,1,True
217403,later_persistent_delinquency_contact_2000_2020,l2_logistic_regression_original_bol_features_cutoff,1,0.9964130866081401,1,True
365201,later_persistent_delinquency_contact_2000_2020,l2_logistic_regression_original_bol_features_cutoff,0,0.00023331506738255144,0,True
366302,later_persistent_delinquency_contact_2000_2020,l2_logistic_regression_original_bol_features_cutoff,0,0.9609159753528548,1,False
113002,later_persistent_delinquency_contact_2000_2020,l2_logistic_regression_original_bol_features_cutoff,1,0.7556418087462755,1,True
334201,later_persistent_delinquency_contact_2000_2020,l2_logistic_regression_original_bol_features_cutoff,1,0.9367973970054199,1,True
489302,later_persistent_delinquency_contact_2000_2020,l2_logistic_regression_original_bol_features_cutoff,1,0.9512001568589916,1,True
452801,later_persistent_delinquency_contact_2000_2020,l2_logistic_regression_original_bol_features_cutoff,1,0.9927158606321315,1,True
358601,later_persistent_delinquency_contact_2000_2020,l2_logistic_regression_original_bol_features_cutoff,1,0.9962465281393299,1,True
336001,later_persistent_delinquency_contact_2000_2020,l2_logistic_regression_original_bol_features_cutoff,1,0.9695608656783151,1,True
96701,later_persistent_delinquency_contact_2000_2020,l2_logistic_regression_original_bol_features_cutoff,1,0.9596470011979752,1,True
211202,later_persistent_delinquency_contact_2000_2020,l2_logistic_regression_original_bol_features_cutoff,0,0.009267055291817405,0,True
81402,later_persistent_delinquency_contact_2000_2020,l2_logistic_regression_original_bol_features_cutoff,1,0.4902074296624708,0,False
364804,later_persistent_delinquency_contact_2000_2020,l2_logistic_regression_original_bol_features_cutoff,0,0.0001664627680827628,0,True
54601,later_persistent_delinquency_contact_2000_2020,l2_logistic_regression_original_bol_features_cutoff,0,0.006414332282028429,0,True
145103,later_persistent_delinquency_contact_2000_2020,l2_logistic_regression_original_bol_features_cutoff,0,0.2512034271661641,0,True
437902,later_persistent_delinquency_contact_2000_2020,l2_logistic_regression_original_bol_features_cutoff,1,0.9969829082789547,1,True
306902,later_persistent_delinquency_contact_2000_2020,l2_logistic_regression_original_bol_features_cutoff,1,0.9406648861894276,1,True
31402,later_persistent_delinquency_contact_2000_2020,l2_logistic_regression_original_bol_features_cutoff,0,6.864600964775363e-05,0,True
118102,later_persistent_delinquency_contact_2000_2020,l2_logistic_regression_original_bol_features_cutoff,0,0.0027350587001812683,0,True
290802,later_persistent_delinquency_contact_2000_2020,l2_logistic_regression_original_bol_features_cutoff,1,0.9917576195230967,1,True
65702,later_persistent_delinquency_contact_2000_2020,l2_logistic_regression_original_bol_features_cutoff,1,0.3841891184324829,0,False
92303,later_persistent_delinquency_contact_2000_2020,l2_logistic_regression_original_bol_features_cutoff,1,0.9969170330226917,1,True
284103,later_persistent_delinquency_contact_2000_2020,l2_logistic_regression_original_bol_features_cutoff,1,0.8526840581360491,1,True
392401,later_persistent_delinquency_contact_2000_2020,l2_logistic_regression_original_bol_features_cutoff,0,0.02984772319613489,0,True
144201,later_persistent_delinquency_contact_2000_2020,l2_logistic_regression_original_bol_features_cutoff,1,0.9960962332500312,1,True
195402,later_persistent_delinquency_contact_2000_2020,l2_logistic_regression_original_bol_features_cutoff,1,0.9000584126705226,1,True
287701,later_persistent_delinquency_contact_2000_2020,l2_logistic_regression_original_bol_features_cutoff,1,0.9599195203584873,1,True
139102,later_persistent_delinquency_contact_2000_2020,l2_logistic_regression_original_bol_features_cutoff,0,7.644542947231595e-08,0,True
315503,later_persistent_delinquency_contact_2000_2020,l2_logistic_regression_original_bol_features_cutoff,1,0.9731208400898811,1,True
364803,later_persistent_delinquency_contact_2000_2020,l2_logistic_regression_original_bol_features_cutoff,1,0.26484959117451307,0,False
209803,later_persistent_delinquency_contact_2000_2020,l2_logistic_regression_original_bol_features_cutoff,1,0.5736603177861296,1,True
347501,later_persistent_delinquency_contact_2000_2020,l2_logistic_regression_original_bol_features_cutoff,1,0.044502821718106926,0,False
314501,later_persistent_delinquency_contact_2000_2020,l2_logistic_regression_original_bol_features_cutoff,1,0.8625758501013016,1,True
110802,later_persistent_delinquency_contact_2000_2020,l2_logistic_regression_original_bol_features_cutoff,1,0.591892849641218,1,True
473302,later_persistent_delinquency_contact_2000_2020,l2_logistic_regression_original_bol_features_cutoff,0,0.0014797963959115765,0,True
85501,later_persistent_delinquency_contact_2000_2020,l2_logistic_regression_original_bol_features_cutoff,0,0.008163760000898985,0,True
425403,later_persistent_delinquency_contact_2000_2020,l2_logistic_regression_original_bol_features_cutoff,1,0.9958903285529225,1,True
144602,later_persistent_delinquency_contact_2000_2020,l2_logistic_regression_original_bol_features_cutoff,1,0.8724740802085957,1,True
331601,later_persistent_delinquency_contact_2000_2020,l2_logistic_regression_original_bol_features_cutoff,0,0.00476799907203109,0,True
170401,later_persistent_delinquency_contact_2000_2020,l2_logistic_regression_original_bol_features_cutoff,0,0.08810108557736326,0,True
266203,later_persistent_delinquency_contact_2000_2020,l2_logistic_regression_original_bol_features_cutoff,1,0.9116455287210539,1,True
227102,later_persistent_delinquency_contact_2000_2020,l2_logistic_regression_original_bol_features_cutoff,1,0.9826339670046174,1,True
6202,later_persistent_delinquency_contact_2000_2020,l2_logistic_regression_original_bol_features_cutoff,1,0.9847554562314206,1,True
111703,later_persistent_delinquency_contact_2000_2020,l2_logistic_regression_original_bol_features_cutoff,1,0.8042530830104644,1,True
141101,later_persistent_delinquency_contact_2000_2020,l2_logistic_regression_original_bol_features_cutoff,1,0.9195208394981936,1,True
220601,later_persistent_delinquency_contact_2000_2020,l2_logistic_regression_original_bol_features_cutoff,0,1.3842503276740156e-06,0,True
91202,later_persistent_delinquency_contact_2000_2020,l2_logistic_regression_original_bol_features_cutoff,1,0.9132304755223702,1,True
183901,later_persistent_delinquency_contact_2000_2020,l2_logistic_regression_original_bol_features_cutoff,1,0.9746706962144888,1,True
166202,later_persistent_delinquency_contact_2000_2020,l2_logistic_regression_original_bol_features_cutoff,1,0.5449493636052227,1,True
114101,later_persistent_delinquency_contact_2000_2020,l2_logistic_regression_original_bol_features_cutoff,1,6.772156707168044e-05,0,False
482001,later_persistent_delinquency_contact_2000_2020,l2_logistic_regression_original_bol_features_cutoff,0,0.02366783319974203,0,True
367903,later_persistent_delinquency_contact_2000_2020,l2_logistic_regression_original_bol_features_cutoff,1,0.9172007384531264,1,True
381401,later_persistent_delinquency_contact_2000_2020,l2_logistic_regression_original_bol_features_cutoff,0,8.914112508795865e-05,0,True
211902,later_persistent_delinquency_contact_2000_2020,l2_logistic_regression_original_bol_features_cutoff,0,0.014806154572202608,0,True
319002,later_persistent_delinquency_contact_2000_2020,l2_logistic_regression_original_bol_features_cutoff,0,0.7057295653602798,1,False
320401,later_persistent_delinquency_contact_2000_2020,l2_logistic_regression_original_bol_features_cutoff,1,0.9366073926929337,1,True
340702,later_persistent_delinquency_contact_2000_2020,l2_logistic_regression_original_bol_features_cutoff,0,0.1106096493440242,0,True
319801,later_persistent_delinquency_contact_2000_2020,l2_logistic_regression_original_bol_features_cutoff,0,0.0012266039064345842,0,True
383602,later_persistent_delinquency_contact_2000_2020,l2_logistic_regression_original_bol_features_cutoff,1,0.3283538785021884,0,False
207601,later_persistent_delinquency_contact_2000_2020,l2_logistic_regression_original_bol_features_cutoff,0,8.692220831864527e-05,0,True
87601,later_persistent_delinquency_contact_2000_2020,l2_logistic_regression_original_bol_features_cutoff,0,0.23405209394497634,0,True
295903,later_persistent_delinquency_contact_2000_2020,l2_logistic_regression_original_bol_features_cutoff,0,0.03542567237887566,0,True
304602,later_persistent_delinquency_contact_2000_2020,l2_logistic_regression_original_bol_features_cutoff,1,0.03847849849385567,0,False
149301,later_persistent_delinquency_contact_2000_2020,l2_logistic_regression_original_bol_features_cutoff,0,0.04490121123187542,0,True
212502,later_persistent_delinquency_contact_2000_2020,l2_logistic_regression_original_bol_features_cutoff,1,0.8634963914472431,1,True
240804,later_persistent_delinquency_contact_2000_2020,l2_logistic_regression_original_bol_features_cutoff,0,0.2974168748233222,0,True
10001,later_persistent_delinquency_contact_2000_2020,l2_logistic_regression_original_bol_features_cutoff,0,0.455958927469742,0,True
110102,later_persistent_delinquency_contact_2000_2020,l2_logistic_regression_original_bol_features_cutoff,0,0.7266303136715881,1,False
413204,later_persistent_delinquency_contact_2000_2020,l2_logistic_regression_original_bol_features_cutoff,1,0.9485418252237344,1,True
275701,later_persistent_delinquency_contact_2000_2020,l2_logistic_regression_original_bol_features_cutoff,0,0.016267036445936432,0,True
159603,later_persistent_delinquency_contact_2000_2020,l2_logistic_regression_original_bol_features_cutoff,0,0.004033890532574928,0,True
11102,later_persistent_delinquency_contact_2000_2020,l2_logistic_regression_original_bol_features_cutoff,0,0.0009311464480348043,0,True
401902,later_persistent_delinquency_contact_2000_2020,l2_logistic_regression_original_bol_features_cutoff,0,0.11276150004820214,0,True
170405,later_persistent_delinquency_contact_2000_2020,l2_logistic_regression_original_bol_features_cutoff,1,0.8520960877714592,1,True
448801,later_persistent_delinquency_contact_2000_2020,l2_logistic_regression_original_bol_features_cutoff,1,0.9965110766149589,1,True
294903,later_persistent_delinquency_contact_2000_2020,l2_logistic_regression_original_bol_features_cutoff,1,0.9730644692347111,1,True
356602,later_persistent_delinquency_contact_2000_2020,l2_logistic_regression_original_bol_features_cutoff,0,0.0010940595618332892,0,True
258001,later_persistent_delinquency_contact_2000_2020,l2_logistic_regression_original_bol_features_cutoff,1,0.04294764059528243,0,False
235502,later_persistent_delinquency_contact_2000_2020,l2_logistic_regression_original_bol_features_cutoff,1,0.9629468071943559,1,True
215502,later_persistent_delinquency_contact_2000_2020,l2_logistic_regression_original_bol_features_cutoff,0,0.34331526193599643,0,True
324302,later_persistent_delinquency_contact_2000_2020,l2_logistic_regression_original_bol_features_cutoff,1,0.8517703988662815,1,True
132401,later_persistent_delinquency_contact_2000_2020,l2_logistic_regression_original_bol_features_cutoff,0,0.02704818902642689,0,True
