csv_code,coefficient,mean_abs_shap_logit,mean_shap_logit,ref_id,variable,survey_year,feature_group,question
C6051000,0.5545459690639681,0.3289592181021756,0.0170723825000397,C60510.00,CRES2016,2016,family/home,USUAL RESIDENCE OF CHILD
Y3300000,-0.5358570212547368,0.3126693617172218,-0.004439209123436678,Y33000.00,Q15-143,2014,family/home,HOW OFTEN R OR HOUSEHOLD PUTS OFF BUYING SOMETHING NECESSARY (SUCH
C0008048,-0.37996425773024806,0.3105963031514688,-0.012062041146756864,C00080.48,CRES2006,2006,family/home,USUAL RESIDENCE OF CHILD
Y2964011,-0.48394025514074585,0.2624517596434821,0.023329034937950185,Y29640.11,YASR-72A~000012,2012,other,WHO R WOULD TURN TO FOR HELP WITH EMOTIONAL OR PERSONAL PROBLEM -
Y3332600,-0.4602632290814026,0.24655868354884916,0.018283465596627246,Y33326.00,RESTYPE2014,2014,family/home,TYPE OF RESIDENCE R LIVES IN - CONSTRUCTED
Y3456000,-0.500641730237065,0.24197878296171899,0.025308737005793096,Y34560.00,QES-71A.01,2016,socioeconomic/work,EASIEST WAY FOR R TO REPORT TOTAL EARNINGS/TIME UNIT FOR RATE OF
Y2616600,-0.37805660902298843,0.23547340382920326,0.016644788808385446,Y26166.00,RESTYPE2010,2010,family/home,TYPE OF RESIDENCE R LIVES IN - CONSTRUCTED
Y1176200,0.5611610253334622,0.2156640652072007,-0.021689829946329068,Y11762.00,YASR-61B,2000,school/achievement,IN LAST YEAR R EVER GOTTEN INTO A PHYSICAL FIGHT AT SCHOOL OR WORK
C5525400,0.28955337416061777,0.212675157497134,0.010911390593364302,C55254.00,CRES2012,2012,family/home,USUAL RESIDENCE OF CHILD
C6120500,0.4644789106395268,0.19797779356900683,0.008706408885743406,C61205.00,CRES2018,2018,family/home,USUAL RESIDENCE OF CHILD
C0005700,0.23365768558670255,0.193729579018619,0.001999622809609526,C00057.00,CYRB,XRND,background,DATE OF BIRTH OF CHILD - YEAR
Y3563900,-0.3105962781675352,0.17468989094660073,0.005030153538223935,Y35639.00,Q12-172,2016,other,HOW MANY (MORE) CHILDREN DOES R EXPECT TO HAVE? (NONE OR SELECT TO
C0781100,-0.24604615636460284,0.17108967440005587,0.0024326525792388665,C07811.00,MS880775,1988,behavioral/externalizing,BEHAVIOR PROBLEMS INDEX: CHILD CHEATS OR TELLS LIES
C2433500,0.2264779156950407,0.16963519840530303,0.017546149530250663,C24335.00,MS2-10,2000,behavioral/externalizing,BEHAVIOR PROBLEMS INDEX: CHILD IS DISOBEDIENT AT HOME
C0984100,0.20831473038419282,0.1576226039666294,0.001945688085204334,C09841.00,MS901329,1990,behavioral/externalizing,BEHAVIOR PROBLEMS INDEX: CHILD CHEATS OR TELLS LIES
C1636400,-0.20246398870545818,0.1533160877353923,-0.0006685158752341427,C16364.00,MS961429,1996,behavioral/externalizing,BEHAVIOR PROBLEMS INDEX: CHILD CHEATS OR TELLS LIES
Y3676400,-0.281372669630388,0.14728334852194214,0.006602439925068818,Y36764.00,RESTYPE2016,2016,family/home,TYPE OF RESIDENCE R LIVES IN - CONSTRUCTED
Y3332300,0.2612935065031742,0.12690673800409732,0.006016712979214828,Y33323.00,NUMINHH2014,2014,family/home,NUMBER OF HOUSEHOLD MEMBERS IN HH OF R
C0008047,-0.1569600734084938,0.12194430101716372,-0.002795983892700188,C00080.47,CRES2004,2004,family/home,USUAL RESIDENCE OF CHILD
Y1917200,-0.1700712367053616,0.12089814250780986,-0.008356804259368081,Y19172.00,Q15-143,2006,family/home,HOW OFTEN R OR HOUSEHOLD PUTS OFF BUYING SOMETHING NECESSARY (SUCH
C1435400,-0.148032571748679,0.11778148162908343,-0.007438487139773056,C14354.00,MS941441,1994,behavioral/externalizing,BEHAVIOR PROBLEMS INDEX: CHILD IS DISOBEDIENT AT HOME
C0565800,0.21600751864386217,0.11661553213564707,0.005786863976724952,C05658.00,MS860536,1986,behavioral/externalizing,BEHAVIOR PROBLEMS INDEX: CHILD HAS STRONG TEMPER AND LOSES IT
C1637300,0.1399303554101661,0.11370300784998555,0.01110467631118372,C16373.00,MS961447,1996,behavioral/externalizing,BEHAVIOR PROBLEMS INDEX: CHILD IS IMPULSIVE OR ACTS WITHOUT
C1977500,0.16181867071392023,0.11160227586830129,0.012089558251158754,C19775.00,MS984006,1998,behavioral/externalizing,BEHAVIOR PROBLEMS INDEX: CHILD ARGUES TOO MUCH
Y1177000,0.3729537689867692,0.11082854142078333,-0.020099000799522083,Y11770.00,YASR-67,2000,prior delinquency/contact,EVER/SINCE DATE OF LAST INTERVIEW R BEEN ON PROBATION?
Y1938701,-0.19484329302809625,0.1096085786471931,-0.003847160576773064,Y19387.01,YASR-54A~000002,2006,other,"BIRTH CONTROL METHODS R USED - CONDOM, RUBBER"
C2521400,0.1241996227589895,0.10436034857230822,-0.0012578385470579957,C25214.00,NH6_112002,2002,family/home,# HOUSEHOLD MEMBERS AGED 6 - 11 IN HOUSEHOLD OF MOTHER
C2996600,-0.18323783895829865,0.10289476285199134,0.00805116839651541,C29966.00,HOME-D04,2004,family/home,HOME PART D (10-14 YRS): DOES FAMILY GET A DAILY NEWSPAPER?
C0985000,-0.14626339711772632,0.10262620675113839,-0.0037454145646847446,C09850.00,MS901347,1990,behavioral/externalizing,BEHAVIOR PROBLEMS INDEX: CHILD IS IMPULSIVE OR ACTS WITHOUT
C2466100,0.3051554032425245,0.10214908354657416,0.004179548296397419,C24661.00,CSAS040B,2000,prior delinquency/contact,CHILD SELF-ADMIN: HOW OFTEN IN LAST YEAR HURT SOMEONE BAD ENOUGH TO
C3010000,0.1915507173447804,0.09993584700433084,0.004412719056283458,C30100.00,BPI-04,2004,behavioral/externalizing,BEHAVIOR PROBLEMS INDEX: CHILD CHEATS OR TELLS LIES
C2434400,-0.16884022565608092,0.09870155993986546,-0.0013591163892459164,C24344.00,MS2-19,2000,behavioral/externalizing,BEHAVIOR PROBLEMS INDEX: CHILD HAS STRONG TEMPER AND LOSES IT
Y3676100,0.20960085785978055,0.09845765759847092,-0.0034985119599291554,Y36761.00,NUMINHH2016,2016,family/home,NUMBER OF HOUSEHOLD MEMBERS IN HH OF R
C0005500,0.11251924720969714,0.09722305812084414,0.0108495759744944,C00055.00,CMOB,XRND,background,DATE OF BIRTH OF CHILD - MONTH
C3604000,-0.128383842103134,0.09701860305962652,-0.002942903739963216,C36040.00,NHFCHD2008,2008,family/home,# FEMALE HH MEMBERS UNDER 18 IN HOUSEHOLD OF MOTHER
C0127413,-0.12025441240516196,0.09424922741033608,0.0022349819917051113,C01274.13,NH6_111991,1991,family/home,# HOUSEHOLD MEMBERS AGED 6 - 11 IN HOUSEHOLD OF MOTHER
C2773300,-0.16272849822748084,0.0935919373413698,0.010372872875850765,C27733.00,CSAS093,2002,school/achievement,CHILD SELF-ADMIN: HAS CHILD EVER HAD A SEX EDUCATION CLASS AT
Y2892400,0.1959291971030779,0.09046709916214357,-0.0031951828295618736,Y28924.00,Q14-16,2012,health,WHEN R LAST SAW DOCTOR FOR TREATMENT OF AN ILLNESS
C1435700,0.10869030500406435,0.08855689344956162,0.0025653841498360056,C14357.00,MS941447,1994,behavioral/externalizing,BEHAVIOR PROBLEMS INDEX: CHILD IS IMPULSIVE OR ACTS WITHOUT
C1978000,-0.13319782496072205,0.08786438948956639,-0.0019615490775407836,C19780.00,MS984011,1998,behavioral/externalizing,BEHAVIOR PROBLEMS INDEX: CHILD DOES NOT SEEM TO FEEL SORRY AFTER
C2765800,0.2832577590425044,0.08694085704413321,-0.0034846044955271554,C27658.00,CSAS040B,2002,prior delinquency/contact,CHILD SELF-ADMIN: HOW OFTEN IN LAST YEAR HURT SOMEONE BAD ENOUGH TO
C3420200,0.17020733187616272,0.08505490267468638,0.0031461189900955575,C34202.00,MS-BPI-06,2006,behavioral/externalizing,BEHAVIOR PROBLEMS INDEX: CHILD ARGUES TOO MUCH
C0005800,0.11077192118360572,0.07983060214485704,-0.0021437139220249466,C00058.00,BTHORDR,XRND,background,BIRTH ORDER OF CHILD
C1436300,0.10654102182049764,0.07969054151983099,0.008645386114109248,C14363.00,MS941459,1994,behavioral/externalizing,BEHAVIOR PROBLEMS INDEX: CHILD HAS STRONG TEMPER AND LOSES IT
C0781300,-0.15171202294878705,0.07882991624536075,-0.009659274010184368,C07813.00,MS880777,1988,behavioral/externalizing,BEHAVIOR PROBLEMS INDEX: CHILD ARGUES TOO MUCH
C5990500,-0.2247837829291257,0.07760548230672389,0.0021436157146812306,C59905.00,MS-BKGN-AGECK-YA1,2014,family/home,IS CHILD TURNING 15 YEARS OF AGE IN 2014?
Y3246503,-0.2326914685212609,0.07755180371279513,-0.007476031560523794,Y32465.03,Q13-3C.01~000010,2014,behavioral/externalizing,BEHAVIOR PROBLEMS INDEX: CHILD IS DISOBEDIENT AT HOME
C0793800,-0.138870530153803,0.077106445279519,0.002785939733355772,C07938.00,ANTI1988,1988,behavioral/externalizing,BEHAVIOR PROBLEMS INDEX: ANTISOCIAL RAW SCORE
Y1417600,0.3191523849673382,0.07583630584216415,-0.015125306104295261,Y14176.00,YASR-67,2002,prior delinquency/contact,EVER/SINCE DATE OF LAST INTERVIEW R BEEN ON PROBATION?
C0782600,0.1109459606344399,0.07175540479409441,0.001406144051901537,C07826.00,MS880823,1988,behavioral/externalizing,BEHAVIOR PROBLEMS INDEX: CHILD HAS STRONG TEMPER AND LOSES IT
C2433800,-0.1044851048941125,0.07136755657625583,-0.004395458560626383,C24338.00,MS2-13,2000,behavioral/externalizing,BEHAVIOR PROBLEMS INDEX: CHILD IS IMPULSIVE OR ACTS WITHOUT
C0985600,0.1024182191536663,0.07127823474398289,0.005047619009345588,C09856.00,MS901359,1990,behavioral/externalizing,BEHAVIOR PROBLEMS INDEX: CHILD HAS STRONG TEMPER AND LOSES IT
C5190900,-0.19171318657511122,0.0709289168842698,-0.0054492453732118435,C51909.00,MS-BPI-13,2010,behavioral/externalizing,BEHAVIOR PROBLEMS INDEX: CHILD IS IMPULSIVE OR ACTS WITHOUT
C0782000,-0.12685262510102413,0.07064588458912689,-0.0034869323077168606,C07820.00,MS880817,1988,behavioral/externalizing,BEHAVIOR PROBLEMS INDEX: CHILD IS IMPULSIVE OR ACTS WITHOUT
C1504000,-0.10251091854208891,0.07061887806658816,0.0028415046938517073,C15040.00,ANTIPX1994,1994,behavioral/externalizing,BEHAVIOR PROBLEMS INDEX: ANTISOCIAL PERCENTILE SCORE - SAME SEX
C0564300,-0.12422794974125644,0.0702486235889788,-0.00035242382721373754,C05643.00,MS860521,1986,behavioral/externalizing,BEHAVIOR PROBLEMS INDEX: CHILD CHEATS OR TELLS LIES
C0823600,-0.12032606638906221,0.0701640526426501,0.0011935948537936387,C08236.00,CS902039,1990,health,HEALTH: IS CHILD 8 YRS OR OLDER?
C2432900,-0.11825521473125954,0.06992344846821096,-0.0039662541942761245,C24329.00,MS2-04,2000,behavioral/externalizing,BEHAVIOR PROBLEMS INDEX: CHILD CHEATS OR TELLS LIES
Y3662000,-0.16667354904954593,0.06988748731338465,0.007187551423743114,Y36620.00,YASR-10-1,2016,other,HOW MANY HOURS IN A TYPICAL WEEK R WATCHES TV (CATEGORICAL)
C2738500,-0.1035176259124505,0.06965336538928477,-0.003123072074486449,C27385.00,BPI-13,2002,behavioral/externalizing,BEHAVIOR PROBLEMS INDEX: CHILD IS IMPULSIVE OR ACTS WITHOUT
C3010200,0.12111701904573799,0.06964736013486694,0.006906081282084736,C30102.00,BPI-06,2004,behavioral/externalizing,BEHAVIOR PROBLEMS INDEX: CHILD ARGUES TOO MUCH
C2479400,0.1305263377801102,0.06951497515019016,-0.0007468786161835534,C24794.00,CSAS107C,2000,school/achievement,CHILD SELF-ADMIN: EVER HAD A CLASS/TRAINING PROGRAM ON WORD
Y2876700,-0.20164587637146986,0.06874653858911142,-0.0019073344444996618,Y28767.00,Q13-3D.01~000013,2012,behavioral/externalizing,BEHAVIOR PROBLEMS INDEX: CHILD IS IMPULSIVE OR ACTS WITHOUT
C0781800,0.10623918394615918,0.06590270870116671,-0.0018785761188574214,C07818.00,MS880815,1988,behavioral/externalizing,BEHAVIOR PROBLEMS INDEX: CHILD DOES NOT SEEM TO FEEL SORRY AFTER
Y1669000,0.2738646473130016,0.0657885954373953,0.005114263802680042,Y16690.00,YASR-67,2004,prior delinquency/contact,EVER/SINCE DATE OF LAST INTERVIEW R BEEN ON PROBATION?
C1435500,0.09487937612055258,0.06525635970573826,0.004036763014295622,C14355.00,MS941443,1994,behavioral/externalizing,BEHAVIOR PROBLEMS INDEX: CHILD DOES NOT SEEM TO FEEL SORRY AFTER
C0606300,-0.11000620671518328,0.0645211070984073,-0.00030542424689552334,C06063.00,CS881515,1988,health,HEALTH: CHILD'S HEIGHT - FEET
C1980000,-0.13169140883577324,0.06437516445448456,-0.0050220249062427535,C19800.00,MS984031,1998,behavioral/externalizing,BEHAVIOR PROBLEMS INDEX: CHILD IS DISOBEDIENT AT SCHOOL
C0119000,0.07922745325882306,0.06430623707922947,-0.0027818097816167983,C01190.00,NH6_111988,1988,family/home,NUMBER OF HOUSEHOLD MEMBERS AGED 6 - 11
Y2590306,0.11853541331779427,0.06227274040449282,0.0065418991588866975,Y25903.06,Q16-9~000007,2010,behavioral/externalizing,TIPI (HOW WELL R THINKS PAIR OF PERSONALITY TRAITS APPLIES TO R) -
Y3247100,-0.17574415167731186,0.06083747738210979,-0.007593774077824312,Y32471.00,Q13-3D.01~000013,2014,behavioral/externalizing,BEHAVIOR PROBLEMS INDEX: CHILD IS IMPULSIVE OR ACTS WITHOUT
C0127914,-0.07460332947080094,0.05827785083468807,0.002790675550114438,C01279.14,NH12_171994,1994,family/home,# HOUSEHOLD MEMBERS AGED 12 - 17 IN HOUSEHOLD OF MOTHER
C1506300,0.24895046078976485,0.05797999477439892,0.0012475987436021967,C15063.00,BPMIS21994,1994,behavioral/externalizing,BEHAVIOR PROBLEMS INDEX: EXTERNAL RAW SCORE TRICHOTOMOUS ITEMS -
C0795900,0.10126874534540137,0.05762570820203262,-0.0012313850933046498,C07959.00,ANTIPX1988,1988,behavioral/externalizing,BEHAVIOR PROBLEMS INDEX: ANTISOCIAL PERCENTILE SCORE - SAME SEX
C2497600,0.08096111725042594,0.05722173554678612,-0.0021461018652667633,C24976.00,ANTIP2000,2000,behavioral/externalizing,BEHAVIOR PROBLEMS INDEX: ANTISOCIAL PERCENTILE SCORE - ALL CHILDREN
C1562600,0.08459131738860438,0.05571548847604361,-0.005681645401065443,C15626.00,BPEXTP1996,1996,behavioral/externalizing,BEHAVIOR PROBLEMS INDEX: EXTERNAL PERCENTILE SCORE TRICHOTOMOUS
C1184800,0.1112897257415436,0.05538719016955997,0.004843350630501166,C11848.00,MS921413,1992,behavioral/externalizing,BEHAVIOR PROBLEMS INDEX: CHILD HANGS AROUND WITH KIDS WHO GET INTO
Y3373600,0.11803572840433217,0.05420782414180178,0.001722064906820945,Y33736.00,Q2-43,2016,school/achievement,IN PAST YEAR HOW OFTEN R HAS ATTENDED RELIGIOUS SERVICES
C0781700,-0.08354567165678796,0.05251534592159493,-0.0018726321408591004,C07817.00,MS880814,1988,behavioral/externalizing,BEHAVIOR PROBLEMS INDEX: CHILD IS DISOBEDIENT AT HOME
C0005300,-0.06586097293861955,0.05209682582508322,0.0017466789630698279,C00053.00,CRACE,XRND,background,RACE OF CHILD (MOTHER'S RACIAL/ETHNIC COHORT FROM SCREENER)
C1978800,-0.0746373300674183,0.051972569160078995,-0.003647587469896275,C19788.00,MS984019,1998,behavioral/externalizing,BEHAVIOR PROBLEMS INDEX: CHILD HAS STRONG TEMPER AND LOSES IT
C1795200,-0.07246812916607623,0.05152104135117794,0.005079646665344094,C17952.00,ANTIP1998,1998,behavioral/externalizing,BEHAVIOR PROBLEMS INDEX: ANTISOCIAL PERCENTILE SCORE - ALL CHILDREN
Y3586903,-0.1500662673501254,0.051096276285431445,-0.0016945486938020446,Y35869.03,Q13-3C.01~000010,2016,behavioral/externalizing,BEHAVIOR PROBLEMS INDEX: CHILD IS DISOBEDIENT AT HOME
C3366300,0.2474684326767879,0.050497603804549776,0.0031429428788605487,C33663.00,CSAS040B,2006,prior delinquency/contact,CHILD SELF-ADMIN: HOW OFTEN IN LAST YEAR HURT SOMEONE BAD ENOUGH TO
C1502600,-0.07326745918205978,0.05018292703407547,0.0021521603595390836,C15026.00,ANTIP1994,1994,behavioral/externalizing,BEHAVIOR PROBLEMS INDEX: ANTISOCIAL PERCENTILE SCORE - ALL CHILDREN
C2435600,-0.1439516495553959,0.04963204907185932,-0.0077590695090035845,C24356.00,MS2-31,2000,behavioral/externalizing,BEHAVIOR PROBLEMS INDEX: CHILD IS DISOBEDIENT AT SCHOOL
C3422800,0.16256476587877516,0.04957940387057883,0.0018702435711403496,C34228.00,MS-BPI-31,2006,behavioral/externalizing,BEHAVIOR PROBLEMS INDEX: CHILD IS DISOBEDIENT AT SCHOOL
Y2876103,0.13940012024165627,0.04924530998487311,0.0008706045526059289,Y28761.03,Q13-3C.01~000010,2012,behavioral/externalizing,BEHAVIOR PROBLEMS INDEX: CHILD IS DISOBEDIENT AT HOME
C3420700,-0.12176279293191475,0.04915701016446157,-0.002702081974852145,C34207.00,MS-BPI-11,2006,behavioral/externalizing,BEHAVIOR PROBLEMS INDEX: CHILD DOES NOT SEEM TO FEEL SORRY AFTER
C1194100,0.07756909989537601,0.0485120113513453,-0.003968705182324669,C11941.00,ANTI1992,1992,behavioral/externalizing,BEHAVIOR PROBLEMS INDEX: ANTISOCIAL RAW SCORE
Y2342510,-0.1326163918168503,0.04837149331975551,0.0028055045112596456,Y23425.10,Q3-75~000011,2010,family/home,RESPONSIBLILITY FOR HOUSEHOLD CHORES - HOW OFTEN DOES R DRIVE OTHER
C1977300,-0.06316539699055948,0.046785644666728514,-0.0007881552854220726,C19773.00,MS984004,1998,behavioral/externalizing,BEHAVIOR PROBLEMS INDEX: CHILD CHEATS OR TELLS LIES
C0005400,0.04627840250789081,0.046270474715878834,0.0007818879745194433,C00054.00,CSEX,XRND,background,SEX OF CHILD
Y3254900,0.10991608238301806,0.0454652922655515,0.002356995750230909,Y32549.00,Q14-10M,2014,other,"WHEN R BUYS FOOD ITEM FOR FIRST TIME, HOW OFTEN R READS NUTRITIONAL"
C1505800,0.07606748812824965,0.04462059568486906,-0.0052952044173609335,C15058.00,BPEXTS1994,1994,behavioral/externalizing,BEHAVIOR PROBLEMS INDEX: EXTERNAL STANDARD SCORE TRICHOTOMOUS ITEMS
C3421500,-0.09486634122405181,0.04450868507881577,0.00048089761352215196,C34215.00,MS-BPI-19,2006,behavioral/externalizing,BEHAVIOR PROBLEMS INDEX: CHILD HAS STRONG TEMPER AND LOSES IT
C3010700,-0.08627790424070043,0.04435942005705242,0.004300719611437123,C30107.00,BPI-11,2004,behavioral/externalizing,BEHAVIOR PROBLEMS INDEX: CHILD DOES NOT SEEM TO FEEL SORRY AFTER
C1560900,-0.0642177739030154,0.043800417559864885,0.003354408075210331,C15609.00,ANTIPX1996,1996,behavioral/externalizing,BEHAVIOR PROBLEMS INDEX: ANTISOCIAL PERCENTILE SCORE - SAME SEX
C0797105,-0.08278170821517743,0.04315436546890962,0.0026493227751237685,C07971.05,BPEXTP1988,1988,behavioral/externalizing,BEHAVIOR PROBLEMS INDEX: EXTERNAL PERCENTILE SCORE TRICHOTOMOUS
C3946800,-0.09070876966655571,0.042294037635871036,-0.0019322981824021115,C39468.00,MS-BPI-13,2008,behavioral/externalizing,BEHAVIOR PROBLEMS INDEX: CHILD IS IMPULSIVE OR ACTS WITHOUT
C1220200,0.05518513788623816,0.04221042992862788,-0.0037627643032937265,C12202.00,CS94H-22,1994,health,HEALTH: CHILD'S HEIGHT - FEET
C1978200,-0.054263722197851236,0.04215637117556584,-0.0012276058115897202,C19782.00,MS984013,1998,behavioral/externalizing,BEHAVIOR PROBLEMS INDEX: CHILD IS IMPULSIVE OR ACTS WITHOUT
C1559500,-0.06177388089079192,0.04171273872735917,0.0033015174867938183,C15595.00,ANTIP1996,1996,behavioral/externalizing,BEHAVIOR PROBLEMS INDEX: ANTISOCIAL PERCENTILE SCORE - ALL CHILDREN
C1501900,0.06515995008683216,0.04156913126557738,-0.0026314664422052597,C15019.00,ANTI1994,1994,behavioral/externalizing,BEHAVIOR PROBLEMS INDEX: ANTISOCIAL RAW SCORE
C3420000,-0.0964599404858509,0.04107549806581352,-0.0006746621241698165,C34200.00,MS-BPI-04,2006,behavioral/externalizing,BEHAVIOR PROBLEMS INDEX: CHILD CHEATS OR TELLS LIES
C3946500,0.08267965523116542,0.04091608006159325,-0.0031117728104942477,C39465.00,MS-BPI-10,2008,behavioral/externalizing,BEHAVIOR PROBLEMS INDEX: CHILD IS DISOBEDIENT AT HOME
Y1255500,0.10721008164122502,0.04078584281318673,0.00416715421452759,Y12555.00,Q4-5AA,2002,school/achievement,HAS R EVER SEEN A STUDENT CARRY A WEAPON ON SCHOOL PROPERTY
Y0669000,0.1030017725502953,0.040589693170681604,0.0012328222565579036,Y06690.00,YASR-61B,1996,prior delinquency/contact,YA SELF-REPORT: HAVE YOU EVER IN PAST YEAR GOTTEN INTO FIGHT AT
C5527600,0.08780829528635546,0.04058742694868314,0.0041949239579691005,C55276.00,NH6_112012,2012,family/home,# HOUSEHOLD MEMBERS AGED 6 - 11 IN HOUSEHOLD OF MOTHER
C3609000,-0.08573973253955293,0.040506383747823574,-0.0023225504708298513,C36090.00,ANTIPX2008,2008,behavioral/externalizing,BEHAVIOR PROBLEMS INDEX: ANTISOCIAL PERCENTILE SCORE - SAME SEX
C5190700,-0.14585233535781642,0.04028683974041723,0.000462100362167872,C51907.00,MS-BPI-11,2010,behavioral/externalizing,BEHAVIOR PROBLEMS INDEX: CHILD DOES NOT SEEM TO FEEL SORRY AFTER
C3609100,-0.08241249332353441,0.03953005944868173,-0.0020687819672330883,C36091.00,ANTIP2008,2008,behavioral/externalizing,BEHAVIOR PROBLEMS INDEX: ANTISOCIAL PERCENTILE SCORE - ALL CHILDREN
C6032600,-0.20589139253157474,0.03916966302130974,0.001087673186447652,C60326.00,MS-BPI-13,2014,behavioral/externalizing,BEHAVIOR PROBLEMS INDEX: CHILD IS IMPULSIVE OR ACTS WITHOUT
C1182400,-0.047561381103195834,0.038953863025788946,-0.00024076170574634353,C11824.00,MS921329,1992,behavioral/externalizing,BEHAVIOR PROBLEMS INDEX: CHILD CHEATS OR TELLS LIES
C5191500,-0.11023628415048434,0.038804701830640324,0.0014753589651927874,C51915.00,MS-BPI-19,2010,behavioral/externalizing,BEHAVIOR PROBLEMS INDEX: CHILD HAS STRONG TEMPER AND LOSES IT
Y1489300,0.17530343997898004,0.038581196345853074,-0.01063124573653741,Y14893.00,Q4-5AA,2004,school/achievement,HAS R EVER SEEN A STUDENT CARRY A WEAPON ON SCHOOL PROPERTY
Y3246504,0.16654552096930023,0.03849167915714295,0.008487866658482487,Y32465.04,Q13-3C.01~000011,2014,behavioral/externalizing,BEHAVIOR PROBLEMS INDEX: CHILD DOES NOT SEEM TO FEEL SORRY AFTER
C1505600,0.06529371204938035,0.03828066550540621,-0.004339173880862335,C15056.00,BPEXTR1994,1994,behavioral/externalizing,BEHAVIOR PROBLEMS INDEX: EXTERNAL SCORE TRICHOTOMOUS ITEMS
C0578100,0.09373609660527214,0.03802991558148195,-0.0015057366619702706,C05781.00,LOCA1986,1986,school/achievement,MEMORY FOR LOCATION:  TOTAL RAW SCORE
C2433600,0.06854413440665634,0.03765517874025447,0.0014099575555543173,C24336.00,MS2-11,2000,behavioral/externalizing,BEHAVIOR PROBLEMS INDEX: CHILD DOES NOT SEEM TO FEEL SORRY AFTER
C2797500,0.06158666241425052,0.03759811431760486,-0.0014713950268858392,C27975.00,ANTIZX2004,2004,behavioral/externalizing,BEHAVIOR PROBLEMS INDEX: ANTISOCIAL STANDARD SCORE - SAME SEX
C0995900,0.06326495345356768,0.0373942986538652,0.0010347667377971193,C09959.00,ANTIPX1990,1990,behavioral/externalizing,BEHAVIOR PROBLEMS INDEX: ANTISOCIAL PERCENTILE SCORE - SAME SEX
C2466400,0.2082681538361409,0.03731151007961382,-0.0010076508991102105,C24664.00,CSAS040E,2000,school/achievement,CHILD SELF-ADMIN: HOW OFTEN IN LAST YEAR DAMAGED SCHOOL PROPERTY ON
C3048400,-0.0873418823965266,0.036773969718083624,-0.001363850022831135,C30484.00,CSAS049A,2004,other,CHILD SELF-ADMIN: OFTEN GETS IN A JAM BECAUSE R DOES THINGS W/O
Y1737502,0.0760339489539593,0.0365995026944178,-0.001210281025494458,Y17375.02,Q3-78~000003,2006,other,DO R AND SPOUSE/PARTNER HAVE SEPARATE CREDIT CARDS?
C0984700,0.051343209127328995,0.03627215454247109,0.0006589558219709201,C09847.00,MS901341,1990,behavioral/externalizing,BEHAVIOR PROBLEMS INDEX: CHILD IS DISOBEDIENT AT HOME
C3870000,0.25759200864009635,0.0358443744799888,-0.006570622539287676,C38700.00,CSAS040B,2008,prior delinquency/contact,CHILD SELF-ADMIN: HOW OFTEN IN LAST YEAR HURT SOMEONE BAD ENOUGH TO
C1183900,0.04804540760387194,0.035563066448603485,0.0028227820695290963,C11839.00,MS921359,1992,behavioral/externalizing,BEHAVIOR PROBLEMS INDEX: CHILD HAS STRONG TEMPER AND LOSES IT
Y1417500,0.2326674163532262,0.03527499084893231,-0.005162434534276168,Y14175.00,YASR-66,2002,prior delinquency/contact,EVER/SINCE DATE OF LAST INTERVIEW R BEEN SENTENCED TO A CORRECTIONS
C2497100,0.061894183550099825,0.03520793126353913,-0.003922371857072718,C24971.00,BPEXTP2000,2000,behavioral/externalizing,BEHAVIOR PROBLEMS INDEX: EXTERNAL PERCENTILE SCORE TRICHOTOMOUS
Y2341500,0.07893172983953231,0.03483036804557837,-0.0009824341894844467,Y23415.00,Q3-65~000001,2010,other,HOW FREQUENTLY R AND SPOUSE/PARTNER ARGUE ABOUT CHORES AND
S0043800,0.08490418234664962,0.034542881630151054,-0.004347136507460975,S00438.00,P1Q38O,1995,school/achievement,PRINCIPAL #1: SCHOOL PROBLEM - DEGREE OF POSSESSION OF WEAPONS
C3011500,-0.06327400294281474,0.03442115272489129,-0.000542095959095266,C30115.00,BPI-19,2004,behavioral/externalizing,BEHAVIOR PROBLEMS INDEX: CHILD HAS STRONG TEMPER AND LOSES IT
C5190200,0.08453724909442602,0.034049716464870323,0.0005063108688867397,C51902.00,MS-BPI-06,2010,behavioral/externalizing,BEHAVIOR PROBLEMS INDEX: CHILD ARGUES TOO MUCH
C2738300,-0.06283151425169661,0.03395198656787233,0.0015265349737192029,C27383.00,BPI-11,2002,behavioral/externalizing,BEHAVIOR PROBLEMS INDEX: CHILD DOES NOT SEEM TO FEEL SORRY AFTER
C0996600,0.06939366889927792,0.03385174030060717,6.020455209785313e-05,C09966.00,ANTIZX1990,1990,behavioral/externalizing,BEHAVIOR PROBLEMS INDEX: ANTISOCIAL STANDARD SCORE - SAME SEX
C3947400,0.07912762744065113,0.0328816770605689,-0.000495400930744059,C39474.00,MS-BPI-19,2008,behavioral/externalizing,BEHAVIOR PROBLEMS INDEX: CHILD HAS STRONG TEMPER AND LOSES IT
C0997106,0.06139640702764076,0.032815684717067195,-0.0019773067711861235,C09971.06,BPEXTZ1990,1990,behavioral/externalizing,BEHAVIOR PROBLEMS INDEX: EXTERNAL STANDARD SCORE TRICHOTOMOUS ITEMS
C2766100,0.19650162211042072,0.03277269166787288,-0.0051060089834637345,C27661.00,CSAS040E,2002,school/achievement,CHILD SELF-ADMIN: HOW OFTEN IN LAST YEAR DAMAGED SCHOOL PROPERTY ON
C1370100,-0.14828225343722343,0.03246393119698749,0.008766343657760505,C13701.00,CS942641,1994,substance/risk behavior,CHILD SELF-ADMIN: CHILD'S AGE WHEN FIRST DRANK ALCOHOL
C0128014,0.03847100644911643,0.032236868358688095,0.001084202482589513,C01280.14,NH12_171996,1996,family/home,# HOUSEHOLD MEMBERS AGED 12 - 17 IN HOUSEHOLD OF MOTHER
C1434800,-0.04159023393636066,0.03220598755768165,-0.001239759926888838,C14348.00,MS941429,1994,behavioral/externalizing,BEHAVIOR PROBLEMS INDEX: CHILD CHEATS OR TELLS LIES
Y3588100,0.13020913227449163,0.03218458314567164,0.0030169001275847473,Y35881.00,Q13-3E.01~000019,2016,behavioral/externalizing,BEHAVIOR PROBLEMS INDEX: CHILD HAS STRONG TEMPER AND LOSES IT
C2497500,0.04636192276072336,0.03202793423043448,-0.0016925262592723815,C24975.00,ANTIPX2000,2000,behavioral/externalizing,BEHAVIOR PROBLEMS INDEX: ANTISOCIAL PERCENTILE SCORE - SAME SEX
C5765300,-0.11694317162942612,0.03201715100039999,-0.0013357847130611902,C57653.00,MS-BPI-13,2012,behavioral/externalizing,BEHAVIOR PROBLEMS INDEX: CHILD IS IMPULSIVE OR ACTS WITHOUT
C1505700,0.05204758268453587,0.031616161532378284,-0.004204817059779071,C15057.00,BPEXTP1994,1994,behavioral/externalizing,BEHAVIOR PROBLEMS INDEX: EXTERNAL PERCENTILE SCORE TRICHOTOMOUS
Y3245903,0.10653596018905913,0.0315082696627133,0.0037262413885740505,Y32459.03,Q13-3A.01~000004,2014,behavioral/externalizing,BEHAVIOR PROBLEMS INDEX: CHILD CHEATS OR TELLS LIES
C3010900,0.04905874755345143,0.031144538583908334,0.0013293935864723955,C30109.00,BPI-13,2004,behavioral/externalizing,BEHAVIOR PROBLEMS INDEX: CHILD IS IMPULSIVE OR ACTS WITHOUT
C1801400,0.0833940415741691,0.030763131724998304,0.0008612108577962863,C18014.00,CS98LIK_02,1998,other,WHAT I AM LIKE/SPPC: SOME KIDS UNHAPPY/SOME PLEASED WITH THEMSELVES
C1197416,0.054274815018464456,0.030687776948129113,-0.005086216194576371,C11974.16,BPEXTZ1992,1992,behavioral/externalizing,BEHAVIOR PROBLEMS INDEX: EXTERNAL STANDARD SCORE TRICHOTOMOUS ITEMS
C2472000,-0.0897724965529618,0.03046175226833956,-0.010398175020083722,C24720.00,CSAS057,2000,substance/risk behavior,CHILD SELF-ADMIN: CHILD'S AGE WHEN FIRST DRANK ALCOHOL
C0995200,0.05595775148774385,0.03008937587476319,0.00034862262200647447,C09952.00,ANTIZ1990,1990,behavioral/externalizing,BEHAVIOR PROBLEMS INDEX: ANTISOCIAL STANDARD SCORE - ALL CHILDREN
C1437200,-0.0668770265606484,0.02997917525813865,-0.005817045953687003,C14372.00,MS941513,1994,behavioral/externalizing,BEHAVIOR PROBLEMS INDEX: CHILD HANGS AROUND WITH KIDS WHO GET INTO
C1637000,-0.037908035831419364,0.02997628613160176,-0.0009362318048632246,C16370.00,MS961441,1996,behavioral/externalizing,BEHAVIOR PROBLEMS INDEX: CHILD IS DISOBEDIENT AT HOME
C0007000,0.036114013739247594,0.029918044891299893,0.0009815316833001633,C00070.00,MAGEBIR,XRND,background,AGE OF MOTHER AT BIRTH OF CHILD
C3868400,0.09102357205114339,0.029731620859256017,-0.0037335007413028263,C38684.00,CSAS030A,2008,other,CHILD SELF-ADMIN: GIRLS AND BOYS SHOULD BE TREATED THE SAME AT
Y0966400,0.07459277575227871,0.029384331745830553,-0.0004386346147530369,Y09664.00,YASR-61B,1998,prior delinquency/contact,YA SELF-REPORT: HAVE YOU EVER IN PAST YEAR GOTTEN INTO FIGHT AT
C2737800,0.04626733305409091,0.029245891633912977,0.0008210508737864096,C27378.00,BPI-06,2002,behavioral/externalizing,BEHAVIOR PROBLEMS INDEX: CHILD ARGUES TOO MUCH
C0997105,-0.05319335048193138,0.029107577195133266,0.001835093450946873,C09971.05,BPEXTP1990,1990,behavioral/externalizing,BEHAVIOR PROBLEMS INDEX: EXTERNAL PERCENTILE SCORE TRICHOTOMOUS
C1637900,0.039634064440106975,0.028465857222247825,0.0012269661769588977,C16379.00,MS961459,1996,behavioral/externalizing,BEHAVIOR PROBLEMS INDEX: CHILD HAS STRONG TEMPER AND LOSES IT
C1437500,-0.05938739141860606,0.02816274588627066,-0.004805356668999379,C14375.00,MS941519,1994,behavioral/externalizing,BEHAVIOR PROBLEMS INDEX: CHILD IS DISOBEDIENT AT SCHOOL
Y1415900,0.16202806808313766,0.0280990560907174,-0.003400860182567167,Y14159.00,YASR-60C,2002,prior delinquency/contact,HOW MANY TIMES IN LAST YEAR R HURT SOMEONE BADLY ENOUGH TO NEED
Y0670200,0.10445468375512765,0.02761199259480481,-0.00018788457664146063,Y06702.00,YASR-61O,1996,prior delinquency/contact,YA SELF-REPORT: HAVE YOU EVER IN LAST YEAR HURT SOMEONE ENOUGH TO
Y2258300,0.1678744717029681,0.027536979575354815,0.007810013004949836,Y22583.00,YASR-67,2008,prior delinquency/contact,EVER/SINCE DATE OF LAST INTERVIEW R BEEN ON PROBATION?
Y2876104,0.10807058692350141,0.02740980050297321,0.0012686880027924171,Y28761.04,Q13-3C.01~000011,2012,behavioral/externalizing,BEHAVIOR PROBLEMS INDEX: CHILD DOES NOT SEEM TO FEEL SORRY AFTER
Y3246005,-0.11332315600652794,0.027045445003632776,-0.003481652096684482,Y32460.05,Q13-3A.02~000006,2014,behavioral/externalizing,BEHAVIOR PROBLEMS INDEX: CHILD ARGUES TOO MUCH
C3422400,-0.10852055063475079,0.02687635201977752,0.003599097070762354,C34224.00,MS-BPI-28,2006,behavioral/externalizing,BEHAVIOR PROBLEMS INDEX: CHILD HANGS AROUND WITH KIDS WHO GET INTO
C3987200,-0.08180779572175535,0.02665731040440836,0.0019387183717550647,C39872.00,BPEXTP2010,2010,behavioral/externalizing,BEHAVIOR PROBLEMS INDEX: EXTERNAL PERCENTILE SCORE TRICHOTOMOUS
C1194800,0.04055000592322375,0.026205671092147925,-0.0013778769980606542,C11948.00,ANTIP1992,1992,behavioral/externalizing,BEHAVIOR PROBLEMS INDEX: ANTISOCIAL PERCENTILE SCORE - ALL CHILDREN
C5118200,0.17711558414089704,0.026180093000303637,-0.003186469090611653,C51182.00,CSAS040B,2010,prior delinquency/contact,CHILD SELF-ADMIN: HOW OFTEN IN LAST YEAR HURT SOMEONE BAD ENOUGH TO
Y1890600,0.04874310809873347,0.025763442428837147,-0.0006354286814145887,Y18906.00,Q14-14G,2006,health,USUAL PLACE R GOES FOR MEDICAL TREATMENT WHEN HAS ILLNESS OR INJURY
C0577900,-0.08332521508298132,0.025646724510668444,0.0032754145144047115,C05779.00,BODY1986,1986,school/achievement,KNOWLEDGE OF BODY PARTS: TOTAL RAW SCORE
C0573400,0.05737580368056877,0.02535190548375756,-0.0005461839346022671,C05734.00,ANTI1986,1986,behavioral/externalizing,BEHAVIOR PROBLEMS INDEX: ANTISOCIAL RAW SCORE
C3608900,0.06417843993319147,0.02522250168808577,0.0008489883221506127,C36089.00,ANTI2008,2008,behavioral/externalizing,BEHAVIOR PROBLEMS INDEX: ANTISOCIAL RAW SCORE
C0008046,0.03569581005948445,0.025077490922673293,-0.0005375627064161374,C00080.46,CRES2002,2002,family/home,USUAL RESIDENCE OF CHILD
C1944900,-0.09566952171243329,0.024589058817095253,-0.0012534942710858313,C19449.00,MS981A16,1998,family/home,HOME PART A (0-2 YRS): HOW OFTEN MOTHER TALKS TO CHILD WHILE
Y3247700,0.08362822718148556,0.02458793429000019,0.0006812051463721233,Y32477.00,Q13-3E.01~000019,2014,behavioral/externalizing,BEHAVIOR PROBLEMS INDEX: CHILD HAS STRONG TEMPER AND LOSES IT
C0986800,-0.05947257096114069,0.024550847519600717,-0.0005198091676491505,C09868.00,MS901419,1990,behavioral/externalizing,BEHAVIOR PROBLEMS INDEX: CHILD IS DISOBEDIENT AT SCHOOL
C2525700,-0.04854230379766673,0.02435194115169393,0.0030699296284582792,C25257.00,BPEXTZ2002,2002,behavioral/externalizing,BEHAVIOR PROBLEMS INDEX: EXTERNAL STANDARD SCORE TRICHOTOMOUS ITEMS
Y3588200,0.11453759486167023,0.024057242554687528,-0.00436937209310516,Y35882.00,Q13-3E.02~000019,2016,behavioral/externalizing,BEHAVIOR PROBLEMS INDEX: CHILD HAS STRONG TEMPER AND LOSES IT
C0564500,0.061629679781176214,0.02381893968629,-7.015131233123419e-05,C05645.00,MS860523,1986,behavioral/externalizing,BEHAVIOR PROBLEMS INDEX: CHILD ARGUES TOO MUCH
C3366600,0.14874554127303882,0.023805818132732345,0.0039069007634118065,C33666.00,CSAS040E,2006,school/achievement,CHILD SELF-ADMIN: HOW OFTEN IN LAST YEAR DAMAGED SCHOOL PROPERTY ON
Y2876203,-0.10574362053981155,0.023630134587196133,9.469905150334671e-05,Y28762.03,Q13-3C.02~000010,2012,behavioral/externalizing,BEHAVIOR PROBLEMS INDEX: CHILD IS DISOBEDIENT AT HOME
S0062300,-0.07840116423438023,0.023567395215371247,-0.0024226758645220755,S00623.00,P2Q38F,1995,school/achievement,PRINCIPAL #2: SCHOOL PROBLEM - DEGREE OF ROBBERY OR THEFT
C5695700,0.17189950379893348,0.023434589626441644,0.004392833757632313,C56957.00,CSAS040B,2012,prior delinquency/contact,CHILD SELF-ADMIN: HOW OFTEN IN LAST YEAR HURT SOMEONE BAD ENOUGH TO
C3987500,0.07010778945130489,0.023235639664162613,-0.0007346995023074053,C39875.00,ANTI2010,2010,behavioral/externalizing,BEHAVIOR PROBLEMS INDEX: ANTISOCIAL RAW SCORE
C0986500,0.052890793120247075,0.023119552016381988,0.0013612743241780674,C09865.00,MS901413,1990,behavioral/externalizing,BEHAVIOR PROBLEMS INDEX: CHILD HANGS AROUND WITH KIDS WHO GET INTO
C1592100,-0.06252818028885837,0.022690248489393185,-0.0013468923932197115,C15921.00,CS960935,1996,substance/risk behavior,CHILD SELF-ADMIN: CHILD'S AGE WHEN FIRST DRANK ALCOHOL
C5807400,-0.13521889936706802,0.02257180879843252,0.0008328375673853982,C58074.00,BPEXTP2014,2014,behavioral/externalizing,BEHAVIOR PROBLEMS INDEX: EXTERNAL PERCENTILE SCORE TRICHOTOMOUS
C1561600,-0.03838424685072054,0.022372167584712253,0.001811399166499733,C15616.00,ANTIZX1996,1996,behavioral/externalizing,BEHAVIOR PROBLEMS INDEX: ANTISOCIAL STANDARD SCORE - SAME SEX
Y3599000,-0.05165792272740487,0.022274462727239912,0.0005905958262089092,Y35990.00,Q14-20A,2016,health,HEIGHT OF R IN INCHES (NOT INCLUDING FEET)
C5765000,-0.08787642670290537,0.02224223974027321,-0.002044521390843156,C57650.00,MS-BPI-10,2012,behavioral/externalizing,BEHAVIOR PROBLEMS INDEX: CHILD IS DISOBEDIENT AT HOME
C1183300,0.02821999778444425,0.02216033346584056,0.0018500675583741607,C11833.00,MS921347,1992,behavioral/externalizing,BEHAVIOR PROBLEMS INDEX: CHILD IS IMPULSIVE OR ACTS WITHOUT
C2525100,-0.04506353936884329,0.02212741644884903,0.0029367522365464846,C25251.00,BPEXTR2002,2002,behavioral/externalizing,BEHAVIOR PROBLEMS INDEX: EXTERNAL SCORE TRICHOTOMOUS ITEMS
C1637100,-0.03258865708480629,0.021784672909123188,-0.0005683088799679875,C16371.00,MS961443,1996,behavioral/externalizing,BEHAVIOR PROBLEMS INDEX: CHILD DOES NOT SEEM TO FEEL SORRY AFTER
C2496600,-0.042667387400842464,0.0217433310155492,0.00282740484404954,C24966.00,BPEXTR2000,2000,behavioral/externalizing,BEHAVIOR PROBLEMS INDEX: EXTERNAL SCORE TRICHOTOMOUS ITEMS
C1185100,-0.0463208092882398,0.021438397497139716,-0.0015729557281152038,C11851.00,MS921419,1992,behavioral/externalizing,BEHAVIOR PROBLEMS INDEX: CHILD IS DISOBEDIENT AT SCHOOL
C0783400,0.05942928490137844,0.02130300804877462,0.0015977085239039315,C07834.00,MS880831,1988,behavioral/externalizing,BEHAVIOR PROBLEMS INDEX: CHILD IS DISOBEDIENT AT SCHOOL
C3010600,0.032989278698630886,0.021287904108541526,5.6176023508482845e-06,C30106.00,BPI-10,2004,behavioral/externalizing,BEHAVIOR PROBLEMS INDEX: CHILD IS DISOBEDIENT AT HOME
Y1176900,0.10785314574016033,0.021155288193983744,-0.0007418204140687128,Y11769.00,YASR-66,2000,prior delinquency/contact,EVER/SINCE DATE OF LAST INTERVIEW R BEEN SENTENCED TO A CORRECTIONS
C2573200,-0.04600183877547254,0.020960714367395595,-0.001291105269572035,C25732.00,SCHL-32,2002,school/achievement,SCHOOL: HOW MANY TIMES DID PARENTS ATTEND SCHOOL MEETING
Y0967600,0.07877161371125223,0.020843019670077935,-0.0009282549634304521,Y09676.00,YASR-61O,1998,prior delinquency/contact,YA SELF-REPORT: HAVE YOU EVER IN LAST YEAR HURT SOMEONE ENOUGH TO
C1366500,-0.11227255599103003,0.020734953471040245,0.0012867246389324728,C13665.00,CS942523,1994,school/achievement,CHILD SELF-ADMIN: HOW OFTEN IN LAST YEAR DAMAGED SCHOOL PROPERTY ON
C1183000,0.026712393118186854,0.020575742288999187,0.0024415640281047466,C11830.00,MS921341,1992,behavioral/externalizing,BEHAVIOR PROBLEMS INDEX: CHILD IS DISOBEDIENT AT HOME
C2525900,-0.03632908441201309,0.020381947176999708,0.0025403846716145445,C25259.00,ANTI2002,2002,behavioral/externalizing,BEHAVIOR PROBLEMS INDEX: ANTISOCIAL RAW SCORE
C6100000,-0.21909648967997739,0.020293568940347922,-0.002552922318721805,C61000.00,MS-BPI-06,2016,behavioral/externalizing,BEHAVIOR PROBLEMS INDEX: CHILD ARGUES TOO MUCH
C5118500,0.16161502052923374,0.020177892863927484,0.0033789420592475177,C51185.00,CSAS040E,2010,school/achievement,CHILD SELF-ADMIN: HOW OFTEN IN LAST YEAR DAMAGED SCHOOL PROPERTY ON
C0984300,0.03544886639722317,0.02001762828633287,0.0006890876493724827,C09843.00,MS901333,1990,behavioral/externalizing,BEHAVIOR PROBLEMS INDEX: CHILD ARGUES TOO MUCH
S0042900,-0.03167510815705926,0.01992576774613788,0.0006812559028953918,S00429.00,P1Q38F,1995,school/achievement,PRINCIPAL #1: SCHOOL PROBLEM - DEGREE OF ROBBERY OR THEFT
Y3246603,-0.07657880636849894,0.019877867311434535,-0.004824298243180491,Y32466.03,Q13-3C.02~000010,2014,behavioral/externalizing,BEHAVIOR PROBLEMS INDEX: CHILD IS DISOBEDIENT AT HOME
C1798300,0.030794141473693606,0.01987116034871637,-0.0018789283562467456,C17983.00,BPEXTP1998,1998,behavioral/externalizing,BEHAVIOR PROBLEMS INDEX: EXTERNAL PERCENTILE SCORE TRICHOTOMOUS
C1638800,-0.04421003678520381,0.01985379663999275,-0.0012736192893115328,C16388.00,MS961513,1996,behavioral/externalizing,BEHAVIOR PROBLEMS INDEX: CHILD HANGS AROUND WITH KIDS WHO GET INTO
C1662300,-0.03289009167391948,0.019521166625980253,-0.0013101895981686561,C16623.00,CS96MATH_GRD,1996,school/achievement,PIAT MATH: CHILD GRADE IN SCHOOL
C3012400,-0.06590741847310658,0.019306478164820222,-0.00016264295339628207,C30124.00,BPI-28,2004,behavioral/externalizing,BEHAVIOR PROBLEMS INDEX: CHILD HANGS AROUND WITH KIDS WHO GET INTO
C2526300,-0.030950663126464134,0.01928313337020059,0.00176814697779441,C25263.00,ANTIZ2002,2002,behavioral/externalizing,BEHAVIOR PROBLEMS INDEX: ANTISOCIAL STANDARD SCORE - ALL CHILDREN
Y0969800,-0.07770415288392944,0.019168416531541256,-0.004708340694126338,Y09698.00,YASR-67,1998,prior delinquency/contact,YA SELF-REPORT: EVER BEEN ON PROBATION?
C0730700,-0.11972660652237004,0.018832996784134144,-0.0024930012334195943,C07307.00,CS884221,1988,prior delinquency/contact,CHILD SELF-ADMINISTERED: HURT SOMEONE BAD ENOUGH TO NEED A DOCTOR
C5764600,0.07111700126061588,0.01867056215910356,-0.0035346955310749948,C57646.00,MS-BPI-06,2012,behavioral/externalizing,BEHAVIOR PROBLEMS INDEX: CHILD ARGUES TOO MUCH
C1636600,0.028998391471680148,0.01862305535784638,0.0022553064837705053,C16366.00,MS961433,1996,behavioral/externalizing,BEHAVIOR PROBLEMS INDEX: CHILD ARGUES TOO MUCH
C1802100,-0.06855097638548578,0.01852337012254168,-0.0030000628894276972,C18021.00,CS98LIK_09,1998,school/achievement,WHAT I AM LIKE/SPPC: SOME DO WELL AT CLASSWORK/OTHERS DO NOT DO SO
Y1255600,-0.10423032892249677,0.01805459660107145,0.0023198887141339035,Y12556.00,Q4-5AB,2002,school/achievement,IN LAST SCHOOL YEAR HOW OFTEN HAS R SEEN A STUDENT CARRY A WEAPON
C1639100,-0.03600685298771174,0.017930048379565893,-0.00029731308286161157,C16391.00,MS961519,1996,behavioral/externalizing,BEHAVIOR PROBLEMS INDEX: CHILD IS DISOBEDIENT AT SCHOOL
C3420600,-0.031767989871662454,0.017806678645147282,0.00047435427509634655,C34206.00,MS-BPI-10,2006,behavioral/externalizing,BEHAVIOR PROBLEMS INDEX: CHILD IS DISOBEDIENT AT HOME
C3868100,0.06887746531507653,0.017435038638361197,-0.0014586240687049232,C38681.00,CSAS024A,2008,peer/neighborhood,CHILD SELF-ADMIN: HAS CHILD EVER SEEN STUDENT CARRY A WEAPON ON
C0796600,0.03601764009679351,0.01742248738189218,-0.0005346237037166277,C07966.00,ANTIZX1988,1988,behavioral/externalizing,BEHAVIOR PROBLEMS INDEX: ANTISOCIAL STANDARD SCORE - SAME SEX
Y3247200,-0.06489944734262794,0.01702897034228252,-0.002275017782723727,Y32472.00,Q13-3D.02~000013,2014,behavioral/externalizing,BEHAVIOR PROBLEMS INDEX: CHILD IS IMPULSIVE OR ACTS WITHOUT
C1140000,-0.03858954660089755,0.016765606650287184,-3.909993934724456e-05,C11400.00,CS926857,1992,substance/risk behavior,CHILD SELF-ADMINISTERED: HAS CHILD DRUNK ALCOHOL IN THE PAST 3
Y3588703,0.11281984431663078,0.01672553572686992,0.0018699080073189965,Y35887.03,Q13-3F.01~000028,2016,behavioral/externalizing,BEHAVIOR PROBLEMS INDEX: CHILD HANGS AROUND WITH KIDS WHO GET INTO
C3364400,0.050011982204903035,0.01669856236115639,0.0019424838984843477,C33644.00,CSAS024A,2006,peer/neighborhood,CHILD SELF-ADMIN: HAS CHILD EVER SEEN STUDENT CARRY A WEAPON ON
Y1940600,0.16495696163281606,0.016610661717376594,-0.0005795228762262558,Y19406.00,YASR-60C,2006,prior delinquency/contact,HOW MANY TIMES IN LAST YEAR R HURT SOMEONE BADLY ENOUGH TO NEED
Y1942200,0.17353741617254442,0.01649852573130841,-0.005257060988474065,Y19422.00,YASR-66,2006,prior delinquency/contact,EVER/SINCE DATE OF LAST INTERVIEW R BEEN SENTENCED TO A CORRECTIONS
Y2875503,0.05301046910064141,0.01647842151902475,0.000632682022083049,Y28755.03,Q13-3A.01~000004,2012,behavioral/externalizing,BEHAVIOR PROBLEMS INDEX: CHILD CHEATS OR TELLS LIES
C0994500,0.030103670996100913,0.016449816951595878,0.0005247969417709925,C09945.00,ANTIP1990,1990,behavioral/externalizing,BEHAVIOR PROBLEMS INDEX: ANTISOCIAL PERCENTILE SCORE - ALL CHILDREN
Y0672400,-0.0754095853967466,0.01635541532972597,-0.004390638257689294,Y06724.00,YASR-67,1996,prior delinquency/contact,YA SELF-REPORT: EVER BEEN ON PROBATION?
C0575500,0.04222098250890235,0.016317749992243936,0.0008662844278227033,C05755.00,ANTIPX1986,1986,behavioral/externalizing,BEHAVIOR PROBLEMS INDEX: ANTISOCIAL PERCENTILE SCORE - SAME SEX
C2526100,0.02405822742320824,0.016284347772661335,-0.0011344613455779062,C25261.00,ANTIP2002,2002,behavioral/externalizing,BEHAVIOR PROBLEMS INDEX: ANTISOCIAL PERCENTILE SCORE - ALL CHILDREN
C5764400,-0.07772351606474422,0.016248385331802142,-0.0007634542301555205,C57644.00,MS-BPI-04,2012,behavioral/externalizing,BEHAVIOR PROBLEMS INDEX: CHILD CHEATS OR TELLS LIES
C2760900,0.04748038219685487,0.016181395852530988,0.00042520888706102896,C27609.00,CSAS024A,2002,peer/neighborhood,CHILD SELF-ADMIN: HAS CHILD EVER SEEN STUDENT CARRY A WEAPON ON
C2759000,0.04087270116227298,0.016176630029846362,0.002342727122702691,C27590.00,CSAS020F,2002,school/achievement,CHILD SELF-ADMIN: HOW MUCH CHILD TELLS PARENTS ABOUT WHAT HOMEWORK
C1927400,0.05076590665159168,0.01613704594822067,-0.0008906379094983321,C19274.00,CS98040B,1998,prior delinquency/contact,CHILD SELF-ADMIN: HOW OFTEN IN LAST YEAR HURT SOMEONE BAD ENOUGH TO
Y0967900,-0.05452670303315524,0.01606520935110787,-0.0020435364414320843,Y09679.00,YASR-62A,1998,prior delinquency/contact,YASR: EVER BEEN CONVICTED OF CHARGES OTHER THAN MINOR TRAFFIC
C0942700,0.1043270237772656,0.01594679375721199,0.0019270004935121989,C09427.00,CS906619,1990,school/achievement,CHILD SELF-ADMINISTERED: DAMAGED SCHOOL PROPERTY ON PURPOSE
Y3587003,-0.06897747421182988,0.01590455470085028,0.00013020624820413805,Y35870.03,Q13-3C.02~000010,2016,behavioral/externalizing,BEHAVIOR PROBLEMS INDEX: CHILD IS DISOBEDIENT AT HOME
C1197414,0.027617618678177407,0.015756959717295398,-0.002676955797940117,C11974.14,BPEXTR1992,1992,behavioral/externalizing,BEHAVIOR PROBLEMS INDEX: EXTERNAL SCORE TRICHOTOMOUS ITEMS
C2526000,0.023570963241817795,0.01574122087223082,-0.0011306997315902927,C25260.00,ANTIPX2002,2002,behavioral/externalizing,BEHAVIOR PROBLEMS INDEX: ANTISOCIAL PERCENTILE SCORE - SAME SEX
C0794500,0.02999830034618197,0.015695126015449454,-0.000486651548690785,C07945.00,ANTIP1988,1988,behavioral/externalizing,BEHAVIOR PROBLEMS INDEX: ANTISOCIAL PERCENTILE SCORE - ALL CHILDREN
C3357600,-0.06085646089576674,0.015594985536165833,0.0014470860278870466,C33576.00,CSAS005D,2006,family/home,CHILD SELF-ADMIN: HOW MUCH SAY IN RULES ABOUT DATING AND BOY/GIRL
C0564900,0.030259966957925273,0.015409735037865779,-0.0002088395738498285,C05649.00,MS860527,1986,behavioral/externalizing,BEHAVIOR PROBLEMS INDEX: CHILD IS DISOBEDIENT AT HOME
C5765100,0.08279905261647505,0.015266430454636439,0.0014290990230925896,C57651.00,MS-BPI-11,2012,behavioral/externalizing,BEHAVIOR PROBLEMS INDEX: CHILD DOES NOT SEEM TO FEEL SORRY AFTER
C5693600,0.08156680333402783,0.015255630587542535,0.004555859231163776,C56936.00,CSAS024A,2012,peer/neighborhood,CHILD SELF-ADMIN: HAS CHILD EVER SEEN STUDENT CARRY A WEAPON ON
C2797200,0.027888957356152145,0.01525125629232557,-0.0007250244501779417,C27972.00,ANTI2004,2004,behavioral/externalizing,BEHAVIOR PROBLEMS INDEX: ANTISOCIAL RAW SCORE
C3045500,0.10805800912805036,0.015164302179309488,-0.005795785976436851,C30455.00,CSAS040B,2004,prior delinquency/contact,CHILD SELF-ADMIN: HOW OFTEN IN LAST YEAR HURT SOMEONE BAD ENOUGH TO
C3987600,-0.03945821836732652,0.015066600103800063,0.0002791639239547492,C39876.00,ANTIPX2010,2010,behavioral/externalizing,BEHAVIOR PROBLEMS INDEX: ANTISOCIAL PERCENTILE SCORE - SAME SEX
C5190000,-0.046641649422095574,0.01493721457410553,0.0008925096195103737,C51900.00,MS-BPI-04,2010,behavioral/externalizing,BEHAVIOR PROBLEMS INDEX: CHILD CHEATS OR TELLS LIES
C2433100,0.023531684823781186,0.014760774807397677,0.0016425270851209662,C24331.00,MS2-06,2000,behavioral/externalizing,BEHAVIOR PROBLEMS INDEX: CHILD ARGUES TOO MUCH
C0732900,-0.053890395969787744,0.014695381275861568,0.000976684726336959,C07329.00,CS884247,1988,substance/risk behavior,CHILD SELF-ADMINISTERED: HAVE R DRUNK ALCOHOL IN PAST 3 MONTHS
C5675400,-0.054230067518611313,0.01431082279502534,0.0020865641307074253,C56754.00,SCHL-15,2012,school/achievement,SCHOOL: HOW OFTEN DOES TEACHER GIVE CHILD HOMEWORK
C1796600,-0.020242926976072474,0.014132300323844412,0.001441611161856571,C17966.00,ANTIPX1998,1998,behavioral/externalizing,BEHAVIOR PROBLEMS INDEX: ANTISOCIAL PERCENTILE SCORE - SAME SEX
Y1416200,0.19233958794568023,0.013894283096339612,-0.0023332316098884018,Y14162.00,YASR-60F,2002,school/achievement,HOW MANY TIMES IN LAST YEAR R DAMAGED SCHOOL PROPERTY ON PURPOSE
C1977900,0.017366268433665077,0.013678476236223066,0.0011538741379251522,C19779.00,MS984010,1998,behavioral/externalizing,BEHAVIOR PROBLEMS INDEX: CHILD IS DISOBEDIENT AT HOME
C1562500,-0.0219512339710334,0.013641712751690337,0.0012075804573758503,C15625.00,BPEXTR1996,1996,behavioral/externalizing,BEHAVIOR PROBLEMS INDEX: EXTERNAL SCORE TRICHOTOMOUS ITEMS
Y0966300,-0.03745354380710494,0.013602719839109566,-0.0009945640945442237,Y09663.00,YASR-61E,1998,prior delinquency/contact,YA SELF-REPORT: EVER IN LAST YEAR DAMAGED PROPERTY OF OTHERS ON
C3948700,-0.05812469897345343,0.013559262082484685,0.00053164327219337,C39487.00,MS-BPI-31,2008,behavioral/externalizing,BEHAVIOR PROBLEMS INDEX: CHILD IS DISOBEDIENT AT SCHOOL
Y2960000,0.2590573066335009,0.013502263733610095,-0.0009055995943041781,Y29600.00,YASR-67,2012,prior delinquency/contact,EVER/SINCE DATE OF LAST INTERVIEW R BEEN ON PROBATION?
Y0673400,0.06810887341085971,0.013436652274808204,-0.001512331605370886,Y06734.00,YASR-66D,1996,prior delinquency/contact,YASR: EVER BEEN REFERRED TO COURT-RELATED COUNSELING BY
Y2608200,0.20961657757991464,0.013379199238637222,-0.003563874127766476,Y26082.00,YASR-60C,2010,prior delinquency/contact,HOW MANY TIMES IN LAST YEAR R HURT SOMEONE BADLY ENOUGH TO NEED
Y2609900,0.19518733996590662,0.013328177531411248,0.0024901330819587235,Y26099.00,YASR-67,2010,prior delinquency/contact,EVER/SINCE DATE OF LAST INTERVIEW R BEEN ON PROBATION?
C3420900,0.02475066422139949,0.013213552674026052,0.0005290426173009997,C34209.00,MS-BPI-13,2006,behavioral/externalizing,BEHAVIOR PROBLEMS INDEX: CHILD IS IMPULSIVE OR ACTS WITHOUT
C5696000,0.1401675816637998,0.013133042713862085,0.0004856479463016846,C56960.00,CSAS040E,2012,school/achievement,CHILD SELF-ADMIN: HOW OFTEN IN LAST YEAR DAMAGED SCHOOL PROPERTY ON
Y2877903,0.08235690102067343,0.012937560402752953,0.0005490707009098543,Y28779.03,Q13-3F.01~000028,2012,behavioral/externalizing,BEHAVIOR PROBLEMS INDEX: CHILD HANGS AROUND WITH KIDS WHO GET INTO
C1562700,-0.0207639888759945,0.012864731318939619,0.0012227655631139938,C15627.00,BPEXTZ1996,1996,behavioral/externalizing,BEHAVIOR PROBLEMS INDEX: EXTERNAL STANDARD SCORE TRICHOTOMOUS ITEMS
C2497200,-0.02481377771194516,0.012801433678181531,0.0016776558578915476,C24972.00,BPEXTZ2000,2000,behavioral/externalizing,BEHAVIOR PROBLEMS INDEX: EXTERNAL STANDARD SCORE TRICHOTOMOUS ITEMS
C3870300,0.14875106340729635,0.012711105144486643,-0.0021113870184112458,C38703.00,CSAS040E,2008,school/achievement,CHILD SELF-ADMIN: HOW OFTEN IN LAST YEAR DAMAGED SCHOOL PROPERTY ON
Y2878501,-0.11922529368881098,0.01267946652785181,-0.0036983837667232105,Y28785.01,Q13-3G.01~000026,2012,behavioral/externalizing,BEHAVIOR PROBLEMS INDEX: CHILD IS DISOBEDIENT AT SCHOOL
C2740000,0.03662623015624527,0.012656255439490855,-7.706675912727372e-05,C27400.00,BPI-28,2002,behavioral/externalizing,BEHAVIOR PROBLEMS INDEX: CHILD HANGS AROUND WITH KIDS WHO GET INTO
Y1416800,0.13296082581394741,0.012465679995004628,0.0004609694813859039,Y14168.00,YASR-61B,2002,school/achievement,IN LAST YEAR R EVER GOTTEN INTO A PHYSICAL FIGHT AT SCHOOL OR WORK
C3012800,-0.03772441725456488,0.012313285040210365,-0.00213140070862016,C30128.00,BPI-31,2004,behavioral/externalizing,BEHAVIOR PROBLEMS INDEX: CHILD IS DISOBEDIENT AT SCHOOL
C6034500,0.20302924161903108,0.01226840640017213,0.00897925867775326,C60345.00,MS-BPI-31,2014,behavioral/externalizing,BEHAVIOR PROBLEMS INDEX: CHILD IS DISOBEDIENT AT SCHOOL
C2796900,0.024137232385059302,0.012201685094244352,-0.0016998447216844481,C27969.00,BPEXTP2004,2004,behavioral/externalizing,BEHAVIOR PROBLEMS INDEX: EXTERNAL PERCENTILE SCORE TRICHOTOMOUS
C5765900,-0.053810675515784535,0.012082571265975485,0.0007426494919610194,C57659.00,MS-BPI-19,2012,behavioral/externalizing,BEHAVIOR PROBLEMS INDEX: CHILD HAS STRONG TEMPER AND LOSES IT
Y3586303,0.05516359206190073,0.011849176066181417,0.003971582411674638,Y35863.03,Q13-3A.01~000004,2016,behavioral/externalizing,BEHAVIOR PROBLEMS INDEX: CHILD CHEATS OR TELLS LIES
C5807500,-0.08872243755080106,0.011777278128281266,0.0005951694356884868,C58075.00,BPEXTZ2014,2014,behavioral/externalizing,BEHAVIOR PROBLEMS INDEX: EXTERNAL STANDARD SCORE TRICHOTOMOUS ITEMS
C2497700,-0.01871362188092797,0.011749574900915423,0.0009853379374518913,C24977.00,ANTIZX2000,2000,behavioral/externalizing,BEHAVIOR PROBLEMS INDEX: ANTISOCIAL STANDARD SCORE - SAME SEX
C2525000,-0.1406049807527107,0.011715030500209238,-0.0019577892649199455,C25250.00,BPMIS22002,2002,behavioral/externalizing,BEHAVIOR PROBLEMS INDEX: EXTERNAL RAW SCORE TRICHOTOMOUS ITEMS -
C0574100,0.03342322906097725,0.011688291513236958,0.0004060792154921481,C05741.00,ANTIP1986,1986,behavioral/externalizing,BEHAVIOR PROBLEMS INDEX: ANTISOCIAL PERCENTILE SCORE - ALL CHILDREN
C1197415,-0.019886624531787064,0.011672534908994028,0.0018809324931495744,C11974.15,BPEXTP1992,1992,behavioral/externalizing,BEHAVIOR PROBLEMS INDEX: EXTERNAL PERCENTILE SCORE TRICHOTOMOUS
C3987700,-0.030255053820320604,0.01165721456798027,0.0003350176254138534,C39877.00,ANTIP2010,2010,behavioral/externalizing,BEHAVIOR PROBLEMS INDEX: ANTISOCIAL PERCENTILE SCORE - ALL CHILDREN
C1504700,-0.020287395248438953,0.011633622196372614,0.0006171976765309864,C15047.00,ANTIZX1994,1994,behavioral/externalizing,BEHAVIOR PROBLEMS INDEX: ANTISOCIAL STANDARD SCORE - SAME SEX
C3924800,-0.03357207672052915,0.011529299645694735,-0.0007150673365923624,C39248.00,MS-HOME-D02F,2008,family/home,HOME PART D (10-14 YRS): HOW OFTEN CHILD EXPECTED TO HELP MANAGE
C3609300,-0.02657910743481582,0.011522284600444601,-0.00029379071998535757,C36093.00,ANTIZ2008,2008,behavioral/externalizing,BEHAVIOR PROBLEMS INDEX: ANTISOCIAL STANDARD SCORE - ALL CHILDREN
C0944900,-0.056476927650378705,0.01137128098633638,0.0009819750618137457,C09449.00,CS906663,1990,substance/risk behavior,CHILD SELF-ADMINISTERED: R USED MARIJUANA IN THE PAST 3 MONTHS
Y3030900,0.11146227886645203,0.011349050253586809,0.0012935665967544734,Y30309.00,Q4-5AA,2014,school/achievement,HAS R EVER SEEN A STUDENT CARRY A WEAPON ON SCHOOL PROPERTY
C1140100,0.028083287802423727,0.011321839718696255,0.0009456277871917847,C11401.00,CS926859,1992,substance/risk behavior,CHILD SELF-ADMINISTERED: CHILD'S AGE WHEN FIRST DRANK ALCOHOL
Y2674500,-0.14136007587270555,0.01128644493554302,-0.002460433046297841,Y26745.00,Q4-5AA,2012,school/achievement,HAS R EVER SEEN A STUDENT CARRY A WEAPON ON SCHOOL PROPERTY
C5530700,0.05314496572990596,0.011211150529641205,0.00037450709472532556,C55307.00,BPEXTR2012,2012,behavioral/externalizing,BEHAVIOR PROBLEMS INDEX: EXTERNAL SCORE TRICHOTOMOUS ITEMS
C1503300,-0.01922403181551538,0.011176341557165745,0.0005703973123403686,C15033.00,ANTIZ1994,1994,behavioral/externalizing,BEHAVIOR PROBLEMS INDEX: ANTISOCIAL STANDARD SCORE - ALL CHILDREN
C0797104,-0.02241495858883522,0.011013507519790364,0.0006154852441559656,C07971.04,BPEXTR1988,1988,behavioral/externalizing,BEHAVIOR PROBLEMS INDEX: EXTERNAL SCORE TRICHOTOMOUS ITEMS
C6031900,0.05111116296686015,0.010995536927679092,0.0007016248528607523,C60319.00,MS-BPI-06,2014,behavioral/externalizing,BEHAVIOR PROBLEMS INDEX: CHILD ARGUES TOO MUCH
C0733000,-0.10274752728739404,0.01092223506127534,-0.00017899602799076677,C07330.00,CS884248,1988,substance/risk behavior,CHILD SELF-ADMINISTERED: R'S AGE WHEN FIRST DRANK ALCOHOL
C2497400,-0.018878350331822637,0.010902384518392797,0.0010784890175690874,C24974.00,ANTI2000,2000,behavioral/externalizing,BEHAVIOR PROBLEMS INDEX: ANTISOCIAL RAW SCORE
C1795900,-0.018210597305611337,0.010848116835704458,0.0011996989911237919,C17959.00,ANTIZ1998,1998,behavioral/externalizing,BEHAVIOR PROBLEMS INDEX: ANTISOCIAL STANDARD SCORE - ALL CHILDREN
C5806900,-0.08100286053295148,0.010429251922976463,0.0007595817349950729,C58069.00,BPEXTR2014,2014,behavioral/externalizing,BEHAVIOR PROBLEMS INDEX: EXTERNAL SCORE TRICHOTOMOUS ITEMS
C0565200,-0.02187952193570801,0.010276435912716353,0.0005481926751514436,C05652.00,MS860530,1986,behavioral/externalizing,BEHAVIOR PROBLEMS INDEX: CHILD IS IMPULSIVE OR ACTS WITHOUT
C2435300,-0.02809929483428786,0.010271431514440378,0.00027789300629033054,C24353.00,MS2-28,2000,behavioral/externalizing,BEHAVIOR PROBLEMS INDEX: CHILD HANGS AROUND WITH KIDS WHO GET INTO
C3104900,-0.02266776362424528,0.010244790709731777,0.00043764450905043906,C31049.00,BPEXTP2006,2006,behavioral/externalizing,BEHAVIOR PROBLEMS INDEX: EXTERNAL PERCENTILE SCORE TRICHOTOMOUS
C5531200,-0.039502637596261644,0.01017341902967906,-0.0003507275825548295,C55312.00,BPEXTP2012,2012,behavioral/externalizing,BEHAVIOR PROBLEMS INDEX: EXTERNAL PERCENTILE SCORE TRICHOTOMOUS
C5190600,-0.02656371259938897,0.01010137287681871,-0.00016716849687357327,C51906.00,MS-BPI-10,2010,behavioral/externalizing,BEHAVIOR PROBLEMS INDEX: CHILD IS DISOBEDIENT AT HOME
Y2876800,0.0409096785164407,0.01004825758457502,0.0005938654347590606,Y28768.00,Q13-3D.02~000013,2012,behavioral/externalizing,BEHAVIOR PROBLEMS INDEX: CHILD IS IMPULSIVE OR ACTS WITHOUT
Y0971000,0.09907430616359819,0.0100338374850256,-0.0017161854011682551,Y09710.00,YASR-66F,1998,prior delinquency/contact,YA SELF-REPORT: AGE WHEN FIRST REFERRED TO COURT-RELATED COUNSELING
Y1941500,0.12128561208242102,0.009970459375927231,-0.0001433195814097754,Y19415.00,YASR-61B,2006,school/achievement,IN LAST YEAR R EVER GOTTEN INTO A PHYSICAL FIGHT AT SCHOOL OR WORK
C1196900,-0.01792560390941382,0.009932337697938321,0.0008204990340882381,C11969.00,ANTIZX1992,1992,behavioral/externalizing,BEHAVIOR PROBLEMS INDEX: ANTISOCIAL STANDARD SCORE - SAME SEX
C0942400,-0.038260569585120065,0.009849199333589482,-0.0013962507220722225,C09424.00,CS906613,1990,prior delinquency/contact,CHILD SELF-ADMINISTERED: HURT SOMEONE BAD ENOUGH TO NEED A DOCTOR
Y0968400,0.0604203804440454,0.009842763879117507,-0.0018974804661964263,Y09684.00,YASR-65A~000001,1998,prior delinquency/contact,YA SELF-REPORT: EVER CONVICTED OF ASSAULT?
C3986700,-0.03418964682549956,0.009588665014489094,0.0006370893765025391,C39867.00,BPEXTR2010,2010,behavioral/externalizing,BEHAVIOR PROBLEMS INDEX: EXTERNAL SCORE TRICHOTOMOUS ITEMS
Y1942300,0.04861984467689806,0.009563924327926403,-0.0007944633519199389,Y19423.00,YASR-67,2006,prior delinquency/contact,EVER/SINCE DATE OF LAST INTERVIEW R BEEN ON PROBATION?
C2797300,0.014835243039247067,0.009558392322564249,-0.0003880591769296068,C27973.00,ANTIPX2004,2004,behavioral/externalizing,BEHAVIOR PROBLEMS INDEX: ANTISOCIAL PERCENTILE SCORE - SAME SEX
C1979700,0.02078793599586354,0.009474816950472037,0.000165778127878153,C19797.00,MS984028,1998,behavioral/externalizing,BEHAVIOR PROBLEMS INDEX: CHILD HANGS AROUND WITH KIDS WHO GET INTO
C0945200,0.06036347022775592,0.009474399101879465,-0.0004463378475764839,C09452.00,CS906669,1990,substance/risk behavior,CHILD SELF-ADMINISTERED: USED OTHER DRUGS IN THE PAST 3 MONTHS
Y0671000,-0.1062433626458644,0.009474074117649106,-0.0008672751454722341,Y06710.00,YASR-65A~000001,1996,prior delinquency/contact,YA SELF-REPORT: EVER CONVICTED OF ASSAULT?
Y3586305,0.03494844937520139,0.009356724588018273,0.0005592183742137135,Y35863.05,Q13-3A.01~000006,2016,behavioral/externalizing,BEHAVIOR PROBLEMS INDEX: CHILD ARGUES TOO MUCH
C1182600,0.014766790109746807,0.009324434281951328,0.0008749143511163311,C11826.00,MS921334,1992,behavioral/externalizing,BEHAVIOR PROBLEMS INDEX: CHILD ARGUES TOO MUCH
Y2345000,0.09795283898031601,0.009292644025442597,0.0018194228138259589,Y23450.00,Q4-5AA,2010,school/achievement,HAS R EVER SEEN A STUDENT CARRY A WEAPON ON SCHOOL PROPERTY
C1558800,-0.015036869251542608,0.009124601536321213,0.0006141284588581227,C15588.00,ANTI1996,1996,behavioral/externalizing,BEHAVIOR PROBLEMS INDEX: ANTISOCIAL RAW SCORE
C1532700,-0.012684453083119723,0.00911826410506507,-0.0002234636984339109,C15327.00,CS96H-22,1996,health,HEALTH: CHILD HEIGHT - FEET
Y3249001,-0.10407266199076819,0.009028636528493757,-0.0006007891205869582,Y32490.01,Q13-3G.02~000026,2014,behavioral/externalizing,BEHAVIOR PROBLEMS INDEX: CHILD IS DISOBEDIENT AT SCHOOL
C2796300,0.0478175604411576,0.009001264358887913,0.0010569917453082777,C27963.00,BPMIS22004,2004,behavioral/externalizing,BEHAVIOR PROBLEMS INDEX: EXTERNAL RAW SCORE TRICHOTOMOUS ITEMS -
C3608100,0.024017222658691297,0.00887473134927446,-0.0004269182410485471,C36081.00,BPEXTR2008,2008,behavioral/externalizing,BEHAVIOR PROBLEMS INDEX: EXTERNAL SCORE TRICHOTOMOUS ITEMS
C0576705,0.023611767282981137,0.008841658778687114,-0.0003208075614223137,C05767.05,BPEXTP1986,1986,behavioral/externalizing,BEHAVIOR PROBLEMS INDEX: EXTERNAL PERCENTILE SCORE TRICHOTOMOUS
Y2875603,0.04138474126042753,0.008715871155032657,-0.00040936999177874125,Y28756.03,Q13-3A.02~000004,2012,behavioral/externalizing,BEHAVIOR PROBLEMS INDEX: CHILD CHEATS OR TELLS LIES
C3987300,-0.02999720505283672,0.008617868967453467,0.0006930012365640627,C39873.00,BPEXTZ2010,2010,behavioral/externalizing,BEHAVIOR PROBLEMS INDEX: EXTERNAL STANDARD SCORE TRICHOTOMOUS ITEMS
Y1176802,0.17248510169127587,0.008612510095666026,-0.005817396680828581,Y11768.02,YASR-65A~000003,2000,prior delinquency/contact,CHARGES R MOST RECENTLY CONVICTED OF - THEFT
Y0672800,0.09259361354649659,0.008579555936469736,-0.0010793044781486473,Y06728.00,YASR-66,1996,prior delinquency/contact,YASR: EVER BEEN SENTENCED TO A CORRECTIONS INSTITUTION/JAIL/REFORM
C0732800,-0.03766478703142368,0.008563567682628455,-0.0009415658793316408,C07328.00,CS884246,1988,substance/risk behavior,CHILD SELF-ADMINISTERED: HAVE YOU EVER DRUNK ALCOHOL
C1927700,0.04230819968018631,0.008559134452012907,0.000435858229369161,C19277.00,CS98040E,1998,school/achievement,CHILD SELF-ADMIN: HOW OFTEN IN LAST YEAR DAMAGED SCHOOL PROPERTY ON
Y1668200,0.1380548914632053,0.008489555606094778,-0.004015588231315348,Y16682.00,YASR-61B,2004,school/achievement,IN LAST YEAR R EVER GOTTEN INTO A PHYSICAL FIGHT AT SCHOOL OR WORK
Y0968800,-0.09875496655926565,0.008339589622591712,0.0028649866080613776,Y09688.00,YASR-65A~000005,1998,prior delinquency/contact,YA SELF-REPORT: EVER CONVICTED OF DESTRUCTION OF PROPERTY?
Y0954700,0.017219771598193764,0.00824689089892628,-0.0006771281268207212,Y09547.00,YASR-24A,1998,substance/risk behavior,YA SELF-REPORT:  HAVE YOU EVER USED MARIJUANA
Y0376500,0.053104125483533174,0.00818069826136975,-0.0035320336349870043,Y03765.00,YASR-61O,1994,prior delinquency/contact,YA SELF-REPORT: HAVE YOU EVER IN LAST YEAR HURT SOMEONE ENOUGH TO
C0997104,0.014814630268118134,0.008171312513456274,-0.0004255497558543573,C09971.04,BPEXTR1990,1990,behavioral/externalizing,BEHAVIOR PROBLEMS INDEX: EXTERNAL SCORE TRICHOTOMOUS ITEMS
C0574800,0.021686053357265,0.008115223135810465,-0.0001280737022650164,C05748.00,ANTIZ1986,1986,behavioral/externalizing,BEHAVIOR PROBLEMS INDEX: ANTISOCIAL STANDARD SCORE - ALL CHILDREN
C5531500,0.031869772864071104,0.007972954606315025,0.0005042620116653636,C55315.00,ANTI2012,2012,behavioral/externalizing,BEHAVIOR PROBLEMS INDEX: ANTISOCIAL RAW SCORE
Y2019900,0.036289657742938915,0.007967731077026521,0.0006179915970292311,Y20199.00,Q4-5AA,2008,school/achievement,HAS R EVER SEEN A STUDENT CARRY A WEAPON ON SCHOOL PROPERTY
S0013300,-0.023036018084386718,0.007939501065721537,7.219328979698082e-05,S00133.00,C1Q59,1995,school/achievement,SCHOOLING #1: AMOUNT OF HOMEWORK ASSIGNED AT GRADE LEVEL
C1588500,0.023586743074967692,0.007939326146429063,-0.00013738119172732315,C15885.00,CS960817,1996,prior delinquency/contact,CHILD SELF-ADMIN: HOW OFTEN IN LAST YEAR HURT SOMEONE BAD ENOUGH TO
C0576200,0.02265412286205943,0.00788731238444479,5.0896974253099373e-05,C05762.00,ANTIZX1986,1986,behavioral/externalizing,BEHAVIOR PROBLEMS INDEX: ANTISOCIAL STANDARD SCORE - SAME SEX
C2525600,0.014074923591156682,0.007753484221992434,-0.0009048460160700382,C25256.00,BPEXTP2002,2002,behavioral/externalizing,BEHAVIOR PROBLEMS INDEX: EXTERNAL PERCENTILE SCORE TRICHOTOMOUS
Y3589401,-0.13620728325049067,0.007726023804106193,0.0010964402961668339,Y35894.01,Q13-3G.02~000026,2016,behavioral/externalizing,BEHAVIOR PROBLEMS INDEX: CHILD IS DISOBEDIENT AT SCHOOL
C2740400,0.02230596534638346,0.00772404394811108,0.0020450032558174537,C27404.00,BPI-31,2002,behavioral/externalizing,BEHAVIOR PROBLEMS INDEX: CHILD IS DISOBEDIENT AT SCHOOL
C2797400,-0.012006283396348896,0.007685743618925671,0.00027244625425720565,C27974.00,ANTIP2004,2004,behavioral/externalizing,BEHAVIOR PROBLEMS INDEX: ANTISOCIAL PERCENTILE SCORE - ALL CHILDREN
C1933400,0.052222716917285916,0.007680509023583161,-0.0008076191673473711,C19334.00,CS98063,1998,substance/risk behavior,CHILD SELF-ADMIN: CHILD'S AGE WHEN FIRST USED MARIJUANA
C2497800,0.011769208654202465,0.007627458968031479,-0.0004992453368665202,C24978.00,ANTIZ2000,2000,behavioral/externalizing,BEHAVIOR PROBLEMS INDEX: ANTISOCIAL STANDARD SCORE - ALL CHILDREN
Y1739100,0.02996400577395769,0.0075991570130121856,0.0007875621217718695,Y17391.00,Q4-5AA,2006,school/achievement,HAS R EVER SEEN A STUDENT CARRY A WEAPON ON SCHOOL PROPERTY
Y3326400,0.15567166324876253,0.007571348872122979,-1.753438830969864e-06,Y33264.00,YASR-67,2014,prior delinquency/contact,EVER/SINCE DATE OF LAST INTERVIEW R BEEN ON PROBATION?
Y1489400,-0.10326417066667967,0.007554367077638324,0.0013293572188787016,Y14894.00,Q4-5AB,2004,school/achievement,IN LAST SCHOOL YEAR HOW OFTEN HAS R SEEN A STUDENT CARRY A WEAPON
Y1176806,0.15473578002453559,0.007525830643266732,-1.7428973235903851e-06,Y11768.06,YASR-65A~000007,2000,substance/risk behavior,CHARGES R MOST RECENTLY CONVICTED OF - POSSESSION OF MARIJUANA OR
Y1177300,-0.05803814406034092,0.007514832497602687,-0.0018885340037123931,Y11773.00,YASR-69B,2000,socioeconomic/work,WAS ANY OF VOLUNTEER WORK R HAS DONE COURT ORDERED?
C1370500,-0.06214900965244607,0.007408759873975801,-0.0003635135089436784,C13705.00,CS942649,1994,substance/risk behavior,CHILD SELF-ADMIN: CHILD'S AGE WHEN FIRST USED MARIJUANA
C1140600,0.03471897524768639,0.007408385306779446,-0.00019436914795040782,C11406.00,CS926869,1992,substance/risk behavior,CHILD SELF-ADMINISTERED: HAS CHILD USED OTHER DRUGS IN THE PAST 3
C0565000,0.01385445834630408,0.007337233931241721,-0.00010020923018430108,C05650.00,MS860528,1986,behavioral/externalizing,BEHAVIOR PROBLEMS INDEX: CHILD DOES NOT SEEM TO FEEL SORRY AFTER
Y3671600,0.16613469811262369,0.00731642703937149,-0.0019308927954744006,Y36716.00,YASR-67,2016,prior delinquency/contact,EVER/SINCE DATE OF LAST INTERVIEW R BEEN ON PROBATION?
Y3587004,-0.04436602545498268,0.007292406995247412,0.00036840515487688305,Y35870.04,Q13-3C.02~000011,2016,behavioral/externalizing,BEHAVIOR PROBLEMS INDEX: CHILD DOES NOT SEEM TO FEEL SORRY AFTER
S0063200,0.03328068986089758,0.007189730192483044,0.0006296382684262998,S00632.00,P2Q38O,1995,school/achievement,PRINCIPAL #2: SCHOOL PROBLEM - DEGREE OF POSSESSION OF WEAPONS
Y1668802,0.19678865144349605,0.007076026661161404,-0.003886409942922257,Y16688.02,YASR-65A~000003,2004,prior delinquency/contact,CHARGES R MOST RECENTLY CONVICTED OF - THEFT
C1137500,-0.03541549625922241,0.0070265601865584105,0.0005703400364197383,C11375.00,CS926768,1992,school/achievement,CHILD SELF-ADMIN: HOW OFTEN IN LAST YEAR DAMAGED SCHOOL PROPERTY ON
Y1667600,0.09426903450042261,0.006984658270618195,-0.0008778648404641848,Y16676.00,YASR-60F,2004,school/achievement,HOW MANY TIMES IN LAST YEAR R DAMAGED SCHOOL PROPERTY ON PURPOSE
C1563200,0.039443891339911406,0.006971916424532905,0.0006879469029086103,C15632.00,BPMIS21996,1996,behavioral/externalizing,BEHAVIOR PROBLEMS INDEX: EXTERNAL RAW SCORE TRICHOTOMOUS ITEMS -
Y0672100,-0.10183448638266848,0.006953668785923108,0.0012991694208756147,Y06721.00,YASR-65A~000012,1996,substance/risk behavior,YASR: EVER CONVICTED OF DRINKING/PURCHASING ALCOHOL WHILE UNDER
C1140300,-0.028040924690189907,0.006835561348874117,6.995432143010904e-05,C11403.00,CS926863,1992,substance/risk behavior,CHILD SELF-ADMINISTERED: HAS CHILD USED MARIJUANA IN THE PAST 3
C5807900,0.03694228215553069,0.006830462956081093,-0.0006178633871639182,C58079.00,ANTIP2014,2014,behavioral/externalizing,BEHAVIOR PROBLEMS INDEX: ANTISOCIAL PERCENTILE SCORE - ALL CHILDREN
Y3589301,-0.07113944245614812,0.006802676497364662,-0.0015258194179877656,Y35893.01,Q13-3G.01~000026,2016,behavioral/externalizing,BEHAVIOR PROBLEMS INDEX: CHILD IS DISOBEDIENT AT SCHOOL
C3987800,-0.018399077249841318,0.006653214166741907,0.00013877949453448742,C39878.00,ANTIZX2010,2010,behavioral/externalizing,BEHAVIOR PROBLEMS INDEX: ANTISOCIAL STANDARD SCORE - SAME SEX
C5192800,0.03840433623233062,0.006611223678152563,-0.00023589017570951407,C51928.00,MS-BPI-31,2010,behavioral/externalizing,BEHAVIOR PROBLEMS INDEX: CHILD IS DISOBEDIENT AT SCHOOL
C0731000,0.06727266588532847,0.006588500546032616,0.0005628001111971037,C07310.00,CS884224,1988,school/achievement,CHILD SELF-ADMINISTERED: DAMAGED SCHOOL PROPERTY ON PURPOSE
Y0379700,-0.03696427944855433,0.006582261244602168,0.0006052341410747261,Y03797.00,YASR-66D,1994,prior delinquency/contact,YASR: EVER BEEN REFERRED TO COURT-RELATED COUNSELING BY
Y2939300,-0.016986939272341253,0.006576556899176164,-0.0003870080054596866,Y29393.00,Q16-11D,2012,other,TREATMENT BY OTHERS:  HOW OFTEN PEOPLE HAVE ACTED AS IF THEY THINK
C3946100,0.01498585258857738,0.00657353887600038,0.0003021881253942797,C39461.00,MS-BPI-06,2008,behavioral/externalizing,BEHAVIOR PROBLEMS INDEX: CHILD ARGUES TOO MUCH
Y0968000,0.07484811952688748,0.0064904672043519275,-0.00019284238767245033,Y09680.00,YASR-63,1998,prior delinquency/contact,YA SELF-REPORT: NUMBER OF TIMES BEEN CONVICTED OF SOMETHING
C1183100,-0.008848922846292389,0.006383807534829977,-1.645427819207355e-05,C11831.00,MS921343,1992,behavioral/externalizing,BEHAVIOR PROBLEMS INDEX: CHILD DOES NOT SEEM TO FEEL SORRY AFTER
Y0668900,-0.0226407096099296,0.006371962545022311,-1.7130997187814697e-05,Y06689.00,YASR-61E,1996,prior delinquency/contact,YA SELF-REPORT: EVER IN LAST YEAR DAMAGED PROPERTY OF OTHERS ON
Y2256600,0.06111068493709626,0.006358567395648381,0.002553342852833466,Y22566.00,YASR-60C,2008,prior delinquency/contact,HOW MANY TIMES IN LAST YEAR R HURT SOMEONE BADLY ENOUGH TO NEED
C3105500,0.011707510057709094,0.006302401968765545,-6.922498836777327e-05,C31055.00,ANTIZX2006,2006,behavioral/externalizing,BEHAVIOR PROBLEMS INDEX: ANTISOCIAL STANDARD SCORE - SAME SEX
Y0971600,-0.07544041661856248,0.006285600815161113,-0.0010504353189071712,Y09716.00,YASR-69B,1998,socioeconomic/work,YA SELF-REPORT: WAS VOLUNTEER WORK COURT ORDERED?
Y1739200,-0.0810772638891584,0.006279153382336115,-0.00028218863247634176,Y17392.00,Q4-5AB,2006,school/achievement,IN LAST SCHOOL YEAR HOW OFTEN HAS R SEEN A STUDENT CARRY A WEAPON
C3105200,0.01251739034829675,0.006246299451792667,2.305384947262013e-05,C31052.00,ANTI2006,2006,behavioral/externalizing,BEHAVIOR PROBLEMS INDEX: ANTISOCIAL RAW SCORE
C1592600,-0.05193607569658271,0.006208340753837286,-0.0028474786587752475,C15926.00,CS960945,1996,substance/risk behavior,CHILD SELF-ADMIN: CHILD'S AGE WHEN FIRST USED MARIJUANA
C5530600,0.16676221683000167,0.006181303488087146,-0.0007754794473207755,C55306.00,BPMIS22012,2012,behavioral/externalizing,BEHAVIOR PROBLEMS INDEX: EXTERNAL RAW SCORE TRICHOTOMOUS ITEMS -
C0984800,-0.009276675512341626,0.00614505101651023,-5.809056640664109e-05,C09848.00,MS901343,1990,behavioral/externalizing,BEHAVIOR PROBLEMS INDEX: CHILD DOES NOT SEEM TO FEEL SORRY AFTER
C3105300,0.010854651581726956,0.006080992464184169,-0.00012429493107350332,C31053.00,ANTIPX2006,2006,behavioral/externalizing,BEHAVIOR PROBLEMS INDEX: ANTISOCIAL PERCENTILE SCORE - SAME SEX
C0566600,-0.017705399153536583,0.00607222413757107,-0.0006319467570931697,C05666.00,MS860544,1986,behavioral/externalizing,BEHAVIOR PROBLEMS INDEX: CHILD IS DISOBEDIENT AT SCHOOL
Y3587500,0.019015454321807897,0.005951133284372415,0.0004018712501419882,Y35875.00,Q13-3D.01~000013,2016,behavioral/externalizing,BEHAVIOR PROBLEMS INDEX: CHILD IS IMPULSIVE OR ACTS WITHOUT
C0944600,-0.016601257136018094,0.005782462292866116,0.00019749773441936108,C09446.00,CS906657,1990,substance/risk behavior,CHILD SELF-ADMINISTERED: HAVE R DRUNK ALCOHOL IN THE PAST 3 MONTHS
C1137200,-0.01785524016281636,0.005738668858548661,0.00028012703486300536,C11372.00,CS926762,1992,prior delinquency/contact,CHILD SELF-ADMIN: HOW OFTEN IN LAST YEAR HURT SOMEONE BAD ENOUGH TO
C3609200,-0.013290368469864845,0.005723255091213378,-0.00019110005516244515,C36092.00,ANTIZX2008,2008,behavioral/externalizing,BEHAVIOR PROBLEMS INDEX: ANTISOCIAL STANDARD SCORE - SAME SEX
C3105400,0.010174525379070773,0.005717319412418931,-8.782385483707106e-05,C31054.00,ANTIP2006,2006,behavioral/externalizing,BEHAVIOR PROBLEMS INDEX: ANTISOCIAL PERCENTILE SCORE - ALL CHILDREN
C1798400,-0.009418574276146898,0.00560836264157557,0.0005877908853588033,C17984.00,BPEXTZ1998,1998,behavioral/externalizing,BEHAVIOR PROBLEMS INDEX: EXTERNAL STANDARD SCORE TRICHOTOMOUS ITEMS
C3040300,0.015522471064693497,0.005518451069506145,0.0005438058159686744,C30403.00,CSAS024A,2004,peer/neighborhood,CHILD SELF-ADMIN: HAS CHILD EVER SEEN STUDENT CARRY A WEAPON ON
C0733200,-0.061679023059406576,0.005500123691649291,-0.0005034920051875253,C07332.00,CS884251,1988,substance/risk behavior,CHILD SELF-ADMINISTERED: R USED MARIJUANA IN THE PAST 3 MONTHS
C1910300,-0.011269539873627492,0.00545749895981913,-0.00019833263893996115,C19103.00,CS98005A,1998,family/home,CHILD SELF-ADMIN: HOW MUCH SAY IN RULES ABOUT WATCHING TV
Y0968500,-0.09229832822058347,0.005454148900335237,-0.0009664757054493416,Y09685.00,YASR-65A~000002,1998,prior delinquency/contact,YA SELF-REPORT: EVER CONVICTED OF ROBBERY?
C5807700,-0.037088498473976564,0.005454099128872376,0.0003563901620808801,C58077.00,ANTI2014,2014,behavioral/externalizing,BEHAVIOR PROBLEMS INDEX: ANTISOCIAL RAW SCORE
C1560200,-0.009076807152283452,0.0054104875970449615,0.0004320311713221822,C15602.00,ANTIZ1996,1996,behavioral/externalizing,BEHAVIOR PROBLEMS INDEX: ANTISOCIAL STANDARD SCORE - ALL CHILDREN
C6032300,-0.03147675825392093,0.00535208721158614,-3.3894217506374224e-05,C60323.00,MS-BPI-10,2014,behavioral/externalizing,BEHAVIOR PROBLEMS INDEX: CHILD IS DISOBEDIENT AT HOME
C0112600,-0.007193892509753423,0.005337521129882919,0.0002696327111755369,C01126.00,NHCHLD1986,1986,family/home,NUMBER OF MEMBERS UNDER 18 IN HH OF MOTHER
C3105000,-0.01248996219906295,0.005232536928283967,0.00020384382685935181,C31050.00,BPEXTZ2006,2006,behavioral/externalizing,BEHAVIOR PROBLEMS INDEX: EXTERNAL STANDARD SCORE TRICHOTOMOUS ITEMS
C3608600,-0.012429899061116316,0.005140082236308864,0.00016353589137967696,C36086.00,BPEXTP2008,2008,behavioral/externalizing,BEHAVIOR PROBLEMS INDEX: EXTERNAL PERCENTILE SCORE TRICHOTOMOUS
C5766800,0.054860112321042265,0.005137791156542221,-0.00286276815456481,C57668.00,MS-BPI-28,2012,behavioral/externalizing,BEHAVIOR PROBLEMS INDEX: CHILD HANGS AROUND WITH KIDS WHO GET INTO
C0797106,-0.0109369705977125,0.005099602983368111,0.00036516882907530984,C07971.06,BPEXTZ1988,1988,behavioral/externalizing,BEHAVIOR PROBLEMS INDEX: EXTERNAL STANDARD SCORE TRICHOTOMOUS ITEMS
Y2258700,-0.06751175581102647,0.00499793420829701,-0.002661385718671266,Y22587.00,YASR-69B,2008,socioeconomic/work,WAS ANY OF VOLUNTEER WORK R HAS DONE COURT ORDERED?
Y1176800,0.08397414560231468,0.00485801652604353,0.0019469871680252286,Y11768.00,YASR-65A~000001,2000,prior delinquency/contact,CHARGES R MOST RECENTLY CONVICTED OF - ASSAULT
Y0970800,0.017638170122801257,0.0047760490573734195,0.00032076659463901527,Y09708.00,YASR-66D,1998,prior delinquency/contact,YASR: EVER BEEN REFERRED TO COURT-RELATED COUNSELING BY
Y0969700,0.051138668794775057,0.004673773824370839,0.0011279037833678287,Y09697.00,YASR-65B,1998,prior delinquency/contact,YA SELF-REPORT: EVER BEEN CONVICTED OF ANYTHING IN ADULT COURT?
Y0969500,-0.06204567761662916,0.004599930837643525,-0.0005781410334591507,Y09695.00,YASR-65A~000012,1998,substance/risk behavior,YASR: EVER CONVICTED OF DRINKING/PURCHASING ALCOHOL WHILE UNDER
C1196200,0.007001431752590419,0.004576175424920378,-0.0002042940754474061,C11962.00,ANTIPX1992,1992,behavioral/externalizing,BEHAVIOR PROBLEMS INDEX: ANTISOCIAL PERCENTILE SCORE - SAME SEX
C0795200,-0.00977816948637239,0.004558282675921483,0.00016610312515305086,C07952.00,ANTIZ1988,1988,behavioral/externalizing,BEHAVIOR PROBLEMS INDEX: ANTISOCIAL STANDARD SCORE - ALL CHILDREN
Y0375200,0.019881978624215584,0.004529736669850675,-0.0005756249983533318,Y03752.00,YASR-61E,1994,prior delinquency/contact,YA SELF-REPORT: EVER IN LAST YEAR DAMAGED PROPERTY OF OTHERS ON
C5531700,0.014809843616092354,0.004437187687343047,0.00012827126034973017,C55317.00,ANTIP2012,2012,behavioral/externalizing,BEHAVIOR PROBLEMS INDEX: ANTISOCIAL PERCENTILE SCORE - ALL CHILDREN
C0944700,0.013632925755700947,0.0043890231260919664,-0.00020742316903186924,C09447.00,CS906659,1990,substance/risk behavior,CHILD SELF-ADMINISTERED: R'S AGE WHEN FIRST DRANK ALCOHOL
Y2020000,0.07412299142577529,0.004371583629180786,0.0016278236599101988,Y20200.00,Q4-5AB,2008,school/achievement,IN LAST SCHOOL YEAR HOW OFTEN HAS R SEEN A STUDENT CARRY A WEAPON
C2739100,0.007456836204462259,0.004361622150192112,0.0001103302789544651,C27391.00,BPI-19,2002,behavioral/externalizing,BEHAVIOR PROBLEMS INDEX: CHILD HAS STRONG TEMPER AND LOSES IT
Y3248303,-0.02922055135919923,0.0043460403415719025,-0.0007447182547851035,Y32483.03,Q13-3F.01~000028,2014,behavioral/externalizing,BEHAVIOR PROBLEMS INDEX: CHILD HANGS AROUND WITH KIDS WHO GET INTO
C5807800,0.02206887103569183,0.00416563627330187,-0.00047164599950698117,C58078.00,ANTIPX2014,2014,behavioral/externalizing,BEHAVIOR PROBLEMS INDEX: ANTISOCIAL PERCENTILE SCORE - SAME SEX
C3945900,0.01066986092981312,0.004134620190918422,-0.00036814497964879843,C39459.00,MS-BPI-04,2008,behavioral/externalizing,BEHAVIOR PROBLEMS INDEX: CHILD CHEATS OR TELLS LIES
Y2876204,-0.02519134519035959,0.004103050593021922,-0.0003138467663606564,Y28762.04,Q13-3C.02~000011,2012,behavioral/externalizing,BEHAVIOR PROBLEMS INDEX: CHILD DOES NOT SEEM TO FEEL SORRY AFTER
C5121900,-0.23561660776237864,0.0040951319300308485,-0.0028192215545610392,C51219.00,CSAS056B,2010,substance/risk behavior,CHILD SELF-ADMIN: CHILD'S AGE WHEN FIRST DRANK ALCOHOL
Y3246003,-0.01677148766771046,0.004089468006643951,0.000947878936630421,Y32460.03,Q13-3A.02~000004,2014,behavioral/externalizing,BEHAVIOR PROBLEMS INDEX: CHILD CHEATS OR TELLS LIES
C6100500,0.12486656394183165,0.0040532456016047404,0.002029786652529555,C61005.00,MS-BPI-11,2016,behavioral/externalizing,BEHAVIOR PROBLEMS INDEX: CHILD DOES NOT SEEM TO FEEL SORRY AFTER
Y1417900,-0.14416969342150168,0.00401885422482557,0.00401885422482557,Y14179.00,YASR-69B,2002,socioeconomic/work,WAS ANY OF VOLUNTEER WORK R HAS DONE COURT ORDERED?
C2472600,-0.05499227026753054,0.0040171969835721,-0.001344237995623047,C24726.00,CSAS063,2000,substance/risk behavior,CHILD SELF-ADMIN: CHILD'S AGE WHEN FIRST USED MARIJUANA
C2796400,0.008268521394996831,0.003964986882872867,-0.0005219899821961384,C27964.00,BPEXTR2004,2004,behavioral/externalizing,BEHAVIOR PROBLEMS INDEX: EXTERNAL SCORE TRICHOTOMOUS ITEMS
C5967600,0.09635176032393056,0.0039051462906942204,-0.0007834155707114498,C59676.00,CSAS040B,2014,prior delinquency/contact,CHILD SELF-ADMIN: HOW OFTEN IN LAST YEAR HURT SOMEONE BAD ENOUGH TO
C0576704,-0.01001274316086885,0.0038802059527170115,0.00015358076706911594,C05767.04,BPEXTR1986,1986,behavioral/externalizing,BEHAVIOR PROBLEMS INDEX: EXTERNAL SCORE TRICHOTOMOUS ITEMS
C1798900,-0.028716980660447304,0.0038233478793054288,0.0005697560299111442,C17989.00,BPMIS21998,1998,behavioral/externalizing,BEHAVIOR PROBLEMS INDEX: EXTERNAL RAW SCORE TRICHOTOMOUS ITEMS -
C6034100,0.07758907741320015,0.0037728598163232706,8.737516943786141e-07,C60341.00,MS-BPI-28,2014,behavioral/externalizing,BEHAVIOR PROBLEMS INDEX: CHILD HANGS AROUND WITH KIDS WHO GET INTO
C5806800,0.12148212861701999,0.0036565966260254973,0.00028085614152428996,C58068.00,BPMIS22014,2014,behavioral/externalizing,BEHAVIOR PROBLEMS INDEX: EXTERNAL RAW SCORE TRICHOTOMOUS ITEMS -
Y3248901,0.02554329962827404,0.003513966676673657,0.001309874213185857,Y32489.01,Q13-3G.01~000026,2014,behavioral/externalizing,BEHAVIOR PROBLEMS INDEX: CHILD IS DISOBEDIENT AT SCHOOL
Y3246105,0.023599123999638795,0.003487123312906318,0.0003309805887009536,Y32461.05,Q13-3A.03~000006,2014,behavioral/externalizing,BEHAVIOR PROBLEMS INDEX: CHILD ARGUES TOO MUCH
C6032400,-0.02885665823563311,0.0034310577341417365,-0.0006968228938888347,C60324.00,MS-BPI-11,2014,behavioral/externalizing,BEHAVIOR PROBLEMS INDEX: CHILD DOES NOT SEEM TO FEEL SORRY AFTER
Y2875605,-0.020475109568677707,0.003359423719668464,-0.0003170059128977189,Y28756.05,Q13-3A.02~000006,2012,behavioral/externalizing,BEHAVIOR PROBLEMS INDEX: CHILD ARGUES TOO MUCH
C3987900,0.009117711160841525,0.003325196829244383,-0.00011268561112601891,C39879.00,ANTIZ2010,2010,behavioral/externalizing,BEHAVIOR PROBLEMS INDEX: ANTISOCIAL STANDARD SCORE - ALL CHILDREN
Y1417400,-0.10220366280536955,0.0033183090452306185,0.0016617447031363043,Y14174.00,YASR-65A~000001,2002,prior delinquency/contact,CHARGES R MOST RECENTLY CONVICTED OF - ASSAULT
C1797300,0.00549712304852249,0.00329580359709946,-0.0003655986854090409,C17973.00,ANTIZX1998,1998,behavioral/externalizing,BEHAVIOR PROBLEMS INDEX: ANTISOCIAL STANDARD SCORE - SAME SEX
Y1417402,0.07593913461721286,0.0032609669023818547,-0.002030211425604981,Y14174.02,YASR-65A~000003,2002,prior delinquency/contact,CHARGES R MOST RECENTLY CONVICTED OF - THEFT
C6099800,-0.07358776043453695,0.003159994545724486,-0.001967348097551477,C60998.00,MS-BPI-04,2016,behavioral/externalizing,BEHAVIOR PROBLEMS INDEX: CHILD CHEATS OR TELLS LIES
C5531300,0.014212705934385521,0.0031503322899916093,0.00010197093255749532,C55313.00,BPEXTZ2012,2012,behavioral/externalizing,BEHAVIOR PROBLEMS INDEX: EXTERNAL STANDARD SCORE TRICHOTOMOUS ITEMS
Y3326300,0.14231535132234086,0.0031321013734802454,-0.000825754010669617,Y33263.00,YASR-66,2014,prior delinquency/contact,EVER/SINCE DATE OF LAST INTERVIEW R BEEN SENTENCED TO A CORRECTIONS
C6053700,0.05804972001021807,0.0031223271394964286,-0.0021390658536859053,C60537.00,ANTIP2016,2016,behavioral/externalizing,BEHAVIOR PROBLEMS INDEX: ANTISOCIAL PERCENTILE SCORE - ALL CHILDREN
C6053900,0.05728058153198691,0.003059990523704345,-0.002078688164386251,C60539.00,ANTIZ2016,2016,behavioral/externalizing,BEHAVIOR PROBLEMS INDEX: ANTISOCIAL STANDARD SCORE - ALL CHILDREN
Y0375300,-0.009587607621563651,0.00300131328159267,0.00015584544392929528,Y03753.00,YASR-61B,1994,prior delinquency/contact,YA SELF-REPORT: HAVE YOU EVER IN PAST YEAR GOTTEN INTO FIGHT AT
Y1668900,0.04280810261741903,0.0029715404106239077,0.0011915081743815567,Y16689.00,YASR-66,2004,prior delinquency/contact,EVER/SINCE DATE OF LAST INTERVIEW R BEEN SENTENCED TO A CORRECTIONS
C5531900,0.010500955879059404,0.002956745859692814,0.00011751515519985996,C55319.00,ANTIZ2012,2012,behavioral/externalizing,BEHAVIOR PROBLEMS INDEX: ANTISOCIAL STANDARD SCORE - ALL CHILDREN
C2797000,-0.006202257813681761,0.0029402892475840006,0.0003851887321658388,C27970.00,BPEXTZ2004,2004,behavioral/externalizing,BEHAVIOR PROBLEMS INDEX: EXTERNAL STANDARD SCORE TRICHOTOMOUS ITEMS
Y3586403,-0.013298656139138734,0.0029252874110356013,7.71155652926968e-05,Y35864.03,Q13-3A.02~000004,2016,behavioral/externalizing,BEHAVIOR PROBLEMS INDEX: CHILD CHEATS OR TELLS LIES
C3608700,0.008116881292010929,0.0028986793924043646,-0.00017992911895344093,C36087.00,BPEXTZ2008,2008,behavioral/externalizing,BEHAVIOR PROBLEMS INDEX: EXTERNAL STANDARD SCORE TRICHOTOMOUS ITEMS
C6053300,-0.05581515890621293,0.002871465592510359,0.0012475984219789391,C60533.00,BPEXTZ2016,2016,behavioral/externalizing,BEHAVIOR PROBLEMS INDEX: EXTERNAL STANDARD SCORE TRICHOTOMOUS ITEMS
C5192400,0.016946242901139726,0.0028615215501722226,-3.251008036310637e-05,C51924.00,MS-BPI-28,2010,behavioral/externalizing,BEHAVIOR PROBLEMS INDEX: CHILD HANGS AROUND WITH KIDS WHO GET INTO
C3049900,-0.0913526952225715,0.0028568908703649,-0.0015830697059936714,C30499.00,CSAS057B,2004,substance/risk behavior,CHILD SELF-ADMIN: CHILD'S AGE WHEN FIRST DRANK ALCOHOL MORE THAN
Y0670600,0.036668148337653035,0.002820198006057104,9.76206435176517e-05,Y06706.00,YASR-63,1996,prior delinquency/contact,YA SELF-REPORT: NUMBER OF TIMES BEEN CONVICTED OF SOMETHING
Y1942700,0.029472181501964578,0.002801975248867882,-0.000892816425624054,Y19427.00,YASR-69B,2006,socioeconomic/work,WAS ANY OF VOLUNTEER WORK R HAS DONE COURT ORDERED?
Y2877400,0.016771586439725324,0.002751916854732413,-0.00024393232386469427,Y28774.00,Q13-3E.02~000019,2012,behavioral/externalizing,BEHAVIOR PROBLEMS INDEX: CHILD HAS STRONG TEMPER AND LOSES IT
C2737600,0.004890972843434807,0.0027354904016244526,0.000381803830980365,C27376.00,BPI-04,2002,behavioral/externalizing,BEHAVIOR PROBLEMS INDEX: CHILD CHEATS OR TELLS LIES
Y0377300,-0.041402387946398105,0.0026831105216260738,0.0006722349555790353,Y03773.00,YASR-65A~000001,1994,prior delinquency/contact,YA SELF-REPORT: EVER CONVICTED OF ASSAULT?
C6053800,-0.050626576655104866,0.0025554612457864864,0.0017354406803444546,C60538.00,ANTIZX2016,2016,behavioral/externalizing,BEHAVIOR PROBLEMS INDEX: ANTISOCIAL STANDARD SCORE - SAME SEX
C0733500,-0.04169325715165918,0.0025434869097445884,-0.0006478061126377757,C07335.00,CS884255,1988,substance/risk behavior,CHILD SELF-ADMINISTERED: USED OTHER DRUGS IN THE PAST 3 MONTHS
Y1668800,-0.0476401566804091,0.0025364082390260034,-0.0005522326915675739,Y16688.00,YASR-65A~000001,2004,prior delinquency/contact,CHARGES R MOST RECENTLY CONVICTED OF - ASSAULT
C6033200,-0.01751268719731877,0.002531244654637267,0.00012516698318858706,C60332.00,MS-BPI-19,2014,behavioral/externalizing,BEHAVIOR PROBLEMS INDEX: CHILD HAS STRONG TEMPER AND LOSES IT
C6052700,-0.04834765923471713,0.0025223030908998892,0.0011326114274946102,C60527.00,BPEXTR2016,2016,behavioral/externalizing,BEHAVIOR PROBLEMS INDEX: EXTERNAL SCORE TRICHOTOMOUS ITEMS
Y2877300,0.009708423328301982,0.002519886099945668,0.0001705849374483711,Y28773.00,Q13-3E.01~000019,2012,behavioral/externalizing,BEHAVIOR PROBLEMS INDEX: CHILD HAS STRONG TEMPER AND LOSES IT
Y0968700,-0.06541121023349743,0.002424569243934266,-0.00030417591061508275,Y09687.00,YASR-65A~000004,1998,prior delinquency/contact,YA SELF-REPORT: EVER CONVICTED OF FENCING/RECEIVING/SELLING STOLEN
Y3396400,-0.03740291202523424,0.002423921705296011,-0.0006072969737002177,Y33964.00,Q4-5AA,2016,school/achievement,HAS R EVER SEEN A STUDENT CARRY A WEAPON ON SCHOOL PROPERTY
Y0378700,0.021134235548200393,0.0024194681870965042,0.0006628459514867145,Y03787.00,YASR-67,1994,prior delinquency/contact,YA SELF-REPORT: EVER BEEN ON PROBATION?
Y2961700,0.07704773361344806,0.002417014511568567,-0.002417014511568567,Y29617.00,YASR-69B,2012,socioeconomic/work,WAS ANY OF VOLUNTEER WORK R HAS DONE COURT ORDERED?
Y0379800,-0.04144691466500204,0.002410105026903589,-0.00021151144091437177,Y03798.00,YASR-66E,1994,prior delinquency/contact,YA SELF-REPORT: NUMBER OF TIMES REFERRED TO COURT-RELATED
C1435000,0.003962607239203177,0.0023917494155308865,4.150936516766863e-05,C14350.00,MS941433,1994,behavioral/externalizing,BEHAVIOR PROBLEMS INDEX: CHILD ARGUES TOO MUCH
C1366200,0.006541320890840406,0.002376267935441508,0.0002783923349014797,C13662.00,CS942517,1994,prior delinquency/contact,CHILD SELF-ADMIN: HOW OFTEN IN LAST YEAR HURT SOMEONE BAD ENOUGH TO
Y3586405,-0.011703774158833393,0.002351058220199691,0.0004353639889381319,Y35864.05,Q13-3A.02~000006,2016,behavioral/externalizing,BEHAVIOR PROBLEMS INDEX: CHILD ARGUES TOO MUCH
Y3247900,-0.025396575691196768,0.002320397176759388,0.0005599724875294433,Y32479.00,Q13-3E.03~000019,2014,behavioral/externalizing,BEHAVIOR PROBLEMS INDEX: CHILD HAS STRONG TEMPER AND LOSES IT
Y1667300,0.02857109017495354,0.0023196425473928192,-0.0005213831956023571,Y16673.00,YASR-60C,2004,prior delinquency/contact,HOW MANY TIMES IN LAST YEAR R HURT SOMEONE BADLY ENOUGH TO NEED
C5808000,-0.013083961448751678,0.002254126413850905,0.0002723361582747557,C58080.00,ANTIZX2014,2014,behavioral/externalizing,BEHAVIOR PROBLEMS INDEX: ANTISOCIAL STANDARD SCORE - SAME SEX
Y2959900,0.12151686952258965,0.002251155046747356,-0.0002821629846150714,Y29599.00,YASR-66,2012,prior delinquency/contact,EVER/SINCE DATE OF LAST INTERVIEW R BEEN SENTENCED TO A CORRECTIONS
C5967900,0.06448082430391484,0.0022382604554156676,0.0008961742542577799,C59679.00,CSAS040E,2014,school/achievement,CHILD SELF-ADMIN: HOW OFTEN IN LAST YEAR DAMAGED SCHOOL PROPERTY ON
Y0968600,-0.01619272579619973,0.0022122959954356575,-0.00037796365653333354,Y09686.00,YASR-65A~000003,1998,prior delinquency/contact,YA SELF-REPORT: EVER CONVICTED OF THEFT?
Y0673500,0.04480278082005739,0.002206445873871355,-0.0004394154966701289,Y06735.00,YASR-66E,1996,prior delinquency/contact,YA SELF-REPORT: NUMBER OF TIMES REFERRED TO COURT-RELATED
Y4276400,-0.156858726997079,0.002182921365615078,0.002182921365615078,Y42764.00,YASR-67,2018,prior delinquency/contact,EVER/SINCE DATE OF LAST INTERVIEW R BEEN ON PROBATION?
C3045800,0.03369072307998708,0.002182684032783804,-0.0017436016452123061,C30458.00,CSAS040E,2004,school/achievement,CHILD SELF-ADMIN: HOW OFTEN IN LAST YEAR DAMAGED SCHOOL PROPERTY ON
C3104400,-0.005212762959445126,0.002130073779476569,7.652464239818762e-05,C31044.00,BPEXTR2006,2006,behavioral/externalizing,BEHAVIOR PROBLEMS INDEX: EXTERNAL SCORE TRICHOTOMOUS ITEMS
C3986600,0.09822684912753979,0.002052171975601331,-0.002052171975601331,C39866.00,BPMIS22010,2010,behavioral/externalizing,BEHAVIOR PROBLEMS INDEX: EXTERNAL RAW SCORE TRICHOTOMOUS ITEMS -
Y3247800,-0.00904539572852472,0.002019412923909465,0.0002044698213370901,Y32478.00,Q13-3E.02~000019,2014,behavioral/externalizing,BEHAVIOR PROBLEMS INDEX: CHILD HAS STRONG TEMPER AND LOSES IT
C0576706,-0.005164450125453069,0.0020033340505560123,8.757688426269524e-05,C05767.06,BPEXTZ1986,1986,behavioral/externalizing,BEHAVIOR PROBLEMS INDEX: EXTERNAL STANDARD SCORE TRICHOTOMOUS ITEMS
Y3246103,0.016272929765361353,0.001993567289387231,0.0006395895218041624,Y32461.03,Q13-3A.03~000004,2014,behavioral/externalizing,BEHAVIOR PROBLEMS INDEX: CHILD CHEATS OR TELLS LIES
Y0969100,-0.05649298172061092,0.001969710889080323,-0.001969710889080323,Y09691.00,YASR-65A~000008,1998,substance/risk behavior,YA SELF-REPORT: EVER CONVICTED OF SELLING MARIJUANA OR HASHISH?
Y3245905,0.0070506417399695395,0.0019322024029758554,0.00035402560447553636,Y32459.05,Q13-3A.01~000006,2014,behavioral/externalizing,BEHAVIOR PROBLEMS INDEX: CHILD ARGUES TOO MUCH
Y0970200,0.017337377106151044,0.0019273055911715466,-0.0002426759784005639,Y09702.00,YASR-66,1998,prior delinquency/contact,YASR: EVER BEEN SENTENCED TO A CORRECTIONS INSTITUTION/JAIL/REFORM
Y0671200,-0.022044552841872015,0.0019133898668429465,0.0002301537332116103,Y06712.00,YASR-65A~000003,1996,prior delinquency/contact,YA SELF-REPORT: EVER CONVICTED OF THEFT?
Y0379100,-0.02330780190448772,0.0018873430942155374,-0.0007571425071244412,Y03791.00,YASR-66,1994,prior delinquency/contact,YASR: EVER BEEN SENTENCED TO A CORRECTIONS INSTITUTION/JAIL/REFORM
Y0672300,0.032878972820162056,0.00186493395834857,0.00026673657022301676,Y06723.00,YASR-65B,1996,prior delinquency/contact,YA SELF-REPORT: EVER BEEN CONVICTED OF ANYTHING IN ADULT COURT?
Y0674200,0.038972759288792194,0.0018037865668451658,0.0007225669086438578,Y06742.00,YASR-69B,1996,socioeconomic/work,YA SELF-REPORT: WAS VOLUNTEER WORK COURT ORDERED?
C6100700,-0.032387467570910475,0.0017650246588508574,-0.0007154863834590691,C61007.00,MS-BPI-13,2016,behavioral/externalizing,BEHAVIOR PROBLEMS INDEX: CHILD IS IMPULSIVE OR ACTS WITHOUT
Y1176807,0.064092465803312,0.0017060608505587288,0.000370976797053588,Y11768.07,YASR-65A~000008,2000,substance/risk behavior,CHARGES R MOST RECENTLY CONVICTED OF - SELLING OF MARIJUANA OR
C5531600,0.005772453090362652,0.0016836563161527214,2.5249580471147283e-05,C55316.00,ANTIPX2012,2012,behavioral/externalizing,BEHAVIOR PROBLEMS INDEX: ANTISOCIAL PERCENTILE SCORE - SAME SEX
C0944800,0.02451863917451551,0.0016742314117485157,0.0003128003821545738,C09448.00,CS906661,1990,substance/risk behavior,CHILD SELF-ADMINISTERED: HAVE YOU EVER USED MARIJUANA
Y2345100,-0.0438705450986758,0.0016729588092488517,0.0009624393239846946,Y23451.00,Q4-5AB,2010,school/achievement,IN LAST SCHOOL YEAR HOW OFTEN HAS R SEEN A STUDENT CARRY A WEAPON
C5767200,-0.013742143751061505,0.0016359834472678464,0.000589695622075482,C57672.00,MS-BPI-31,2012,behavioral/externalizing,BEHAVIOR PROBLEMS INDEX: CHILD IS DISOBEDIENT AT SCHOOL
Y1176801,0.07708458625522707,0.0016104642373125733,-0.0016104642373125733,Y11768.01,YASR-65A~000002,2000,prior delinquency/contact,CHARGES R MOST RECENTLY CONVICTED OF - ROBBERY
Y3586904,0.006495904269073965,0.0016052906327141138,0.00019704625478596735,Y35869.04,Q13-3C.01~000011,2016,behavioral/externalizing,BEHAVIOR PROBLEMS INDEX: CHILD DOES NOT SEEM TO FEEL SORRY AFTER
Y0377500,-0.01395683123772097,0.0015977918432548174,0.0004377366316566127,Y03775.00,YASR-65A~000003,1994,prior delinquency/contact,YA SELF-REPORT: EVER CONVICTED OF THEFT?
C3104300,-0.019328257345718684,0.0015889073845131434,2.2839623798793103e-05,C31043.00,BPMIS22006,2006,behavioral/externalizing,BEHAVIOR PROBLEMS INDEX: EXTERNAL RAW SCORE TRICHOTOMOUS ITEMS -
Y0969200,-0.07070858787888025,0.0015561670835542766,-0.00041027127071852727,Y09692.00,YASR-65A~000009,1998,substance/risk behavior,YA SELF-REPORT: EVER CONVICTED OF POSSESSION/USE OF ILLICIT DRUGS?
Y2674600,-0.030575944918091125,0.0015556695417284648,0.0009197075966043309,Y26746.00,Q4-5AB,2012,school/achievement,IN LAST SCHOOL YEAR HOW OFTEN HAS R SEEN A STUDENT CARRY A WEAPON
C2797600,0.0025607654006279492,0.0015495976953764773,-5.251352264463826e-05,C27976.00,ANTIZ2004,2004,behavioral/externalizing,BEHAVIOR PROBLEMS INDEX: ANTISOCIAL STANDARD SCORE - ALL CHILDREN
C3946600,-0.004422195060827676,0.0015175332181343651,-2.6759829392287646e-05,C39466.00,MS-BPI-11,2008,behavioral/externalizing,BEHAVIOR PROBLEMS INDEX: CHILD DOES NOT SEEM TO FEEL SORRY AFTER
C1798200,0.002588566825609661,0.0014983528398487562,-0.00015770137977335965,C17982.00,BPEXTR1998,1998,behavioral/externalizing,BEHAVIOR PROBLEMS INDEX: EXTERNAL SCORE TRICHOTOMOUS ITEMS
C0945000,-0.024514381975528653,0.0014758224479861778,0.00011352480369124498,C09450.00,CS906665,1990,substance/risk behavior,CHILD SELF-ADMINISTERED: R'S AGE WHEN FIRST USED MARIJUANA
Y1940900,0.048904671536103464,0.00147172297324692,0.00011304020594365208,Y19409.00,YASR-60F,2006,school/achievement,HOW MANY TIMES IN LAST YEAR R DAMAGED SCHOOL PROPERTY ON PURPOSE
Y0376900,-0.022866558123002825,0.001464432474675771,6.819521783232715e-05,Y03769.00,YASR-63,1994,prior delinquency/contact,YA SELF-REPORT: NUMBER OF TIMES BEEN CONVICTED OF SOMETHING
Y2958300,0.09732187069110208,0.0014639902567035478,0.00011236227740525825,Y29583.00,YASR-60C,2012,prior delinquency/contact,HOW MANY TIMES IN LAST YEAR R HURT SOMEONE BADLY ENOUGH TO NEED
Y2608500,0.10499332148591155,0.001460838284768876,-0.001460838284768876,Y26085.00,YASR-60F,2010,school/achievement,HOW MANY TIMES IN LAST YEAR R DAMAGED SCHOOL PROPERTY ON PURPOSE
Y3670801,0.03772154176071584,0.00139780319940918,-0.00017536230903888,Y36708.01,YASR-60B-J~000002,2016,prior delinquency/contact,HOW MANY TIMES IN LAST YEAR R HURT SOMEONE BADLY ENOUGH TO NEED
Y0670500,0.00553222100844407,0.0013974489039912728,7.436736068251469e-05,Y06705.00,YASR-62A,1996,prior delinquency/contact,YASR: EVER BEEN CONVICTED OF CHARGES OTHER THAN MINOR TRAFFIC
Y3246704,-0.01972469610394247,0.00139317226272915,-0.0001149162802610298,Y32467.04,Q13-3C.03~000011,2014,behavioral/externalizing,BEHAVIOR PROBLEMS INDEX: CHILD DOES NOT SEEM TO FEEL SORRY AFTER
Y1176804,-0.09457516155646645,0.0013161533615018617,0.0013161533615018617,Y11768.04,YASR-65A~000005,2000,prior delinquency/contact,CHARGES R MOST RECENTLY CONVICTED OF - DESTRUCTION OF PROPERTY
Y0377400,0.05078850252991722,0.0012947439474985032,0.0004715954775656803,Y03774.00,YASR-65A~000002,1994,prior delinquency/contact,YA SELF-REPORT: EVER CONVICTED OF ROBBERY?
Y2875505,0.0048728326722905484,0.0012786910248253197,2.965379919322171e-05,Y28755.05,Q13-3A.01~000006,2012,behavioral/externalizing,BEHAVIOR PROBLEMS INDEX: CHILD ARGUES TOO MUCH
C5965500,-0.011819374980676757,0.0012711132850331244,-0.00045291010640873626,C59655.00,CSAS024A,2014,peer/neighborhood,CHILD SELF-ADMIN: HAS CHILD EVER SEEN STUDENT CARRY A WEAPON ON
C0733100,0.04770658038710706,0.0012698891842022149,0.00027613283665353904,C07331.00,CS884250,1988,substance/risk behavior,CHILD SELF-ADMINISTERED: HAVE YOU EVER USED MARIJUANA
Y3248503,-0.04155777525132513,0.001250883751372064,9.607797081179495e-05,Y32485.03,Q13-3F.03~000028,2014,behavioral/externalizing,BEHAVIOR PROBLEMS INDEX: CHILD HANGS AROUND WITH KIDS WHO GET INTO
Y3248403,0.01736758570076224,0.0012459837618722391,-0.00016105617025614143,Y32484.03,Q13-3F.02~000028,2014,behavioral/externalizing,BEHAVIOR PROBLEMS INDEX: CHILD HANGS AROUND WITH KIDS WHO GET INTO
C5699600,-0.050868607028686834,0.001232639326209759,-0.001232639326209759,C56996.00,CSAS057B,2012,substance/risk behavior,CHILD SELF-ADMIN: CHILD'S AGE WHEN FIRST DRANK ALCOHOL MORE THAN
Y0376800,0.007543889522365393,0.0012289350506085556,0.00023691315583635906,Y03768.00,YASR-62A,1994,prior delinquency/contact,YASR: EVER BEEN CONVICTED OF CHARGES OTHER THAN MINOR TRAFFIC
Y0969000,-0.02787044513649493,0.001227390067893812,-0.000323922951268381,Y09690.00,YASR-65A~000007,1998,substance/risk behavior,YA SELF-REPORT: EVER CONVICTED OF POSSESSION OF MARIJUANA OR
C3049700,0.01647453505564422,0.0012013610180105023,-2.046284817960415e-05,C30497.00,CSAS056B,2004,substance/risk behavior,CHILD SELF-ADMIN: CHILD'S AGE WHEN FIRST DRANK ALCOHOL
C0993800,-0.002063697914087287,0.0011981111312653983,1.890664289807213e-05,C09938.00,ANTI1990,1990,behavioral/externalizing,BEHAVIOR PROBLEMS INDEX: ANTISOCIAL RAW SCORE
Y2258100,-0.02752822535674882,0.001178354549694201,-0.000605853928518808,Y22581.00,YASR-65A~000001,2008,prior delinquency/contact,CHARGES R MOST RECENTLY CONVICTED OF - ASSAULT
C2769800,0.023377291286773464,0.001125759148126015,0.000598718142035265,C27698.00,CSAS056B,2002,substance/risk behavior,CHILD SELF-ADMIN: CHILD'S AGE WHEN FIRST DRANK ALCOHOL
Y3246703,-0.008573328891129259,0.0011194331734654353,-0.0004069783130271605,Y32467.03,Q13-3C.03~000010,2014,behavioral/externalizing,BEHAVIOR PROBLEMS INDEX: CHILD IS DISOBEDIENT AT HOME
Y3031000,0.09440001560928603,0.0010898174689148667,-0.0004359269875659462,Y30310.00,Q4-5AB,2014,school/achievement,IN LAST SCHOOL YEAR HOW OFTEN HAS R SEEN A STUDENT CARRY A WEAPON
C6102600,0.10360793609231295,0.0010808549034994096,0.0010808549034994096,C61026.00,MS-BPI-31,2016,behavioral/externalizing,BEHAVIOR PROBLEMS INDEX: CHILD IS DISOBEDIENT AT SCHOOL
C5808100,-0.006407867691590698,0.0010718499939489968,8.670752573459477e-05,C58081.00,ANTIZ2014,2014,behavioral/externalizing,BEHAVIOR PROBLEMS INDEX: ANTISOCIAL STANDARD SCORE - ALL CHILDREN
Y2257500,-0.05648561027435144,0.0010464215144554245,0.00013115996524130208,Y22575.00,YASR-61B,2008,school/achievement,IN LAST YEAR R EVER GOTTEN INTO A PHYSICAL FIGHT AT SCHOOL OR WORK
Y0379900,-0.022576118468125572,0.0010445102460043465,0.000924181622783116,Y03799.00,YASR-66F,1994,prior delinquency/contact,YA SELF-REPORT: AGE WHEN FIRST REFERRED TO COURT-RELATED COUNSELING
Y3587600,-0.004044370417568076,0.0010357250041093955,0.00013329286793145777,Y35876.00,Q13-3D.02~000013,2016,behavioral/externalizing,BEHAVIOR PROBLEMS INDEX: CHILD IS IMPULSIVE OR ACTS WITHOUT
Y2876303,0.010873831238976853,0.0010312705273160389,-0.00020191423662500218,Y28763.03,Q13-3C.03~000010,2012,behavioral/externalizing,BEHAVIOR PROBLEMS INDEX: CHILD IS DISOBEDIENT AT HOME
C2770600,-0.07688732580506488,0.0009622247473762995,-0.000593219206990325,C27706.00,CSAS063,2002,substance/risk behavior,CHILD SELF-ADMIN: CHILD'S AGE WHEN FIRST USED MARIJUANA
Y3671500,0.13674771465429741,0.0009504879652104239,-0.0009504879652104239,Y36715.00,YASR-66,2016,prior delinquency/contact,EVER/SINCE DATE OF LAST INTERVIEW R BEEN SENTENCED TO A CORRECTIONS
C3948300,-0.004925167232846221,0.0009344797201911996,-0.00014217290986570034,C39483.00,MS-BPI-28,2008,behavioral/externalizing,BEHAVIOR PROBLEMS INDEX: CHILD HANGS AROUND WITH KIDS WHO GET INTO
C6053500,0.021058483093254008,0.0009296435319709721,-0.0005884904630110972,C60535.00,ANTI2016,2016,behavioral/externalizing,BEHAVIOR PROBLEMS INDEX: ANTISOCIAL RAW SCORE
Y3586505,-0.017612547649599554,0.0009181120714010903,0.00034805640665647283,Y35865.05,Q13-3A.03~000006,2016,behavioral/externalizing,BEHAVIOR PROBLEMS INDEX: CHILD ARGUES TOO MUCH
C3873700,-0.026177928273218323,0.0009012570636740747,-0.00014846649582815017,C38737.00,CSAS056B,2008,substance/risk behavior,CHILD SELF-ADMIN: CHILD'S AGE WHEN FIRST DRANK ALCOHOL
C3370200,0.015782358874952624,0.0008998398849518547,0.0006747585386064331,C33702.00,CSAS057B,2006,substance/risk behavior,CHILD SELF-ADMIN: CHILD'S AGE WHEN FIRST DRANK ALCOHOL MORE THAN
C3370000,-0.017403007185926363,0.0008991132636657551,-0.00018503958906427258,C33700.00,CSAS056B,2006,substance/risk behavior,CHILD SELF-ADMIN: CHILD'S AGE WHEN FIRST DRANK ALCOHOL
Y3249101,0.04044558635357447,0.0008903780642923322,0.00023536956620339748,Y32491.01,Q13-3G.03~000026,2014,behavioral/externalizing,BEHAVIOR PROBLEMS INDEX: CHILD IS DISOBEDIENT AT SCHOOL
C1794500,0.0014840437719630304,0.0008788781253161365,-8.05770032390825e-05,C17945.00,ANTI1998,1998,behavioral/externalizing,BEHAVIOR PROBLEMS INDEX: ANTISOCIAL RAW SCORE
Y2258200,0.017258038102441434,0.000858789589966082,0.00026004061375563275,Y22582.00,YASR-66,2008,prior delinquency/contact,EVER/SINCE DATE OF LAST INTERVIEW R BEEN SENTENCED TO A CORRECTIONS
Y3588803,-0.008655518268956637,0.0008506511139922675,0.0005518822813406255,Y35888.03,Q13-3F.02~000028,2016,behavioral/externalizing,BEHAVIOR PROBLEMS INDEX: CHILD HANGS AROUND WITH KIDS WHO GET INTO
C0783700,-0.0020190660850291694,0.0008422353397269287,7.407845513958052e-07,C07837.00,MS880834,1988,behavioral/externalizing,BEHAVIOR PROBLEMS INDEX: CHILD HANGS AROUND WITH KIDS WHO GET INTO
C6053600,-0.015240260639675303,0.0008366786741918065,0.00058333547519541,C60536.00,ANTIPX2016,2016,behavioral/externalizing,BEHAVIOR PROBLEMS INDEX: ANTISOCIAL PERCENTILE SCORE - SAME SEX
C2254614,-0.04410975103261756,0.0008171531165834319,0.00010242313722274881,C22546.14,HLTH-5A~000016,2000,health,CHILD HEALTH: TYPE OF LIMITING CONDITION
Y3325704,0.07759186086419799,0.000809450959548017,-0.000809450959548017,Y33257.04,YASR-60B-J~000005,2014,school/achievement,HOW MANY TIMES IN LAST YEAR R DAMAGED SCHOOL PROPERTY ON PURPOSE
C6100400,0.019798928561947794,0.0008028888044984265,0.00016106838109825394,C61004.00,MS-BPI-10,2016,behavioral/externalizing,BEHAVIOR PROBLEMS INDEX: CHILD IS DISOBEDIENT AT HOME
Y0378600,-0.02537003540872237,0.000792383692386829,-0.0004405616265757841,Y03786.00,YASR-65B,1994,prior delinquency/contact,YA SELF-REPORT: EVER BEEN CONVICTED OF ANYTHING IN ADULT COURT?
C2589000,0.0023260364456144872,0.0007841704265657189,-3.4798284450384757e-05,C25890.00,MAT_GRD,2002,school/achievement,PIAT MATH: CHILD GRADE IN SCHOOL
Y0671300,-0.03461569223057167,0.000761828264990012,-0.00020085005887212715,Y06713.00,YASR-65A~000004,1996,prior delinquency/contact,YA SELF-REPORT: EVER CONVICTED OF FENCING/RECEIVING/SELLING STOLEN
C1588800,-0.0034752009042681993,0.0007605363664128067,-4.3713740787583836e-05,C15888.00,CS960823,1996,school/achievement,CHILD SELF-ADMIN: HOW OFTEN IN LAST YEAR DAMAGED SCHOOL PROPERTY ON
C2496500,0.011571866119609841,0.000736950361523964,1.3271040977844147e-05,C24965.00,BPMIS22000,2000,behavioral/externalizing,BEHAVIOR PROBLEMS INDEX: EXTERNAL RAW SCORE TRICHOTOMOUS ITEMS -
Y3326200,0.048053096164109875,0.0007229490652951731,5.548684702825688e-05,Y33262.00,YASR-65A~000001,2014,prior delinquency/contact,CHARGES R MOST RECENTLY CONVICTED OF - ASSAULT
C1140400,-0.004022730099653125,0.0007221497272999149,-2.1654271855336775e-05,C11404.00,CS926865,1992,substance/risk behavior,CHILD SELF-ADMINISTERED: CHILD'S AGE WHEN FIRST USED MARIJUANA
C2770000,0.06398324181789149,0.0007063854945661824,0.0004731242137265306,C27700.00,CSAS057B,2002,substance/risk behavior,CHILD SELF-ADMIN: CHILD'S AGE WHEN FIRST DRANK ALCOHOL MORE THAN
C3105600,-0.0013088175406150814,0.0007048012872532662,6.958389345303504e-06,C31056.00,ANTIZ2006,2006,behavioral/externalizing,BEHAVIOR PROBLEMS INDEX: ANTISOCIAL STANDARD SCORE - ALL CHILDREN
Y2877500,0.008587779851877529,0.0006933417257544394,1.4128893374388805e-05,Y28775.00,Q13-3E.03~000019,2012,behavioral/externalizing,BEHAVIOR PROBLEMS INDEX: CHILD HAS STRONG TEMPER AND LOSES IT
Y1417406,-0.02709695593260399,0.0006907787775137981,0.00025160816399509193,Y14174.06,YASR-65A~000007,2002,substance/risk behavior,CHARGES R MOST RECENTLY CONVICTED OF - POSSESSION OF MARIJUANA OR
Y1942106,-0.04880913278253788,0.0006792513290645883,0.0006792513290645883,Y19421.06,YASR-65A~000007,2006,substance/risk behavior,CHARGES R MOST RECENTLY CONVICTED OF - POSSESSION OF MARIJUANA OR
Y3246604,0.0031392024179916858,0.0006762592446402263,-0.00014855625570406753,Y32466.04,Q13-3C.02~000011,2014,behavioral/externalizing,BEHAVIOR PROBLEMS INDEX: CHILD DOES NOT SEEM TO FEEL SORRY AFTER
Y2878003,0.014410204988366713,0.0006344289917500922,0.00016743341563009342,Y28780.03,Q13-3F.02~000028,2012,behavioral/externalizing,BEHAVIOR PROBLEMS INDEX: CHILD HANGS AROUND WITH KIDS WHO GET INTO
Y4275601,0.09065401284092524,0.0006301059467147943,-0.0006301059467147943,Y42756.01,YASR-60B-J~000002,2018,prior delinquency/contact,HOW MANY TIMES IN LAST YEAR R HURT SOMEONE BADLY ENOUGH TO NEED
C2526200,0.0010173698226279833,0.0006254773186984373,-5.669626721576475e-05,C25262.00,ANTIZX2002,2002,behavioral/externalizing,BEHAVIOR PROBLEMS INDEX: ANTISOCIAL STANDARD SCORE - SAME SEX
C0733300,-0.05546379779184937,0.0006031856477212526,-0.0002935612850491496,C07333.00,CS884252,1988,substance/risk behavior,CHILD SELF-ADMINISTERED: R'S AGE WHEN FIRST USED MARIJUANA
Y2609800,0.05141051724399283,0.0005946228838270643,0.00023784915353082533,Y26098.00,YASR-66,2010,prior delinquency/contact,EVER/SINCE DATE OF LAST INTERVIEW R BEEN SENTENCED TO A CORRECTIONS
Y0671700,-0.0319877360909647,0.0005566900922820981,-0.0005566900922820981,Y06717.00,YASR-65A~000008,1996,substance/risk behavior,YA SELF-REPORT: EVER CONVICTED OF SELLING MARIJUANA OR HASHISH?
Y3246903,-0.046570813170931834,0.0005375054209331659,-0.0005375054209331659,Y32469.03,Q13-3C.05~000010,2014,behavioral/externalizing,BEHAVIOR PROBLEMS INDEX: CHILD IS DISOBEDIENT AT HOME
Y0671600,-0.008761651699813553,0.000527472402454633,4.05748001888179e-05,Y06716.00,YASR-65A~000007,1996,substance/risk behavior,YA SELF-REPORT: EVER CONVICTED OF POSSESSION OF MARIJUANA OR
Y1669300,0.017326107285440075,0.000521513626434924,4.005645682391215e-05,Y16693.00,YASR-69B,2004,socioeconomic/work,WAS ANY OF VOLUNTEER WORK R HAS DONE COURT ORDERED?
C5531800,0.0018565702012122306,0.0005001233929748936,1.1325799026393763e-05,C55318.00,ANTIZX2012,2012,behavioral/externalizing,BEHAVIOR PROBLEMS INDEX: ANTISOCIAL STANDARD SCORE - SAME SEX
Y0377700,-0.01659489442395676,0.0004995042122713354,3.836595612848415e-05,Y03777.00,YASR-65A~000005,1994,prior delinquency/contact,YA SELF-REPORT: EVER CONVICTED OF DESTRUCTION OF PROPERTY?
C6101300,-0.028696815042166385,0.0004994174194946638,-0.0004994174194946638,C61013.00,MS-BPI-19,2016,behavioral/externalizing,BEHAVIOR PROBLEMS INDEX: CHILD HAS STRONG TEMPER AND LOSES IT
C0944500,-0.00159029789677655,0.0004648046377288963,7.537047875828695e-06,C09445.00,CS906655,1990,substance/risk behavior,CHILD SELF-ADMINISTERED: HAVE YOU EVER DRUNK ALCOHOL
Y2876304,0.00767005926850751,0.0004616313086245008,-3.5510100663423103e-05,Y28763.04,Q13-3C.03~000011,2012,behavioral/externalizing,BEHAVIOR PROBLEMS INDEX: CHILD DOES NOT SEEM TO FEEL SORRY AFTER
Y1942100,0.015316478838166576,0.00046102406567795524,3.541037020998674e-05,Y19421.00,YASR-65A~000001,2006,prior delinquency/contact,CHARGES R MOST RECENTLY CONVICTED OF - ASSAULT
Y3586503,-0.008869284479221288,0.0004524863144968393,-0.00016499500970602998,Y35865.03,Q13-3A.03~000004,2016,behavioral/externalizing,BEHAVIOR PROBLEMS INDEX: CHILD CHEATS OR TELLS LIES
C3608000,-0.0037013595662890994,0.0004243586696342483,6.475429939743496e-05,C36080.00,BPMIS22008,2008,behavioral/externalizing,BEHAVIOR PROBLEMS INDEX: EXTERNAL RAW SCORE TRICHOTOMOUS ITEMS -
C5116300,0.0019828855799122105,0.0004200150992969028,-2.0731970127604204e-05,C51163.00,CSAS024A,2010,peer/neighborhood,CHILD SELF-ADMIN: HAS CHILD EVER SEEN STUDENT CARRY A WEAPON ON
Y0671800,-0.01908390508895599,0.00042000195189837174,-0.00011073022706279124,Y06718.00,YASR-65A~000009,1996,substance/risk behavior,YA SELF-REPORT: EVER CONVICTED OF POSSESSION/USE OF ILLICIT DRUGS?
C1195500,-0.000733175857308977,0.0004067569358403988,3.473363902434395e-05,C11955.00,ANTIZ1992,1992,behavioral/externalizing,BEHAVIOR PROBLEMS INDEX: ANTISOCIAL STANDARD SCORE - ALL CHILDREN
Y2875703,0.005246447289780523,0.0003888220074598437,4.886898633016293e-05,Y28757.03,Q13-3A.03~000004,2012,behavioral/externalizing,BEHAVIOR PROBLEMS INDEX: CHILD CHEATS OR TELLS LIES
Y1668804,0.0539245263094926,0.0003748114797853763,-0.0003748114797853763,Y16688.04,YASR-65A~000005,2004,prior delinquency/contact,CHARGES R MOST RECENTLY CONVICTED OF - DESTRUCTION OF PROPERTY
Y3246303,-0.046080844154142535,0.00037252097133502456,-0.00037252097133502456,Y32463.03,Q13-3A.05~000004,2014,behavioral/externalizing,BEHAVIOR PROBLEMS INDEX: CHILD CHEATS OR TELLS LIES
Y3327000,-0.012268191074056377,0.000369270991540279,-2.8362993370034417e-05,Y33270.00,YASR-69B,2014,socioeconomic/work,WAS ANY OF VOLUNTEER WORK R HAS DONE COURT ORDERED?
C3050500,-0.024341867535960834,0.00036621844974487727,2.8107522473416457e-05,C30505.00,CSAS063,2004,substance/risk behavior,CHILD SELF-ADMIN: CHILD'S AGE WHEN FIRST USED MARIJUANA
Y3587700,-0.0037903361694328563,0.00035945733342237465,7.037877177206998e-05,Y35877.00,Q13-3D.03~000013,2016,behavioral/externalizing,BEHAVIOR PROBLEMS INDEX: CHILD IS IMPULSIVE OR ACTS WITHOUT
C0733600,-0.021588420267170526,0.0003490447900916819,0.0,C07336.00,CS884256,1988,substance/risk behavior,CHILD SELF-ADMINISTERED: R'S AGE WHEN FIRST USED ANY DRUGS
Y3326202,0.09927356568061955,0.00034474323299795833,-0.00034474323299795833,Y33262.02,YASR-65A~000003,2014,prior delinquency/contact,CHARGES R MOST RECENTLY CONVICTED OF - THEFT
Y0970900,0.007270924916207995,0.00033646764886712183,-8.435883165723538e-05,Y09709.00,YASR-66E,1998,prior delinquency/contact,YA SELF-REPORT: NUMBER OF TIMES REFERRED TO COURT-RELATED
Y3246804,-0.048272488646560675,0.0003355260424300691,-0.0003355260424300691,Y32468.04,Q13-3C.04~000011,2014,behavioral/externalizing,BEHAVIOR PROBLEMS INDEX: CHILD DOES NOT SEEM TO FEEL SORRY AFTER
Y3246305,-0.041082179332878034,0.000332111393151803,-0.000332111393151803,Y32463.05,Q13-3A.05~000006,2014,behavioral/externalizing,BEHAVIOR PROBLEMS INDEX: CHILD ARGUES TOO MUCH
C3370800,-0.027673846065325334,0.0003245372300388525,-0.0003245372300388525,C33708.00,CSAS063,2006,substance/risk behavior,CHILD SELF-ADMIN: CHILD'S AGE WHEN FIRST USED MARIJUANA
Y2878601,0.004652468222245368,0.0003227420544501873,-5.4067184508811816e-05,Y28786.01,Q13-3G.02~000026,2012,behavioral/externalizing,BEHAVIOR PROBLEMS INDEX: CHILD IS DISOBEDIENT AT SCHOOL
C6053200,0.005666479227188016,0.00031700343019538664,-0.0001372275218109549,C60532.00,BPEXTP2016,2016,behavioral/externalizing,BEHAVIOR PROBLEMS INDEX: EXTERNAL PERCENTILE SCORE TRICHOTOMOUS
C5971300,-0.015786913544004865,0.00030996583729810356,0.00030996583729810356,C59713.00,CSAS056B,2014,substance/risk behavior,CHILD SELF-ADMIN: CHILD'S AGE WHEN FIRST DRANK ALCOHOL
Y3396500,-0.013366627978774448,0.0003088704094441818,-9.233778041628247e-05,Y33965.00,Q4-5AB,2016,school/achievement,IN LAST SCHOOL YEAR HOW OFTEN HAS R SEEN A STUDENT CARRY A WEAPON
Y2959806,0.043800760327106766,0.0003044445434662542,-0.0003044445434662542,Y29598.06,YASR-65A~000007,2012,substance/risk behavior,CHARGES R MOST RECENTLY CONVICTED OF - POSSESSION OF MARIJUANA OR
Y2959807,0.043800760327106766,0.0003044445434662542,-0.0003044445434662542,Y29598.07,YASR-65A~000008,2012,substance/risk behavior,CHARGES R MOST RECENTLY CONVICTED OF - SELLING OF MARIJUANA OR
Y3249201,-0.04203182308325476,0.00029246695162829826,0.00029246695162829826,Y32492.01,Q13-3G.04~000026,2014,behavioral/externalizing,BEHAVIOR PROBLEMS INDEX: CHILD IS DISOBEDIENT AT SCHOOL
Y2959200,-0.012400662546777188,0.00028693800689361153,-0.0001148309459350829,Y29592.00,YASR-61B,2012,school/achievement,IN LAST YEAR R EVER GOTTEN INTO A PHYSICAL FIGHT AT SCHOOL OR WORK
Y2875705,0.002433338918510395,0.0002811370943162563,3.397103141457818e-05,Y28757.05,Q13-3A.03~000006,2012,behavioral/externalizing,BEHAVIOR PROBLEMS INDEX: CHILD ARGUES TOO MUCH
Y0380500,0.0033542780063601273,0.00025996517804125163,0.00012060201282536982,Y03805.00,YASR-69B,1994,socioeconomic/work,YA SELF-REPORT: WAS VOLUNTEER WORK COURT ORDERED?
Y3671404,-0.07338190356101408,0.0002548303216845883,0.0002548303216845883,Y36714.04,YASR-65A~000005,2016,prior delinquency/contact,CHARGES R MOST RECENTLY CONVICTED OF - DESTRUCTION OF PROPERTY
Y2609706,0.03436620743168753,0.000238868098500376,-0.000238868098500376,Y26097.06,YASR-65A~000007,2010,substance/risk behavior,CHARGES R MOST RECENTLY CONVICTED OF - POSSESSION OF MARIJUANA OR
Y3671406,-0.033013463412515584,0.00022946562392532537,0.00022946562392532537,Y36714.06,YASR-65A~000007,2016,substance/risk behavior,CHARGES R MOST RECENTLY CONVICTED OF - POSSESSION OF MARIJUANA OR
Y1417407,-0.06367075684536379,0.00022110682145652741,0.00022110682145652741,Y14174.07,YASR-65A~000008,2002,substance/risk behavior,CHARGES R MOST RECENTLY CONVICTED OF - SELLING OF MARIJUANA OR
Y2876900,-0.0017009077865586125,0.00021613172490273018,-3.165297936995754e-05,Y28769.00,Q13-3D.03~000013,2012,behavioral/externalizing,BEHAVIOR PROBLEMS INDEX: CHILD IS IMPULSIVE OR ACTS WITHOUT
Y0378400,-0.008997411500758883,0.00019801662053635377,-5.220553203405722e-05,Y03784.00,YASR-65A~000012,1994,substance/risk behavior,YASR: EVER CONVICTED OF DRINKING/PURCHASING ALCOHOL WHILE UNDER
Y2611600,-0.0063328736699682,0.00019779498692790517,-0.0001099730875417272,Y26116.00,YASR-69B,2010,socioeconomic/work,WAS ANY OF VOLUNTEER WORK R HAS DONE COURT ORDERED?
C1920500,-0.001175942017918798,0.00018830682954380443,-8.93394424117785e-06,C19205.00,CS98022,1998,school/achievement,CHILD SELF-ADMIN: WHAT GRADE IN SCHOOL ARE YOU ATTENDING
Y2256900,0.005092799703540857,0.00017675994502179917,7.077268935761054e-05,Y22569.00,YASR-60F,2008,school/achievement,HOW MANY TIMES IN LAST YEAR R DAMAGED SCHOOL PROPERTY ON PURPOSE
Y0671400,-0.0048496796107751275,0.00017384506420753252,0.00014027141487432126,Y06714.00,YASR-65A~000005,1996,prior delinquency/contact,YA SELF-REPORT: EVER CONVICTED OF DESTRUCTION OF PROPERTY?
Y0671100,-0.00428348122244922,0.00016359286951420754,4.4660046195534786e-05,Y06711.00,YASR-65A~000002,1996,prior delinquency/contact,YA SELF-REPORT: EVER CONVICTED OF ROBBERY?
C3873900,-0.020165675838508028,0.00016275241788105116,-0.00016275241788105116,C38739.00,CSAS057B,2008,substance/risk behavior,CHILD SELF-ADMIN: CHILD'S AGE WHEN FIRST DRANK ALCOHOL MORE THAN
Y3246904,-0.046570813170931834,0.00016172454958999458,-0.00016172454958999458,Y32469.04,Q13-3C.05~000011,2014,behavioral/externalizing,BEHAVIOR PROBLEMS INDEX: CHILD DOES NOT SEEM TO FEEL SORRY AFTER
Y3248100,-0.046570813170931834,0.00016172454958999458,-0.00016172454958999458,Y32481.00,Q13-3E.05~000019,2014,behavioral/externalizing,BEHAVIOR PROBLEMS INDEX: CHILD HAS STRONG TEMPER AND LOSES IT
Y3248703,-0.04657081317092796,0.00016172454958998054,-0.00016172454958998054,Y32487.03,Q13-3F.05~000028,2014,behavioral/externalizing,BEHAVIOR PROBLEMS INDEX: CHILD HANGS AROUND WITH KIDS WHO GET INTO
C6102200,0.015314634385495187,0.0001597647660514614,0.0001597647660514614,C61022.00,MS-BPI-28,2016,behavioral/externalizing,BEHAVIOR PROBLEMS INDEX: CHILD HANGS AROUND WITH KIDS WHO GET INTO
C5699400,-0.00385979363796016,0.00015529921319154698,3.476029500012942e-05,C56994.00,CSAS056B,2012,substance/risk behavior,CHILD SELF-ADMIN: CHILD'S AGE WHEN FIRST DRANK ALCOHOL
Y3587103,-0.001970791868379374,0.00015298133008575835,-2.5245783331011008e-05,Y35871.03,Q13-3C.03~000010,2016,behavioral/externalizing,BEHAVIOR PROBLEMS INDEX: CHILD IS DISOBEDIENT AT HOME
Y0673600,-0.004171463967520609,0.0001475242681727816,-9.727123570984036e-06,Y06736.00,YASR-66F,1996,prior delinquency/contact,YA SELF-REPORT: AGE WHEN FIRST REFERRED TO COURT-RELATED COUNSELING
Y3325701,0.013905371803990658,0.00014503640248979675,-0.00014503640248979675,Y33257.01,YASR-60B-J~000002,2014,prior delinquency/contact,HOW MANY TIMES IN LAST YEAR R HURT SOMEONE BADLY ENOUGH TO NEED
Y3588903,-0.005656216075452247,0.00013087876241513167,5.23769306605481e-05,Y35889.03,Q13-3F.03~000028,2016,behavioral/externalizing,BEHAVIOR PROBLEMS INDEX: CHILD HANGS AROUND WITH KIDS WHO GET INTO
C3874500,-0.01123452068424986,0.00013001428229173132,-5.1840022366309066e-05,C38745.00,CSAS063,2008,substance/risk behavior,CHILD SELF-ADMIN: CHILD'S AGE WHEN FIRST USED MARIJUANA
Y2878701,0.008013463344655981,0.00012956286733477738,-0.00012956286733477738,Y28787.01,Q13-3G.03~000026,2012,behavioral/externalizing,BEHAVIOR PROBLEMS INDEX: CHILD IS DISOBEDIENT AT SCHOOL
Y4276300,-0.035402206631390445,0.00012293978850958035,0.00012293978850958035,Y42763.00,YASR-66,2018,prior delinquency/contact,EVER/SINCE DATE OF LAST INTERVIEW R BEEN SENTENCED TO A CORRECTIONS
Y4276202,-0.035402206631390445,0.00012293978850958035,0.00012293978850958035,Y42762.02,YASR-65A~000003,2018,prior delinquency/contact,CHARGES R MOST RECENTLY CONVICTED OF - THEFT
C6031700,0.0008617016813038591,0.0001227182162209915,2.458873210289633e-07,C60317.00,MS-BPI-04,2014,behavioral/externalizing,BEHAVIOR PROBLEMS INDEX: CHILD CHEATS OR TELLS LIES
C1932800,-0.0004005203307759679,0.00011611703090281877,2.926118030728639e-05,C19328.00,CS98057,1998,substance/risk behavior,CHILD SELF-ADMIN: CHILD'S AGE WHEN FIRST DRANK ALCOHOL
Y2878103,0.008121589814141725,0.00011302394369413648,0.00011302394369413648,Y28781.03,Q13-3F.03~000028,2012,behavioral/externalizing,BEHAVIOR PROBLEMS INDEX: CHILD HANGS AROUND WITH KIDS WHO GET INTO
Y2959804,0.015439072048065803,0.0001073118641346306,-0.0001073118641346306,Y29598.04,YASR-65A~000005,2012,prior delinquency/contact,CHARGES R MOST RECENTLY CONVICTED OF - DESTRUCTION OF PROPERTY
C0945300,0.0024741052894400547,0.00010590486822087073,-5.445125194071041e-05,C09453.00,CS906671,1990,substance/risk behavior,CHILD SELF-ADMINISTERED: R'S AGE WHEN FIRST USED ANY DRUGS
Y3588400,-0.004752539394233919,0.00010457330834747085,-2.7569934200745394e-05,Y35884.00,Q13-3E.04~000019,2016,behavioral/externalizing,BEHAVIOR PROBLEMS INDEX: CHILD HAS STRONG TEMPER AND LOSES IT
Y2875905,-0.006337847081604167,0.0001024712543509162,0.0,Y28759.05,Q13-3A.05~000006,2012,behavioral/externalizing,BEHAVIOR PROBLEMS INDEX: CHILD ARGUES TOO MUCH
Y3589501,-0.008371591712658291,8.74350888670404e-05,-8.74350888670404e-05,Y35895.01,Q13-3G.03~000026,2016,behavioral/externalizing,BEHAVIOR PROBLEMS INDEX: CHILD IS DISOBEDIENT AT SCHOOL
C0945100,0.002553677693630065,7.975915395643413e-05,4.434571652466666e-05,C09451.00,CS906667,1990,substance/risk behavior,CHILD SELF-ADMINISTERED: HAVE YOU EVER USED OTHER DRUGS
Y3247300,-0.0007356775016540307,7.662762604142855e-05,-5.152797828090639e-06,Y32473.00,Q13-3D.03~000013,2014,behavioral/externalizing,BEHAVIOR PROBLEMS INDEX: CHILD IS IMPULSIVE OR ACTS WITHOUT
Y3588300,0.0024238578416793948,7.601301274392287e-05,7.601301274392287e-05,Y35883.00,Q13-3E.03~000019,2016,behavioral/externalizing,BEHAVIOR PROBLEMS INDEX: CHILD HAS STRONG TEMPER AND LOSES IT
C0733400,0.01093386900899038,7.59976935081159e-05,-7.59976935081159e-05,C07334.00,CS884254,1988,substance/risk behavior,CHILD SELF-ADMINISTERED: HAVE YOU EVER USED OTHER DRUGS
Y3586605,-0.002417956254587755,7.544749572729015e-05,-2.8314454417283654e-06,Y35866.05,Q13-3A.04~000006,2016,behavioral/externalizing,BEHAVIOR PROBLEMS INDEX: CHILD ARGUES TOO MUCH
Y3587800,-0.003290143569310362,7.239523325117043e-05,-1.908643657471754e-05,Y35878.00,Q13-3D.04~000013,2016,behavioral/externalizing,BEHAVIOR PROBLEMS INDEX: CHILD IS IMPULSIVE OR ACTS WITHOUT
Y1942107,-0.020517707348810497,7.125099936362791e-05,7.125099936362791e-05,Y19421.07,YASR-65A~000008,2006,substance/risk behavior,CHARGES R MOST RECENTLY CONVICTED OF - SELLING OF MARIJUANA OR
Y3586603,-0.0026735676460209953,5.8840348693150186e-05,-1.5512797361529566e-05,Y35866.03,Q13-3A.04~000004,2016,behavioral/externalizing,BEHAVIOR PROBLEMS INDEX: CHILD CHEATS OR TELLS LIES
Y3248000,-0.003188348995365671,5.548758722437373e-05,-5.548758722437373e-05,Y32480.00,Q13-3E.04~000019,2014,behavioral/externalizing,BEHAVIOR PROBLEMS INDEX: CHILD HAS STRONG TEMPER AND LOSES IT
Y2876504,-0.004779690494411681,5.528272225115522e-05,2.2113088900462055e-05,Y28765.04,Q13-3C.05~000011,2012,behavioral/externalizing,BEHAVIOR PROBLEMS INDEX: CHILD DOES NOT SEEM TO FEEL SORRY AFTER
Y2875903,-0.004779690494408041,5.528272225111301e-05,2.211308890044523e-05,Y28759.03,Q13-3A.05~000004,2012,behavioral/externalizing,BEHAVIOR PROBLEMS INDEX: CHILD CHEATS OR TELLS LIES
Y2876503,-0.004779690494408041,5.528272225111301e-05,2.211308890044523e-05,Y28765.03,Q13-3C.05~000010,2012,behavioral/externalizing,BEHAVIOR PROBLEMS INDEX: CHILD IS DISOBEDIENT AT HOME
Y1417404,0.003912744658475012,5.4451633496556615e-05,-5.4451633496556615e-05,Y14174.04,YASR-65A~000005,2002,prior delinquency/contact,CHARGES R MOST RECENTLY CONVICTED OF - DESTRUCTION OF PROPERTY
Y3587204,-0.003908592895272296,5.438271749270799e-05,-5.438271749270799e-05,Y35872.04,Q13-3C.04~000011,2016,behavioral/externalizing,BEHAVIOR PROBLEMS INDEX: CHILD DOES NOT SEEM TO FEEL SORRY AFTER
Y1942102,0.0017967616108610898,5.4082296045035886e-05,4.153956956551984e-06,Y19421.02,YASR-65A~000003,2006,prior delinquency/contact,CHARGES R MOST RECENTLY CONVICTED OF - THEFT
C5122100,0.015552976019743094,5.390979556236775e-05,-5.390979556236775e-05,C51221.00,CSAS057B,2010,substance/risk behavior,CHILD SELF-ADMIN: CHILD'S AGE WHEN FIRST DRANK ALCOHOL MORE THAN
Y3246205,-0.0024082762579598752,5.300176899533037e-05,-1.397350152554206e-05,Y32462.05,Q13-3A.04~000006,2014,behavioral/externalizing,BEHAVIOR PROBLEMS INDEX: CHILD ARGUES TOO MUCH
Y3670901,0.004142756457790506,4.791583364612856e-05,1.916633345845141e-05,Y36709.01,YASR-61A-D~000002,2016,school/achievement,IN LAST YEAR R EVER GOTTEN INTO A PHYSICAL FIGHT AT SCHOOL OR WORK
Y4208704,0.004032087419380798,4.6635816515446276e-05,-1.8654326606178478e-05,Y42087.04,Q13-3C.01~000011,2018,behavioral/externalizing,BEHAVIOR PROBLEMS INDEX: CHILD DOES NOT SEEM TO FEEL SORRY AFTER
Y3589003,-0.0029985261259430195,3.4681468847648444e-05,1.387258753905939e-05,Y35890.03,Q13-3F.04~000028,2016,behavioral/externalizing,BEHAVIOR PROBLEMS INDEX: CHILD HANGS AROUND WITH KIDS WHO GET INTO
Y3587104,0.0006162698600996174,2.9965182683879958e-05,6.9395976572199835e-09,Y35871.04,Q13-3C.03~000011,2016,behavioral/externalizing,BEHAVIOR PROBLEMS INDEX: CHILD DOES NOT SEEM TO FEEL SORRY AFTER
Y2258106,0.008466549744791791,2.940143946020642e-05,-2.940143946020642e-05,Y22581.06,YASR-65A~000007,2008,substance/risk behavior,CHARGES R MOST RECENTLY CONVICTED OF - POSSESSION OF MARIJUANA OR
Y4208703,0.0014935489469832123,2.9362701883788836e-05,-1.900630124792444e-05,Y42087.03,Q13-3C.01~000010,2018,behavioral/externalizing,BEHAVIOR PROBLEMS INDEX: CHILD IS DISOBEDIENT AT HOME
C2738200,4.176597770085414e-05,2.9099064544510433e-05,1.104943204235146e-06,C27382.00,BPI-10,2002,behavioral/externalizing,BEHAVIOR PROBLEMS INDEX: CHILD IS DISOBEDIENT AT HOME
Y2875803,0.0017049388419797299,2.5650458359336255e-05,-1.9686906415849022e-06,Y28758.03,Q13-3A.04~000004,2012,behavioral/externalizing,BEHAVIOR PROBLEMS INDEX: CHILD CHEATS OR TELLS LIES
Y3246803,-0.0017785047504513785,2.4750526113096202e-05,-2.4750526113096202e-05,Y32468.03,Q13-3C.04~000010,2014,behavioral/externalizing,BEHAVIOR PROBLEMS INDEX: CHILD IS DISOBEDIENT AT HOME
Y2609704,-0.006781346450066107,2.3549303213266304e-05,2.3549303213266304e-05,Y26097.04,YASR-65A~000005,2010,prior delinquency/contact,CHARGES R MOST RECENTLY CONVICTED OF - DESTRUCTION OF PROPERTY
Y2876403,0.0008508254557894196,2.2647903815023835e-05,-4.924705243968117e-06,Y28764.03,Q13-3C.04~000010,2012,behavioral/externalizing,BEHAVIOR PROBLEMS INDEX: CHILD IS DISOBEDIENT AT HOME
Y3246203,0.0015985276911478317,2.2245878934099254e-05,2.2245878934099254e-05,Y32462.03,Q13-3A.04~000004,2014,behavioral/externalizing,BEHAVIOR PROBLEMS INDEX: CHILD CHEATS OR TELLS LIES
Y0377600,-0.0010465434343677482,1.9387691134351534e-05,-2.4300808614528557e-06,Y03776.00,YASR-65A~000004,1994,prior delinquency/contact,YA SELF-REPORT: EVER CONVICTED OF FENCING/RECEIVING/SELLING STOLEN
Y3248603,-0.005412134822556196,1.879449824690938e-05,-1.879449824690938e-05,Y32486.03,Q13-3F.04~000028,2014,behavioral/externalizing,BEHAVIOR PROBLEMS INDEX: CHILD HANGS AROUND WITH KIDS WHO GET INTO
Y3589601,-0.005234857974810443,1.8178876220959648e-05,-1.8178876220959648e-05,Y35896.01,Q13-3G.04~000026,2016,behavioral/externalizing,BEHAVIOR PROBLEMS INDEX: CHILD IS DISOBEDIENT AT SCHOOL
Y4208205,0.001493548946979538,1.7274643975569418e-05,-6.909857590227754e-06,Y42082.05,Q13-3A.01~000006,2018,behavioral/externalizing,BEHAVIOR PROBLEMS INDEX: CHILD ARGUES TOO MUCH
Y2878901,0.004779690494408041,1.659823481180261e-05,-1.659823481180261e-05,Y28789.01,Q13-3G.05~000026,2012,behavioral/externalizing,BEHAVIOR PROBLEMS INDEX: CHILD IS DISOBEDIENT AT SCHOOL
Y3325801,-0.0045977757437176475,1.596650693084002e-05,1.596650693084002e-05,Y33258.01,YASR-61A-D~000002,2014,school/achievement,IN LAST YEAR R EVER GOTTEN INTO A PHYSICAL FIGHT AT SCHOOL OR WORK
Y2875805,0.0008508254557894196,1.576192693431271e-05,1.9756224048167326e-06,Y28758.05,Q13-3A.04~000006,2012,behavioral/externalizing,BEHAVIOR PROBLEMS INDEX: CHILD ARGUES TOO MUCH
Y2877600,0.0013307018768588307,1.5391126756740435e-05,-6.156450702696182e-06,Y28776.00,Q13-3E.04~000019,2012,behavioral/externalizing,BEHAVIOR PROBLEMS INDEX: CHILD HAS STRONG TEMPER AND LOSES IT
Y4210701,0.004032087419384476,1.400206432758726e-05,1.400206432758726e-05,Y42107.01,Q13-3G.01~000026,2018,behavioral/externalizing,BEHAVIOR PROBLEMS INDEX: CHILD IS DISOBEDIENT AT SCHOOL
Y2609100,-0.0005195176203003448,1.3243987536479801e-05,4.823968970240986e-06,Y26091.00,YASR-61B,2010,school/achievement,IN LAST YEAR R EVER GOTTEN INTO A PHYSICAL FIGHT AT SCHOOL OR WORK
Y2878203,0.0017049388419797299,1.1850463861997739e-05,1.1850463861997739e-05,Y28782.03,Q13-3F.04~000028,2012,behavioral/externalizing,BEHAVIOR PROBLEMS INDEX: CHILD HANGS AROUND WITH KIDS WHO GET INTO
Y2878801,-0.0029985261259430195,1.0412858486539098e-05,-1.0412858486539098e-05,Y28788.01,Q13-3G.04~000026,2012,behavioral/externalizing,BEHAVIOR PROBLEMS INDEX: CHILD IS DISOBEDIENT AT SCHOOL
Y3326206,0.002899606612534912,1.0069344756322099e-05,-1.0069344756322099e-05,Y33262.06,YASR-65A~000007,2014,substance/risk behavior,CHARGES R MOST RECENTLY CONVICTED OF - POSSESSION OF MARIJUANA OR
Y2877000,0.0008508254557894196,8.875950053601584e-06,8.875950053601584e-06,Y28770.00,Q13-3D.04~000013,2012,behavioral/externalizing,BEHAVIOR PROBLEMS INDEX: CHILD IS IMPULSIVE OR ACTS WITHOUT
Y0378100,0.002352432463117087,8.169195567664165e-06,8.169195567664165e-06,Y03781.00,YASR-65A~000009,1994,substance/risk behavior,YA SELF-REPORT: EVER CONVICTED OF POSSESSION/USE OF ILLICIT DRUGS?
Y4208203,0.0014935489469832123,5.186586067434921e-06,5.186586067434921e-06,Y42082.03,Q13-3A.01~000004,2018,behavioral/externalizing,BEHAVIOR PROBLEMS INDEX: CHILD CHEATS OR TELLS LIES
Y4209200,0.001493548946979538,5.186586067422181e-06,5.186586067422181e-06,Y42092.00,Q13-3D.01~000013,2018,behavioral/externalizing,BEHAVIOR PROBLEMS INDEX: CHILD IS IMPULSIVE OR ACTS WITHOUT
Y3587203,-0.0004054848511728475,4.6897619456349815e-06,-1.869354295328777e-06,Y35872.03,Q13-3C.04~000010,2016,behavioral/externalizing,BEHAVIOR PROBLEMS INDEX: CHILD IS DISOBEDIENT AT HOME
Y1668806,-0.0013053923901673503,4.53318252277786e-06,4.53318252277786e-06,Y16688.06,YASR-65A~000007,2004,substance/risk behavior,CHARGES R MOST RECENTLY CONVICTED OF - POSSESSION OF MARIJUANA OR
Y2258107,-0.001059352260561713,3.6787690729742436e-06,3.6787690729742436e-06,Y22581.07,YASR-65A~000008,2008,substance/risk behavior,CHARGES R MOST RECENTLY CONVICTED OF - SELLING OF MARIJUANA OR
Y2876404,-7.759760763709149e-05,5.3935520878453e-07,-5.3935520878453e-07,Y28764.04,Q13-3C.04~000011,2012,behavioral/externalizing,BEHAVIOR PROBLEMS INDEX: CHILD DOES NOT SEEM TO FEEL SORRY AFTER
Y3247400,-2.9658530971806436e-05,5.161543879408834e-07,-5.161543879408834e-07,Y32474.00,Q13-3D.04~000013,2014,behavioral/externalizing,BEHAVIOR PROBLEMS INDEX: CHILD IS IMPULSIVE OR ACTS WITHOUT
C5122700,-0.0014516852502058173,8.379416652645517e-09,-8.379416652645517e-09,C51227.00,CSAS063,2010,substance/risk behavior,CHILD SELF-ADMIN: CHILD'S AGE WHEN FIRST USED MARIJUANA
Y4526205,0.0,0.0,0.0,Y45262.05,Q13-3A.01~000006,2020,behavioral/externalizing,BEHAVIOR PROBLEMS INDEX: CHILD ARGUES TOO MUCH
Y4529001,0.0,0.0,0.0,Y45290.01,Q13-3G.04~000026,2020,behavioral/externalizing,BEHAVIOR PROBLEMS INDEX: CHILD IS DISOBEDIENT AT SCHOOL
Y4528901,0.0,0.0,0.0,Y45289.01,Q13-3G.03~000026,2020,behavioral/externalizing,BEHAVIOR PROBLEMS INDEX: CHILD IS DISOBEDIENT AT SCHOOL
Y4529101,0.0,0.0,0.0,Y45291.01,Q13-3G.05~000026,2020,behavioral/externalizing,BEHAVIOR PROBLEMS INDEX: CHILD IS DISOBEDIENT AT SCHOOL
Y4528801,0.0,0.0,0.0,Y45288.01,Q13-3G.02~000026,2020,behavioral/externalizing,BEHAVIOR PROBLEMS INDEX: CHILD IS DISOBEDIENT AT SCHOOL
Y4528701,0.0,0.0,0.0,Y45287.01,Q13-3G.01~000026,2020,behavioral/externalizing,BEHAVIOR PROBLEMS INDEX: CHILD IS DISOBEDIENT AT SCHOOL
Y4526303,0.0,0.0,0.0,Y45263.03,Q13-3A.02~000004,2020,behavioral/externalizing,BEHAVIOR PROBLEMS INDEX: CHILD CHEATS OR TELLS LIES
Y4276207,0.0,0.0,0.0,Y42762.07,YASR-65A~000008,2018,substance/risk behavior,CHARGES R MOST RECENTLY CONVICTED OF - SELLING OF MARIJUANA OR
Y4526403,0.0,0.0,0.0,Y45264.03,Q13-3A.03~000004,2020,behavioral/externalizing,BEHAVIOR PROBLEMS INDEX: CHILD CHEATS OR TELLS LIES
Y4275604,0.0,0.0,0.0,Y42756.04,YASR-60B-J~000005,2018,school/achievement,HOW MANY TIMES IN LAST YEAR R DAMAGED SCHOOL PROPERTY ON PURPOSE
Y4276206,0.0,0.0,0.0,Y42762.06,YASR-65A~000007,2018,substance/risk behavior,CHARGES R MOST RECENTLY CONVICTED OF - POSSESSION OF MARIJUANA OR
Y4526305,0.0,0.0,0.0,Y45263.05,Q13-3A.02~000006,2020,behavioral/externalizing,BEHAVIOR PROBLEMS INDEX: CHILD ARGUES TOO MUCH
Y4526203,0.0,0.0,0.0,Y45262.03,Q13-3A.01~000004,2020,behavioral/externalizing,BEHAVIOR PROBLEMS INDEX: CHILD CHEATS OR TELLS LIES
Y1942101,0.0,0.0,0.0,Y19421.01,YASR-65A~000002,2006,prior delinquency/contact,CHARGES R MOST RECENTLY CONVICTED OF - ROBBERY
Y4275701,0.0,0.0,0.0,Y42757.01,YASR-61A-D~000002,2018,school/achievement,IN LAST YEAR R EVER GOTTEN INTO A PHYSICAL FIGHT AT SCHOOL OR WORK
Y4210503,0.0,0.0,0.0,Y42105.03,Q13-3F.04~000028,2018,behavioral/externalizing,BEHAVIOR PROBLEMS INDEX: CHILD HANGS AROUND WITH KIDS WHO GET INTO
Y4209700,0.0,0.0,0.0,Y42097.00,Q13-3E.01~000019,2018,behavioral/externalizing,BEHAVIOR PROBLEMS INDEX: CHILD HAS STRONG TEMPER AND LOSES IT
Y4209800,0.0,0.0,0.0,Y42098.00,Q13-3E.02~000019,2018,behavioral/externalizing,BEHAVIOR PROBLEMS INDEX: CHILD HAS STRONG TEMPER AND LOSES IT
Y4209900,0.0,0.0,0.0,Y42099.00,Q13-3E.03~000019,2018,behavioral/externalizing,BEHAVIOR PROBLEMS INDEX: CHILD HAS STRONG TEMPER AND LOSES IT
Y4210000,0.0,0.0,0.0,Y42100.00,Q13-3E.04~000019,2018,behavioral/externalizing,BEHAVIOR PROBLEMS INDEX: CHILD HAS STRONG TEMPER AND LOSES IT
Y4210100,0.0,0.0,0.0,Y42101.00,Q13-3E.05~000019,2018,behavioral/externalizing,BEHAVIOR PROBLEMS INDEX: CHILD HAS STRONG TEMPER AND LOSES IT
Y4210203,0.0,0.0,0.0,Y42102.03,Q13-3F.01~000028,2018,behavioral/externalizing,BEHAVIOR PROBLEMS INDEX: CHILD HANGS AROUND WITH KIDS WHO GET INTO
Y4210303,0.0,0.0,0.0,Y42103.03,Q13-3F.02~000028,2018,behavioral/externalizing,BEHAVIOR PROBLEMS INDEX: CHILD HANGS AROUND WITH KIDS WHO GET INTO
Y4210403,0.0,0.0,0.0,Y42104.03,Q13-3F.03~000028,2018,behavioral/externalizing,BEHAVIOR PROBLEMS INDEX: CHILD HANGS AROUND WITH KIDS WHO GET INTO
Y4210603,0.0,0.0,0.0,Y42106.03,Q13-3F.05~000028,2018,behavioral/externalizing,BEHAVIOR PROBLEMS INDEX: CHILD HANGS AROUND WITH KIDS WHO GET INTO
Y4039600,0.0,0.0,0.0,Y40396.00,Q4-5AB,2018,school/achievement,IN LAST SCHOOL YEAR HOW OFTEN HAS R SEEN A STUDENT CARRY A WEAPON
Y2609701,0.0,0.0,0.0,Y26097.01,YASR-65A~000002,2010,prior delinquency/contact,CHARGES R MOST RECENTLY CONVICTED OF - ROBBERY
Y2609702,0.0,0.0,0.0,Y26097.02,YASR-65A~000003,2010,prior delinquency/contact,CHARGES R MOST RECENTLY CONVICTED OF - THEFT
Y4276200,0.0,0.0,0.0,Y42762.00,YASR-65A~000001,2018,prior delinquency/contact,CHARGES R MOST RECENTLY CONVICTED OF - ASSAULT
Y4276201,0.0,0.0,0.0,Y42762.01,YASR-65A~000002,2018,prior delinquency/contact,CHARGES R MOST RECENTLY CONVICTED OF - ROBBERY
Y0672700,0.0,0.0,0.0,Y06727.00,YASR-67B,1996,prior delinquency/contact,YA SELF-REPORT: STILL ON PROBATION
Y4276204,0.0,0.0,0.0,Y42762.04,YASR-65A~000005,2018,prior delinquency/contact,CHARGES R MOST RECENTLY CONVICTED OF - DESTRUCTION OF PROPERTY
Y4526405,0.0,0.0,0.0,Y45264.05,Q13-3A.03~000006,2020,behavioral/externalizing,BEHAVIOR PROBLEMS INDEX: CHILD ARGUES TOO MUCH
Y4039500,0.0,0.0,0.0,Y40395.00,Q4-5AA,2018,school/achievement,HAS R EVER SEEN A STUDENT CARRY A WEAPON ON SCHOOL PROPERTY
Y2879001,0.0,0.0,0.0,Y28790.01,Q13-3G.06~000026,2012,behavioral/externalizing,BEHAVIOR PROBLEMS INDEX: CHILD IS DISOBEDIENT AT SCHOOL
Y4526703,0.0,0.0,0.0,Y45267.03,Q13-3C.01~000010,2020,behavioral/externalizing,BEHAVIOR PROBLEMS INDEX: CHILD IS DISOBEDIENT AT HOME
Y4526503,0.0,0.0,0.0,Y45265.03,Q13-3A.04~000004,2020,behavioral/externalizing,BEHAVIOR PROBLEMS INDEX: CHILD CHEATS OR TELLS LIES
Y4528100,0.0,0.0,0.0,Y45281.00,Q13-3E.05~000019,2020,behavioral/externalizing,BEHAVIOR PROBLEMS INDEX: CHILD HAS STRONG TEMPER AND LOSES IT
Y4528303,0.0,0.0,0.0,Y45283.03,Q13-3F.02~000028,2020,behavioral/externalizing,BEHAVIOR PROBLEMS INDEX: CHILD HANGS AROUND WITH KIDS WHO GET INTO
Y4528403,0.0,0.0,0.0,Y45284.03,Q13-3F.03~000028,2020,behavioral/externalizing,BEHAVIOR PROBLEMS INDEX: CHILD HANGS AROUND WITH KIDS WHO GET INTO
Y4528503,0.0,0.0,0.0,Y45285.03,Q13-3F.04~000028,2020,behavioral/externalizing,BEHAVIOR PROBLEMS INDEX: CHILD HANGS AROUND WITH KIDS WHO GET INTO
Y4528603,0.0,0.0,0.0,Y45286.03,Q13-3F.05~000028,2020,behavioral/externalizing,BEHAVIOR PROBLEMS INDEX: CHILD HANGS AROUND WITH KIDS WHO GET INTO
Y4596801,0.0,0.0,0.0,Y45968.01,YASR-60B-J~000002,2020,prior delinquency/contact,HOW MANY TIMES IN LAST YEAR R HURT SOMEONE BADLY ENOUGH TO NEED
Y4597400,0.0,0.0,0.0,Y45974.00,YASR-65A~000001,2020,prior delinquency/contact,CHARGES R MOST RECENTLY CONVICTED OF - ASSAULT
Y4597401,0.0,0.0,0.0,Y45974.01,YASR-65A~000002,2020,prior delinquency/contact,CHARGES R MOST RECENTLY CONVICTED OF - ROBBERY
Y4597402,0.0,0.0,0.0,Y45974.02,YASR-65A~000003,2020,prior delinquency/contact,CHARGES R MOST RECENTLY CONVICTED OF - THEFT
Y4597404,0.0,0.0,0.0,Y45974.04,YASR-65A~000005,2020,prior delinquency/contact,CHARGES R MOST RECENTLY CONVICTED OF - DESTRUCTION OF PROPERTY
Y4597600,0.0,0.0,0.0,Y45976.00,YASR-67,2020,prior delinquency/contact,EVER/SINCE DATE OF LAST INTERVIEW R BEEN ON PROBATION?
Y4597500,0.0,0.0,0.0,Y45975.00,YASR-66,2020,prior delinquency/contact,EVER/SINCE DATE OF LAST INTERVIEW R BEEN SENTENCED TO A CORRECTIONS
Y4344700,0.0,0.0,0.0,Y43447.00,Q4-5AA,2020,school/achievement,HAS R EVER SEEN A STUDENT CARRY A WEAPON ON SCHOOL PROPERTY
Y4344800,0.0,0.0,0.0,Y43448.00,Q4-5AB,2020,school/achievement,IN LAST SCHOOL YEAR HOW OFTEN HAS R SEEN A STUDENT CARRY A WEAPON
Y4596901,0.0,0.0,0.0,Y45969.01,YASR-61A-D~000002,2020,school/achievement,IN LAST YEAR R EVER GOTTEN INTO A PHYSICAL FIGHT AT SCHOOL OR WORK
Y4596804,0.0,0.0,0.0,Y45968.04,YASR-60B-J~000005,2020,school/achievement,HOW MANY TIMES IN LAST YEAR R DAMAGED SCHOOL PROPERTY ON PURPOSE
Y4597406,0.0,0.0,0.0,Y45974.06,YASR-65A~000007,2020,substance/risk behavior,CHARGES R MOST RECENTLY CONVICTED OF - POSSESSION OF MARIJUANA OR
Y4597407,0.0,0.0,0.0,Y45974.07,YASR-65A~000008,2020,substance/risk behavior,CHARGES R MOST RECENTLY CONVICTED OF - SELLING OF MARIJUANA OR
Y2609707,0.0,0.0,0.0,Y26097.07,YASR-65A~000008,2010,substance/risk behavior,CHARGES R MOST RECENTLY CONVICTED OF - SELLING OF MARIJUANA OR
Y1668801,0.0,0.0,0.0,Y16688.01,YASR-65A~000002,2004,prior delinquency/contact,CHARGES R MOST RECENTLY CONVICTED OF - ROBBERY
Y4528203,0.0,0.0,0.0,Y45282.03,Q13-3F.01~000028,2020,behavioral/externalizing,BEHAVIOR PROBLEMS INDEX: CHILD HANGS AROUND WITH KIDS WHO GET INTO
Y4528000,0.0,0.0,0.0,Y45280.00,Q13-3E.04~000019,2020,behavioral/externalizing,BEHAVIOR PROBLEMS INDEX: CHILD HAS STRONG TEMPER AND LOSES IT
Y4526505,0.0,0.0,0.0,Y45265.05,Q13-3A.04~000006,2020,behavioral/externalizing,BEHAVIOR PROBLEMS INDEX: CHILD ARGUES TOO MUCH
Y4527900,0.0,0.0,0.0,Y45279.00,Q13-3E.03~000019,2020,behavioral/externalizing,BEHAVIOR PROBLEMS INDEX: CHILD HAS STRONG TEMPER AND LOSES IT
Y4526603,0.0,0.0,0.0,Y45266.03,Q13-3A.05~000004,2020,behavioral/externalizing,BEHAVIOR PROBLEMS INDEX: CHILD CHEATS OR TELLS LIES
Y4526605,0.0,0.0,0.0,Y45266.05,Q13-3A.05~000006,2020,behavioral/externalizing,BEHAVIOR PROBLEMS INDEX: CHILD ARGUES TOO MUCH
Y4209500,0.0,0.0,0.0,Y42095.00,Q13-3D.04~000013,2018,behavioral/externalizing,BEHAVIOR PROBLEMS INDEX: CHILD IS IMPULSIVE OR ACTS WITHOUT
Y4526704,0.0,0.0,0.0,Y45267.04,Q13-3C.01~000011,2020,behavioral/externalizing,BEHAVIOR PROBLEMS INDEX: CHILD DOES NOT SEEM TO FEEL SORRY AFTER
Y4526803,0.0,0.0,0.0,Y45268.03,Q13-3C.02~000010,2020,behavioral/externalizing,BEHAVIOR PROBLEMS INDEX: CHILD IS DISOBEDIENT AT HOME
Y4526804,0.0,0.0,0.0,Y45268.04,Q13-3C.02~000011,2020,behavioral/externalizing,BEHAVIOR PROBLEMS INDEX: CHILD DOES NOT SEEM TO FEEL SORRY AFTER
Y4526903,0.0,0.0,0.0,Y45269.03,Q13-3C.03~000010,2020,behavioral/externalizing,BEHAVIOR PROBLEMS INDEX: CHILD IS DISOBEDIENT AT HOME
Y4526904,0.0,0.0,0.0,Y45269.04,Q13-3C.03~000011,2020,behavioral/externalizing,BEHAVIOR PROBLEMS INDEX: CHILD DOES NOT SEEM TO FEEL SORRY AFTER
Y4527003,0.0,0.0,0.0,Y45270.03,Q13-3C.04~000010,2020,behavioral/externalizing,BEHAVIOR PROBLEMS INDEX: CHILD IS DISOBEDIENT AT HOME
Y4527004,0.0,0.0,0.0,Y45270.04,Q13-3C.04~000011,2020,behavioral/externalizing,BEHAVIOR PROBLEMS INDEX: CHILD DOES NOT SEEM TO FEEL SORRY AFTER
Y4527103,0.0,0.0,0.0,Y45271.03,Q13-3C.05~000010,2020,behavioral/externalizing,BEHAVIOR PROBLEMS INDEX: CHILD IS DISOBEDIENT AT HOME
Y4527104,0.0,0.0,0.0,Y45271.04,Q13-3C.05~000011,2020,behavioral/externalizing,BEHAVIOR PROBLEMS INDEX: CHILD DOES NOT SEEM TO FEEL SORRY AFTER
Y4527200,0.0,0.0,0.0,Y45272.00,Q13-3D.01~000013,2020,behavioral/externalizing,BEHAVIOR PROBLEMS INDEX: CHILD IS IMPULSIVE OR ACTS WITHOUT
Y4527300,0.0,0.0,0.0,Y45273.00,Q13-3D.02~000013,2020,behavioral/externalizing,BEHAVIOR PROBLEMS INDEX: CHILD IS IMPULSIVE OR ACTS WITHOUT
Y4527400,0.0,0.0,0.0,Y45274.00,Q13-3D.03~000013,2020,behavioral/externalizing,BEHAVIOR PROBLEMS INDEX: CHILD IS IMPULSIVE OR ACTS WITHOUT
Y4527500,0.0,0.0,0.0,Y45275.00,Q13-3D.04~000013,2020,behavioral/externalizing,BEHAVIOR PROBLEMS INDEX: CHILD IS IMPULSIVE OR ACTS WITHOUT
Y4527600,0.0,0.0,0.0,Y45276.00,Q13-3D.05~000013,2020,behavioral/externalizing,BEHAVIOR PROBLEMS INDEX: CHILD IS IMPULSIVE OR ACTS WITHOUT
Y4527700,0.0,0.0,0.0,Y45277.00,Q13-3E.01~000019,2020,behavioral/externalizing,BEHAVIOR PROBLEMS INDEX: CHILD HAS STRONG TEMPER AND LOSES IT
Y4527800,0.0,0.0,0.0,Y45278.00,Q13-3E.02~000019,2020,behavioral/externalizing,BEHAVIOR PROBLEMS INDEX: CHILD HAS STRONG TEMPER AND LOSES IT
Y4209600,0.0,0.0,0.0,Y42096.00,Q13-3D.05~000013,2018,behavioral/externalizing,BEHAVIOR PROBLEMS INDEX: CHILD IS IMPULSIVE OR ACTS WITHOUT
Y4208804,0.0,0.0,0.0,Y42088.04,Q13-3C.02~000011,2018,behavioral/externalizing,BEHAVIOR PROBLEMS INDEX: CHILD DOES NOT SEEM TO FEEL SORRY AFTER
Y4209400,0.0,0.0,0.0,Y42094.00,Q13-3D.03~000013,2018,behavioral/externalizing,BEHAVIOR PROBLEMS INDEX: CHILD IS IMPULSIVE OR ACTS WITHOUT
C5700200,0.0,0.0,0.0,C57002.00,CSAS063,2012,substance/risk behavior,CHILD SELF-ADMIN: CHILD'S AGE WHEN FIRST USED MARIJUANA
Y2258102,0.0,0.0,0.0,Y22581.02,YASR-65A~000003,2008,prior delinquency/contact,CHARGES R MOST RECENTLY CONVICTED OF - THEFT
Y2258104,0.0,0.0,0.0,Y22581.04,YASR-65A~000005,2008,prior delinquency/contact,CHARGES R MOST RECENTLY CONVICTED OF - DESTRUCTION OF PROPERTY
Y3249401,0.0,0.0,0.0,Y32494.01,Q13-3G.06~000026,2014,behavioral/externalizing,BEHAVIOR PROBLEMS INDEX: CHILD IS DISOBEDIENT AT SCHOOL
Y3587303,0.0,0.0,0.0,Y35873.03,Q13-3C.05~000010,2016,behavioral/externalizing,BEHAVIOR PROBLEMS INDEX: CHILD IS DISOBEDIENT AT HOME
Y3587304,0.0,0.0,0.0,Y35873.04,Q13-3C.05~000011,2016,behavioral/externalizing,BEHAVIOR PROBLEMS INDEX: CHILD DOES NOT SEEM TO FEEL SORRY AFTER
Y3587403,0.0,0.0,0.0,Y35874.03,Q13-3C.06~000010,2016,behavioral/externalizing,BEHAVIOR PROBLEMS INDEX: CHILD IS DISOBEDIENT AT HOME
Y3587404,0.0,0.0,0.0,Y35874.04,Q13-3C.06~000011,2016,behavioral/externalizing,BEHAVIOR PROBLEMS INDEX: CHILD DOES NOT SEEM TO FEEL SORRY AFTER
Y3249301,0.0,0.0,0.0,Y32493.01,Q13-3G.05~000026,2014,behavioral/externalizing,BEHAVIOR PROBLEMS INDEX: CHILD IS DISOBEDIENT AT SCHOOL
Y2958600,0.0,0.0,0.0,Y29586.00,YASR-60F,2012,school/achievement,HOW MANY TIMES IN LAST YEAR R DAMAGED SCHOOL PROPERTY ON PURPOSE
Y4209300,0.0,0.0,0.0,Y42093.00,Q13-3D.02~000013,2018,behavioral/externalizing,BEHAVIOR PROBLEMS INDEX: CHILD IS IMPULSIVE OR ACTS WITHOUT
Y3587900,-0.002409122675766857,0.0,0.0,Y35879.00,Q13-3D.05~000013,2016,behavioral/externalizing,BEHAVIOR PROBLEMS INDEX: CHILD IS IMPULSIVE OR ACTS WITHOUT
Y3588000,0.0,0.0,0.0,Y35880.00,Q13-3D.06~000013,2016,behavioral/externalizing,BEHAVIOR PROBLEMS INDEX: CHILD IS IMPULSIVE OR ACTS WITHOUT
Y0379000,0.0,0.0,0.0,Y03790.00,YASR-67B,1994,prior delinquency/contact,YA SELF-REPORT: STILL ON PROBATION
Y2959802,0.0,0.0,0.0,Y29598.02,YASR-65A~000003,2012,prior delinquency/contact,CHARGES R MOST RECENTLY CONVICTED OF - THEFT
Y2959801,0.0,0.0,0.0,Y29598.01,YASR-65A~000002,2012,prior delinquency/contact,CHARGES R MOST RECENTLY CONVICTED OF - ROBBERY
Y2959800,0.0,0.0,0.0,Y29598.00,YASR-65A~000001,2012,prior delinquency/contact,CHARGES R MOST RECENTLY CONVICTED OF - ASSAULT
Y3588500,0.0,0.0,0.0,Y35885.00,Q13-3E.05~000019,2016,behavioral/externalizing,BEHAVIOR PROBLEMS INDEX: CHILD HAS STRONG TEMPER AND LOSES IT
Y3588600,0.0,0.0,0.0,Y35886.00,Q13-3E.06~000019,2016,behavioral/externalizing,BEHAVIOR PROBLEMS INDEX: CHILD HAS STRONG TEMPER AND LOSES IT
Y2258101,0.0,0.0,0.0,Y22581.01,YASR-65A~000002,2008,prior delinquency/contact,CHARGES R MOST RECENTLY CONVICTED OF - ROBBERY
Y3246403,0.0,0.0,0.0,Y32464.03,Q13-3A.06~000004,2014,behavioral/externalizing,BEHAVIOR PROBLEMS INDEX: CHILD CHEATS OR TELLS LIES
Y3246405,0.0,0.0,0.0,Y32464.05,Q13-3A.06~000006,2014,behavioral/externalizing,BEHAVIOR PROBLEMS INDEX: CHILD ARGUES TOO MUCH
Y3247003,0.0,0.0,0.0,Y32470.03,Q13-3C.06~000010,2014,behavioral/externalizing,BEHAVIOR PROBLEMS INDEX: CHILD IS DISOBEDIENT AT HOME
Y3589801,0.0,0.0,0.0,Y35898.01,Q13-3G.06~000026,2016,behavioral/externalizing,BEHAVIOR PROBLEMS INDEX: CHILD IS DISOBEDIENT AT SCHOOL
Y1942104,0.0,0.0,0.0,Y19421.04,YASR-65A~000005,2006,prior delinquency/contact,CHARGES R MOST RECENTLY CONVICTED OF - DESTRUCTION OF PROPERTY
Y3326207,0.0,0.0,0.0,Y33262.07,YASR-65A~000008,2014,substance/risk behavior,CHARGES R MOST RECENTLY CONVICTED OF - SELLING OF MARIJUANA OR
Y1417401,0.0,0.0,0.0,Y14174.01,YASR-65A~000002,2002,prior delinquency/contact,CHARGES R MOST RECENTLY CONVICTED OF - ROBBERY
C5972100,0.0,0.0,0.0,C59721.00,CSAS063,2014,substance/risk behavior,CHILD SELF-ADMIN: CHILD'S AGE WHEN FIRST USED MARIJUANA
C5971500,0.0,0.0,0.0,C59715.00,CSAS057B,2014,substance/risk behavior,CHILD SELF-ADMIN: CHILD'S AGE WHEN FIRST DRANK ALCOHOL MORE THAN
Y3326204,0.0,0.0,0.0,Y33262.04,YASR-65A~000005,2014,prior delinquency/contact,CHARGES R MOST RECENTLY CONVICTED OF - DESTRUCTION OF PROPERTY
Y3326201,0.0,0.0,0.0,Y33262.01,YASR-65A~000002,2014,prior delinquency/contact,CHARGES R MOST RECENTLY CONVICTED OF - ROBBERY
Y3248803,0.0,0.0,0.0,Y32488.03,Q13-3F.06~000028,2014,behavioral/externalizing,BEHAVIOR PROBLEMS INDEX: CHILD HANGS AROUND WITH KIDS WHO GET INTO
Y3248200,0.0,0.0,0.0,Y32482.00,Q13-3E.06~000019,2014,behavioral/externalizing,BEHAVIOR PROBLEMS INDEX: CHILD HAS STRONG TEMPER AND LOSES IT
Y3247600,0.0,0.0,0.0,Y32476.00,Q13-3D.06~000013,2014,behavioral/externalizing,BEHAVIOR PROBLEMS INDEX: CHILD IS IMPULSIVE OR ACTS WITHOUT
Y3247500,-0.046080844154142535,0.0,0.0,Y32475.00,Q13-3D.05~000013,2014,behavioral/externalizing,BEHAVIOR PROBLEMS INDEX: CHILD IS IMPULSIVE OR ACTS WITHOUT
Y3247004,0.0,0.0,0.0,Y32470.04,Q13-3C.06~000011,2014,behavioral/externalizing,BEHAVIOR PROBLEMS INDEX: CHILD DOES NOT SEEM TO FEEL SORRY AFTER
Y3586703,0.0,0.0,0.0,Y35867.03,Q13-3A.05~000004,2016,behavioral/externalizing,BEHAVIOR PROBLEMS INDEX: CHILD CHEATS OR TELLS LIES
Y3586705,0.002409122675766857,0.0,0.0,Y35867.05,Q13-3A.05~000006,2016,behavioral/externalizing,BEHAVIOR PROBLEMS INDEX: CHILD ARGUES TOO MUCH
Y3586803,0.0,0.0,0.0,Y35868.03,Q13-3A.06~000004,2016,behavioral/externalizing,BEHAVIOR PROBLEMS INDEX: CHILD CHEATS OR TELLS LIES
Y3586805,0.0,0.0,0.0,Y35868.05,Q13-3A.06~000006,2016,behavioral/externalizing,BEHAVIOR PROBLEMS INDEX: CHILD ARGUES TOO MUCH
Y0970100,0.0,0.0,0.0,Y09701.00,YASR-67B,1998,prior delinquency/contact,YA SELF-REPORT: STILL ON PROBATION
Y0377900,0.0,0.0,0.0,Y03779.00,YASR-65A~000007,1994,substance/risk behavior,YA SELF-REPORT: EVER CONVICTED OF POSSESSION OF MARIJUANA OR
Y2878403,0.0,0.0,0.0,Y28784.03,Q13-3F.06~000028,2012,behavioral/externalizing,BEHAVIOR PROBLEMS INDEX: CHILD HANGS AROUND WITH KIDS WHO GET INTO
Y4211001,0.0,0.0,0.0,Y42110.01,Q13-3G.04~000026,2018,behavioral/externalizing,BEHAVIOR PROBLEMS INDEX: CHILD IS DISOBEDIENT AT SCHOOL
Y4208303,0.0,0.0,0.0,Y42083.03,Q13-3A.02~000004,2018,behavioral/externalizing,BEHAVIOR PROBLEMS INDEX: CHILD CHEATS OR TELLS LIES
Y4208305,0.0,0.0,0.0,Y42083.05,Q13-3A.02~000006,2018,behavioral/externalizing,BEHAVIOR PROBLEMS INDEX: CHILD ARGUES TOO MUCH
Y4208403,0.0,0.0,0.0,Y42084.03,Q13-3A.03~000004,2018,behavioral/externalizing,BEHAVIOR PROBLEMS INDEX: CHILD CHEATS OR TELLS LIES
Y4208405,0.0,0.0,0.0,Y42084.05,Q13-3A.03~000006,2018,behavioral/externalizing,BEHAVIOR PROBLEMS INDEX: CHILD ARGUES TOO MUCH
Y4208503,0.0,0.0,0.0,Y42085.03,Q13-3A.04~000004,2018,behavioral/externalizing,BEHAVIOR PROBLEMS INDEX: CHILD CHEATS OR TELLS LIES
Y4208505,0.0,0.0,0.0,Y42085.05,Q13-3A.04~000006,2018,behavioral/externalizing,BEHAVIOR PROBLEMS INDEX: CHILD ARGUES TOO MUCH
Y4208603,0.0,0.0,0.0,Y42086.03,Q13-3A.05~000004,2018,behavioral/externalizing,BEHAVIOR PROBLEMS INDEX: CHILD CHEATS OR TELLS LIES
Y4208605,0.0,0.0,0.0,Y42086.05,Q13-3A.05~000006,2018,behavioral/externalizing,BEHAVIOR PROBLEMS INDEX: CHILD ARGUES TOO MUCH
Y2609700,0.0,0.0,0.0,Y26097.00,YASR-65A~000001,2010,prior delinquency/contact,CHARGES R MOST RECENTLY CONVICTED OF - ASSAULT
Y4208803,0.0,0.0,0.0,Y42088.03,Q13-3C.02~000010,2018,behavioral/externalizing,BEHAVIOR PROBLEMS INDEX: CHILD IS DISOBEDIENT AT HOME
C6052600,0.0,0.0,0.0,C60526.00,BPMIS22016,2016,behavioral/externalizing,BEHAVIOR PROBLEMS INDEX: EXTERNAL RAW SCORE TRICHOTOMOUS ITEMS -
Y4208903,0.0,0.0,0.0,Y42089.03,Q13-3C.03~000010,2018,behavioral/externalizing,BEHAVIOR PROBLEMS INDEX: CHILD IS DISOBEDIENT AT HOME
Y4208904,0.0,0.0,0.0,Y42089.04,Q13-3C.03~000011,2018,behavioral/externalizing,BEHAVIOR PROBLEMS INDEX: CHILD DOES NOT SEEM TO FEEL SORRY AFTER
Y4209003,0.0,0.0,0.0,Y42090.03,Q13-3C.04~000010,2018,behavioral/externalizing,BEHAVIOR PROBLEMS INDEX: CHILD IS DISOBEDIENT AT HOME
Y4209004,0.0,0.0,0.0,Y42090.04,Q13-3C.04~000011,2018,behavioral/externalizing,BEHAVIOR PROBLEMS INDEX: CHILD DOES NOT SEEM TO FEEL SORRY AFTER
Y4209103,0.0,0.0,0.0,Y42091.03,Q13-3C.05~000010,2018,behavioral/externalizing,BEHAVIOR PROBLEMS INDEX: CHILD IS DISOBEDIENT AT HOME
Y4209104,0.0,0.0,0.0,Y42091.04,Q13-3C.05~000011,2018,behavioral/externalizing,BEHAVIOR PROBLEMS INDEX: CHILD DOES NOT SEEM TO FEEL SORRY AFTER
Y4211101,0.0,0.0,0.0,Y42111.01,Q13-3G.05~000026,2018,behavioral/externalizing,BEHAVIOR PROBLEMS INDEX: CHILD IS DISOBEDIENT AT SCHOOL
Y4210901,0.0,0.0,0.0,Y42109.01,Q13-3G.03~000026,2018,behavioral/externalizing,BEHAVIOR PROBLEMS INDEX: CHILD IS DISOBEDIENT AT SCHOOL
Y2878303,0.0,0.0,0.0,Y28783.03,Q13-3F.05~000028,2012,behavioral/externalizing,BEHAVIOR PROBLEMS INDEX: CHILD HANGS AROUND WITH KIDS WHO GET INTO
Y4210801,0.0,0.0,0.0,Y42108.01,Q13-3G.02~000026,2018,behavioral/externalizing,BEHAVIOR PROBLEMS INDEX: CHILD IS DISOBEDIENT AT SCHOOL
Y3589103,0.0,0.0,0.0,Y35891.03,Q13-3F.05~000028,2016,behavioral/externalizing,BEHAVIOR PROBLEMS INDEX: CHILD HANGS AROUND WITH KIDS WHO GET INTO
Y3589203,0.0,0.0,0.0,Y35892.03,Q13-3F.06~000028,2016,behavioral/externalizing,BEHAVIOR PROBLEMS INDEX: CHILD HANGS AROUND WITH KIDS WHO GET INTO
Y0378000,0.0,0.0,0.0,Y03780.00,YASR-65A~000008,1994,substance/risk behavior,YA SELF-REPORT: EVER CONVICTED OF SELLING MARIJUANA OR HASHISH?
Y2877800,0.0,0.0,0.0,Y28778.00,Q13-3E.06~000019,2012,behavioral/externalizing,BEHAVIOR PROBLEMS INDEX: CHILD HAS STRONG TEMPER AND LOSES IT
Y2877700,0.0,0.0,0.0,Y28777.00,Q13-3E.05~000019,2012,behavioral/externalizing,BEHAVIOR PROBLEMS INDEX: CHILD HAS STRONG TEMPER AND LOSES IT
Y1668807,0.0,0.0,0.0,Y16688.07,YASR-65A~000008,2004,substance/risk behavior,CHARGES R MOST RECENTLY CONVICTED OF - SELLING OF MARIJUANA OR
Y2877200,0.0,0.0,0.0,Y28772.00,Q13-3D.06~000013,2012,behavioral/externalizing,BEHAVIOR PROBLEMS INDEX: CHILD IS IMPULSIVE OR ACTS WITHOUT
Y3671400,0.0,0.0,0.0,Y36714.00,YASR-65A~000001,2016,prior delinquency/contact,CHARGES R MOST RECENTLY CONVICTED OF - ASSAULT
Y3671401,0.0,0.0,0.0,Y36714.01,YASR-65A~000002,2016,prior delinquency/contact,CHARGES R MOST RECENTLY CONVICTED OF - ROBBERY
Y3671402,0.0,0.0,0.0,Y36714.02,YASR-65A~000003,2016,prior delinquency/contact,CHARGES R MOST RECENTLY CONVICTED OF - THEFT
Y2877100,0.0,0.0,0.0,Y28771.00,Q13-3D.05~000013,2012,behavioral/externalizing,BEHAVIOR PROBLEMS INDEX: CHILD IS IMPULSIVE OR ACTS WITHOUT
Y2876604,0.0,0.0,0.0,Y28766.04,Q13-3C.06~000011,2012,behavioral/externalizing,BEHAVIOR PROBLEMS INDEX: CHILD DOES NOT SEEM TO FEEL SORRY AFTER
Y2876603,0.0,0.0,0.0,Y28766.03,Q13-3C.06~000010,2012,behavioral/externalizing,BEHAVIOR PROBLEMS INDEX: CHILD IS DISOBEDIENT AT HOME
Y3670804,0.0,0.0,0.0,Y36708.04,YASR-60B-J~000005,2016,school/achievement,HOW MANY TIMES IN LAST YEAR R DAMAGED SCHOOL PROPERTY ON PURPOSE
Y2876005,0.0,0.0,0.0,Y28760.05,Q13-3A.06~000006,2012,behavioral/externalizing,BEHAVIOR PROBLEMS INDEX: CHILD ARGUES TOO MUCH
Y2876003,0.0,0.0,0.0,Y28760.03,Q13-3A.06~000004,2012,behavioral/externalizing,BEHAVIOR PROBLEMS INDEX: CHILD CHEATS OR TELLS LIES
Y3671407,0.0,0.0,0.0,Y36714.07,YASR-65A~000008,2016,substance/risk behavior,CHARGES R MOST RECENTLY CONVICTED OF - SELLING OF MARIJUANA OR
Y3589701,0.0,0.0,0.0,Y35897.01,Q13-3G.05~000026,2016,behavioral/externalizing,BEHAVIOR PROBLEMS INDEX: CHILD IS DISOBEDIENT AT SCHOOL
