csv_code,coefficient,ref_id,variable,survey_year,feature_group,question,abs_coefficient
Y1176200,0.5611610253334622,Y11762.00,YASR-61B,2000,school/achievement,IN LAST YEAR R EVER GOTTEN INTO A PHYSICAL FIGHT AT SCHOOL OR WORK,0.5611610253334622
C6051000,0.5545459690639681,C60510.00,CRES2016,2016,family/home,USUAL RESIDENCE OF CHILD,0.5545459690639681
Y3300000,-0.5358570212547368,Y33000.00,Q15-143,2014,family/home,HOW OFTEN R OR HOUSEHOLD PUTS OFF BUYING SOMETHING NECESSARY (SUCH,0.5358570212547368
Y3456000,-0.500641730237065,Y34560.00,QES-71A.01,2016,socioeconomic/work,EASIEST WAY FOR R TO REPORT TOTAL EARNINGS/TIME UNIT FOR RATE OF,0.500641730237065
Y2964011,-0.48394025514074585,Y29640.11,YASR-72A~000012,2012,other,WHO R WOULD TURN TO FOR HELP WITH EMOTIONAL OR PERSONAL PROBLEM -,0.48394025514074585
C6120500,0.4644789106395268,C61205.00,CRES2018,2018,family/home,USUAL RESIDENCE OF CHILD,0.4644789106395268
Y3332600,-0.4602632290814026,Y33326.00,RESTYPE2014,2014,family/home,TYPE OF RESIDENCE R LIVES IN - CONSTRUCTED,0.4602632290814026
C0008048,-0.37996425773024806,C00080.48,CRES2006,2006,family/home,USUAL RESIDENCE OF CHILD,0.37996425773024806
Y2616600,-0.37805660902298843,Y26166.00,RESTYPE2010,2010,family/home,TYPE OF RESIDENCE R LIVES IN - CONSTRUCTED,0.37805660902298843
Y1177000,0.3729537689867692,Y11770.00,YASR-67,2000,prior delinquency/contact,EVER/SINCE DATE OF LAST INTERVIEW R BEEN ON PROBATION?,0.3729537689867692
Y1417600,0.3191523849673382,Y14176.00,YASR-67,2002,prior delinquency/contact,EVER/SINCE DATE OF LAST INTERVIEW R BEEN ON PROBATION?,0.3191523849673382
Y3563900,-0.3105962781675352,Y35639.00,Q12-172,2016,other,HOW MANY (MORE) CHILDREN DOES R EXPECT TO HAVE? (NONE OR SELECT TO,0.3105962781675352
C2466100,0.3051554032425245,C24661.00,CSAS040B,2000,prior delinquency/contact,CHILD SELF-ADMIN: HOW OFTEN IN LAST YEAR HURT SOMEONE BAD ENOUGH TO,0.3051554032425245
C5525400,0.28955337416061777,C55254.00,CRES2012,2012,family/home,USUAL RESIDENCE OF CHILD,0.28955337416061777
C2765800,0.2832577590425044,C27658.00,CSAS040B,2002,prior delinquency/contact,CHILD SELF-ADMIN: HOW OFTEN IN LAST YEAR HURT SOMEONE BAD ENOUGH TO,0.2832577590425044
Y3676400,-0.281372669630388,Y36764.00,RESTYPE2016,2016,family/home,TYPE OF RESIDENCE R LIVES IN - CONSTRUCTED,0.281372669630388
Y1669000,0.2738646473130016,Y16690.00,YASR-67,2004,prior delinquency/contact,EVER/SINCE DATE OF LAST INTERVIEW R BEEN ON PROBATION?,0.2738646473130016
Y3332300,0.2612935065031742,Y33323.00,NUMINHH2014,2014,family/home,NUMBER OF HOUSEHOLD MEMBERS IN HH OF R,0.2612935065031742
Y2960000,0.2590573066335009,Y29600.00,YASR-67,2012,prior delinquency/contact,EVER/SINCE DATE OF LAST INTERVIEW R BEEN ON PROBATION?,0.2590573066335009
C3870000,0.25759200864009635,C38700.00,CSAS040B,2008,prior delinquency/contact,CHILD SELF-ADMIN: HOW OFTEN IN LAST YEAR HURT SOMEONE BAD ENOUGH TO,0.25759200864009635
C1506300,0.24895046078976485,C15063.00,BPMIS21994,1994,behavioral/externalizing,BEHAVIOR PROBLEMS INDEX: EXTERNAL RAW SCORE TRICHOTOMOUS ITEMS -,0.24895046078976485
C3366300,0.2474684326767879,C33663.00,CSAS040B,2006,prior delinquency/contact,CHILD SELF-ADMIN: HOW OFTEN IN LAST YEAR HURT SOMEONE BAD ENOUGH TO,0.2474684326767879
C0781100,-0.24604615636460284,C07811.00,MS880775,1988,behavioral/externalizing,BEHAVIOR PROBLEMS INDEX: CHILD CHEATS OR TELLS LIES,0.24604615636460284
C5121900,-0.23561660776237864,C51219.00,CSAS056B,2010,substance/risk behavior,CHILD SELF-ADMIN: CHILD'S AGE WHEN FIRST DRANK ALCOHOL,0.23561660776237864
C0005700,0.23365768558670255,C00057.00,CYRB,XRND,background,DATE OF BIRTH OF CHILD - YEAR,0.23365768558670255
Y3246503,-0.2326914685212609,Y32465.03,Q13-3C.01~000010,2014,behavioral/externalizing,BEHAVIOR PROBLEMS INDEX: CHILD IS DISOBEDIENT AT HOME,0.2326914685212609
Y1417500,0.2326674163532262,Y14175.00,YASR-66,2002,prior delinquency/contact,EVER/SINCE DATE OF LAST INTERVIEW R BEEN SENTENCED TO A CORRECTIONS,0.2326674163532262
C2433500,0.2264779156950407,C24335.00,MS2-10,2000,behavioral/externalizing,BEHAVIOR PROBLEMS INDEX: CHILD IS DISOBEDIENT AT HOME,0.2264779156950407
C5990500,-0.2247837829291257,C59905.00,MS-BKGN-AGECK-YA1,2014,family/home,IS CHILD TURNING 15 YEARS OF AGE IN 2014?,0.2247837829291257
C6100000,-0.21909648967997739,C61000.00,MS-BPI-06,2016,behavioral/externalizing,BEHAVIOR PROBLEMS INDEX: CHILD ARGUES TOO MUCH,0.21909648967997739
C0565800,0.21600751864386217,C05658.00,MS860536,1986,behavioral/externalizing,BEHAVIOR PROBLEMS INDEX: CHILD HAS STRONG TEMPER AND LOSES IT,0.21600751864386217
Y2608200,0.20961657757991464,Y26082.00,YASR-60C,2010,prior delinquency/contact,HOW MANY TIMES IN LAST YEAR R HURT SOMEONE BADLY ENOUGH TO NEED,0.20961657757991464
Y3676100,0.20960085785978055,Y36761.00,NUMINHH2016,2016,family/home,NUMBER OF HOUSEHOLD MEMBERS IN HH OF R,0.20960085785978055
C0984100,0.20831473038419282,C09841.00,MS901329,1990,behavioral/externalizing,BEHAVIOR PROBLEMS INDEX: CHILD CHEATS OR TELLS LIES,0.20831473038419282
C2466400,0.2082681538361409,C24664.00,CSAS040E,2000,school/achievement,CHILD SELF-ADMIN: HOW OFTEN IN LAST YEAR DAMAGED SCHOOL PROPERTY ON,0.2082681538361409
C6032600,-0.20589139253157474,C60326.00,MS-BPI-13,2014,behavioral/externalizing,BEHAVIOR PROBLEMS INDEX: CHILD IS IMPULSIVE OR ACTS WITHOUT,0.20589139253157474
C6034500,0.20302924161903108,C60345.00,MS-BPI-31,2014,behavioral/externalizing,BEHAVIOR PROBLEMS INDEX: CHILD IS DISOBEDIENT AT SCHOOL,0.20302924161903108
C1636400,-0.20246398870545818,C16364.00,MS961429,1996,behavioral/externalizing,BEHAVIOR PROBLEMS INDEX: CHILD CHEATS OR TELLS LIES,0.20246398870545818
Y2876700,-0.20164587637146986,Y28767.00,Q13-3D.01~000013,2012,behavioral/externalizing,BEHAVIOR PROBLEMS INDEX: CHILD IS IMPULSIVE OR ACTS WITHOUT,0.20164587637146986
Y1668802,0.19678865144349605,Y16688.02,YASR-65A~000003,2004,prior delinquency/contact,CHARGES R MOST RECENTLY CONVICTED OF - THEFT,0.19678865144349605
C2766100,0.19650162211042072,C27661.00,CSAS040E,2002,school/achievement,CHILD SELF-ADMIN: HOW OFTEN IN LAST YEAR DAMAGED SCHOOL PROPERTY ON,0.19650162211042072
Y2892400,0.1959291971030779,Y28924.00,Q14-16,2012,health,WHEN R LAST SAW DOCTOR FOR TREATMENT OF AN ILLNESS,0.1959291971030779
Y2609900,0.19518733996590662,Y26099.00,YASR-67,2010,prior delinquency/contact,EVER/SINCE DATE OF LAST INTERVIEW R BEEN ON PROBATION?,0.19518733996590662
Y1938701,-0.19484329302809625,Y19387.01,YASR-54A~000002,2006,other,"BIRTH CONTROL METHODS R USED - CONDOM, RUBBER",0.19484329302809625
Y1416200,0.19233958794568023,Y14162.00,YASR-60F,2002,school/achievement,HOW MANY TIMES IN LAST YEAR R DAMAGED SCHOOL PROPERTY ON PURPOSE,0.19233958794568023
C5190900,-0.19171318657511122,C51909.00,MS-BPI-13,2010,behavioral/externalizing,BEHAVIOR PROBLEMS INDEX: CHILD IS IMPULSIVE OR ACTS WITHOUT,0.19171318657511122
C3010000,0.1915507173447804,C30100.00,BPI-04,2004,behavioral/externalizing,BEHAVIOR PROBLEMS INDEX: CHILD CHEATS OR TELLS LIES,0.1915507173447804
C2996600,-0.18323783895829865,C29966.00,HOME-D04,2004,family/home,HOME PART D (10-14 YRS): DOES FAMILY GET A DAILY NEWSPAPER?,0.18323783895829865
C5118200,0.17711558414089704,C51182.00,CSAS040B,2010,prior delinquency/contact,CHILD SELF-ADMIN: HOW OFTEN IN LAST YEAR HURT SOMEONE BAD ENOUGH TO,0.17711558414089704
Y3247100,-0.17574415167731186,Y32471.00,Q13-3D.01~000013,2014,behavioral/externalizing,BEHAVIOR PROBLEMS INDEX: CHILD IS IMPULSIVE OR ACTS WITHOUT,0.17574415167731186
Y1489300,0.17530343997898004,Y14893.00,Q4-5AA,2004,school/achievement,HAS R EVER SEEN A STUDENT CARRY A WEAPON ON SCHOOL PROPERTY,0.17530343997898004
Y1942200,0.17353741617254442,Y19422.00,YASR-66,2006,prior delinquency/contact,EVER/SINCE DATE OF LAST INTERVIEW R BEEN SENTENCED TO A CORRECTIONS,0.17353741617254442
Y1176802,0.17248510169127587,Y11768.02,YASR-65A~000003,2000,prior delinquency/contact,CHARGES R MOST RECENTLY CONVICTED OF - THEFT,0.17248510169127587
C5695700,0.17189950379893348,C56957.00,CSAS040B,2012,prior delinquency/contact,CHILD SELF-ADMIN: HOW OFTEN IN LAST YEAR HURT SOMEONE BAD ENOUGH TO,0.17189950379893348
C3420200,0.17020733187616272,C34202.00,MS-BPI-06,2006,behavioral/externalizing,BEHAVIOR PROBLEMS INDEX: CHILD ARGUES TOO MUCH,0.17020733187616272
Y1917200,-0.1700712367053616,Y19172.00,Q15-143,2006,family/home,HOW OFTEN R OR HOUSEHOLD PUTS OFF BUYING SOMETHING NECESSARY (SUCH,0.1700712367053616
C2434400,-0.16884022565608092,C24344.00,MS2-19,2000,behavioral/externalizing,BEHAVIOR PROBLEMS INDEX: CHILD HAS STRONG TEMPER AND LOSES IT,0.16884022565608092
Y2258300,0.1678744717029681,Y22583.00,YASR-67,2008,prior delinquency/contact,EVER/SINCE DATE OF LAST INTERVIEW R BEEN ON PROBATION?,0.1678744717029681
C5530600,0.16676221683000167,C55306.00,BPMIS22012,2012,behavioral/externalizing,BEHAVIOR PROBLEMS INDEX: EXTERNAL RAW SCORE TRICHOTOMOUS ITEMS -,0.16676221683000167
Y3662000,-0.16667354904954593,Y36620.00,YASR-10-1,2016,other,HOW MANY HOURS IN A TYPICAL WEEK R WATCHES TV (CATEGORICAL),0.16667354904954593
Y3246504,0.16654552096930023,Y32465.04,Q13-3C.01~000011,2014,behavioral/externalizing,BEHAVIOR PROBLEMS INDEX: CHILD DOES NOT SEEM TO FEEL SORRY AFTER,0.16654552096930023
Y3671600,0.16613469811262369,Y36716.00,YASR-67,2016,prior delinquency/contact,EVER/SINCE DATE OF LAST INTERVIEW R BEEN ON PROBATION?,0.16613469811262369
Y1940600,0.16495696163281606,Y19406.00,YASR-60C,2006,prior delinquency/contact,HOW MANY TIMES IN LAST YEAR R HURT SOMEONE BADLY ENOUGH TO NEED,0.16495696163281606
C2773300,-0.16272849822748084,C27733.00,CSAS093,2002,school/achievement,CHILD SELF-ADMIN: HAS CHILD EVER HAD A SEX EDUCATION CLASS AT,0.16272849822748084
C3422800,0.16256476587877516,C34228.00,MS-BPI-31,2006,behavioral/externalizing,BEHAVIOR PROBLEMS INDEX: CHILD IS DISOBEDIENT AT SCHOOL,0.16256476587877516
Y1415900,0.16202806808313766,Y14159.00,YASR-60C,2002,prior delinquency/contact,HOW MANY TIMES IN LAST YEAR R HURT SOMEONE BADLY ENOUGH TO NEED,0.16202806808313766
C1977500,0.16181867071392023,C19775.00,MS984006,1998,behavioral/externalizing,BEHAVIOR PROBLEMS INDEX: CHILD ARGUES TOO MUCH,0.16181867071392023
C5118500,0.16161502052923374,C51185.00,CSAS040E,2010,school/achievement,CHILD SELF-ADMIN: HOW OFTEN IN LAST YEAR DAMAGED SCHOOL PROPERTY ON,0.16161502052923374
C0008047,-0.1569600734084938,C00080.47,CRES2004,2004,family/home,USUAL RESIDENCE OF CHILD,0.1569600734084938
Y4276400,-0.156858726997079,Y42764.00,YASR-67,2018,prior delinquency/contact,EVER/SINCE DATE OF LAST INTERVIEW R BEEN ON PROBATION?,0.156858726997079
Y3326400,0.15567166324876253,Y33264.00,YASR-67,2014,prior delinquency/contact,EVER/SINCE DATE OF LAST INTERVIEW R BEEN ON PROBATION?,0.15567166324876253
Y1176806,0.15473578002453559,Y11768.06,YASR-65A~000007,2000,substance/risk behavior,CHARGES R MOST RECENTLY CONVICTED OF - POSSESSION OF MARIJUANA OR,0.15473578002453559
C0781300,-0.15171202294878705,C07813.00,MS880777,1988,behavioral/externalizing,BEHAVIOR PROBLEMS INDEX: CHILD ARGUES TOO MUCH,0.15171202294878705
Y3586903,-0.1500662673501254,Y35869.03,Q13-3C.01~000010,2016,behavioral/externalizing,BEHAVIOR PROBLEMS INDEX: CHILD IS DISOBEDIENT AT HOME,0.1500662673501254
C3870300,0.14875106340729635,C38703.00,CSAS040E,2008,school/achievement,CHILD SELF-ADMIN: HOW OFTEN IN LAST YEAR DAMAGED SCHOOL PROPERTY ON,0.14875106340729635
C3366600,0.14874554127303882,C33666.00,CSAS040E,2006,school/achievement,CHILD SELF-ADMIN: HOW OFTEN IN LAST YEAR DAMAGED SCHOOL PROPERTY ON,0.14874554127303882
C1370100,-0.14828225343722343,C13701.00,CS942641,1994,substance/risk behavior,CHILD SELF-ADMIN: CHILD'S AGE WHEN FIRST DRANK ALCOHOL,0.14828225343722343
C1435400,-0.148032571748679,C14354.00,MS941441,1994,behavioral/externalizing,BEHAVIOR PROBLEMS INDEX: CHILD IS DISOBEDIENT AT HOME,0.148032571748679
C0985000,-0.14626339711772632,C09850.00,MS901347,1990,behavioral/externalizing,BEHAVIOR PROBLEMS INDEX: CHILD IS IMPULSIVE OR ACTS WITHOUT,0.14626339711772632
C5190700,-0.14585233535781642,C51907.00,MS-BPI-11,2010,behavioral/externalizing,BEHAVIOR PROBLEMS INDEX: CHILD DOES NOT SEEM TO FEEL SORRY AFTER,0.14585233535781642
Y1417900,-0.14416969342150168,Y14179.00,YASR-69B,2002,socioeconomic/work,WAS ANY OF VOLUNTEER WORK R HAS DONE COURT ORDERED?,0.14416969342150168
C2435600,-0.1439516495553959,C24356.00,MS2-31,2000,behavioral/externalizing,BEHAVIOR PROBLEMS INDEX: CHILD IS DISOBEDIENT AT SCHOOL,0.1439516495553959
Y3326300,0.14231535132234086,Y33263.00,YASR-66,2014,prior delinquency/contact,EVER/SINCE DATE OF LAST INTERVIEW R BEEN SENTENCED TO A CORRECTIONS,0.14231535132234086
Y2674500,-0.14136007587270555,Y26745.00,Q4-5AA,2012,school/achievement,HAS R EVER SEEN A STUDENT CARRY A WEAPON ON SCHOOL PROPERTY,0.14136007587270555
C2525000,-0.1406049807527107,C25250.00,BPMIS22002,2002,behavioral/externalizing,BEHAVIOR PROBLEMS INDEX: EXTERNAL RAW SCORE TRICHOTOMOUS ITEMS -,0.1406049807527107
C5696000,0.1401675816637998,C56960.00,CSAS040E,2012,school/achievement,CHILD SELF-ADMIN: HOW OFTEN IN LAST YEAR DAMAGED SCHOOL PROPERTY ON,0.1401675816637998
C1637300,0.1399303554101661,C16373.00,MS961447,1996,behavioral/externalizing,BEHAVIOR PROBLEMS INDEX: CHILD IS IMPULSIVE OR ACTS WITHOUT,0.1399303554101661
Y2876103,0.13940012024165627,Y28761.03,Q13-3C.01~000010,2012,behavioral/externalizing,BEHAVIOR PROBLEMS INDEX: CHILD IS DISOBEDIENT AT HOME,0.13940012024165627
C0793800,-0.138870530153803,C07938.00,ANTI1988,1988,behavioral/externalizing,BEHAVIOR PROBLEMS INDEX: ANTISOCIAL RAW SCORE,0.138870530153803
Y1668200,0.1380548914632053,Y16682.00,YASR-61B,2004,school/achievement,IN LAST YEAR R EVER GOTTEN INTO A PHYSICAL FIGHT AT SCHOOL OR WORK,0.1380548914632053
Y3671500,0.13674771465429741,Y36715.00,YASR-66,2016,prior delinquency/contact,EVER/SINCE DATE OF LAST INTERVIEW R BEEN SENTENCED TO A CORRECTIONS,0.13674771465429741
Y3589401,-0.13620728325049067,Y35894.01,Q13-3G.02~000026,2016,behavioral/externalizing,BEHAVIOR PROBLEMS INDEX: CHILD IS DISOBEDIENT AT SCHOOL,0.13620728325049067
C5807400,-0.13521889936706802,C58074.00,BPEXTP2014,2014,behavioral/externalizing,BEHAVIOR PROBLEMS INDEX: EXTERNAL PERCENTILE SCORE TRICHOTOMOUS,0.13521889936706802
C1978000,-0.13319782496072205,C19780.00,MS984011,1998,behavioral/externalizing,BEHAVIOR PROBLEMS INDEX: CHILD DOES NOT SEEM TO FEEL SORRY AFTER,0.13319782496072205
Y1416800,0.13296082581394741,Y14168.00,YASR-61B,2002,school/achievement,IN LAST YEAR R EVER GOTTEN INTO A PHYSICAL FIGHT AT SCHOOL OR WORK,0.13296082581394741
Y2342510,-0.1326163918168503,Y23425.10,Q3-75~000011,2010,family/home,RESPONSIBLILITY FOR HOUSEHOLD CHORES - HOW OFTEN DOES R DRIVE OTHER,0.1326163918168503
C1980000,-0.13169140883577324,C19800.00,MS984031,1998,behavioral/externalizing,BEHAVIOR PROBLEMS INDEX: CHILD IS DISOBEDIENT AT SCHOOL,0.13169140883577324
C2479400,0.1305263377801102,C24794.00,CSAS107C,2000,school/achievement,CHILD SELF-ADMIN: EVER HAD A CLASS/TRAINING PROGRAM ON WORD,0.1305263377801102
Y3588100,0.13020913227449163,Y35881.00,Q13-3E.01~000019,2016,behavioral/externalizing,BEHAVIOR PROBLEMS INDEX: CHILD HAS STRONG TEMPER AND LOSES IT,0.13020913227449163
C3604000,-0.128383842103134,C36040.00,NHFCHD2008,2008,family/home,# FEMALE HH MEMBERS UNDER 18 IN HOUSEHOLD OF MOTHER,0.128383842103134
C0782000,-0.12685262510102413,C07820.00,MS880817,1988,behavioral/externalizing,BEHAVIOR PROBLEMS INDEX: CHILD IS IMPULSIVE OR ACTS WITHOUT,0.12685262510102413
C6100500,0.12486656394183165,C61005.00,MS-BPI-11,2016,behavioral/externalizing,BEHAVIOR PROBLEMS INDEX: CHILD DOES NOT SEEM TO FEEL SORRY AFTER,0.12486656394183165
C0564300,-0.12422794974125644,C05643.00,MS860521,1986,behavioral/externalizing,BEHAVIOR PROBLEMS INDEX: CHILD CHEATS OR TELLS LIES,0.12422794974125644
C2521400,0.1241996227589895,C25214.00,NH6_112002,2002,family/home,# HOUSEHOLD MEMBERS AGED 6 - 11 IN HOUSEHOLD OF MOTHER,0.1241996227589895
C3420700,-0.12176279293191475,C34207.00,MS-BPI-11,2006,behavioral/externalizing,BEHAVIOR PROBLEMS INDEX: CHILD DOES NOT SEEM TO FEEL SORRY AFTER,0.12176279293191475
Y2959900,0.12151686952258965,Y29599.00,YASR-66,2012,prior delinquency/contact,EVER/SINCE DATE OF LAST INTERVIEW R BEEN SENTENCED TO A CORRECTIONS,0.12151686952258965
C5806800,0.12148212861701999,C58068.00,BPMIS22014,2014,behavioral/externalizing,BEHAVIOR PROBLEMS INDEX: EXTERNAL RAW SCORE TRICHOTOMOUS ITEMS -,0.12148212861701999
Y1941500,0.12128561208242102,Y19415.00,YASR-61B,2006,school/achievement,IN LAST YEAR R EVER GOTTEN INTO A PHYSICAL FIGHT AT SCHOOL OR WORK,0.12128561208242102
C3010200,0.12111701904573799,C30102.00,BPI-06,2004,behavioral/externalizing,BEHAVIOR PROBLEMS INDEX: CHILD ARGUES TOO MUCH,0.12111701904573799
C0823600,-0.12032606638906221,C08236.00,CS902039,1990,health,HEALTH: IS CHILD 8 YRS OR OLDER?,0.12032606638906221
C0127413,-0.12025441240516196,C01274.13,NH6_111991,1991,family/home,# HOUSEHOLD MEMBERS AGED 6 - 11 IN HOUSEHOLD OF MOTHER,0.12025441240516196
C0730700,-0.11972660652237004,C07307.00,CS884221,1988,prior delinquency/contact,CHILD SELF-ADMINISTERED: HURT SOMEONE BAD ENOUGH TO NEED A DOCTOR,0.11972660652237004
Y2878501,-0.11922529368881098,Y28785.01,Q13-3G.01~000026,2012,behavioral/externalizing,BEHAVIOR PROBLEMS INDEX: CHILD IS DISOBEDIENT AT SCHOOL,0.11922529368881098
Y2590306,0.11853541331779427,Y25903.06,Q16-9~000007,2010,behavioral/externalizing,TIPI (HOW WELL R THINKS PAIR OF PERSONALITY TRAITS APPLIES TO R) -,0.11853541331779427
C2432900,-0.11825521473125954,C24329.00,MS2-04,2000,behavioral/externalizing,BEHAVIOR PROBLEMS INDEX: CHILD CHEATS OR TELLS LIES,0.11825521473125954
Y3373600,0.11803572840433217,Y33736.00,Q2-43,2016,school/achievement,IN PAST YEAR HOW OFTEN R HAS ATTENDED RELIGIOUS SERVICES,0.11803572840433217
C5765300,-0.11694317162942612,C57653.00,MS-BPI-13,2012,behavioral/externalizing,BEHAVIOR PROBLEMS INDEX: CHILD IS IMPULSIVE OR ACTS WITHOUT,0.11694317162942612
Y3588200,0.11453759486167023,Y35882.00,Q13-3E.02~000019,2016,behavioral/externalizing,BEHAVIOR PROBLEMS INDEX: CHILD HAS STRONG TEMPER AND LOSES IT,0.11453759486167023
Y3246005,-0.11332315600652794,Y32460.05,Q13-3A.02~000006,2014,behavioral/externalizing,BEHAVIOR PROBLEMS INDEX: CHILD ARGUES TOO MUCH,0.11332315600652794
Y3588703,0.11281984431663078,Y35887.03,Q13-3F.01~000028,2016,behavioral/externalizing,BEHAVIOR PROBLEMS INDEX: CHILD HANGS AROUND WITH KIDS WHO GET INTO,0.11281984431663078
C0005500,0.11251924720969714,C00055.00,CMOB,XRND,background,DATE OF BIRTH OF CHILD - MONTH,0.11251924720969714
C1366500,-0.11227255599103003,C13665.00,CS942523,1994,school/achievement,CHILD SELF-ADMIN: HOW OFTEN IN LAST YEAR DAMAGED SCHOOL PROPERTY ON,0.11227255599103003
Y3030900,0.11146227886645203,Y30309.00,Q4-5AA,2014,school/achievement,HAS R EVER SEEN A STUDENT CARRY A WEAPON ON SCHOOL PROPERTY,0.11146227886645203
C1184800,0.1112897257415436,C11848.00,MS921413,1992,behavioral/externalizing,BEHAVIOR PROBLEMS INDEX: CHILD HANGS AROUND WITH KIDS WHO GET INTO,0.1112897257415436
C0782600,0.1109459606344399,C07826.00,MS880823,1988,behavioral/externalizing,BEHAVIOR PROBLEMS INDEX: CHILD HAS STRONG TEMPER AND LOSES IT,0.1109459606344399
C0005800,0.11077192118360572,C00058.00,BTHORDR,XRND,background,BIRTH ORDER OF CHILD,0.11077192118360572
C5191500,-0.11023628415048434,C51915.00,MS-BPI-19,2010,behavioral/externalizing,BEHAVIOR PROBLEMS INDEX: CHILD HAS STRONG TEMPER AND LOSES IT,0.11023628415048434
C0606300,-0.11000620671518328,C06063.00,CS881515,1988,health,HEALTH: CHILD'S HEIGHT - FEET,0.11000620671518328
Y3254900,0.10991608238301806,Y32549.00,Q14-10M,2014,other,"WHEN R BUYS FOOD ITEM FOR FIRST TIME, HOW OFTEN R READS NUTRITIONAL",0.10991608238301806
C1435700,0.10869030500406435,C14357.00,MS941447,1994,behavioral/externalizing,BEHAVIOR PROBLEMS INDEX: CHILD IS IMPULSIVE OR ACTS WITHOUT,0.10869030500406435
C3422400,-0.10852055063475079,C34224.00,MS-BPI-28,2006,behavioral/externalizing,BEHAVIOR PROBLEMS INDEX: CHILD HANGS AROUND WITH KIDS WHO GET INTO,0.10852055063475079
Y2876104,0.10807058692350141,Y28761.04,Q13-3C.01~000011,2012,behavioral/externalizing,BEHAVIOR PROBLEMS INDEX: CHILD DOES NOT SEEM TO FEEL SORRY AFTER,0.10807058692350141
C3045500,0.10805800912805036,C30455.00,CSAS040B,2004,prior delinquency/contact,CHILD SELF-ADMIN: HOW OFTEN IN LAST YEAR HURT SOMEONE BAD ENOUGH TO,0.10805800912805036
Y1176900,0.10785314574016033,Y11769.00,YASR-66,2000,prior delinquency/contact,EVER/SINCE DATE OF LAST INTERVIEW R BEEN SENTENCED TO A CORRECTIONS,0.10785314574016033
Y1255500,0.10721008164122502,Y12555.00,Q4-5AA,2002,school/achievement,HAS R EVER SEEN A STUDENT CARRY A WEAPON ON SCHOOL PROPERTY,0.10721008164122502
C1436300,0.10654102182049764,C14363.00,MS941459,1994,behavioral/externalizing,BEHAVIOR PROBLEMS INDEX: CHILD HAS STRONG TEMPER AND LOSES IT,0.10654102182049764
Y3245903,0.10653596018905913,Y32459.03,Q13-3A.01~000004,2014,behavioral/externalizing,BEHAVIOR PROBLEMS INDEX: CHILD CHEATS OR TELLS LIES,0.10653596018905913
Y0671000,-0.1062433626458644,Y06710.00,YASR-65A~000001,1996,prior delinquency/contact,YA SELF-REPORT: EVER CONVICTED OF ASSAULT?,0.1062433626458644
C0781800,0.10623918394615918,C07818.00,MS880815,1988,behavioral/externalizing,BEHAVIOR PROBLEMS INDEX: CHILD DOES NOT SEEM TO FEEL SORRY AFTER,0.10623918394615918
Y2876203,-0.10574362053981155,Y28762.03,Q13-3C.02~000010,2012,behavioral/externalizing,BEHAVIOR PROBLEMS INDEX: CHILD IS DISOBEDIENT AT HOME,0.10574362053981155
Y2608500,0.10499332148591155,Y26085.00,YASR-60F,2010,school/achievement,HOW MANY TIMES IN LAST YEAR R DAMAGED SCHOOL PROPERTY ON PURPOSE,0.10499332148591155
C2433800,-0.1044851048941125,C24338.00,MS2-13,2000,behavioral/externalizing,BEHAVIOR PROBLEMS INDEX: CHILD IS IMPULSIVE OR ACTS WITHOUT,0.1044851048941125
Y0670200,0.10445468375512765,Y06702.00,YASR-61O,1996,prior delinquency/contact,YA SELF-REPORT: HAVE YOU EVER IN LAST YEAR HURT SOMEONE ENOUGH TO,0.10445468375512765
C0942700,0.1043270237772656,C09427.00,CS906619,1990,school/achievement,CHILD SELF-ADMINISTERED: DAMAGED SCHOOL PROPERTY ON PURPOSE,0.1043270237772656
Y1255600,-0.10423032892249677,Y12556.00,Q4-5AB,2002,school/achievement,IN LAST SCHOOL YEAR HOW OFTEN HAS R SEEN A STUDENT CARRY A WEAPON,0.10423032892249677
Y3249001,-0.10407266199076819,Y32490.01,Q13-3G.02~000026,2014,behavioral/externalizing,BEHAVIOR PROBLEMS INDEX: CHILD IS DISOBEDIENT AT SCHOOL,0.10407266199076819
C6102600,0.10360793609231295,C61026.00,MS-BPI-31,2016,behavioral/externalizing,BEHAVIOR PROBLEMS INDEX: CHILD IS DISOBEDIENT AT SCHOOL,0.10360793609231295
C2738500,-0.1035176259124505,C27385.00,BPI-13,2002,behavioral/externalizing,BEHAVIOR PROBLEMS INDEX: CHILD IS IMPULSIVE OR ACTS WITHOUT,0.1035176259124505
Y1489400,-0.10326417066667967,Y14894.00,Q4-5AB,2004,school/achievement,IN LAST SCHOOL YEAR HOW OFTEN HAS R SEEN A STUDENT CARRY A WEAPON,0.10326417066667967
Y0669000,0.1030017725502953,Y06690.00,YASR-61B,1996,prior delinquency/contact,YA SELF-REPORT: HAVE YOU EVER IN PAST YEAR GOTTEN INTO FIGHT AT,0.1030017725502953
C0733000,-0.10274752728739404,C07330.00,CS884248,1988,substance/risk behavior,CHILD SELF-ADMINISTERED: R'S AGE WHEN FIRST DRANK ALCOHOL,0.10274752728739404
C1504000,-0.10251091854208891,C15040.00,ANTIPX1994,1994,behavioral/externalizing,BEHAVIOR PROBLEMS INDEX: ANTISOCIAL PERCENTILE SCORE - SAME SEX,0.10251091854208891
C0985600,0.1024182191536663,C09856.00,MS901359,1990,behavioral/externalizing,BEHAVIOR PROBLEMS INDEX: CHILD HAS STRONG TEMPER AND LOSES IT,0.1024182191536663
Y1417400,-0.10220366280536955,Y14174.00,YASR-65A~000001,2002,prior delinquency/contact,CHARGES R MOST RECENTLY CONVICTED OF - ASSAULT,0.10220366280536955
Y0672100,-0.10183448638266848,Y06721.00,YASR-65A~000012,1996,substance/risk behavior,YASR: EVER CONVICTED OF DRINKING/PURCHASING ALCOHOL WHILE UNDER,0.10183448638266848
C0795900,0.10126874534540137,C07959.00,ANTIPX1988,1988,behavioral/externalizing,BEHAVIOR PROBLEMS INDEX: ANTISOCIAL PERCENTILE SCORE - SAME SEX,0.10126874534540137
Y3326202,0.09927356568061955,Y33262.02,YASR-65A~000003,2014,prior delinquency/contact,CHARGES R MOST RECENTLY CONVICTED OF - THEFT,0.09927356568061955
Y0971000,0.09907430616359819,Y09710.00,YASR-66F,1998,prior delinquency/contact,YA SELF-REPORT: AGE WHEN FIRST REFERRED TO COURT-RELATED COUNSELING,0.09907430616359819
Y0968800,-0.09875496655926565,Y09688.00,YASR-65A~000005,1998,prior delinquency/contact,YA SELF-REPORT: EVER CONVICTED OF DESTRUCTION OF PROPERTY?,0.09875496655926565
C3986600,0.09822684912753979,C39866.00,BPMIS22010,2010,behavioral/externalizing,BEHAVIOR PROBLEMS INDEX: EXTERNAL RAW SCORE TRICHOTOMOUS ITEMS -,0.09822684912753979
Y2345000,0.09795283898031601,Y23450.00,Q4-5AA,2010,school/achievement,HAS R EVER SEEN A STUDENT CARRY A WEAPON ON SCHOOL PROPERTY,0.09795283898031601
Y2958300,0.09732187069110208,Y29583.00,YASR-60C,2012,prior delinquency/contact,HOW MANY TIMES IN LAST YEAR R HURT SOMEONE BADLY ENOUGH TO NEED,0.09732187069110208
C3420000,-0.0964599404858509,C34200.00,MS-BPI-04,2006,behavioral/externalizing,BEHAVIOR PROBLEMS INDEX: CHILD CHEATS OR TELLS LIES,0.0964599404858509
C5967600,0.09635176032393056,C59676.00,CSAS040B,2014,prior delinquency/contact,CHILD SELF-ADMIN: HOW OFTEN IN LAST YEAR HURT SOMEONE BAD ENOUGH TO,0.09635176032393056
C1944900,-0.09566952171243329,C19449.00,MS981A16,1998,family/home,HOME PART A (0-2 YRS): HOW OFTEN MOTHER TALKS TO CHILD WHILE,0.09566952171243329
C1435500,0.09487937612055258,C14355.00,MS941443,1994,behavioral/externalizing,BEHAVIOR PROBLEMS INDEX: CHILD DOES NOT SEEM TO FEEL SORRY AFTER,0.09487937612055258
C3421500,-0.09486634122405181,C34215.00,MS-BPI-19,2006,behavioral/externalizing,BEHAVIOR PROBLEMS INDEX: CHILD HAS STRONG TEMPER AND LOSES IT,0.09486634122405181
Y1176804,-0.09457516155646645,Y11768.04,YASR-65A~000005,2000,prior delinquency/contact,CHARGES R MOST RECENTLY CONVICTED OF - DESTRUCTION OF PROPERTY,0.09457516155646645
Y3031000,0.09440001560928603,Y30310.00,Q4-5AB,2014,school/achievement,IN LAST SCHOOL YEAR HOW OFTEN HAS R SEEN A STUDENT CARRY A WEAPON,0.09440001560928603
Y1667600,0.09426903450042261,Y16676.00,YASR-60F,2004,school/achievement,HOW MANY TIMES IN LAST YEAR R DAMAGED SCHOOL PROPERTY ON PURPOSE,0.09426903450042261
C0578100,0.09373609660527214,C05781.00,LOCA1986,1986,school/achievement,MEMORY FOR LOCATION:  TOTAL RAW SCORE,0.09373609660527214
Y0672800,0.09259361354649659,Y06728.00,YASR-66,1996,prior delinquency/contact,YASR: EVER BEEN SENTENCED TO A CORRECTIONS INSTITUTION/JAIL/REFORM,0.09259361354649659
Y0968500,-0.09229832822058347,Y09685.00,YASR-65A~000002,1998,prior delinquency/contact,YA SELF-REPORT: EVER CONVICTED OF ROBBERY?,0.09229832822058347
C3049900,-0.0913526952225715,C30499.00,CSAS057B,2004,substance/risk behavior,CHILD SELF-ADMIN: CHILD'S AGE WHEN FIRST DRANK ALCOHOL MORE THAN,0.0913526952225715
C3868400,0.09102357205114339,C38684.00,CSAS030A,2008,other,CHILD SELF-ADMIN: GIRLS AND BOYS SHOULD BE TREATED THE SAME AT,0.09102357205114339
C3946800,-0.09070876966655571,C39468.00,MS-BPI-13,2008,behavioral/externalizing,BEHAVIOR PROBLEMS INDEX: CHILD IS IMPULSIVE OR ACTS WITHOUT,0.09070876966655571
Y4275601,0.09065401284092524,Y42756.01,YASR-60B-J~000002,2018,prior delinquency/contact,HOW MANY TIMES IN LAST YEAR R HURT SOMEONE BADLY ENOUGH TO NEED,0.09065401284092524
C2472000,-0.0897724965529618,C24720.00,CSAS057,2000,substance/risk behavior,CHILD SELF-ADMIN: CHILD'S AGE WHEN FIRST DRANK ALCOHOL,0.0897724965529618
C5807500,-0.08872243755080106,C58075.00,BPEXTZ2014,2014,behavioral/externalizing,BEHAVIOR PROBLEMS INDEX: EXTERNAL STANDARD SCORE TRICHOTOMOUS ITEMS,0.08872243755080106
C5765000,-0.08787642670290537,C57650.00,MS-BPI-10,2012,behavioral/externalizing,BEHAVIOR PROBLEMS INDEX: CHILD IS DISOBEDIENT AT HOME,0.08787642670290537
C5527600,0.08780829528635546,C55276.00,NH6_112012,2012,family/home,# HOUSEHOLD MEMBERS AGED 6 - 11 IN HOUSEHOLD OF MOTHER,0.08780829528635546
C3048400,-0.0873418823965266,C30484.00,CSAS049A,2004,other,CHILD SELF-ADMIN: OFTEN GETS IN A JAM BECAUSE R DOES THINGS W/O,0.0873418823965266
C3010700,-0.08627790424070043,C30107.00,BPI-11,2004,behavioral/externalizing,BEHAVIOR PROBLEMS INDEX: CHILD DOES NOT SEEM TO FEEL SORRY AFTER,0.08627790424070043
C3609000,-0.08573973253955293,C36090.00,ANTIPX2008,2008,behavioral/externalizing,BEHAVIOR PROBLEMS INDEX: ANTISOCIAL PERCENTILE SCORE - SAME SEX,0.08573973253955293
S0043800,0.08490418234664962,S00438.00,P1Q38O,1995,school/achievement,PRINCIPAL #1: SCHOOL PROBLEM - DEGREE OF POSSESSION OF WEAPONS,0.08490418234664962
C1562600,0.08459131738860438,C15626.00,BPEXTP1996,1996,behavioral/externalizing,BEHAVIOR PROBLEMS INDEX: EXTERNAL PERCENTILE SCORE TRICHOTOMOUS,0.08459131738860438
C5190200,0.08453724909442602,C51902.00,MS-BPI-06,2010,behavioral/externalizing,BEHAVIOR PROBLEMS INDEX: CHILD ARGUES TOO MUCH,0.08453724909442602
Y1176800,0.08397414560231468,Y11768.00,YASR-65A~000001,2000,prior delinquency/contact,CHARGES R MOST RECENTLY CONVICTED OF - ASSAULT,0.08397414560231468
Y3247700,0.08362822718148556,Y32477.00,Q13-3E.01~000019,2014,behavioral/externalizing,BEHAVIOR PROBLEMS INDEX: CHILD HAS STRONG TEMPER AND LOSES IT,0.08362822718148556
C0781700,-0.08354567165678796,C07817.00,MS880814,1988,behavioral/externalizing,BEHAVIOR PROBLEMS INDEX: CHILD IS DISOBEDIENT AT HOME,0.08354567165678796
C1801400,0.0833940415741691,C18014.00,CS98LIK_02,1998,other,WHAT I AM LIKE/SPPC: SOME KIDS UNHAPPY/SOME PLEASED WITH THEMSELVES,0.0833940415741691
C0577900,-0.08332521508298132,C05779.00,BODY1986,1986,school/achievement,KNOWLEDGE OF BODY PARTS: TOTAL RAW SCORE,0.08332521508298132
C5765100,0.08279905261647505,C57651.00,MS-BPI-11,2012,behavioral/externalizing,BEHAVIOR PROBLEMS INDEX: CHILD DOES NOT SEEM TO FEEL SORRY AFTER,0.08279905261647505
C0797105,-0.08278170821517743,C07971.05,BPEXTP1988,1988,behavioral/externalizing,BEHAVIOR PROBLEMS INDEX: EXTERNAL PERCENTILE SCORE TRICHOTOMOUS,0.08278170821517743
C3946500,0.08267965523116542,C39465.00,MS-BPI-10,2008,behavioral/externalizing,BEHAVIOR PROBLEMS INDEX: CHILD IS DISOBEDIENT AT HOME,0.08267965523116542
C3609100,-0.08241249332353441,C36091.00,ANTIP2008,2008,behavioral/externalizing,BEHAVIOR PROBLEMS INDEX: ANTISOCIAL PERCENTILE SCORE - ALL CHILDREN,0.08241249332353441
Y2877903,0.08235690102067343,Y28779.03,Q13-3F.01~000028,2012,behavioral/externalizing,BEHAVIOR PROBLEMS INDEX: CHILD HANGS AROUND WITH KIDS WHO GET INTO,0.08235690102067343
C3987200,-0.08180779572175535,C39872.00,BPEXTP2010,2010,behavioral/externalizing,BEHAVIOR PROBLEMS INDEX: EXTERNAL PERCENTILE SCORE TRICHOTOMOUS,0.08180779572175535
C5693600,0.08156680333402783,C56936.00,CSAS024A,2012,peer/neighborhood,CHILD SELF-ADMIN: HAS CHILD EVER SEEN STUDENT CARRY A WEAPON ON,0.08156680333402783
Y1739200,-0.0810772638891584,Y17392.00,Q4-5AB,2006,school/achievement,IN LAST SCHOOL YEAR HOW OFTEN HAS R SEEN A STUDENT CARRY A WEAPON,0.0810772638891584
C5806900,-0.08100286053295148,C58069.00,BPEXTR2014,2014,behavioral/externalizing,BEHAVIOR PROBLEMS INDEX: EXTERNAL SCORE TRICHOTOMOUS ITEMS,0.08100286053295148
C2497600,0.08096111725042594,C24976.00,ANTIP2000,2000,behavioral/externalizing,BEHAVIOR PROBLEMS INDEX: ANTISOCIAL PERCENTILE SCORE - ALL CHILDREN,0.08096111725042594
C0119000,0.07922745325882306,C01190.00,NH6_111988,1988,family/home,NUMBER OF HOUSEHOLD MEMBERS AGED 6 - 11,0.07922745325882306
C3947400,0.07912762744065113,C39474.00,MS-BPI-19,2008,behavioral/externalizing,BEHAVIOR PROBLEMS INDEX: CHILD HAS STRONG TEMPER AND LOSES IT,0.07912762744065113
Y2341500,0.07893172983953231,Y23415.00,Q3-65~000001,2010,other,HOW FREQUENTLY R AND SPOUSE/PARTNER ARGUE ABOUT CHORES AND,0.07893172983953231
Y0967600,0.07877161371125223,Y09676.00,YASR-61O,1998,prior delinquency/contact,YA SELF-REPORT: HAVE YOU EVER IN LAST YEAR HURT SOMEONE ENOUGH TO,0.07877161371125223
S0062300,-0.07840116423438023,S00623.00,P2Q38F,1995,school/achievement,PRINCIPAL #2: SCHOOL PROBLEM - DEGREE OF ROBBERY OR THEFT,0.07840116423438023
C5764400,-0.07772351606474422,C57644.00,MS-BPI-04,2012,behavioral/externalizing,BEHAVIOR PROBLEMS INDEX: CHILD CHEATS OR TELLS LIES,0.07772351606474422
Y0969800,-0.07770415288392944,Y09698.00,YASR-67,1998,prior delinquency/contact,YA SELF-REPORT: EVER BEEN ON PROBATION?,0.07770415288392944
Y3325704,0.07759186086419799,Y33257.04,YASR-60B-J~000005,2014,school/achievement,HOW MANY TIMES IN LAST YEAR R DAMAGED SCHOOL PROPERTY ON PURPOSE,0.07759186086419799
C6034100,0.07758907741320015,C60341.00,MS-BPI-28,2014,behavioral/externalizing,BEHAVIOR PROBLEMS INDEX: CHILD HANGS AROUND WITH KIDS WHO GET INTO,0.07758907741320015
C1194100,0.07756909989537601,C11941.00,ANTI1992,1992,behavioral/externalizing,BEHAVIOR PROBLEMS INDEX: ANTISOCIAL RAW SCORE,0.07756909989537601
Y1176801,0.07708458625522707,Y11768.01,YASR-65A~000002,2000,prior delinquency/contact,CHARGES R MOST RECENTLY CONVICTED OF - ROBBERY,0.07708458625522707
Y2961700,0.07704773361344806,Y29617.00,YASR-69B,2012,socioeconomic/work,WAS ANY OF VOLUNTEER WORK R HAS DONE COURT ORDERED?,0.07704773361344806
C2770600,-0.07688732580506488,C27706.00,CSAS063,2002,substance/risk behavior,CHILD SELF-ADMIN: CHILD'S AGE WHEN FIRST USED MARIJUANA,0.07688732580506488
Y3246603,-0.07657880636849894,Y32466.03,Q13-3C.02~000010,2014,behavioral/externalizing,BEHAVIOR PROBLEMS INDEX: CHILD IS DISOBEDIENT AT HOME,0.07657880636849894
C1505800,0.07606748812824965,C15058.00,BPEXTS1994,1994,behavioral/externalizing,BEHAVIOR PROBLEMS INDEX: EXTERNAL STANDARD SCORE TRICHOTOMOUS ITEMS,0.07606748812824965
Y1737502,0.0760339489539593,Y17375.02,Q3-78~000003,2006,other,DO R AND SPOUSE/PARTNER HAVE SEPARATE CREDIT CARDS?,0.0760339489539593
Y1417402,0.07593913461721286,Y14174.02,YASR-65A~000003,2002,prior delinquency/contact,CHARGES R MOST RECENTLY CONVICTED OF - THEFT,0.07593913461721286
Y0971600,-0.07544041661856248,Y09716.00,YASR-69B,1998,socioeconomic/work,YA SELF-REPORT: WAS VOLUNTEER WORK COURT ORDERED?,0.07544041661856248
Y0672400,-0.0754095853967466,Y06724.00,YASR-67,1996,prior delinquency/contact,YA SELF-REPORT: EVER BEEN ON PROBATION?,0.0754095853967466
Y0968000,0.07484811952688748,Y09680.00,YASR-63,1998,prior delinquency/contact,YA SELF-REPORT: NUMBER OF TIMES BEEN CONVICTED OF SOMETHING,0.07484811952688748
C1978800,-0.0746373300674183,C19788.00,MS984019,1998,behavioral/externalizing,BEHAVIOR PROBLEMS INDEX: CHILD HAS STRONG TEMPER AND LOSES IT,0.0746373300674183
C0127914,-0.07460332947080094,C01279.14,NH12_171994,1994,family/home,# HOUSEHOLD MEMBERS AGED 12 - 17 IN HOUSEHOLD OF MOTHER,0.07460332947080094
Y0966400,0.07459277575227871,Y09664.00,YASR-61B,1998,prior delinquency/contact,YA SELF-REPORT: HAVE YOU EVER IN PAST YEAR GOTTEN INTO FIGHT AT,0.07459277575227871
Y2020000,0.07412299142577529,Y20200.00,Q4-5AB,2008,school/achievement,IN LAST SCHOOL YEAR HOW OFTEN HAS R SEEN A STUDENT CARRY A WEAPON,0.07412299142577529
C6099800,-0.07358776043453695,C60998.00,MS-BPI-04,2016,behavioral/externalizing,BEHAVIOR PROBLEMS INDEX: CHILD CHEATS OR TELLS LIES,0.07358776043453695
Y3671404,-0.07338190356101408,Y36714.04,YASR-65A~000005,2016,prior delinquency/contact,CHARGES R MOST RECENTLY CONVICTED OF - DESTRUCTION OF PROPERTY,0.07338190356101408
C1502600,-0.07326745918205978,C15026.00,ANTIP1994,1994,behavioral/externalizing,BEHAVIOR PROBLEMS INDEX: ANTISOCIAL PERCENTILE SCORE - ALL CHILDREN,0.07326745918205978
C1795200,-0.07246812916607623,C17952.00,ANTIP1998,1998,behavioral/externalizing,BEHAVIOR PROBLEMS INDEX: ANTISOCIAL PERCENTILE SCORE - ALL CHILDREN,0.07246812916607623
Y3589301,-0.07113944245614812,Y35893.01,Q13-3G.01~000026,2016,behavioral/externalizing,BEHAVIOR PROBLEMS INDEX: CHILD IS DISOBEDIENT AT SCHOOL,0.07113944245614812
C5764600,0.07111700126061588,C57646.00,MS-BPI-06,2012,behavioral/externalizing,BEHAVIOR PROBLEMS INDEX: CHILD ARGUES TOO MUCH,0.07111700126061588
Y0969200,-0.07070858787888025,Y09692.00,YASR-65A~000009,1998,substance/risk behavior,YA SELF-REPORT: EVER CONVICTED OF POSSESSION/USE OF ILLICIT DRUGS?,0.07070858787888025
C3987500,0.07010778945130489,C39875.00,ANTI2010,2010,behavioral/externalizing,BEHAVIOR PROBLEMS INDEX: ANTISOCIAL RAW SCORE,0.07010778945130489
C0996600,0.06939366889927792,C09966.00,ANTIZX1990,1990,behavioral/externalizing,BEHAVIOR PROBLEMS INDEX: ANTISOCIAL STANDARD SCORE - SAME SEX,0.06939366889927792
Y3587003,-0.06897747421182988,Y35870.03,Q13-3C.02~000010,2016,behavioral/externalizing,BEHAVIOR PROBLEMS INDEX: CHILD IS DISOBEDIENT AT HOME,0.06897747421182988
C3868100,0.06887746531507653,C38681.00,CSAS024A,2008,peer/neighborhood,CHILD SELF-ADMIN: HAS CHILD EVER SEEN STUDENT CARRY A WEAPON ON,0.06887746531507653
C1802100,-0.06855097638548578,C18021.00,CS98LIK_09,1998,school/achievement,WHAT I AM LIKE/SPPC: SOME DO WELL AT CLASSWORK/OTHERS DO NOT DO SO,0.06855097638548578
C2433600,0.06854413440665634,C24336.00,MS2-11,2000,behavioral/externalizing,BEHAVIOR PROBLEMS INDEX: CHILD DOES NOT SEEM TO FEEL SORRY AFTER,0.06854413440665634
Y0673400,0.06810887341085971,Y06734.00,YASR-66D,1996,prior delinquency/contact,YASR: EVER BEEN REFERRED TO COURT-RELATED COUNSELING BY,0.06810887341085971
Y2258700,-0.06751175581102647,Y22587.00,YASR-69B,2008,socioeconomic/work,WAS ANY OF VOLUNTEER WORK R HAS DONE COURT ORDERED?,0.06751175581102647
C0731000,0.06727266588532847,C07310.00,CS884224,1988,school/achievement,CHILD SELF-ADMINISTERED: DAMAGED SCHOOL PROPERTY ON PURPOSE,0.06727266588532847
C1437200,-0.0668770265606484,C14372.00,MS941513,1994,behavioral/externalizing,BEHAVIOR PROBLEMS INDEX: CHILD HANGS AROUND WITH KIDS WHO GET INTO,0.0668770265606484
C3012400,-0.06590741847310658,C30124.00,BPI-28,2004,behavioral/externalizing,BEHAVIOR PROBLEMS INDEX: CHILD HANGS AROUND WITH KIDS WHO GET INTO,0.06590741847310658
C0005300,-0.06586097293861955,C00053.00,CRACE,XRND,background,RACE OF CHILD (MOTHER'S RACIAL/ETHNIC COHORT FROM SCREENER),0.06586097293861955
Y0968700,-0.06541121023349743,Y09687.00,YASR-65A~000004,1998,prior delinquency/contact,YA SELF-REPORT: EVER CONVICTED OF FENCING/RECEIVING/SELLING STOLEN,0.06541121023349743
C1505600,0.06529371204938035,C15056.00,BPEXTR1994,1994,behavioral/externalizing,BEHAVIOR PROBLEMS INDEX: EXTERNAL SCORE TRICHOTOMOUS ITEMS,0.06529371204938035
C1501900,0.06515995008683216,C15019.00,ANTI1994,1994,behavioral/externalizing,BEHAVIOR PROBLEMS INDEX: ANTISOCIAL RAW SCORE,0.06515995008683216
Y3247200,-0.06489944734262794,Y32472.00,Q13-3D.02~000013,2014,behavioral/externalizing,BEHAVIOR PROBLEMS INDEX: CHILD IS IMPULSIVE OR ACTS WITHOUT,0.06489944734262794
C5967900,0.06448082430391484,C59679.00,CSAS040E,2014,school/achievement,CHILD SELF-ADMIN: HOW OFTEN IN LAST YEAR DAMAGED SCHOOL PROPERTY ON,0.06448082430391484
C1560900,-0.0642177739030154,C15609.00,ANTIPX1996,1996,behavioral/externalizing,BEHAVIOR PROBLEMS INDEX: ANTISOCIAL PERCENTILE SCORE - SAME SEX,0.0642177739030154
C3608900,0.06417843993319147,C36089.00,ANTI2008,2008,behavioral/externalizing,BEHAVIOR PROBLEMS INDEX: ANTISOCIAL RAW SCORE,0.06417843993319147
Y1176807,0.064092465803312,Y11768.07,YASR-65A~000008,2000,substance/risk behavior,CHARGES R MOST RECENTLY CONVICTED OF - SELLING OF MARIJUANA OR,0.064092465803312
C2770000,0.06398324181789149,C27700.00,CSAS057B,2002,substance/risk behavior,CHILD SELF-ADMIN: CHILD'S AGE WHEN FIRST DRANK ALCOHOL MORE THAN,0.06398324181789149
Y1417407,-0.06367075684536379,Y14174.07,YASR-65A~000008,2002,substance/risk behavior,CHARGES R MOST RECENTLY CONVICTED OF - SELLING OF MARIJUANA OR,0.06367075684536379
C3011500,-0.06327400294281474,C30115.00,BPI-19,2004,behavioral/externalizing,BEHAVIOR PROBLEMS INDEX: CHILD HAS STRONG TEMPER AND LOSES IT,0.06327400294281474
C0995900,0.06326495345356768,C09959.00,ANTIPX1990,1990,behavioral/externalizing,BEHAVIOR PROBLEMS INDEX: ANTISOCIAL PERCENTILE SCORE - SAME SEX,0.06326495345356768
C1977300,-0.06316539699055948,C19773.00,MS984004,1998,behavioral/externalizing,BEHAVIOR PROBLEMS INDEX: CHILD CHEATS OR TELLS LIES,0.06316539699055948
C2738300,-0.06283151425169661,C27383.00,BPI-11,2002,behavioral/externalizing,BEHAVIOR PROBLEMS INDEX: CHILD DOES NOT SEEM TO FEEL SORRY AFTER,0.06283151425169661
C1592100,-0.06252818028885837,C15921.00,CS960935,1996,substance/risk behavior,CHILD SELF-ADMIN: CHILD'S AGE WHEN FIRST DRANK ALCOHOL,0.06252818028885837
C1370500,-0.06214900965244607,C13705.00,CS942649,1994,substance/risk behavior,CHILD SELF-ADMIN: CHILD'S AGE WHEN FIRST USED MARIJUANA,0.06214900965244607
Y0969500,-0.06204567761662916,Y09695.00,YASR-65A~000012,1998,substance/risk behavior,YASR: EVER CONVICTED OF DRINKING/PURCHASING ALCOHOL WHILE UNDER,0.06204567761662916
C2497100,0.061894183550099825,C24971.00,BPEXTP2000,2000,behavioral/externalizing,BEHAVIOR PROBLEMS INDEX: EXTERNAL PERCENTILE SCORE TRICHOTOMOUS,0.061894183550099825
C1559500,-0.06177388089079192,C15595.00,ANTIP1996,1996,behavioral/externalizing,BEHAVIOR PROBLEMS INDEX: ANTISOCIAL PERCENTILE SCORE - ALL CHILDREN,0.06177388089079192
C0733200,-0.061679023059406576,C07332.00,CS884251,1988,substance/risk behavior,CHILD SELF-ADMINISTERED: R USED MARIJUANA IN THE PAST 3 MONTHS,0.061679023059406576
C0564500,0.061629679781176214,C05645.00,MS860523,1986,behavioral/externalizing,BEHAVIOR PROBLEMS INDEX: CHILD ARGUES TOO MUCH,0.061629679781176214
C2797500,0.06158666241425052,C27975.00,ANTIZX2004,2004,behavioral/externalizing,BEHAVIOR PROBLEMS INDEX: ANTISOCIAL STANDARD SCORE - SAME SEX,0.06158666241425052
C0997106,0.06139640702764076,C09971.06,BPEXTZ1990,1990,behavioral/externalizing,BEHAVIOR PROBLEMS INDEX: EXTERNAL STANDARD SCORE TRICHOTOMOUS ITEMS,0.06139640702764076
Y2256600,0.06111068493709626,Y22566.00,YASR-60C,2008,prior delinquency/contact,HOW MANY TIMES IN LAST YEAR R HURT SOMEONE BADLY ENOUGH TO NEED,0.06111068493709626
C3357600,-0.06085646089576674,C33576.00,CSAS005D,2006,family/home,CHILD SELF-ADMIN: HOW MUCH SAY IN RULES ABOUT DATING AND BOY/GIRL,0.06085646089576674
Y0968400,0.0604203804440454,Y09684.00,YASR-65A~000001,1998,prior delinquency/contact,YA SELF-REPORT: EVER CONVICTED OF ASSAULT?,0.0604203804440454
C0945200,0.06036347022775592,C09452.00,CS906669,1990,substance/risk behavior,CHILD SELF-ADMINISTERED: USED OTHER DRUGS IN THE PAST 3 MONTHS,0.06036347022775592
C0986800,-0.05947257096114069,C09868.00,MS901419,1990,behavioral/externalizing,BEHAVIOR PROBLEMS INDEX: CHILD IS DISOBEDIENT AT SCHOOL,0.05947257096114069
C0783400,0.05942928490137844,C07834.00,MS880831,1988,behavioral/externalizing,BEHAVIOR PROBLEMS INDEX: CHILD IS DISOBEDIENT AT SCHOOL,0.05942928490137844
C1437500,-0.05938739141860606,C14375.00,MS941519,1994,behavioral/externalizing,BEHAVIOR PROBLEMS INDEX: CHILD IS DISOBEDIENT AT SCHOOL,0.05938739141860606
C3948700,-0.05812469897345343,C39487.00,MS-BPI-31,2008,behavioral/externalizing,BEHAVIOR PROBLEMS INDEX: CHILD IS DISOBEDIENT AT SCHOOL,0.05812469897345343
C6053700,0.05804972001021807,C60537.00,ANTIP2016,2016,behavioral/externalizing,BEHAVIOR PROBLEMS INDEX: ANTISOCIAL PERCENTILE SCORE - ALL CHILDREN,0.05804972001021807
Y1177300,-0.05803814406034092,Y11773.00,YASR-69B,2000,socioeconomic/work,WAS ANY OF VOLUNTEER WORK R HAS DONE COURT ORDERED?,0.05803814406034092
C0573400,0.05737580368056877,C05734.00,ANTI1986,1986,behavioral/externalizing,BEHAVIOR PROBLEMS INDEX: ANTISOCIAL RAW SCORE,0.05737580368056877
C6053900,0.05728058153198691,C60539.00,ANTIZ2016,2016,behavioral/externalizing,BEHAVIOR PROBLEMS INDEX: ANTISOCIAL STANDARD SCORE - ALL CHILDREN,0.05728058153198691
Y0969100,-0.05649298172061092,Y09691.00,YASR-65A~000008,1998,substance/risk behavior,YA SELF-REPORT: EVER CONVICTED OF SELLING MARIJUANA OR HASHISH?,0.05649298172061092
Y2257500,-0.05648561027435144,Y22575.00,YASR-61B,2008,school/achievement,IN LAST YEAR R EVER GOTTEN INTO A PHYSICAL FIGHT AT SCHOOL OR WORK,0.05648561027435144
C0944900,-0.056476927650378705,C09449.00,CS906663,1990,substance/risk behavior,CHILD SELF-ADMINISTERED: R USED MARIJUANA IN THE PAST 3 MONTHS,0.056476927650378705
C0995200,0.05595775148774385,C09952.00,ANTIZ1990,1990,behavioral/externalizing,BEHAVIOR PROBLEMS INDEX: ANTISOCIAL STANDARD SCORE - ALL CHILDREN,0.05595775148774385
C6053300,-0.05581515890621293,C60533.00,BPEXTZ2016,2016,behavioral/externalizing,BEHAVIOR PROBLEMS INDEX: EXTERNAL STANDARD SCORE TRICHOTOMOUS ITEMS,0.05581515890621293
C0733300,-0.05546379779184937,C07333.00,CS884252,1988,substance/risk behavior,CHILD SELF-ADMINISTERED: R'S AGE WHEN FIRST USED MARIJUANA,0.05546379779184937
C1220200,0.05518513788623816,C12202.00,CS94H-22,1994,health,HEALTH: CHILD'S HEIGHT - FEET,0.05518513788623816
Y3586303,0.05516359206190073,Y35863.03,Q13-3A.01~000004,2016,behavioral/externalizing,BEHAVIOR PROBLEMS INDEX: CHILD CHEATS OR TELLS LIES,0.05516359206190073
C2472600,-0.05499227026753054,C24726.00,CSAS063,2000,substance/risk behavior,CHILD SELF-ADMIN: CHILD'S AGE WHEN FIRST USED MARIJUANA,0.05499227026753054
C5766800,0.054860112321042265,C57668.00,MS-BPI-28,2012,behavioral/externalizing,BEHAVIOR PROBLEMS INDEX: CHILD HANGS AROUND WITH KIDS WHO GET INTO,0.054860112321042265
Y0967900,-0.05452670303315524,Y09679.00,YASR-62A,1998,prior delinquency/contact,YASR: EVER BEEN CONVICTED OF CHARGES OTHER THAN MINOR TRAFFIC,0.05452670303315524
C1197416,0.054274815018464456,C11974.16,BPEXTZ1992,1992,behavioral/externalizing,BEHAVIOR PROBLEMS INDEX: EXTERNAL STANDARD SCORE TRICHOTOMOUS ITEMS,0.054274815018464456
C1978200,-0.054263722197851236,C19782.00,MS984013,1998,behavioral/externalizing,BEHAVIOR PROBLEMS INDEX: CHILD IS IMPULSIVE OR ACTS WITHOUT,0.054263722197851236
C5675400,-0.054230067518611313,C56754.00,SCHL-15,2012,school/achievement,SCHOOL: HOW OFTEN DOES TEACHER GIVE CHILD HOMEWORK,0.054230067518611313
Y1668804,0.0539245263094926,Y16688.04,YASR-65A~000005,2004,prior delinquency/contact,CHARGES R MOST RECENTLY CONVICTED OF - DESTRUCTION OF PROPERTY,0.0539245263094926
C0732900,-0.053890395969787744,C07329.00,CS884247,1988,substance/risk behavior,CHILD SELF-ADMINISTERED: HAVE R DRUNK ALCOHOL IN PAST 3 MONTHS,0.053890395969787744
C5765900,-0.053810675515784535,C57659.00,MS-BPI-19,2012,behavioral/externalizing,BEHAVIOR PROBLEMS INDEX: CHILD HAS STRONG TEMPER AND LOSES IT,0.053810675515784535
C0997105,-0.05319335048193138,C09971.05,BPEXTP1990,1990,behavioral/externalizing,BEHAVIOR PROBLEMS INDEX: EXTERNAL PERCENTILE SCORE TRICHOTOMOUS,0.05319335048193138
C5530700,0.05314496572990596,C55307.00,BPEXTR2012,2012,behavioral/externalizing,BEHAVIOR PROBLEMS INDEX: EXTERNAL SCORE TRICHOTOMOUS ITEMS,0.05314496572990596
Y0376500,0.053104125483533174,Y03765.00,YASR-61O,1994,prior delinquency/contact,YA SELF-REPORT: HAVE YOU EVER IN LAST YEAR HURT SOMEONE ENOUGH TO,0.053104125483533174
Y2875503,0.05301046910064141,Y28755.03,Q13-3A.01~000004,2012,behavioral/externalizing,BEHAVIOR PROBLEMS INDEX: CHILD CHEATS OR TELLS LIES,0.05301046910064141
C0986500,0.052890793120247075,C09865.00,MS901413,1990,behavioral/externalizing,BEHAVIOR PROBLEMS INDEX: CHILD HANGS AROUND WITH KIDS WHO GET INTO,0.052890793120247075
C1933400,0.052222716917285916,C19334.00,CS98063,1998,substance/risk behavior,CHILD SELF-ADMIN: CHILD'S AGE WHEN FIRST USED MARIJUANA,0.052222716917285916
C1505700,0.05204758268453587,C15057.00,BPEXTP1994,1994,behavioral/externalizing,BEHAVIOR PROBLEMS INDEX: EXTERNAL PERCENTILE SCORE TRICHOTOMOUS,0.05204758268453587
C1592600,-0.05193607569658271,C15926.00,CS960945,1996,substance/risk behavior,CHILD SELF-ADMIN: CHILD'S AGE WHEN FIRST USED MARIJUANA,0.05193607569658271
Y3599000,-0.05165792272740487,Y35990.00,Q14-20A,2016,health,HEIGHT OF R IN INCHES (NOT INCLUDING FEET),0.05165792272740487
Y2609800,0.05141051724399283,Y26098.00,YASR-66,2010,prior delinquency/contact,EVER/SINCE DATE OF LAST INTERVIEW R BEEN SENTENCED TO A CORRECTIONS,0.05141051724399283
C0984700,0.051343209127328995,C09847.00,MS901341,1990,behavioral/externalizing,BEHAVIOR PROBLEMS INDEX: CHILD IS DISOBEDIENT AT HOME,0.051343209127328995
Y0969700,0.051138668794775057,Y09697.00,YASR-65B,1998,prior delinquency/contact,YA SELF-REPORT: EVER BEEN CONVICTED OF ANYTHING IN ADULT COURT?,0.051138668794775057
C6031900,0.05111116296686015,C60319.00,MS-BPI-06,2014,behavioral/externalizing,BEHAVIOR PROBLEMS INDEX: CHILD ARGUES TOO MUCH,0.05111116296686015
C5699600,-0.050868607028686834,C56996.00,CSAS057B,2012,substance/risk behavior,CHILD SELF-ADMIN: CHILD'S AGE WHEN FIRST DRANK ALCOHOL MORE THAN,0.050868607028686834
Y0377400,0.05078850252991722,Y03774.00,YASR-65A~000002,1994,prior delinquency/contact,YA SELF-REPORT: EVER CONVICTED OF ROBBERY?,0.05078850252991722
C1927400,0.05076590665159168,C19274.00,CS98040B,1998,prior delinquency/contact,CHILD SELF-ADMIN: HOW OFTEN IN LAST YEAR HURT SOMEONE BAD ENOUGH TO,0.05076590665159168
C6053800,-0.050626576655104866,C60538.00,ANTIZX2016,2016,behavioral/externalizing,BEHAVIOR PROBLEMS INDEX: ANTISOCIAL STANDARD SCORE - SAME SEX,0.050626576655104866
C3364400,0.050011982204903035,C33644.00,CSAS024A,2006,peer/neighborhood,CHILD SELF-ADMIN: HAS CHILD EVER SEEN STUDENT CARRY A WEAPON ON,0.050011982204903035
C3010900,0.04905874755345143,C30109.00,BPI-13,2004,behavioral/externalizing,BEHAVIOR PROBLEMS INDEX: CHILD IS IMPULSIVE OR ACTS WITHOUT,0.04905874755345143
Y1940900,0.048904671536103464,Y19409.00,YASR-60F,2006,school/achievement,HOW MANY TIMES IN LAST YEAR R DAMAGED SCHOOL PROPERTY ON PURPOSE,0.048904671536103464
Y1942106,-0.04880913278253788,Y19421.06,YASR-65A~000007,2006,substance/risk behavior,CHARGES R MOST RECENTLY CONVICTED OF - POSSESSION OF MARIJUANA OR,0.04880913278253788
Y1890600,0.04874310809873347,Y18906.00,Q14-14G,2006,health,USUAL PLACE R GOES FOR MEDICAL TREATMENT WHEN HAS ILLNESS OR INJURY,0.04874310809873347
Y1942300,0.04861984467689806,Y19423.00,YASR-67,2006,prior delinquency/contact,EVER/SINCE DATE OF LAST INTERVIEW R BEEN ON PROBATION?,0.04861984467689806
C2525700,-0.04854230379766673,C25257.00,BPEXTZ2002,2002,behavioral/externalizing,BEHAVIOR PROBLEMS INDEX: EXTERNAL STANDARD SCORE TRICHOTOMOUS ITEMS,0.04854230379766673
C6052700,-0.04834765923471713,C60527.00,BPEXTR2016,2016,behavioral/externalizing,BEHAVIOR PROBLEMS INDEX: EXTERNAL SCORE TRICHOTOMOUS ITEMS,0.04834765923471713
Y3246804,-0.048272488646560675,Y32468.04,Q13-3C.04~000011,2014,behavioral/externalizing,BEHAVIOR PROBLEMS INDEX: CHILD DOES NOT SEEM TO FEEL SORRY AFTER,0.048272488646560675
Y3326200,0.048053096164109875,Y33262.00,YASR-65A~000001,2014,prior delinquency/contact,CHARGES R MOST RECENTLY CONVICTED OF - ASSAULT,0.048053096164109875
C1183900,0.04804540760387194,C11839.00,MS921359,1992,behavioral/externalizing,BEHAVIOR PROBLEMS INDEX: CHILD HAS STRONG TEMPER AND LOSES IT,0.04804540760387194
C2796300,0.0478175604411576,C27963.00,BPMIS22004,2004,behavioral/externalizing,BEHAVIOR PROBLEMS INDEX: EXTERNAL RAW SCORE TRICHOTOMOUS ITEMS -,0.0478175604411576
C0733100,0.04770658038710706,C07331.00,CS884250,1988,substance/risk behavior,CHILD SELF-ADMINISTERED: HAVE YOU EVER USED MARIJUANA,0.04770658038710706
Y1668800,-0.0476401566804091,Y16688.00,YASR-65A~000001,2004,prior delinquency/contact,CHARGES R MOST RECENTLY CONVICTED OF - ASSAULT,0.0476401566804091
C1182400,-0.047561381103195834,C11824.00,MS921329,1992,behavioral/externalizing,BEHAVIOR PROBLEMS INDEX: CHILD CHEATS OR TELLS LIES,0.047561381103195834
C2760900,0.04748038219685487,C27609.00,CSAS024A,2002,peer/neighborhood,CHILD SELF-ADMIN: HAS CHILD EVER SEEN STUDENT CARRY A WEAPON ON,0.04748038219685487
C5190000,-0.046641649422095574,C51900.00,MS-BPI-04,2010,behavioral/externalizing,BEHAVIOR PROBLEMS INDEX: CHILD CHEATS OR TELLS LIES,0.046641649422095574
Y3246904,-0.046570813170931834,Y32469.04,Q13-3C.05~000011,2014,behavioral/externalizing,BEHAVIOR PROBLEMS INDEX: CHILD DOES NOT SEEM TO FEEL SORRY AFTER,0.046570813170931834
Y3246903,-0.046570813170931834,Y32469.03,Q13-3C.05~000010,2014,behavioral/externalizing,BEHAVIOR PROBLEMS INDEX: CHILD IS DISOBEDIENT AT HOME,0.046570813170931834
Y3248100,-0.046570813170931834,Y32481.00,Q13-3E.05~000019,2014,behavioral/externalizing,BEHAVIOR PROBLEMS INDEX: CHILD HAS STRONG TEMPER AND LOSES IT,0.046570813170931834
Y3248703,-0.04657081317092796,Y32487.03,Q13-3F.05~000028,2014,behavioral/externalizing,BEHAVIOR PROBLEMS INDEX: CHILD HANGS AROUND WITH KIDS WHO GET INTO,0.04657081317092796
C2497500,0.04636192276072336,C24975.00,ANTIPX2000,2000,behavioral/externalizing,BEHAVIOR PROBLEMS INDEX: ANTISOCIAL PERCENTILE SCORE - SAME SEX,0.04636192276072336
C1185100,-0.0463208092882398,C11851.00,MS921419,1992,behavioral/externalizing,BEHAVIOR PROBLEMS INDEX: CHILD IS DISOBEDIENT AT SCHOOL,0.0463208092882398
C0005400,0.04627840250789081,C00054.00,CSEX,XRND,background,SEX OF CHILD,0.04627840250789081
C2737800,0.04626733305409091,C27378.00,BPI-06,2002,behavioral/externalizing,BEHAVIOR PROBLEMS INDEX: CHILD ARGUES TOO MUCH,0.04626733305409091
Y3246303,-0.046080844154142535,Y32463.03,Q13-3A.05~000004,2014,behavioral/externalizing,BEHAVIOR PROBLEMS INDEX: CHILD CHEATS OR TELLS LIES,0.046080844154142535
Y3247500,-0.046080844154142535,Y32475.00,Q13-3D.05~000013,2014,behavioral/externalizing,BEHAVIOR PROBLEMS INDEX: CHILD IS IMPULSIVE OR ACTS WITHOUT,0.046080844154142535
C2573200,-0.04600183877547254,C25732.00,SCHL-32,2002,school/achievement,SCHOOL: HOW MANY TIMES DID PARENTS ATTEND SCHOOL MEETING,0.04600183877547254
C2525100,-0.04506353936884329,C25251.00,BPEXTR2002,2002,behavioral/externalizing,BEHAVIOR PROBLEMS INDEX: EXTERNAL SCORE TRICHOTOMOUS ITEMS,0.04506353936884329
Y0673500,0.04480278082005739,Y06735.00,YASR-66E,1996,prior delinquency/contact,YA SELF-REPORT: NUMBER OF TIMES REFERRED TO COURT-RELATED,0.04480278082005739
Y3587004,-0.04436602545498268,Y35870.04,Q13-3C.02~000011,2016,behavioral/externalizing,BEHAVIOR PROBLEMS INDEX: CHILD DOES NOT SEEM TO FEEL SORRY AFTER,0.04436602545498268
C1638800,-0.04421003678520381,C16388.00,MS961513,1996,behavioral/externalizing,BEHAVIOR PROBLEMS INDEX: CHILD HANGS AROUND WITH KIDS WHO GET INTO,0.04421003678520381
C2254614,-0.04410975103261756,C22546.14,HLTH-5A~000016,2000,health,CHILD HEALTH: TYPE OF LIMITING CONDITION,0.04410975103261756
Y2345100,-0.0438705450986758,Y23451.00,Q4-5AB,2010,school/achievement,IN LAST SCHOOL YEAR HOW OFTEN HAS R SEEN A STUDENT CARRY A WEAPON,0.0438705450986758
Y2959807,0.043800760327106766,Y29598.07,YASR-65A~000008,2012,substance/risk behavior,CHARGES R MOST RECENTLY CONVICTED OF - SELLING OF MARIJUANA OR,0.043800760327106766
Y2959806,0.043800760327106766,Y29598.06,YASR-65A~000007,2012,substance/risk behavior,CHARGES R MOST RECENTLY CONVICTED OF - POSSESSION OF MARIJUANA OR,0.043800760327106766
Y1668900,0.04280810261741903,Y16689.00,YASR-66,2004,prior delinquency/contact,EVER/SINCE DATE OF LAST INTERVIEW R BEEN SENTENCED TO A CORRECTIONS,0.04280810261741903
C2496600,-0.042667387400842464,C24966.00,BPEXTR2000,2000,behavioral/externalizing,BEHAVIOR PROBLEMS INDEX: EXTERNAL SCORE TRICHOTOMOUS ITEMS,0.042667387400842464
C1927700,0.04230819968018631,C19277.00,CS98040E,1998,school/achievement,CHILD SELF-ADMIN: HOW OFTEN IN LAST YEAR DAMAGED SCHOOL PROPERTY ON,0.04230819968018631
C0575500,0.04222098250890235,C05755.00,ANTIPX1986,1986,behavioral/externalizing,BEHAVIOR PROBLEMS INDEX: ANTISOCIAL PERCENTILE SCORE - SAME SEX,0.04222098250890235
Y3249201,-0.04203182308325476,Y32492.01,Q13-3G.04~000026,2014,behavioral/externalizing,BEHAVIOR PROBLEMS INDEX: CHILD IS DISOBEDIENT AT SCHOOL,0.04203182308325476
C0733500,-0.04169325715165918,C07335.00,CS884255,1988,substance/risk behavior,CHILD SELF-ADMINISTERED: USED OTHER DRUGS IN THE PAST 3 MONTHS,0.04169325715165918
C1434800,-0.04159023393636066,C14348.00,MS941429,1994,behavioral/externalizing,BEHAVIOR PROBLEMS INDEX: CHILD CHEATS OR TELLS LIES,0.04159023393636066
Y3248503,-0.04155777525132513,Y32485.03,Q13-3F.03~000028,2014,behavioral/externalizing,BEHAVIOR PROBLEMS INDEX: CHILD HANGS AROUND WITH KIDS WHO GET INTO,0.04155777525132513
Y0379800,-0.04144691466500204,Y03798.00,YASR-66E,1994,prior delinquency/contact,YA SELF-REPORT: NUMBER OF TIMES REFERRED TO COURT-RELATED,0.04144691466500204
Y0377300,-0.041402387946398105,Y03773.00,YASR-65A~000001,1994,prior delinquency/contact,YA SELF-REPORT: EVER CONVICTED OF ASSAULT?,0.041402387946398105
Y2875603,0.04138474126042753,Y28756.03,Q13-3A.02~000004,2012,behavioral/externalizing,BEHAVIOR PROBLEMS INDEX: CHILD CHEATS OR TELLS LIES,0.04138474126042753
Y3246305,-0.041082179332878034,Y32463.05,Q13-3A.05~000006,2014,behavioral/externalizing,BEHAVIOR PROBLEMS INDEX: CHILD ARGUES TOO MUCH,0.041082179332878034
Y2876800,0.0409096785164407,Y28768.00,Q13-3D.02~000013,2012,behavioral/externalizing,BEHAVIOR PROBLEMS INDEX: CHILD IS IMPULSIVE OR ACTS WITHOUT,0.0409096785164407
C2759000,0.04087270116227298,C27590.00,CSAS020F,2002,school/achievement,CHILD SELF-ADMIN: HOW MUCH CHILD TELLS PARENTS ABOUT WHAT HOMEWORK,0.04087270116227298
C1194800,0.04055000592322375,C11948.00,ANTIP1992,1992,behavioral/externalizing,BEHAVIOR PROBLEMS INDEX: ANTISOCIAL PERCENTILE SCORE - ALL CHILDREN,0.04055000592322375
Y3249101,0.04044558635357447,Y32491.01,Q13-3G.03~000026,2014,behavioral/externalizing,BEHAVIOR PROBLEMS INDEX: CHILD IS DISOBEDIENT AT SCHOOL,0.04044558635357447
C1637900,0.039634064440106975,C16379.00,MS961459,1996,behavioral/externalizing,BEHAVIOR PROBLEMS INDEX: CHILD HAS STRONG TEMPER AND LOSES IT,0.039634064440106975
C5531200,-0.039502637596261644,C55312.00,BPEXTP2012,2012,behavioral/externalizing,BEHAVIOR PROBLEMS INDEX: EXTERNAL PERCENTILE SCORE TRICHOTOMOUS,0.039502637596261644
C3987600,-0.03945821836732652,C39876.00,ANTIPX2010,2010,behavioral/externalizing,BEHAVIOR PROBLEMS INDEX: ANTISOCIAL PERCENTILE SCORE - SAME SEX,0.03945821836732652
C1563200,0.039443891339911406,C15632.00,BPMIS21996,1996,behavioral/externalizing,BEHAVIOR PROBLEMS INDEX: EXTERNAL RAW SCORE TRICHOTOMOUS ITEMS -,0.039443891339911406
Y0674200,0.038972759288792194,Y06742.00,YASR-69B,1996,socioeconomic/work,YA SELF-REPORT: WAS VOLUNTEER WORK COURT ORDERED?,0.038972759288792194
C1140000,-0.03858954660089755,C11400.00,CS926857,1992,substance/risk behavior,CHILD SELF-ADMINISTERED: HAS CHILD DRUNK ALCOHOL IN THE PAST 3,0.03858954660089755
C0128014,0.03847100644911643,C01280.14,NH12_171996,1996,family/home,# HOUSEHOLD MEMBERS AGED 12 - 17 IN HOUSEHOLD OF MOTHER,0.03847100644911643
C5192800,0.03840433623233062,C51928.00,MS-BPI-31,2010,behavioral/externalizing,BEHAVIOR PROBLEMS INDEX: CHILD IS DISOBEDIENT AT SCHOOL,0.03840433623233062
C1561600,-0.03838424685072054,C15616.00,ANTIZX1996,1996,behavioral/externalizing,BEHAVIOR PROBLEMS INDEX: ANTISOCIAL STANDARD SCORE - SAME SEX,0.03838424685072054
C0942400,-0.038260569585120065,C09424.00,CS906613,1990,prior delinquency/contact,CHILD SELF-ADMINISTERED: HURT SOMEONE BAD ENOUGH TO NEED A DOCTOR,0.038260569585120065
C1637000,-0.037908035831419364,C16370.00,MS961441,1996,behavioral/externalizing,BEHAVIOR PROBLEMS INDEX: CHILD IS DISOBEDIENT AT HOME,0.037908035831419364
C3012800,-0.03772441725456488,C30128.00,BPI-31,2004,behavioral/externalizing,BEHAVIOR PROBLEMS INDEX: CHILD IS DISOBEDIENT AT SCHOOL,0.03772441725456488
Y3670801,0.03772154176071584,Y36708.01,YASR-60B-J~000002,2016,prior delinquency/contact,HOW MANY TIMES IN LAST YEAR R HURT SOMEONE BADLY ENOUGH TO NEED,0.03772154176071584
C0732800,-0.03766478703142368,C07328.00,CS884246,1988,substance/risk behavior,CHILD SELF-ADMINISTERED: HAVE YOU EVER DRUNK ALCOHOL,0.03766478703142368
Y0966300,-0.03745354380710494,Y09663.00,YASR-61E,1998,prior delinquency/contact,YA SELF-REPORT: EVER IN LAST YEAR DAMAGED PROPERTY OF OTHERS ON,0.03745354380710494
Y3396400,-0.03740291202523424,Y33964.00,Q4-5AA,2016,school/achievement,HAS R EVER SEEN A STUDENT CARRY A WEAPON ON SCHOOL PROPERTY,0.03740291202523424
C5807700,-0.037088498473976564,C58077.00,ANTI2014,2014,behavioral/externalizing,BEHAVIOR PROBLEMS INDEX: ANTISOCIAL RAW SCORE,0.037088498473976564
Y0379700,-0.03696427944855433,Y03797.00,YASR-66D,1994,prior delinquency/contact,YASR: EVER BEEN REFERRED TO COURT-RELATED COUNSELING BY,0.03696427944855433
C5807900,0.03694228215553069,C58079.00,ANTIP2014,2014,behavioral/externalizing,BEHAVIOR PROBLEMS INDEX: ANTISOCIAL PERCENTILE SCORE - ALL CHILDREN,0.03694228215553069
Y0670600,0.036668148337653035,Y06706.00,YASR-63,1996,prior delinquency/contact,YA SELF-REPORT: NUMBER OF TIMES BEEN CONVICTED OF SOMETHING,0.036668148337653035
C2740000,0.03662623015624527,C27400.00,BPI-28,2002,behavioral/externalizing,BEHAVIOR PROBLEMS INDEX: CHILD HANGS AROUND WITH KIDS WHO GET INTO,0.03662623015624527
C2525900,-0.03632908441201309,C25259.00,ANTI2002,2002,behavioral/externalizing,BEHAVIOR PROBLEMS INDEX: ANTISOCIAL RAW SCORE,0.03632908441201309
Y2019900,0.036289657742938915,Y20199.00,Q4-5AA,2008,school/achievement,HAS R EVER SEEN A STUDENT CARRY A WEAPON ON SCHOOL PROPERTY,0.036289657742938915
C0007000,0.036114013739247594,C00070.00,MAGEBIR,XRND,background,AGE OF MOTHER AT BIRTH OF CHILD,0.036114013739247594
C0796600,0.03601764009679351,C07966.00,ANTIZX1988,1988,behavioral/externalizing,BEHAVIOR PROBLEMS INDEX: ANTISOCIAL STANDARD SCORE - SAME SEX,0.03601764009679351
C1639100,-0.03600685298771174,C16391.00,MS961519,1996,behavioral/externalizing,BEHAVIOR PROBLEMS INDEX: CHILD IS DISOBEDIENT AT SCHOOL,0.03600685298771174
C0008046,0.03569581005948445,C00080.46,CRES2002,2002,family/home,USUAL RESIDENCE OF CHILD,0.03569581005948445
C0984300,0.03544886639722317,C09843.00,MS901333,1990,behavioral/externalizing,BEHAVIOR PROBLEMS INDEX: CHILD ARGUES TOO MUCH,0.03544886639722317
C1137500,-0.03541549625922241,C11375.00,CS926768,1992,school/achievement,CHILD SELF-ADMIN: HOW OFTEN IN LAST YEAR DAMAGED SCHOOL PROPERTY ON,0.03541549625922241
Y4276300,-0.035402206631390445,Y42763.00,YASR-66,2018,prior delinquency/contact,EVER/SINCE DATE OF LAST INTERVIEW R BEEN SENTENCED TO A CORRECTIONS,0.035402206631390445
Y4276202,-0.035402206631390445,Y42762.02,YASR-65A~000003,2018,prior delinquency/contact,CHARGES R MOST RECENTLY CONVICTED OF - THEFT,0.035402206631390445
Y3586305,0.03494844937520139,Y35863.05,Q13-3A.01~000006,2016,behavioral/externalizing,BEHAVIOR PROBLEMS INDEX: CHILD ARGUES TOO MUCH,0.03494844937520139
C1140600,0.03471897524768639,C11406.00,CS926869,1992,substance/risk behavior,CHILD SELF-ADMINISTERED: HAS CHILD USED OTHER DRUGS IN THE PAST 3,0.03471897524768639
Y0671300,-0.03461569223057167,Y06713.00,YASR-65A~000004,1996,prior delinquency/contact,YA SELF-REPORT: EVER CONVICTED OF FENCING/RECEIVING/SELLING STOLEN,0.03461569223057167
Y2609706,0.03436620743168753,Y26097.06,YASR-65A~000007,2010,substance/risk behavior,CHARGES R MOST RECENTLY CONVICTED OF - POSSESSION OF MARIJUANA OR,0.03436620743168753
C3986700,-0.03418964682549956,C39867.00,BPEXTR2010,2010,behavioral/externalizing,BEHAVIOR PROBLEMS INDEX: EXTERNAL SCORE TRICHOTOMOUS ITEMS,0.03418964682549956
C3045800,0.03369072307998708,C30458.00,CSAS040E,2004,school/achievement,CHILD SELF-ADMIN: HOW OFTEN IN LAST YEAR DAMAGED SCHOOL PROPERTY ON,0.03369072307998708
C3924800,-0.03357207672052915,C39248.00,MS-HOME-D02F,2008,family/home,HOME PART D (10-14 YRS): HOW OFTEN CHILD EXPECTED TO HELP MANAGE,0.03357207672052915
C0574100,0.03342322906097725,C05741.00,ANTIP1986,1986,behavioral/externalizing,BEHAVIOR PROBLEMS INDEX: ANTISOCIAL PERCENTILE SCORE - ALL CHILDREN,0.03342322906097725
S0063200,0.03328068986089758,S00632.00,P2Q38O,1995,school/achievement,PRINCIPAL #2: SCHOOL PROBLEM - DEGREE OF POSSESSION OF WEAPONS,0.03328068986089758
Y3671406,-0.033013463412515584,Y36714.06,YASR-65A~000007,2016,substance/risk behavior,CHARGES R MOST RECENTLY CONVICTED OF - POSSESSION OF MARIJUANA OR,0.033013463412515584
C3010600,0.032989278698630886,C30106.00,BPI-10,2004,behavioral/externalizing,BEHAVIOR PROBLEMS INDEX: CHILD IS DISOBEDIENT AT HOME,0.032989278698630886
C1662300,-0.03289009167391948,C16623.00,CS96MATH_GRD,1996,school/achievement,PIAT MATH: CHILD GRADE IN SCHOOL,0.03289009167391948
Y0672300,0.032878972820162056,Y06723.00,YASR-65B,1996,prior delinquency/contact,YA SELF-REPORT: EVER BEEN CONVICTED OF ANYTHING IN ADULT COURT?,0.032878972820162056
C1637100,-0.03258865708480629,C16371.00,MS961443,1996,behavioral/externalizing,BEHAVIOR PROBLEMS INDEX: CHILD DOES NOT SEEM TO FEEL SORRY AFTER,0.03258865708480629
C6100700,-0.032387467570910475,C61007.00,MS-BPI-13,2016,behavioral/externalizing,BEHAVIOR PROBLEMS INDEX: CHILD IS IMPULSIVE OR ACTS WITHOUT,0.032387467570910475
Y0671700,-0.0319877360909647,Y06717.00,YASR-65A~000008,1996,substance/risk behavior,YA SELF-REPORT: EVER CONVICTED OF SELLING MARIJUANA OR HASHISH?,0.0319877360909647
C5531500,0.031869772864071104,C55315.00,ANTI2012,2012,behavioral/externalizing,BEHAVIOR PROBLEMS INDEX: ANTISOCIAL RAW SCORE,0.031869772864071104
C3420600,-0.031767989871662454,C34206.00,MS-BPI-10,2006,behavioral/externalizing,BEHAVIOR PROBLEMS INDEX: CHILD IS DISOBEDIENT AT HOME,0.031767989871662454
S0042900,-0.03167510815705926,S00429.00,P1Q38F,1995,school/achievement,PRINCIPAL #1: SCHOOL PROBLEM - DEGREE OF ROBBERY OR THEFT,0.03167510815705926
C6032300,-0.03147675825392093,C60323.00,MS-BPI-10,2014,behavioral/externalizing,BEHAVIOR PROBLEMS INDEX: CHILD IS DISOBEDIENT AT HOME,0.03147675825392093
C2526300,-0.030950663126464134,C25263.00,ANTIZ2002,2002,behavioral/externalizing,BEHAVIOR PROBLEMS INDEX: ANTISOCIAL STANDARD SCORE - ALL CHILDREN,0.030950663126464134
C1798300,0.030794141473693606,C17983.00,BPEXTP1998,1998,behavioral/externalizing,BEHAVIOR PROBLEMS INDEX: EXTERNAL PERCENTILE SCORE TRICHOTOMOUS,0.030794141473693606
Y2674600,-0.030575944918091125,Y26746.00,Q4-5AB,2012,school/achievement,IN LAST SCHOOL YEAR HOW OFTEN HAS R SEEN A STUDENT CARRY A WEAPON,0.030575944918091125
C0564900,0.030259966957925273,C05649.00,MS860527,1986,behavioral/externalizing,BEHAVIOR PROBLEMS INDEX: CHILD IS DISOBEDIENT AT HOME,0.030259966957925273
C3987700,-0.030255053820320604,C39877.00,ANTIP2010,2010,behavioral/externalizing,BEHAVIOR PROBLEMS INDEX: ANTISOCIAL PERCENTILE SCORE - ALL CHILDREN,0.030255053820320604
C0994500,0.030103670996100913,C09945.00,ANTIP1990,1990,behavioral/externalizing,BEHAVIOR PROBLEMS INDEX: ANTISOCIAL PERCENTILE SCORE - ALL CHILDREN,0.030103670996100913
C0794500,0.02999830034618197,C07945.00,ANTIP1988,1988,behavioral/externalizing,BEHAVIOR PROBLEMS INDEX: ANTISOCIAL PERCENTILE SCORE - ALL CHILDREN,0.02999830034618197
C3987300,-0.02999720505283672,C39873.00,BPEXTZ2010,2010,behavioral/externalizing,BEHAVIOR PROBLEMS INDEX: EXTERNAL STANDARD SCORE TRICHOTOMOUS ITEMS,0.02999720505283672
Y1739100,0.02996400577395769,Y17391.00,Q4-5AA,2006,school/achievement,HAS R EVER SEEN A STUDENT CARRY A WEAPON ON SCHOOL PROPERTY,0.02996400577395769
Y1942700,0.029472181501964578,Y19427.00,YASR-69B,2006,socioeconomic/work,WAS ANY OF VOLUNTEER WORK R HAS DONE COURT ORDERED?,0.029472181501964578
Y3248303,-0.02922055135919923,Y32483.03,Q13-3F.01~000028,2014,behavioral/externalizing,BEHAVIOR PROBLEMS INDEX: CHILD HANGS AROUND WITH KIDS WHO GET INTO,0.02922055135919923
C1636600,0.028998391471680148,C16366.00,MS961433,1996,behavioral/externalizing,BEHAVIOR PROBLEMS INDEX: CHILD ARGUES TOO MUCH,0.028998391471680148
C6032400,-0.02885665823563311,C60324.00,MS-BPI-11,2014,behavioral/externalizing,BEHAVIOR PROBLEMS INDEX: CHILD DOES NOT SEEM TO FEEL SORRY AFTER,0.02885665823563311
C1798900,-0.028716980660447304,C17989.00,BPMIS21998,1998,behavioral/externalizing,BEHAVIOR PROBLEMS INDEX: EXTERNAL RAW SCORE TRICHOTOMOUS ITEMS -,0.028716980660447304
C6101300,-0.028696815042166385,C61013.00,MS-BPI-19,2016,behavioral/externalizing,BEHAVIOR PROBLEMS INDEX: CHILD HAS STRONG TEMPER AND LOSES IT,0.028696815042166385
Y1667300,0.02857109017495354,Y16673.00,YASR-60C,2004,prior delinquency/contact,HOW MANY TIMES IN LAST YEAR R HURT SOMEONE BADLY ENOUGH TO NEED,0.02857109017495354
C1183300,0.02821999778444425,C11833.00,MS921347,1992,behavioral/externalizing,BEHAVIOR PROBLEMS INDEX: CHILD IS IMPULSIVE OR ACTS WITHOUT,0.02821999778444425
C2435300,-0.02809929483428786,C24353.00,MS2-28,2000,behavioral/externalizing,BEHAVIOR PROBLEMS INDEX: CHILD HANGS AROUND WITH KIDS WHO GET INTO,0.02809929483428786
C1140100,0.028083287802423727,C11401.00,CS926859,1992,substance/risk behavior,CHILD SELF-ADMINISTERED: CHILD'S AGE WHEN FIRST DRANK ALCOHOL,0.028083287802423727
C1140300,-0.028040924690189907,C11403.00,CS926863,1992,substance/risk behavior,CHILD SELF-ADMINISTERED: HAS CHILD USED MARIJUANA IN THE PAST 3,0.028040924690189907
C2797200,0.027888957356152145,C27972.00,ANTI2004,2004,behavioral/externalizing,BEHAVIOR PROBLEMS INDEX: ANTISOCIAL RAW SCORE,0.027888957356152145
Y0969000,-0.02787044513649493,Y09690.00,YASR-65A~000007,1998,substance/risk behavior,YA SELF-REPORT: EVER CONVICTED OF POSSESSION OF MARIJUANA OR,0.02787044513649493
C3370800,-0.027673846065325334,C33708.00,CSAS063,2006,substance/risk behavior,CHILD SELF-ADMIN: CHILD'S AGE WHEN FIRST USED MARIJUANA,0.027673846065325334
C1197414,0.027617618678177407,C11974.14,BPEXTR1992,1992,behavioral/externalizing,BEHAVIOR PROBLEMS INDEX: EXTERNAL SCORE TRICHOTOMOUS ITEMS,0.027617618678177407
Y2258100,-0.02752822535674882,Y22581.00,YASR-65A~000001,2008,prior delinquency/contact,CHARGES R MOST RECENTLY CONVICTED OF - ASSAULT,0.02752822535674882
Y1417406,-0.02709695593260399,Y14174.06,YASR-65A~000007,2002,substance/risk behavior,CHARGES R MOST RECENTLY CONVICTED OF - POSSESSION OF MARIJUANA OR,0.02709695593260399
C1183000,0.026712393118186854,C11830.00,MS921341,1992,behavioral/externalizing,BEHAVIOR PROBLEMS INDEX: CHILD IS DISOBEDIENT AT HOME,0.026712393118186854
C3609300,-0.02657910743481582,C36093.00,ANTIZ2008,2008,behavioral/externalizing,BEHAVIOR PROBLEMS INDEX: ANTISOCIAL STANDARD SCORE - ALL CHILDREN,0.02657910743481582
C5190600,-0.02656371259938897,C51906.00,MS-BPI-10,2010,behavioral/externalizing,BEHAVIOR PROBLEMS INDEX: CHILD IS DISOBEDIENT AT HOME,0.02656371259938897
C3873700,-0.026177928273218323,C38737.00,CSAS056B,2008,substance/risk behavior,CHILD SELF-ADMIN: CHILD'S AGE WHEN FIRST DRANK ALCOHOL,0.026177928273218323
Y3248901,0.02554329962827404,Y32489.01,Q13-3G.01~000026,2014,behavioral/externalizing,BEHAVIOR PROBLEMS INDEX: CHILD IS DISOBEDIENT AT SCHOOL,0.02554329962827404
Y3247900,-0.025396575691196768,Y32479.00,Q13-3E.03~000019,2014,behavioral/externalizing,BEHAVIOR PROBLEMS INDEX: CHILD HAS STRONG TEMPER AND LOSES IT,0.025396575691196768
Y0378600,-0.02537003540872237,Y03786.00,YASR-65B,1994,prior delinquency/contact,YA SELF-REPORT: EVER BEEN CONVICTED OF ANYTHING IN ADULT COURT?,0.02537003540872237
Y2876204,-0.02519134519035959,Y28762.04,Q13-3C.02~000011,2012,behavioral/externalizing,BEHAVIOR PROBLEMS INDEX: CHILD DOES NOT SEEM TO FEEL SORRY AFTER,0.02519134519035959
C2497200,-0.02481377771194516,C24972.00,BPEXTZ2000,2000,behavioral/externalizing,BEHAVIOR PROBLEMS INDEX: EXTERNAL STANDARD SCORE TRICHOTOMOUS ITEMS,0.02481377771194516
C3420900,0.02475066422139949,C34209.00,MS-BPI-13,2006,behavioral/externalizing,BEHAVIOR PROBLEMS INDEX: CHILD IS IMPULSIVE OR ACTS WITHOUT,0.02475066422139949
C0944800,0.02451863917451551,C09448.00,CS906661,1990,substance/risk behavior,CHILD SELF-ADMINISTERED: HAVE YOU EVER USED MARIJUANA,0.02451863917451551
C0945000,-0.024514381975528653,C09450.00,CS906665,1990,substance/risk behavior,CHILD SELF-ADMINISTERED: R'S AGE WHEN FIRST USED MARIJUANA,0.024514381975528653
C3050500,-0.024341867535960834,C30505.00,CSAS063,2004,substance/risk behavior,CHILD SELF-ADMIN: CHILD'S AGE WHEN FIRST USED MARIJUANA,0.024341867535960834
C2796900,0.024137232385059302,C27969.00,BPEXTP2004,2004,behavioral/externalizing,BEHAVIOR PROBLEMS INDEX: EXTERNAL PERCENTILE SCORE TRICHOTOMOUS,0.024137232385059302
C2526100,0.02405822742320824,C25261.00,ANTIP2002,2002,behavioral/externalizing,BEHAVIOR PROBLEMS INDEX: ANTISOCIAL PERCENTILE SCORE - ALL CHILDREN,0.02405822742320824
C3608100,0.024017222658691297,C36081.00,BPEXTR2008,2008,behavioral/externalizing,BEHAVIOR PROBLEMS INDEX: EXTERNAL SCORE TRICHOTOMOUS ITEMS,0.024017222658691297
C0576705,0.023611767282981137,C05767.05,BPEXTP1986,1986,behavioral/externalizing,BEHAVIOR PROBLEMS INDEX: EXTERNAL PERCENTILE SCORE TRICHOTOMOUS,0.023611767282981137
Y3246105,0.023599123999638795,Y32461.05,Q13-3A.03~000006,2014,behavioral/externalizing,BEHAVIOR PROBLEMS INDEX: CHILD ARGUES TOO MUCH,0.023599123999638795
C1588500,0.023586743074967692,C15885.00,CS960817,1996,prior delinquency/contact,CHILD SELF-ADMIN: HOW OFTEN IN LAST YEAR HURT SOMEONE BAD ENOUGH TO,0.023586743074967692
C2526000,0.023570963241817795,C25260.00,ANTIPX2002,2002,behavioral/externalizing,BEHAVIOR PROBLEMS INDEX: ANTISOCIAL PERCENTILE SCORE - SAME SEX,0.023570963241817795
C2433100,0.023531684823781186,C24331.00,MS2-06,2000,behavioral/externalizing,BEHAVIOR PROBLEMS INDEX: CHILD ARGUES TOO MUCH,0.023531684823781186
C2769800,0.023377291286773464,C27698.00,CSAS056B,2002,substance/risk behavior,CHILD SELF-ADMIN: CHILD'S AGE WHEN FIRST DRANK ALCOHOL,0.023377291286773464
Y0379100,-0.02330780190448772,Y03791.00,YASR-66,1994,prior delinquency/contact,YASR: EVER BEEN SENTENCED TO A CORRECTIONS INSTITUTION/JAIL/REFORM,0.02330780190448772
S0013300,-0.023036018084386718,S00133.00,C1Q59,1995,school/achievement,SCHOOLING #1: AMOUNT OF HOMEWORK ASSIGNED AT GRADE LEVEL,0.023036018084386718
Y0376900,-0.022866558123002825,Y03769.00,YASR-63,1994,prior delinquency/contact,YA SELF-REPORT: NUMBER OF TIMES BEEN CONVICTED OF SOMETHING,0.022866558123002825
C3104900,-0.02266776362424528,C31049.00,BPEXTP2006,2006,behavioral/externalizing,BEHAVIOR PROBLEMS INDEX: EXTERNAL PERCENTILE SCORE TRICHOTOMOUS,0.02266776362424528
C0576200,0.02265412286205943,C05762.00,ANTIZX1986,1986,behavioral/externalizing,BEHAVIOR PROBLEMS INDEX: ANTISOCIAL STANDARD SCORE - SAME SEX,0.02265412286205943
Y0668900,-0.0226407096099296,Y06689.00,YASR-61E,1996,prior delinquency/contact,YA SELF-REPORT: EVER IN LAST YEAR DAMAGED PROPERTY OF OTHERS ON,0.0226407096099296
Y0379900,-0.022576118468125572,Y03799.00,YASR-66F,1994,prior delinquency/contact,YA SELF-REPORT: AGE WHEN FIRST REFERRED TO COURT-RELATED COUNSELING,0.022576118468125572
C0797104,-0.02241495858883522,C07971.04,BPEXTR1988,1988,behavioral/externalizing,BEHAVIOR PROBLEMS INDEX: EXTERNAL SCORE TRICHOTOMOUS ITEMS,0.02241495858883522
C2740400,0.02230596534638346,C27404.00,BPI-31,2002,behavioral/externalizing,BEHAVIOR PROBLEMS INDEX: CHILD IS DISOBEDIENT AT SCHOOL,0.02230596534638346
C5807800,0.02206887103569183,C58078.00,ANTIPX2014,2014,behavioral/externalizing,BEHAVIOR PROBLEMS INDEX: ANTISOCIAL PERCENTILE SCORE - SAME SEX,0.02206887103569183
Y0671200,-0.022044552841872015,Y06712.00,YASR-65A~000003,1996,prior delinquency/contact,YA SELF-REPORT: EVER CONVICTED OF THEFT?,0.022044552841872015
C1562500,-0.0219512339710334,C15625.00,BPEXTR1996,1996,behavioral/externalizing,BEHAVIOR PROBLEMS INDEX: EXTERNAL SCORE TRICHOTOMOUS ITEMS,0.0219512339710334
C0565200,-0.02187952193570801,C05652.00,MS860530,1986,behavioral/externalizing,BEHAVIOR PROBLEMS INDEX: CHILD IS IMPULSIVE OR ACTS WITHOUT,0.02187952193570801
C0574800,0.021686053357265,C05748.00,ANTIZ1986,1986,behavioral/externalizing,BEHAVIOR PROBLEMS INDEX: ANTISOCIAL STANDARD SCORE - ALL CHILDREN,0.021686053357265
C0733600,-0.021588420267170526,C07336.00,CS884256,1988,substance/risk behavior,CHILD SELF-ADMINISTERED: R'S AGE WHEN FIRST USED ANY DRUGS,0.021588420267170526
Y0378700,0.021134235548200393,Y03787.00,YASR-67,1994,prior delinquency/contact,YA SELF-REPORT: EVER BEEN ON PROBATION?,0.021134235548200393
C6053500,0.021058483093254008,C60535.00,ANTI2016,2016,behavioral/externalizing,BEHAVIOR PROBLEMS INDEX: ANTISOCIAL RAW SCORE,0.021058483093254008
C1979700,0.02078793599586354,C19797.00,MS984028,1998,behavioral/externalizing,BEHAVIOR PROBLEMS INDEX: CHILD HANGS AROUND WITH KIDS WHO GET INTO,0.02078793599586354
C1562700,-0.0207639888759945,C15627.00,BPEXTZ1996,1996,behavioral/externalizing,BEHAVIOR PROBLEMS INDEX: EXTERNAL STANDARD SCORE TRICHOTOMOUS ITEMS,0.0207639888759945
Y1942107,-0.020517707348810497,Y19421.07,YASR-65A~000008,2006,substance/risk behavior,CHARGES R MOST RECENTLY CONVICTED OF - SELLING OF MARIJUANA OR,0.020517707348810497
Y2875605,-0.020475109568677707,Y28756.05,Q13-3A.02~000006,2012,behavioral/externalizing,BEHAVIOR PROBLEMS INDEX: CHILD ARGUES TOO MUCH,0.020475109568677707
C1504700,-0.020287395248438953,C15047.00,ANTIZX1994,1994,behavioral/externalizing,BEHAVIOR PROBLEMS INDEX: ANTISOCIAL STANDARD SCORE - SAME SEX,0.020287395248438953
C1796600,-0.020242926976072474,C17966.00,ANTIPX1998,1998,behavioral/externalizing,BEHAVIOR PROBLEMS INDEX: ANTISOCIAL PERCENTILE SCORE - SAME SEX,0.020242926976072474
C3873900,-0.020165675838508028,C38739.00,CSAS057B,2008,substance/risk behavior,CHILD SELF-ADMIN: CHILD'S AGE WHEN FIRST DRANK ALCOHOL MORE THAN,0.020165675838508028
C1197415,-0.019886624531787064,C11974.15,BPEXTP1992,1992,behavioral/externalizing,BEHAVIOR PROBLEMS INDEX: EXTERNAL PERCENTILE SCORE TRICHOTOMOUS,0.019886624531787064
Y0375200,0.019881978624215584,Y03752.00,YASR-61E,1994,prior delinquency/contact,YA SELF-REPORT: EVER IN LAST YEAR DAMAGED PROPERTY OF OTHERS ON,0.019881978624215584
C6100400,0.019798928561947794,C61004.00,MS-BPI-10,2016,behavioral/externalizing,BEHAVIOR PROBLEMS INDEX: CHILD IS DISOBEDIENT AT HOME,0.019798928561947794
Y3246704,-0.01972469610394247,Y32467.04,Q13-3C.03~000011,2014,behavioral/externalizing,BEHAVIOR PROBLEMS INDEX: CHILD DOES NOT SEEM TO FEEL SORRY AFTER,0.01972469610394247
C3104300,-0.019328257345718684,C31043.00,BPMIS22006,2006,behavioral/externalizing,BEHAVIOR PROBLEMS INDEX: EXTERNAL RAW SCORE TRICHOTOMOUS ITEMS -,0.019328257345718684
C1503300,-0.01922403181551538,C15033.00,ANTIZ1994,1994,behavioral/externalizing,BEHAVIOR PROBLEMS INDEX: ANTISOCIAL STANDARD SCORE - ALL CHILDREN,0.01922403181551538
Y0671800,-0.01908390508895599,Y06718.00,YASR-65A~000009,1996,substance/risk behavior,YA SELF-REPORT: EVER CONVICTED OF POSSESSION/USE OF ILLICIT DRUGS?,0.01908390508895599
Y3587500,0.019015454321807897,Y35875.00,Q13-3D.01~000013,2016,behavioral/externalizing,BEHAVIOR PROBLEMS INDEX: CHILD IS IMPULSIVE OR ACTS WITHOUT,0.019015454321807897
C2497400,-0.018878350331822637,C24974.00,ANTI2000,2000,behavioral/externalizing,BEHAVIOR PROBLEMS INDEX: ANTISOCIAL RAW SCORE,0.018878350331822637
C2497700,-0.01871362188092797,C24977.00,ANTIZX2000,2000,behavioral/externalizing,BEHAVIOR PROBLEMS INDEX: ANTISOCIAL STANDARD SCORE - SAME SEX,0.01871362188092797
C3987800,-0.018399077249841318,C39878.00,ANTIZX2010,2010,behavioral/externalizing,BEHAVIOR PROBLEMS INDEX: ANTISOCIAL STANDARD SCORE - SAME SEX,0.018399077249841318
C1795900,-0.018210597305611337,C17959.00,ANTIZ1998,1998,behavioral/externalizing,BEHAVIOR PROBLEMS INDEX: ANTISOCIAL STANDARD SCORE - ALL CHILDREN,0.018210597305611337
C1196900,-0.01792560390941382,C11969.00,ANTIZX1992,1992,behavioral/externalizing,BEHAVIOR PROBLEMS INDEX: ANTISOCIAL STANDARD SCORE - SAME SEX,0.01792560390941382
C1137200,-0.01785524016281636,C11372.00,CS926762,1992,prior delinquency/contact,CHILD SELF-ADMIN: HOW OFTEN IN LAST YEAR HURT SOMEONE BAD ENOUGH TO,0.01785524016281636
C0566600,-0.017705399153536583,C05666.00,MS860544,1986,behavioral/externalizing,BEHAVIOR PROBLEMS INDEX: CHILD IS DISOBEDIENT AT SCHOOL,0.017705399153536583
Y0970800,0.017638170122801257,Y09708.00,YASR-66D,1998,prior delinquency/contact,YASR: EVER BEEN REFERRED TO COURT-RELATED COUNSELING BY,0.017638170122801257
Y3586505,-0.017612547649599554,Y35865.05,Q13-3A.03~000006,2016,behavioral/externalizing,BEHAVIOR PROBLEMS INDEX: CHILD ARGUES TOO MUCH,0.017612547649599554
C6033200,-0.01751268719731877,C60332.00,MS-BPI-19,2014,behavioral/externalizing,BEHAVIOR PROBLEMS INDEX: CHILD HAS STRONG TEMPER AND LOSES IT,0.01751268719731877
C3370000,-0.017403007185926363,C33700.00,CSAS056B,2006,substance/risk behavior,CHILD SELF-ADMIN: CHILD'S AGE WHEN FIRST DRANK ALCOHOL,0.017403007185926363
Y3248403,0.01736758570076224,Y32484.03,Q13-3F.02~000028,2014,behavioral/externalizing,BEHAVIOR PROBLEMS INDEX: CHILD HANGS AROUND WITH KIDS WHO GET INTO,0.01736758570076224
C1977900,0.017366268433665077,C19779.00,MS984010,1998,behavioral/externalizing,BEHAVIOR PROBLEMS INDEX: CHILD IS DISOBEDIENT AT HOME,0.017366268433665077
Y0970200,0.017337377106151044,Y09702.00,YASR-66,1998,prior delinquency/contact,YASR: EVER BEEN SENTENCED TO A CORRECTIONS INSTITUTION/JAIL/REFORM,0.017337377106151044
Y1669300,0.017326107285440075,Y16693.00,YASR-69B,2004,socioeconomic/work,WAS ANY OF VOLUNTEER WORK R HAS DONE COURT ORDERED?,0.017326107285440075
Y2258200,0.017258038102441434,Y22582.00,YASR-66,2008,prior delinquency/contact,EVER/SINCE DATE OF LAST INTERVIEW R BEEN SENTENCED TO A CORRECTIONS,0.017258038102441434
Y0954700,0.017219771598193764,Y09547.00,YASR-24A,1998,substance/risk behavior,YA SELF-REPORT:  HAVE YOU EVER USED MARIJUANA,0.017219771598193764
Y2939300,-0.016986939272341253,Y29393.00,Q16-11D,2012,other,TREATMENT BY OTHERS:  HOW OFTEN PEOPLE HAVE ACTED AS IF THEY THINK,0.016986939272341253
C5192400,0.016946242901139726,C51924.00,MS-BPI-28,2010,behavioral/externalizing,BEHAVIOR PROBLEMS INDEX: CHILD HANGS AROUND WITH KIDS WHO GET INTO,0.016946242901139726
Y2877400,0.016771586439725324,Y28774.00,Q13-3E.02~000019,2012,behavioral/externalizing,BEHAVIOR PROBLEMS INDEX: CHILD HAS STRONG TEMPER AND LOSES IT,0.016771586439725324
Y3246003,-0.01677148766771046,Y32460.03,Q13-3A.02~000004,2014,behavioral/externalizing,BEHAVIOR PROBLEMS INDEX: CHILD CHEATS OR TELLS LIES,0.01677148766771046
C0944600,-0.016601257136018094,C09446.00,CS906657,1990,substance/risk behavior,CHILD SELF-ADMINISTERED: HAVE R DRUNK ALCOHOL IN THE PAST 3 MONTHS,0.016601257136018094
Y0377700,-0.01659489442395676,Y03777.00,YASR-65A~000005,1994,prior delinquency/contact,YA SELF-REPORT: EVER CONVICTED OF DESTRUCTION OF PROPERTY?,0.01659489442395676
C3049700,0.01647453505564422,C30497.00,CSAS056B,2004,substance/risk behavior,CHILD SELF-ADMIN: CHILD'S AGE WHEN FIRST DRANK ALCOHOL,0.01647453505564422
Y3246103,0.016272929765361353,Y32461.03,Q13-3A.03~000004,2014,behavioral/externalizing,BEHAVIOR PROBLEMS INDEX: CHILD CHEATS OR TELLS LIES,0.016272929765361353
Y0968600,-0.01619272579619973,Y09686.00,YASR-65A~000003,1998,prior delinquency/contact,YA SELF-REPORT: EVER CONVICTED OF THEFT?,0.01619272579619973
C5971300,-0.015786913544004865,C59713.00,CSAS056B,2014,substance/risk behavior,CHILD SELF-ADMIN: CHILD'S AGE WHEN FIRST DRANK ALCOHOL,0.015786913544004865
C3370200,0.015782358874952624,C33702.00,CSAS057B,2006,substance/risk behavior,CHILD SELF-ADMIN: CHILD'S AGE WHEN FIRST DRANK ALCOHOL MORE THAN,0.015782358874952624
C5122100,0.015552976019743094,C51221.00,CSAS057B,2010,substance/risk behavior,CHILD SELF-ADMIN: CHILD'S AGE WHEN FIRST DRANK ALCOHOL MORE THAN,0.015552976019743094
C3040300,0.015522471064693497,C30403.00,CSAS024A,2004,peer/neighborhood,CHILD SELF-ADMIN: HAS CHILD EVER SEEN STUDENT CARRY A WEAPON ON,0.015522471064693497
Y2959804,0.015439072048065803,Y29598.04,YASR-65A~000005,2012,prior delinquency/contact,CHARGES R MOST RECENTLY CONVICTED OF - DESTRUCTION OF PROPERTY,0.015439072048065803
Y1942100,0.015316478838166576,Y19421.00,YASR-65A~000001,2006,prior delinquency/contact,CHARGES R MOST RECENTLY CONVICTED OF - ASSAULT,0.015316478838166576
C6102200,0.015314634385495187,C61022.00,MS-BPI-28,2016,behavioral/externalizing,BEHAVIOR PROBLEMS INDEX: CHILD HANGS AROUND WITH KIDS WHO GET INTO,0.015314634385495187
C6053600,-0.015240260639675303,C60536.00,ANTIPX2016,2016,behavioral/externalizing,BEHAVIOR PROBLEMS INDEX: ANTISOCIAL PERCENTILE SCORE - SAME SEX,0.015240260639675303
C1558800,-0.015036869251542608,C15588.00,ANTI1996,1996,behavioral/externalizing,BEHAVIOR PROBLEMS INDEX: ANTISOCIAL RAW SCORE,0.015036869251542608
C3946100,0.01498585258857738,C39461.00,MS-BPI-06,2008,behavioral/externalizing,BEHAVIOR PROBLEMS INDEX: CHILD ARGUES TOO MUCH,0.01498585258857738
C2797300,0.014835243039247067,C27973.00,ANTIPX2004,2004,behavioral/externalizing,BEHAVIOR PROBLEMS INDEX: ANTISOCIAL PERCENTILE SCORE - SAME SEX,0.014835243039247067
C0997104,0.014814630268118134,C09971.04,BPEXTR1990,1990,behavioral/externalizing,BEHAVIOR PROBLEMS INDEX: EXTERNAL SCORE TRICHOTOMOUS ITEMS,0.014814630268118134
C5531700,0.014809843616092354,C55317.00,ANTIP2012,2012,behavioral/externalizing,BEHAVIOR PROBLEMS INDEX: ANTISOCIAL PERCENTILE SCORE - ALL CHILDREN,0.014809843616092354
C1182600,0.014766790109746807,C11826.00,MS921334,1992,behavioral/externalizing,BEHAVIOR PROBLEMS INDEX: CHILD ARGUES TOO MUCH,0.014766790109746807
Y2878003,0.014410204988366713,Y28780.03,Q13-3F.02~000028,2012,behavioral/externalizing,BEHAVIOR PROBLEMS INDEX: CHILD HANGS AROUND WITH KIDS WHO GET INTO,0.014410204988366713
C5531300,0.014212705934385521,C55313.00,BPEXTZ2012,2012,behavioral/externalizing,BEHAVIOR PROBLEMS INDEX: EXTERNAL STANDARD SCORE TRICHOTOMOUS ITEMS,0.014212705934385521
C2525600,0.014074923591156682,C25256.00,BPEXTP2002,2002,behavioral/externalizing,BEHAVIOR PROBLEMS INDEX: EXTERNAL PERCENTILE SCORE TRICHOTOMOUS,0.014074923591156682
Y0377500,-0.01395683123772097,Y03775.00,YASR-65A~000003,1994,prior delinquency/contact,YA SELF-REPORT: EVER CONVICTED OF THEFT?,0.01395683123772097
Y3325701,0.013905371803990658,Y33257.01,YASR-60B-J~000002,2014,prior delinquency/contact,HOW MANY TIMES IN LAST YEAR R HURT SOMEONE BADLY ENOUGH TO NEED,0.013905371803990658
C0565000,0.01385445834630408,C05650.00,MS860528,1986,behavioral/externalizing,BEHAVIOR PROBLEMS INDEX: CHILD DOES NOT SEEM TO FEEL SORRY AFTER,0.01385445834630408
C5767200,-0.013742143751061505,C57672.00,MS-BPI-31,2012,behavioral/externalizing,BEHAVIOR PROBLEMS INDEX: CHILD IS DISOBEDIENT AT SCHOOL,0.013742143751061505
C0944700,0.013632925755700947,C09447.00,CS906659,1990,substance/risk behavior,CHILD SELF-ADMINISTERED: R'S AGE WHEN FIRST DRANK ALCOHOL,0.013632925755700947
Y3396500,-0.013366627978774448,Y33965.00,Q4-5AB,2016,school/achievement,IN LAST SCHOOL YEAR HOW OFTEN HAS R SEEN A STUDENT CARRY A WEAPON,0.013366627978774448
Y3586403,-0.013298656139138734,Y35864.03,Q13-3A.02~000004,2016,behavioral/externalizing,BEHAVIOR PROBLEMS INDEX: CHILD CHEATS OR TELLS LIES,0.013298656139138734
C3609200,-0.013290368469864845,C36092.00,ANTIZX2008,2008,behavioral/externalizing,BEHAVIOR PROBLEMS INDEX: ANTISOCIAL STANDARD SCORE - SAME SEX,0.013290368469864845
C5808000,-0.013083961448751678,C58080.00,ANTIZX2014,2014,behavioral/externalizing,BEHAVIOR PROBLEMS INDEX: ANTISOCIAL STANDARD SCORE - SAME SEX,0.013083961448751678
C1532700,-0.012684453083119723,C15327.00,CS96H-22,1996,health,HEALTH: CHILD HEIGHT - FEET,0.012684453083119723
C3105200,0.01251739034829675,C31052.00,ANTI2006,2006,behavioral/externalizing,BEHAVIOR PROBLEMS INDEX: ANTISOCIAL RAW SCORE,0.01251739034829675
C3105000,-0.01248996219906295,C31050.00,BPEXTZ2006,2006,behavioral/externalizing,BEHAVIOR PROBLEMS INDEX: EXTERNAL STANDARD SCORE TRICHOTOMOUS ITEMS,0.01248996219906295
C3608600,-0.012429899061116316,C36086.00,BPEXTP2008,2008,behavioral/externalizing,BEHAVIOR PROBLEMS INDEX: EXTERNAL PERCENTILE SCORE TRICHOTOMOUS,0.012429899061116316
Y2959200,-0.012400662546777188,Y29592.00,YASR-61B,2012,school/achievement,IN LAST YEAR R EVER GOTTEN INTO A PHYSICAL FIGHT AT SCHOOL OR WORK,0.012400662546777188
Y3327000,-0.012268191074056377,Y33270.00,YASR-69B,2014,socioeconomic/work,WAS ANY OF VOLUNTEER WORK R HAS DONE COURT ORDERED?,0.012268191074056377
C2797400,-0.012006283396348896,C27974.00,ANTIP2004,2004,behavioral/externalizing,BEHAVIOR PROBLEMS INDEX: ANTISOCIAL PERCENTILE SCORE - ALL CHILDREN,0.012006283396348896
C5965500,-0.011819374980676757,C59655.00,CSAS024A,2014,peer/neighborhood,CHILD SELF-ADMIN: HAS CHILD EVER SEEN STUDENT CARRY A WEAPON ON,0.011819374980676757
C2497800,0.011769208654202465,C24978.00,ANTIZ2000,2000,behavioral/externalizing,BEHAVIOR PROBLEMS INDEX: ANTISOCIAL STANDARD SCORE - ALL CHILDREN,0.011769208654202465
C3105500,0.011707510057709094,C31055.00,ANTIZX2006,2006,behavioral/externalizing,BEHAVIOR PROBLEMS INDEX: ANTISOCIAL STANDARD SCORE - SAME SEX,0.011707510057709094
Y3586405,-0.011703774158833393,Y35864.05,Q13-3A.02~000006,2016,behavioral/externalizing,BEHAVIOR PROBLEMS INDEX: CHILD ARGUES TOO MUCH,0.011703774158833393
C2496500,0.011571866119609841,C24965.00,BPMIS22000,2000,behavioral/externalizing,BEHAVIOR PROBLEMS INDEX: EXTERNAL RAW SCORE TRICHOTOMOUS ITEMS -,0.011571866119609841
C1910300,-0.011269539873627492,C19103.00,CS98005A,1998,family/home,CHILD SELF-ADMIN: HOW MUCH SAY IN RULES ABOUT WATCHING TV,0.011269539873627492
C3874500,-0.01123452068424986,C38745.00,CSAS063,2008,substance/risk behavior,CHILD SELF-ADMIN: CHILD'S AGE WHEN FIRST USED MARIJUANA,0.01123452068424986
C0797106,-0.0109369705977125,C07971.06,BPEXTZ1988,1988,behavioral/externalizing,BEHAVIOR PROBLEMS INDEX: EXTERNAL STANDARD SCORE TRICHOTOMOUS ITEMS,0.0109369705977125
C0733400,0.01093386900899038,C07334.00,CS884254,1988,substance/risk behavior,CHILD SELF-ADMINISTERED: HAVE YOU EVER USED OTHER DRUGS,0.01093386900899038
Y2876303,0.010873831238976853,Y28763.03,Q13-3C.03~000010,2012,behavioral/externalizing,BEHAVIOR PROBLEMS INDEX: CHILD IS DISOBEDIENT AT HOME,0.010873831238976853
C3105300,0.010854651581726956,C31053.00,ANTIPX2006,2006,behavioral/externalizing,BEHAVIOR PROBLEMS INDEX: ANTISOCIAL PERCENTILE SCORE - SAME SEX,0.010854651581726956
C3945900,0.01066986092981312,C39459.00,MS-BPI-04,2008,behavioral/externalizing,BEHAVIOR PROBLEMS INDEX: CHILD CHEATS OR TELLS LIES,0.01066986092981312
C5531900,0.010500955879059404,C55319.00,ANTIZ2012,2012,behavioral/externalizing,BEHAVIOR PROBLEMS INDEX: ANTISOCIAL STANDARD SCORE - ALL CHILDREN,0.010500955879059404
C3105400,0.010174525379070773,C31054.00,ANTIP2006,2006,behavioral/externalizing,BEHAVIOR PROBLEMS INDEX: ANTISOCIAL PERCENTILE SCORE - ALL CHILDREN,0.010174525379070773
C0576704,-0.01001274316086885,C05767.04,BPEXTR1986,1986,behavioral/externalizing,BEHAVIOR PROBLEMS INDEX: EXTERNAL SCORE TRICHOTOMOUS ITEMS,0.01001274316086885
C0795200,-0.00977816948637239,C07952.00,ANTIZ1988,1988,behavioral/externalizing,BEHAVIOR PROBLEMS INDEX: ANTISOCIAL STANDARD SCORE - ALL CHILDREN,0.00977816948637239
Y2877300,0.009708423328301982,Y28773.00,Q13-3E.01~000019,2012,behavioral/externalizing,BEHAVIOR PROBLEMS INDEX: CHILD HAS STRONG TEMPER AND LOSES IT,0.009708423328301982
Y0375300,-0.009587607621563651,Y03753.00,YASR-61B,1994,prior delinquency/contact,YA SELF-REPORT: HAVE YOU EVER IN PAST YEAR GOTTEN INTO FIGHT AT,0.009587607621563651
C1798400,-0.009418574276146898,C17984.00,BPEXTZ1998,1998,behavioral/externalizing,BEHAVIOR PROBLEMS INDEX: EXTERNAL STANDARD SCORE TRICHOTOMOUS ITEMS,0.009418574276146898
C0984800,-0.009276675512341626,C09848.00,MS901343,1990,behavioral/externalizing,BEHAVIOR PROBLEMS INDEX: CHILD DOES NOT SEEM TO FEEL SORRY AFTER,0.009276675512341626
C3987900,0.009117711160841525,C39879.00,ANTIZ2010,2010,behavioral/externalizing,BEHAVIOR PROBLEMS INDEX: ANTISOCIAL STANDARD SCORE - ALL CHILDREN,0.009117711160841525
C1560200,-0.009076807152283452,C15602.00,ANTIZ1996,1996,behavioral/externalizing,BEHAVIOR PROBLEMS INDEX: ANTISOCIAL STANDARD SCORE - ALL CHILDREN,0.009076807152283452
Y3247800,-0.00904539572852472,Y32478.00,Q13-3E.02~000019,2014,behavioral/externalizing,BEHAVIOR PROBLEMS INDEX: CHILD HAS STRONG TEMPER AND LOSES IT,0.00904539572852472
Y0378400,-0.008997411500758883,Y03784.00,YASR-65A~000012,1994,substance/risk behavior,YASR: EVER CONVICTED OF DRINKING/PURCHASING ALCOHOL WHILE UNDER,0.008997411500758883
Y3586503,-0.008869284479221288,Y35865.03,Q13-3A.03~000004,2016,behavioral/externalizing,BEHAVIOR PROBLEMS INDEX: CHILD CHEATS OR TELLS LIES,0.008869284479221288
C1183100,-0.008848922846292389,C11831.00,MS921343,1992,behavioral/externalizing,BEHAVIOR PROBLEMS INDEX: CHILD DOES NOT SEEM TO FEEL SORRY AFTER,0.008848922846292389
Y0671600,-0.008761651699813553,Y06716.00,YASR-65A~000007,1996,substance/risk behavior,YA SELF-REPORT: EVER CONVICTED OF POSSESSION OF MARIJUANA OR,0.008761651699813553
Y3588803,-0.008655518268956637,Y35888.03,Q13-3F.02~000028,2016,behavioral/externalizing,BEHAVIOR PROBLEMS INDEX: CHILD HANGS AROUND WITH KIDS WHO GET INTO,0.008655518268956637
Y2877500,0.008587779851877529,Y28775.00,Q13-3E.03~000019,2012,behavioral/externalizing,BEHAVIOR PROBLEMS INDEX: CHILD HAS STRONG TEMPER AND LOSES IT,0.008587779851877529
Y3246703,-0.008573328891129259,Y32467.03,Q13-3C.03~000010,2014,behavioral/externalizing,BEHAVIOR PROBLEMS INDEX: CHILD IS DISOBEDIENT AT HOME,0.008573328891129259
Y2258106,0.008466549744791791,Y22581.06,YASR-65A~000007,2008,substance/risk behavior,CHARGES R MOST RECENTLY CONVICTED OF - POSSESSION OF MARIJUANA OR,0.008466549744791791
Y3589501,-0.008371591712658291,Y35895.01,Q13-3G.03~000026,2016,behavioral/externalizing,BEHAVIOR PROBLEMS INDEX: CHILD IS DISOBEDIENT AT SCHOOL,0.008371591712658291
C2796400,0.008268521394996831,C27964.00,BPEXTR2004,2004,behavioral/externalizing,BEHAVIOR PROBLEMS INDEX: EXTERNAL SCORE TRICHOTOMOUS ITEMS,0.008268521394996831
Y2878103,0.008121589814141725,Y28781.03,Q13-3F.03~000028,2012,behavioral/externalizing,BEHAVIOR PROBLEMS INDEX: CHILD HANGS AROUND WITH KIDS WHO GET INTO,0.008121589814141725
C3608700,0.008116881292010929,C36087.00,BPEXTZ2008,2008,behavioral/externalizing,BEHAVIOR PROBLEMS INDEX: EXTERNAL STANDARD SCORE TRICHOTOMOUS ITEMS,0.008116881292010929
Y2878701,0.008013463344655981,Y28787.01,Q13-3G.03~000026,2012,behavioral/externalizing,BEHAVIOR PROBLEMS INDEX: CHILD IS DISOBEDIENT AT SCHOOL,0.008013463344655981
Y2876304,0.00767005926850751,Y28763.04,Q13-3C.03~000011,2012,behavioral/externalizing,BEHAVIOR PROBLEMS INDEX: CHILD DOES NOT SEEM TO FEEL SORRY AFTER,0.00767005926850751
Y0376800,0.007543889522365393,Y03768.00,YASR-62A,1994,prior delinquency/contact,YASR: EVER BEEN CONVICTED OF CHARGES OTHER THAN MINOR TRAFFIC,0.007543889522365393
C2739100,0.007456836204462259,C27391.00,BPI-19,2002,behavioral/externalizing,BEHAVIOR PROBLEMS INDEX: CHILD HAS STRONG TEMPER AND LOSES IT,0.007456836204462259
Y0970900,0.007270924916207995,Y09709.00,YASR-66E,1998,prior delinquency/contact,YA SELF-REPORT: NUMBER OF TIMES REFERRED TO COURT-RELATED,0.007270924916207995
C0112600,-0.007193892509753423,C01126.00,NHCHLD1986,1986,family/home,NUMBER OF MEMBERS UNDER 18 IN HH OF MOTHER,0.007193892509753423
Y3245905,0.0070506417399695395,Y32459.05,Q13-3A.01~000006,2014,behavioral/externalizing,BEHAVIOR PROBLEMS INDEX: CHILD ARGUES TOO MUCH,0.0070506417399695395
C1196200,0.007001431752590419,C11962.00,ANTIPX1992,1992,behavioral/externalizing,BEHAVIOR PROBLEMS INDEX: ANTISOCIAL PERCENTILE SCORE - SAME SEX,0.007001431752590419
Y2609704,-0.006781346450066107,Y26097.04,YASR-65A~000005,2010,prior delinquency/contact,CHARGES R MOST RECENTLY CONVICTED OF - DESTRUCTION OF PROPERTY,0.006781346450066107
C1366200,0.006541320890840406,C13662.00,CS942517,1994,prior delinquency/contact,CHILD SELF-ADMIN: HOW OFTEN IN LAST YEAR HURT SOMEONE BAD ENOUGH TO,0.006541320890840406
Y3586904,0.006495904269073965,Y35869.04,Q13-3C.01~000011,2016,behavioral/externalizing,BEHAVIOR PROBLEMS INDEX: CHILD DOES NOT SEEM TO FEEL SORRY AFTER,0.006495904269073965
C5808100,-0.006407867691590698,C58081.00,ANTIZ2014,2014,behavioral/externalizing,BEHAVIOR PROBLEMS INDEX: ANTISOCIAL STANDARD SCORE - ALL CHILDREN,0.006407867691590698
Y2875905,-0.006337847081604167,Y28759.05,Q13-3A.05~000006,2012,behavioral/externalizing,BEHAVIOR PROBLEMS INDEX: CHILD ARGUES TOO MUCH,0.006337847081604167
Y2611600,-0.0063328736699682,Y26116.00,YASR-69B,2010,socioeconomic/work,WAS ANY OF VOLUNTEER WORK R HAS DONE COURT ORDERED?,0.0063328736699682
C2797000,-0.006202257813681761,C27970.00,BPEXTZ2004,2004,behavioral/externalizing,BEHAVIOR PROBLEMS INDEX: EXTERNAL STANDARD SCORE TRICHOTOMOUS ITEMS,0.006202257813681761
C5531600,0.005772453090362652,C55316.00,ANTIPX2012,2012,behavioral/externalizing,BEHAVIOR PROBLEMS INDEX: ANTISOCIAL PERCENTILE SCORE - SAME SEX,0.005772453090362652
C6053200,0.005666479227188016,C60532.00,BPEXTP2016,2016,behavioral/externalizing,BEHAVIOR PROBLEMS INDEX: EXTERNAL PERCENTILE SCORE TRICHOTOMOUS,0.005666479227188016
Y3588903,-0.005656216075452247,Y35889.03,Q13-3F.03~000028,2016,behavioral/externalizing,BEHAVIOR PROBLEMS INDEX: CHILD HANGS AROUND WITH KIDS WHO GET INTO,0.005656216075452247
Y0670500,0.00553222100844407,Y06705.00,YASR-62A,1996,prior delinquency/contact,YASR: EVER BEEN CONVICTED OF CHARGES OTHER THAN MINOR TRAFFIC,0.00553222100844407
C1797300,0.00549712304852249,C17973.00,ANTIZX1998,1998,behavioral/externalizing,BEHAVIOR PROBLEMS INDEX: ANTISOCIAL STANDARD SCORE - SAME SEX,0.00549712304852249
Y3248603,-0.005412134822556196,Y32486.03,Q13-3F.04~000028,2014,behavioral/externalizing,BEHAVIOR PROBLEMS INDEX: CHILD HANGS AROUND WITH KIDS WHO GET INTO,0.005412134822556196
Y2875703,0.005246447289780523,Y28757.03,Q13-3A.03~000004,2012,behavioral/externalizing,BEHAVIOR PROBLEMS INDEX: CHILD CHEATS OR TELLS LIES,0.005246447289780523
Y3589601,-0.005234857974810443,Y35896.01,Q13-3G.04~000026,2016,behavioral/externalizing,BEHAVIOR PROBLEMS INDEX: CHILD IS DISOBEDIENT AT SCHOOL,0.005234857974810443
C3104400,-0.005212762959445126,C31044.00,BPEXTR2006,2006,behavioral/externalizing,BEHAVIOR PROBLEMS INDEX: EXTERNAL SCORE TRICHOTOMOUS ITEMS,0.005212762959445126
C0576706,-0.005164450125453069,C05767.06,BPEXTZ1986,1986,behavioral/externalizing,BEHAVIOR PROBLEMS INDEX: EXTERNAL STANDARD SCORE TRICHOTOMOUS ITEMS,0.005164450125453069
Y2256900,0.005092799703540857,Y22569.00,YASR-60F,2008,school/achievement,HOW MANY TIMES IN LAST YEAR R DAMAGED SCHOOL PROPERTY ON PURPOSE,0.005092799703540857
C3948300,-0.004925167232846221,C39483.00,MS-BPI-28,2008,behavioral/externalizing,BEHAVIOR PROBLEMS INDEX: CHILD HANGS AROUND WITH KIDS WHO GET INTO,0.004925167232846221
C2737600,0.004890972843434807,C27376.00,BPI-04,2002,behavioral/externalizing,BEHAVIOR PROBLEMS INDEX: CHILD CHEATS OR TELLS LIES,0.004890972843434807
Y2875505,0.0048728326722905484,Y28755.05,Q13-3A.01~000006,2012,behavioral/externalizing,BEHAVIOR PROBLEMS INDEX: CHILD ARGUES TOO MUCH,0.0048728326722905484
Y0671400,-0.0048496796107751275,Y06714.00,YASR-65A~000005,1996,prior delinquency/contact,YA SELF-REPORT: EVER CONVICTED OF DESTRUCTION OF PROPERTY?,0.0048496796107751275
Y2876504,-0.004779690494411681,Y28765.04,Q13-3C.05~000011,2012,behavioral/externalizing,BEHAVIOR PROBLEMS INDEX: CHILD DOES NOT SEEM TO FEEL SORRY AFTER,0.004779690494411681
Y2875903,-0.004779690494408041,Y28759.03,Q13-3A.05~000004,2012,behavioral/externalizing,BEHAVIOR PROBLEMS INDEX: CHILD CHEATS OR TELLS LIES,0.004779690494408041
Y2876503,-0.004779690494408041,Y28765.03,Q13-3C.05~000010,2012,behavioral/externalizing,BEHAVIOR PROBLEMS INDEX: CHILD IS DISOBEDIENT AT HOME,0.004779690494408041
Y2878901,0.004779690494408041,Y28789.01,Q13-3G.05~000026,2012,behavioral/externalizing,BEHAVIOR PROBLEMS INDEX: CHILD IS DISOBEDIENT AT SCHOOL,0.004779690494408041
Y3588400,-0.004752539394233919,Y35884.00,Q13-3E.04~000019,2016,behavioral/externalizing,BEHAVIOR PROBLEMS INDEX: CHILD HAS STRONG TEMPER AND LOSES IT,0.004752539394233919
Y2878601,0.004652468222245368,Y28786.01,Q13-3G.02~000026,2012,behavioral/externalizing,BEHAVIOR PROBLEMS INDEX: CHILD IS DISOBEDIENT AT SCHOOL,0.004652468222245368
Y3325801,-0.0045977757437176475,Y33258.01,YASR-61A-D~000002,2014,school/achievement,IN LAST YEAR R EVER GOTTEN INTO A PHYSICAL FIGHT AT SCHOOL OR WORK,0.0045977757437176475
C3946600,-0.004422195060827676,C39466.00,MS-BPI-11,2008,behavioral/externalizing,BEHAVIOR PROBLEMS INDEX: CHILD DOES NOT SEEM TO FEEL SORRY AFTER,0.004422195060827676
Y0671100,-0.00428348122244922,Y06711.00,YASR-65A~000002,1996,prior delinquency/contact,YA SELF-REPORT: EVER CONVICTED OF ROBBERY?,0.00428348122244922
Y0673600,-0.004171463967520609,Y06736.00,YASR-66F,1996,prior delinquency/contact,YA SELF-REPORT: AGE WHEN FIRST REFERRED TO COURT-RELATED COUNSELING,0.004171463967520609
Y3670901,0.004142756457790506,Y36709.01,YASR-61A-D~000002,2016,school/achievement,IN LAST YEAR R EVER GOTTEN INTO A PHYSICAL FIGHT AT SCHOOL OR WORK,0.004142756457790506
Y3587600,-0.004044370417568076,Y35876.00,Q13-3D.02~000013,2016,behavioral/externalizing,BEHAVIOR PROBLEMS INDEX: CHILD IS IMPULSIVE OR ACTS WITHOUT,0.004044370417568076
Y4210701,0.004032087419384476,Y42107.01,Q13-3G.01~000026,2018,behavioral/externalizing,BEHAVIOR PROBLEMS INDEX: CHILD IS DISOBEDIENT AT SCHOOL,0.004032087419384476
Y4208704,0.004032087419380798,Y42087.04,Q13-3C.01~000011,2018,behavioral/externalizing,BEHAVIOR PROBLEMS INDEX: CHILD DOES NOT SEEM TO FEEL SORRY AFTER,0.004032087419380798
C1140400,-0.004022730099653125,C11404.00,CS926865,1992,substance/risk behavior,CHILD SELF-ADMINISTERED: CHILD'S AGE WHEN FIRST USED MARIJUANA,0.004022730099653125
C1435000,0.003962607239203177,C14350.00,MS941433,1994,behavioral/externalizing,BEHAVIOR PROBLEMS INDEX: CHILD ARGUES TOO MUCH,0.003962607239203177
Y1417404,0.003912744658475012,Y14174.04,YASR-65A~000005,2002,prior delinquency/contact,CHARGES R MOST RECENTLY CONVICTED OF - DESTRUCTION OF PROPERTY,0.003912744658475012
Y3587204,-0.003908592895272296,Y35872.04,Q13-3C.04~000011,2016,behavioral/externalizing,BEHAVIOR PROBLEMS INDEX: CHILD DOES NOT SEEM TO FEEL SORRY AFTER,0.003908592895272296
C5699400,-0.00385979363796016,C56994.00,CSAS056B,2012,substance/risk behavior,CHILD SELF-ADMIN: CHILD'S AGE WHEN FIRST DRANK ALCOHOL,0.00385979363796016
Y3587700,-0.0037903361694328563,Y35877.00,Q13-3D.03~000013,2016,behavioral/externalizing,BEHAVIOR PROBLEMS INDEX: CHILD IS IMPULSIVE OR ACTS WITHOUT,0.0037903361694328563
C3608000,-0.0037013595662890994,C36080.00,BPMIS22008,2008,behavioral/externalizing,BEHAVIOR PROBLEMS INDEX: EXTERNAL RAW SCORE TRICHOTOMOUS ITEMS -,0.0037013595662890994
C1588800,-0.0034752009042681993,C15888.00,CS960823,1996,school/achievement,CHILD SELF-ADMIN: HOW OFTEN IN LAST YEAR DAMAGED SCHOOL PROPERTY ON,0.0034752009042681993
Y0380500,0.0033542780063601273,Y03805.00,YASR-69B,1994,socioeconomic/work,YA SELF-REPORT: WAS VOLUNTEER WORK COURT ORDERED?,0.0033542780063601273
Y3587800,-0.003290143569310362,Y35878.00,Q13-3D.04~000013,2016,behavioral/externalizing,BEHAVIOR PROBLEMS INDEX: CHILD IS IMPULSIVE OR ACTS WITHOUT,0.003290143569310362
Y3248000,-0.003188348995365671,Y32480.00,Q13-3E.04~000019,2014,behavioral/externalizing,BEHAVIOR PROBLEMS INDEX: CHILD HAS STRONG TEMPER AND LOSES IT,0.003188348995365671
Y3246604,0.0031392024179916858,Y32466.04,Q13-3C.02~000011,2014,behavioral/externalizing,BEHAVIOR PROBLEMS INDEX: CHILD DOES NOT SEEM TO FEEL SORRY AFTER,0.0031392024179916858
Y2878801,-0.0029985261259430195,Y28788.01,Q13-3G.04~000026,2012,behavioral/externalizing,BEHAVIOR PROBLEMS INDEX: CHILD IS DISOBEDIENT AT SCHOOL,0.0029985261259430195
Y3589003,-0.0029985261259430195,Y35890.03,Q13-3F.04~000028,2016,behavioral/externalizing,BEHAVIOR PROBLEMS INDEX: CHILD HANGS AROUND WITH KIDS WHO GET INTO,0.0029985261259430195
Y3326206,0.002899606612534912,Y33262.06,YASR-65A~000007,2014,substance/risk behavior,CHARGES R MOST RECENTLY CONVICTED OF - POSSESSION OF MARIJUANA OR,0.002899606612534912
Y3586603,-0.0026735676460209953,Y35866.03,Q13-3A.04~000004,2016,behavioral/externalizing,BEHAVIOR PROBLEMS INDEX: CHILD CHEATS OR TELLS LIES,0.0026735676460209953
C1798200,0.002588566825609661,C17982.00,BPEXTR1998,1998,behavioral/externalizing,BEHAVIOR PROBLEMS INDEX: EXTERNAL SCORE TRICHOTOMOUS ITEMS,0.002588566825609661
C2797600,0.0025607654006279492,C27976.00,ANTIZ2004,2004,behavioral/externalizing,BEHAVIOR PROBLEMS INDEX: ANTISOCIAL STANDARD SCORE - ALL CHILDREN,0.0025607654006279492
C0945100,0.002553677693630065,C09451.00,CS906667,1990,substance/risk behavior,CHILD SELF-ADMINISTERED: HAVE YOU EVER USED OTHER DRUGS,0.002553677693630065
C0945300,0.0024741052894400547,C09453.00,CS906671,1990,substance/risk behavior,CHILD SELF-ADMINISTERED: R'S AGE WHEN FIRST USED ANY DRUGS,0.0024741052894400547
Y2875705,0.002433338918510395,Y28757.05,Q13-3A.03~000006,2012,behavioral/externalizing,BEHAVIOR PROBLEMS INDEX: CHILD ARGUES TOO MUCH,0.002433338918510395
Y3588300,0.0024238578416793948,Y35883.00,Q13-3E.03~000019,2016,behavioral/externalizing,BEHAVIOR PROBLEMS INDEX: CHILD HAS STRONG TEMPER AND LOSES IT,0.0024238578416793948
Y3586605,-0.002417956254587755,Y35866.05,Q13-3A.04~000006,2016,behavioral/externalizing,BEHAVIOR PROBLEMS INDEX: CHILD ARGUES TOO MUCH,0.002417956254587755
Y3586705,0.002409122675766857,Y35867.05,Q13-3A.05~000006,2016,behavioral/externalizing,BEHAVIOR PROBLEMS INDEX: CHILD ARGUES TOO MUCH,0.002409122675766857
Y3587900,-0.002409122675766857,Y35879.00,Q13-3D.05~000013,2016,behavioral/externalizing,BEHAVIOR PROBLEMS INDEX: CHILD IS IMPULSIVE OR ACTS WITHOUT,0.002409122675766857
Y3246205,-0.0024082762579598752,Y32462.05,Q13-3A.04~000006,2014,behavioral/externalizing,BEHAVIOR PROBLEMS INDEX: CHILD ARGUES TOO MUCH,0.0024082762579598752
Y0378100,0.002352432463117087,Y03781.00,YASR-65A~000009,1994,substance/risk behavior,YA SELF-REPORT: EVER CONVICTED OF POSSESSION/USE OF ILLICIT DRUGS?,0.002352432463117087
C2589000,0.0023260364456144872,C25890.00,MAT_GRD,2002,school/achievement,PIAT MATH: CHILD GRADE IN SCHOOL,0.0023260364456144872
C0993800,-0.002063697914087287,C09938.00,ANTI1990,1990,behavioral/externalizing,BEHAVIOR PROBLEMS INDEX: ANTISOCIAL RAW SCORE,0.002063697914087287
C0783700,-0.0020190660850291694,C07837.00,MS880834,1988,behavioral/externalizing,BEHAVIOR PROBLEMS INDEX: CHILD HANGS AROUND WITH KIDS WHO GET INTO,0.0020190660850291694
C5116300,0.0019828855799122105,C51163.00,CSAS024A,2010,peer/neighborhood,CHILD SELF-ADMIN: HAS CHILD EVER SEEN STUDENT CARRY A WEAPON ON,0.0019828855799122105
Y3587103,-0.001970791868379374,Y35871.03,Q13-3C.03~000010,2016,behavioral/externalizing,BEHAVIOR PROBLEMS INDEX: CHILD IS DISOBEDIENT AT HOME,0.001970791868379374
C5531800,0.0018565702012122306,C55318.00,ANTIZX2012,2012,behavioral/externalizing,BEHAVIOR PROBLEMS INDEX: ANTISOCIAL STANDARD SCORE - SAME SEX,0.0018565702012122306
Y1942102,0.0017967616108610898,Y19421.02,YASR-65A~000003,2006,prior delinquency/contact,CHARGES R MOST RECENTLY CONVICTED OF - THEFT,0.0017967616108610898
Y3246803,-0.0017785047504513785,Y32468.03,Q13-3C.04~000010,2014,behavioral/externalizing,BEHAVIOR PROBLEMS INDEX: CHILD IS DISOBEDIENT AT HOME,0.0017785047504513785
Y2875803,0.0017049388419797299,Y28758.03,Q13-3A.04~000004,2012,behavioral/externalizing,BEHAVIOR PROBLEMS INDEX: CHILD CHEATS OR TELLS LIES,0.0017049388419797299
Y2878203,0.0017049388419797299,Y28782.03,Q13-3F.04~000028,2012,behavioral/externalizing,BEHAVIOR PROBLEMS INDEX: CHILD HANGS AROUND WITH KIDS WHO GET INTO,0.0017049388419797299
Y2876900,-0.0017009077865586125,Y28769.00,Q13-3D.03~000013,2012,behavioral/externalizing,BEHAVIOR PROBLEMS INDEX: CHILD IS IMPULSIVE OR ACTS WITHOUT,0.0017009077865586125
Y3246203,0.0015985276911478317,Y32462.03,Q13-3A.04~000004,2014,behavioral/externalizing,BEHAVIOR PROBLEMS INDEX: CHILD CHEATS OR TELLS LIES,0.0015985276911478317
C0944500,-0.00159029789677655,C09445.00,CS906655,1990,substance/risk behavior,CHILD SELF-ADMINISTERED: HAVE YOU EVER DRUNK ALCOHOL,0.00159029789677655
Y4208703,0.0014935489469832123,Y42087.03,Q13-3C.01~000010,2018,behavioral/externalizing,BEHAVIOR PROBLEMS INDEX: CHILD IS DISOBEDIENT AT HOME,0.0014935489469832123
Y4208203,0.0014935489469832123,Y42082.03,Q13-3A.01~000004,2018,behavioral/externalizing,BEHAVIOR PROBLEMS INDEX: CHILD CHEATS OR TELLS LIES,0.0014935489469832123
Y4208205,0.001493548946979538,Y42082.05,Q13-3A.01~000006,2018,behavioral/externalizing,BEHAVIOR PROBLEMS INDEX: CHILD ARGUES TOO MUCH,0.001493548946979538
Y4209200,0.001493548946979538,Y42092.00,Q13-3D.01~000013,2018,behavioral/externalizing,BEHAVIOR PROBLEMS INDEX: CHILD IS IMPULSIVE OR ACTS WITHOUT,0.001493548946979538
C1794500,0.0014840437719630304,C17945.00,ANTI1998,1998,behavioral/externalizing,BEHAVIOR PROBLEMS INDEX: ANTISOCIAL RAW SCORE,0.0014840437719630304
C5122700,-0.0014516852502058173,C51227.00,CSAS063,2010,substance/risk behavior,CHILD SELF-ADMIN: CHILD'S AGE WHEN FIRST USED MARIJUANA,0.0014516852502058173
Y2877600,0.0013307018768588307,Y28776.00,Q13-3E.04~000019,2012,behavioral/externalizing,BEHAVIOR PROBLEMS INDEX: CHILD HAS STRONG TEMPER AND LOSES IT,0.0013307018768588307
C3105600,-0.0013088175406150814,C31056.00,ANTIZ2006,2006,behavioral/externalizing,BEHAVIOR PROBLEMS INDEX: ANTISOCIAL STANDARD SCORE - ALL CHILDREN,0.0013088175406150814
Y1668806,-0.0013053923901673503,Y16688.06,YASR-65A~000007,2004,substance/risk behavior,CHARGES R MOST RECENTLY CONVICTED OF - POSSESSION OF MARIJUANA OR,0.0013053923901673503
C1920500,-0.001175942017918798,C19205.00,CS98022,1998,school/achievement,CHILD SELF-ADMIN: WHAT GRADE IN SCHOOL ARE YOU ATTENDING,0.001175942017918798
Y2258107,-0.001059352260561713,Y22581.07,YASR-65A~000008,2008,substance/risk behavior,CHARGES R MOST RECENTLY CONVICTED OF - SELLING OF MARIJUANA OR,0.001059352260561713
Y0377600,-0.0010465434343677482,Y03776.00,YASR-65A~000004,1994,prior delinquency/contact,YA SELF-REPORT: EVER CONVICTED OF FENCING/RECEIVING/SELLING STOLEN,0.0010465434343677482
C2526200,0.0010173698226279833,C25262.00,ANTIZX2002,2002,behavioral/externalizing,BEHAVIOR PROBLEMS INDEX: ANTISOCIAL STANDARD SCORE - SAME SEX,0.0010173698226279833
C6031700,0.0008617016813038591,C60317.00,MS-BPI-04,2014,behavioral/externalizing,BEHAVIOR PROBLEMS INDEX: CHILD CHEATS OR TELLS LIES,0.0008617016813038591
Y2876403,0.0008508254557894196,Y28764.03,Q13-3C.04~000010,2012,behavioral/externalizing,BEHAVIOR PROBLEMS INDEX: CHILD IS DISOBEDIENT AT HOME,0.0008508254557894196
Y2875805,0.0008508254557894196,Y28758.05,Q13-3A.04~000006,2012,behavioral/externalizing,BEHAVIOR PROBLEMS INDEX: CHILD ARGUES TOO MUCH,0.0008508254557894196
Y2877000,0.0008508254557894196,Y28770.00,Q13-3D.04~000013,2012,behavioral/externalizing,BEHAVIOR PROBLEMS INDEX: CHILD IS IMPULSIVE OR ACTS WITHOUT,0.0008508254557894196
Y3247300,-0.0007356775016540307,Y32473.00,Q13-3D.03~000013,2014,behavioral/externalizing,BEHAVIOR PROBLEMS INDEX: CHILD IS IMPULSIVE OR ACTS WITHOUT,0.0007356775016540307
C1195500,-0.000733175857308977,C11955.00,ANTIZ1992,1992,behavioral/externalizing,BEHAVIOR PROBLEMS INDEX: ANTISOCIAL STANDARD SCORE - ALL CHILDREN,0.000733175857308977
Y3587104,0.0006162698600996174,Y35871.04,Q13-3C.03~000011,2016,behavioral/externalizing,BEHAVIOR PROBLEMS INDEX: CHILD DOES NOT SEEM TO FEEL SORRY AFTER,0.0006162698600996174
Y2609100,-0.0005195176203003448,Y26091.00,YASR-61B,2010,school/achievement,IN LAST YEAR R EVER GOTTEN INTO A PHYSICAL FIGHT AT SCHOOL OR WORK,0.0005195176203003448
Y3587203,-0.0004054848511728475,Y35872.03,Q13-3C.04~000010,2016,behavioral/externalizing,BEHAVIOR PROBLEMS INDEX: CHILD IS DISOBEDIENT AT HOME,0.0004054848511728475
C1932800,-0.0004005203307759679,C19328.00,CS98057,1998,substance/risk behavior,CHILD SELF-ADMIN: CHILD'S AGE WHEN FIRST DRANK ALCOHOL,0.0004005203307759679
Y2876404,-7.759760763709149e-05,Y28764.04,Q13-3C.04~000011,2012,behavioral/externalizing,BEHAVIOR PROBLEMS INDEX: CHILD DOES NOT SEEM TO FEEL SORRY AFTER,7.759760763709149e-05
C2738200,4.176597770085414e-05,C27382.00,BPI-10,2002,behavioral/externalizing,BEHAVIOR PROBLEMS INDEX: CHILD IS DISOBEDIENT AT HOME,4.176597770085414e-05
Y3247400,-2.9658530971806436e-05,Y32474.00,Q13-3D.04~000013,2014,behavioral/externalizing,BEHAVIOR PROBLEMS INDEX: CHILD IS IMPULSIVE OR ACTS WITHOUT,2.9658530971806436e-05
Y4209400,0.0,Y42094.00,Q13-3D.03~000013,2018,behavioral/externalizing,BEHAVIOR PROBLEMS INDEX: CHILD IS IMPULSIVE OR ACTS WITHOUT,0.0
Y4527800,0.0,Y45278.00,Q13-3E.02~000019,2020,behavioral/externalizing,BEHAVIOR PROBLEMS INDEX: CHILD HAS STRONG TEMPER AND LOSES IT,0.0
Y4527700,0.0,Y45277.00,Q13-3E.01~000019,2020,behavioral/externalizing,BEHAVIOR PROBLEMS INDEX: CHILD HAS STRONG TEMPER AND LOSES IT,0.0
Y4209500,0.0,Y42095.00,Q13-3D.04~000013,2018,behavioral/externalizing,BEHAVIOR PROBLEMS INDEX: CHILD IS IMPULSIVE OR ACTS WITHOUT,0.0
Y4527600,0.0,Y45276.00,Q13-3D.05~000013,2020,behavioral/externalizing,BEHAVIOR PROBLEMS INDEX: CHILD IS IMPULSIVE OR ACTS WITHOUT,0.0
Y4275604,0.0,Y42756.04,YASR-60B-J~000005,2018,school/achievement,HOW MANY TIMES IN LAST YEAR R DAMAGED SCHOOL PROPERTY ON PURPOSE,0.0
Y4528603,0.0,Y45286.03,Q13-3F.05~000028,2020,behavioral/externalizing,BEHAVIOR PROBLEMS INDEX: CHILD HANGS AROUND WITH KIDS WHO GET INTO,0.0
Y4275701,0.0,Y42757.01,YASR-61A-D~000002,2018,school/achievement,IN LAST YEAR R EVER GOTTEN INTO A PHYSICAL FIGHT AT SCHOOL OR WORK,0.0
Y4039600,0.0,Y40396.00,Q4-5AB,2018,school/achievement,IN LAST SCHOOL YEAR HOW OFTEN HAS R SEEN A STUDENT CARRY A WEAPON,0.0
Y4596801,0.0,Y45968.01,YASR-60B-J~000002,2020,prior delinquency/contact,HOW MANY TIMES IN LAST YEAR R HURT SOMEONE BADLY ENOUGH TO NEED,0.0
Y4528503,0.0,Y45285.03,Q13-3F.04~000028,2020,behavioral/externalizing,BEHAVIOR PROBLEMS INDEX: CHILD HANGS AROUND WITH KIDS WHO GET INTO,0.0
Y4209700,0.0,Y42097.00,Q13-3E.01~000019,2018,behavioral/externalizing,BEHAVIOR PROBLEMS INDEX: CHILD HAS STRONG TEMPER AND LOSES IT,0.0
Y4209600,0.0,Y42096.00,Q13-3D.05~000013,2018,behavioral/externalizing,BEHAVIOR PROBLEMS INDEX: CHILD IS IMPULSIVE OR ACTS WITHOUT,0.0
Y4528203,0.0,Y45282.03,Q13-3F.01~000028,2020,behavioral/externalizing,BEHAVIOR PROBLEMS INDEX: CHILD HANGS AROUND WITH KIDS WHO GET INTO,0.0
Y4528303,0.0,Y45283.03,Q13-3F.02~000028,2020,behavioral/externalizing,BEHAVIOR PROBLEMS INDEX: CHILD HANGS AROUND WITH KIDS WHO GET INTO,0.0
Y4276200,0.0,Y42762.00,YASR-65A~000001,2018,prior delinquency/contact,CHARGES R MOST RECENTLY CONVICTED OF - ASSAULT,0.0
Y4210503,0.0,Y42105.03,Q13-3F.04~000028,2018,behavioral/externalizing,BEHAVIOR PROBLEMS INDEX: CHILD HANGS AROUND WITH KIDS WHO GET INTO,0.0
Y4210403,0.0,Y42104.03,Q13-3F.03~000028,2018,behavioral/externalizing,BEHAVIOR PROBLEMS INDEX: CHILD HANGS AROUND WITH KIDS WHO GET INTO,0.0
Y4210303,0.0,Y42103.03,Q13-3F.02~000028,2018,behavioral/externalizing,BEHAVIOR PROBLEMS INDEX: CHILD HANGS AROUND WITH KIDS WHO GET INTO,0.0
Y4276201,0.0,Y42762.01,YASR-65A~000002,2018,prior delinquency/contact,CHARGES R MOST RECENTLY CONVICTED OF - ROBBERY,0.0
Y4210203,0.0,Y42102.03,Q13-3F.01~000028,2018,behavioral/externalizing,BEHAVIOR PROBLEMS INDEX: CHILD HANGS AROUND WITH KIDS WHO GET INTO,0.0
Y4276204,0.0,Y42762.04,YASR-65A~000005,2018,prior delinquency/contact,CHARGES R MOST RECENTLY CONVICTED OF - DESTRUCTION OF PROPERTY,0.0
Y4528100,0.0,Y45281.00,Q13-3E.05~000019,2020,behavioral/externalizing,BEHAVIOR PROBLEMS INDEX: CHILD HAS STRONG TEMPER AND LOSES IT,0.0
Y4039500,0.0,Y40395.00,Q4-5AA,2018,school/achievement,HAS R EVER SEEN A STUDENT CARRY A WEAPON ON SCHOOL PROPERTY,0.0
Y4210100,0.0,Y42101.00,Q13-3E.05~000019,2018,behavioral/externalizing,BEHAVIOR PROBLEMS INDEX: CHILD HAS STRONG TEMPER AND LOSES IT,0.0
Y4210000,0.0,Y42100.00,Q13-3E.04~000019,2018,behavioral/externalizing,BEHAVIOR PROBLEMS INDEX: CHILD HAS STRONG TEMPER AND LOSES IT,0.0
Y4209900,0.0,Y42099.00,Q13-3E.03~000019,2018,behavioral/externalizing,BEHAVIOR PROBLEMS INDEX: CHILD HAS STRONG TEMPER AND LOSES IT,0.0
Y4209800,0.0,Y42098.00,Q13-3E.02~000019,2018,behavioral/externalizing,BEHAVIOR PROBLEMS INDEX: CHILD HAS STRONG TEMPER AND LOSES IT,0.0
Y4210603,0.0,Y42106.03,Q13-3F.05~000028,2018,behavioral/externalizing,BEHAVIOR PROBLEMS INDEX: CHILD HANGS AROUND WITH KIDS WHO GET INTO,0.0
Y4528000,0.0,Y45280.00,Q13-3E.04~000019,2020,behavioral/externalizing,BEHAVIOR PROBLEMS INDEX: CHILD HAS STRONG TEMPER AND LOSES IT,0.0
Y4527900,0.0,Y45279.00,Q13-3E.03~000019,2020,behavioral/externalizing,BEHAVIOR PROBLEMS INDEX: CHILD HAS STRONG TEMPER AND LOSES IT,0.0
Y4528403,0.0,Y45284.03,Q13-3F.03~000028,2020,behavioral/externalizing,BEHAVIOR PROBLEMS INDEX: CHILD HANGS AROUND WITH KIDS WHO GET INTO,0.0
Y4527500,0.0,Y45275.00,Q13-3D.04~000013,2020,behavioral/externalizing,BEHAVIOR PROBLEMS INDEX: CHILD IS IMPULSIVE OR ACTS WITHOUT,0.0
Y4526704,0.0,Y45267.04,Q13-3C.01~000011,2020,behavioral/externalizing,BEHAVIOR PROBLEMS INDEX: CHILD DOES NOT SEEM TO FEEL SORRY AFTER,0.0
Y4527400,0.0,Y45274.00,Q13-3D.03~000013,2020,behavioral/externalizing,BEHAVIOR PROBLEMS INDEX: CHILD IS IMPULSIVE OR ACTS WITHOUT,0.0
Y4596804,0.0,Y45968.04,YASR-60B-J~000005,2020,school/achievement,HOW MANY TIMES IN LAST YEAR R DAMAGED SCHOOL PROPERTY ON PURPOSE,0.0
Y4527004,0.0,Y45270.04,Q13-3C.04~000011,2020,behavioral/externalizing,BEHAVIOR PROBLEMS INDEX: CHILD DOES NOT SEEM TO FEEL SORRY AFTER,0.0
Y4527003,0.0,Y45270.03,Q13-3C.04~000010,2020,behavioral/externalizing,BEHAVIOR PROBLEMS INDEX: CHILD IS DISOBEDIENT AT HOME,0.0
Y4526904,0.0,Y45269.04,Q13-3C.03~000011,2020,behavioral/externalizing,BEHAVIOR PROBLEMS INDEX: CHILD DOES NOT SEEM TO FEEL SORRY AFTER,0.0
Y4597406,0.0,Y45974.06,YASR-65A~000007,2020,substance/risk behavior,CHARGES R MOST RECENTLY CONVICTED OF - POSSESSION OF MARIJUANA OR,0.0
Y4526405,0.0,Y45264.05,Q13-3A.03~000006,2020,behavioral/externalizing,BEHAVIOR PROBLEMS INDEX: CHILD ARGUES TOO MUCH,0.0
Y4526503,0.0,Y45265.03,Q13-3A.04~000004,2020,behavioral/externalizing,BEHAVIOR PROBLEMS INDEX: CHILD CHEATS OR TELLS LIES,0.0
Y4526505,0.0,Y45265.05,Q13-3A.04~000006,2020,behavioral/externalizing,BEHAVIOR PROBLEMS INDEX: CHILD ARGUES TOO MUCH,0.0
Y4526903,0.0,Y45269.03,Q13-3C.03~000010,2020,behavioral/externalizing,BEHAVIOR PROBLEMS INDEX: CHILD IS DISOBEDIENT AT HOME,0.0
Y4596901,0.0,Y45969.01,YASR-61A-D~000002,2020,school/achievement,IN LAST YEAR R EVER GOTTEN INTO A PHYSICAL FIGHT AT SCHOOL OR WORK,0.0
Y4209300,0.0,Y42093.00,Q13-3D.02~000013,2018,behavioral/externalizing,BEHAVIOR PROBLEMS INDEX: CHILD IS IMPULSIVE OR ACTS WITHOUT,0.0
Y4526603,0.0,Y45266.03,Q13-3A.05~000004,2020,behavioral/externalizing,BEHAVIOR PROBLEMS INDEX: CHILD CHEATS OR TELLS LIES,0.0
Y4526605,0.0,Y45266.05,Q13-3A.05~000006,2020,behavioral/externalizing,BEHAVIOR PROBLEMS INDEX: CHILD ARGUES TOO MUCH,0.0
Y4526703,0.0,Y45267.03,Q13-3C.01~000010,2020,behavioral/externalizing,BEHAVIOR PROBLEMS INDEX: CHILD IS DISOBEDIENT AT HOME,0.0
Y4344800,0.0,Y43448.00,Q4-5AB,2020,school/achievement,IN LAST SCHOOL YEAR HOW OFTEN HAS R SEEN A STUDENT CARRY A WEAPON,0.0
Y4597500,0.0,Y45975.00,YASR-66,2020,prior delinquency/contact,EVER/SINCE DATE OF LAST INTERVIEW R BEEN SENTENCED TO A CORRECTIONS,0.0
Y4526804,0.0,Y45268.04,Q13-3C.02~000011,2020,behavioral/externalizing,BEHAVIOR PROBLEMS INDEX: CHILD DOES NOT SEEM TO FEEL SORRY AFTER,0.0
Y4344700,0.0,Y43447.00,Q4-5AA,2020,school/achievement,HAS R EVER SEEN A STUDENT CARRY A WEAPON ON SCHOOL PROPERTY,0.0
Y4526803,0.0,Y45268.03,Q13-3C.02~000010,2020,behavioral/externalizing,BEHAVIOR PROBLEMS INDEX: CHILD IS DISOBEDIENT AT HOME,0.0
Y4527103,0.0,Y45271.03,Q13-3C.05~000010,2020,behavioral/externalizing,BEHAVIOR PROBLEMS INDEX: CHILD IS DISOBEDIENT AT HOME,0.0
Y4527104,0.0,Y45271.04,Q13-3C.05~000011,2020,behavioral/externalizing,BEHAVIOR PROBLEMS INDEX: CHILD DOES NOT SEEM TO FEEL SORRY AFTER,0.0
Y4527200,0.0,Y45272.00,Q13-3D.01~000013,2020,behavioral/externalizing,BEHAVIOR PROBLEMS INDEX: CHILD IS IMPULSIVE OR ACTS WITHOUT,0.0
Y4527300,0.0,Y45273.00,Q13-3D.02~000013,2020,behavioral/externalizing,BEHAVIOR PROBLEMS INDEX: CHILD IS IMPULSIVE OR ACTS WITHOUT,0.0
Y4597400,0.0,Y45974.00,YASR-65A~000001,2020,prior delinquency/contact,CHARGES R MOST RECENTLY CONVICTED OF - ASSAULT,0.0
Y4276206,0.0,Y42762.06,YASR-65A~000007,2018,substance/risk behavior,CHARGES R MOST RECENTLY CONVICTED OF - POSSESSION OF MARIJUANA OR,0.0
Y4276207,0.0,Y42762.07,YASR-65A~000008,2018,substance/risk behavior,CHARGES R MOST RECENTLY CONVICTED OF - SELLING OF MARIJUANA OR,0.0
Y4597401,0.0,Y45974.01,YASR-65A~000002,2020,prior delinquency/contact,CHARGES R MOST RECENTLY CONVICTED OF - ROBBERY,0.0
Y4528701,0.0,Y45287.01,Q13-3G.01~000026,2020,behavioral/externalizing,BEHAVIOR PROBLEMS INDEX: CHILD IS DISOBEDIENT AT SCHOOL,0.0
Y4528801,0.0,Y45288.01,Q13-3G.02~000026,2020,behavioral/externalizing,BEHAVIOR PROBLEMS INDEX: CHILD IS DISOBEDIENT AT SCHOOL,0.0
Y4597402,0.0,Y45974.02,YASR-65A~000003,2020,prior delinquency/contact,CHARGES R MOST RECENTLY CONVICTED OF - THEFT,0.0
Y4597407,0.0,Y45974.07,YASR-65A~000008,2020,substance/risk behavior,CHARGES R MOST RECENTLY CONVICTED OF - SELLING OF MARIJUANA OR,0.0
Y4528901,0.0,Y45289.01,Q13-3G.03~000026,2020,behavioral/externalizing,BEHAVIOR PROBLEMS INDEX: CHILD IS DISOBEDIENT AT SCHOOL,0.0
Y4597600,0.0,Y45976.00,YASR-67,2020,prior delinquency/contact,EVER/SINCE DATE OF LAST INTERVIEW R BEEN ON PROBATION?,0.0
Y4529001,0.0,Y45290.01,Q13-3G.04~000026,2020,behavioral/externalizing,BEHAVIOR PROBLEMS INDEX: CHILD IS DISOBEDIENT AT SCHOOL,0.0
Y4529101,0.0,Y45291.01,Q13-3G.05~000026,2020,behavioral/externalizing,BEHAVIOR PROBLEMS INDEX: CHILD IS DISOBEDIENT AT SCHOOL,0.0
Y4526203,0.0,Y45262.03,Q13-3A.01~000004,2020,behavioral/externalizing,BEHAVIOR PROBLEMS INDEX: CHILD CHEATS OR TELLS LIES,0.0
Y4526205,0.0,Y45262.05,Q13-3A.01~000006,2020,behavioral/externalizing,BEHAVIOR PROBLEMS INDEX: CHILD ARGUES TOO MUCH,0.0
Y4526303,0.0,Y45263.03,Q13-3A.02~000004,2020,behavioral/externalizing,BEHAVIOR PROBLEMS INDEX: CHILD CHEATS OR TELLS LIES,0.0
Y4526305,0.0,Y45263.05,Q13-3A.02~000006,2020,behavioral/externalizing,BEHAVIOR PROBLEMS INDEX: CHILD ARGUES TOO MUCH,0.0
Y4526403,0.0,Y45264.03,Q13-3A.03~000004,2020,behavioral/externalizing,BEHAVIOR PROBLEMS INDEX: CHILD CHEATS OR TELLS LIES,0.0
Y4597404,0.0,Y45974.04,YASR-65A~000005,2020,prior delinquency/contact,CHARGES R MOST RECENTLY CONVICTED OF - DESTRUCTION OF PROPERTY,0.0
Y1942104,0.0,Y19421.04,YASR-65A~000005,2006,prior delinquency/contact,CHARGES R MOST RECENTLY CONVICTED OF - DESTRUCTION OF PROPERTY,0.0
Y4209104,0.0,Y42091.04,Q13-3C.05~000011,2018,behavioral/externalizing,BEHAVIOR PROBLEMS INDEX: CHILD DOES NOT SEEM TO FEEL SORRY AFTER,0.0
Y3249401,0.0,Y32494.01,Q13-3G.06~000026,2014,behavioral/externalizing,BEHAVIOR PROBLEMS INDEX: CHILD IS DISOBEDIENT AT SCHOOL,0.0
Y2878403,0.0,Y28784.03,Q13-3F.06~000028,2012,behavioral/externalizing,BEHAVIOR PROBLEMS INDEX: CHILD HANGS AROUND WITH KIDS WHO GET INTO,0.0
Y2959800,0.0,Y29598.00,YASR-65A~000001,2012,prior delinquency/contact,CHARGES R MOST RECENTLY CONVICTED OF - ASSAULT,0.0
Y2959801,0.0,Y29598.01,YASR-65A~000002,2012,prior delinquency/contact,CHARGES R MOST RECENTLY CONVICTED OF - ROBBERY,0.0
Y2959802,0.0,Y29598.02,YASR-65A~000003,2012,prior delinquency/contact,CHARGES R MOST RECENTLY CONVICTED OF - THEFT,0.0
Y2958600,0.0,Y29586.00,YASR-60F,2012,school/achievement,HOW MANY TIMES IN LAST YEAR R DAMAGED SCHOOL PROPERTY ON PURPOSE,0.0
Y0672700,0.0,Y06727.00,YASR-67B,1996,prior delinquency/contact,YA SELF-REPORT: STILL ON PROBATION,0.0
C5700200,0.0,C57002.00,CSAS063,2012,substance/risk behavior,CHILD SELF-ADMIN: CHILD'S AGE WHEN FIRST USED MARIJUANA,0.0
Y3249301,0.0,Y32493.01,Q13-3G.05~000026,2014,behavioral/externalizing,BEHAVIOR PROBLEMS INDEX: CHILD IS DISOBEDIENT AT SCHOOL,0.0
Y3246403,0.0,Y32464.03,Q13-3A.06~000004,2014,behavioral/externalizing,BEHAVIOR PROBLEMS INDEX: CHILD CHEATS OR TELLS LIES,0.0
Y2877800,0.0,Y28778.00,Q13-3E.06~000019,2012,behavioral/externalizing,BEHAVIOR PROBLEMS INDEX: CHILD HAS STRONG TEMPER AND LOSES IT,0.0
Y3246405,0.0,Y32464.05,Q13-3A.06~000006,2014,behavioral/externalizing,BEHAVIOR PROBLEMS INDEX: CHILD ARGUES TOO MUCH,0.0
Y0378000,0.0,Y03780.00,YASR-65A~000008,1994,substance/risk behavior,YA SELF-REPORT: EVER CONVICTED OF SELLING MARIJUANA OR HASHISH?,0.0
Y0377900,0.0,Y03779.00,YASR-65A~000007,1994,substance/risk behavior,YA SELF-REPORT: EVER CONVICTED OF POSSESSION OF MARIJUANA OR,0.0
Y3247003,0.0,Y32470.03,Q13-3C.06~000010,2014,behavioral/externalizing,BEHAVIOR PROBLEMS INDEX: CHILD IS DISOBEDIENT AT HOME,0.0
Y3247004,0.0,Y32470.04,Q13-3C.06~000011,2014,behavioral/externalizing,BEHAVIOR PROBLEMS INDEX: CHILD DOES NOT SEEM TO FEEL SORRY AFTER,0.0
Y0379000,0.0,Y03790.00,YASR-67B,1994,prior delinquency/contact,YA SELF-REPORT: STILL ON PROBATION,0.0
Y3248200,0.0,Y32482.00,Q13-3E.06~000019,2014,behavioral/externalizing,BEHAVIOR PROBLEMS INDEX: CHILD HAS STRONG TEMPER AND LOSES IT,0.0
Y3248803,0.0,Y32488.03,Q13-3F.06~000028,2014,behavioral/externalizing,BEHAVIOR PROBLEMS INDEX: CHILD HANGS AROUND WITH KIDS WHO GET INTO,0.0
Y2878303,0.0,Y28783.03,Q13-3F.05~000028,2012,behavioral/externalizing,BEHAVIOR PROBLEMS INDEX: CHILD HANGS AROUND WITH KIDS WHO GET INTO,0.0
Y2877700,0.0,Y28777.00,Q13-3E.05~000019,2012,behavioral/externalizing,BEHAVIOR PROBLEMS INDEX: CHILD HAS STRONG TEMPER AND LOSES IT,0.0
Y4209103,0.0,Y42091.03,Q13-3C.05~000010,2018,behavioral/externalizing,BEHAVIOR PROBLEMS INDEX: CHILD IS DISOBEDIENT AT HOME,0.0
Y2609701,0.0,Y26097.01,YASR-65A~000002,2010,prior delinquency/contact,CHARGES R MOST RECENTLY CONVICTED OF - ROBBERY,0.0
Y1942101,0.0,Y19421.01,YASR-65A~000002,2006,prior delinquency/contact,CHARGES R MOST RECENTLY CONVICTED OF - ROBBERY,0.0
Y1668807,0.0,Y16688.07,YASR-65A~000008,2004,substance/risk behavior,CHARGES R MOST RECENTLY CONVICTED OF - SELLING OF MARIJUANA OR,0.0
Y2258101,0.0,Y22581.01,YASR-65A~000002,2008,prior delinquency/contact,CHARGES R MOST RECENTLY CONVICTED OF - ROBBERY,0.0
Y2258102,0.0,Y22581.02,YASR-65A~000003,2008,prior delinquency/contact,CHARGES R MOST RECENTLY CONVICTED OF - THEFT,0.0
Y2258104,0.0,Y22581.04,YASR-65A~000005,2008,prior delinquency/contact,CHARGES R MOST RECENTLY CONVICTED OF - DESTRUCTION OF PROPERTY,0.0
Y1668801,0.0,Y16688.01,YASR-65A~000002,2004,prior delinquency/contact,CHARGES R MOST RECENTLY CONVICTED OF - ROBBERY,0.0
Y1417401,0.0,Y14174.01,YASR-65A~000002,2002,prior delinquency/contact,CHARGES R MOST RECENTLY CONVICTED OF - ROBBERY,0.0
Y2609700,0.0,Y26097.00,YASR-65A~000001,2010,prior delinquency/contact,CHARGES R MOST RECENTLY CONVICTED OF - ASSAULT,0.0
Y2609702,0.0,Y26097.02,YASR-65A~000003,2010,prior delinquency/contact,CHARGES R MOST RECENTLY CONVICTED OF - THEFT,0.0
Y2877200,0.0,Y28772.00,Q13-3D.06~000013,2012,behavioral/externalizing,BEHAVIOR PROBLEMS INDEX: CHILD IS IMPULSIVE OR ACTS WITHOUT,0.0
Y2609707,0.0,Y26097.07,YASR-65A~000008,2010,substance/risk behavior,CHARGES R MOST RECENTLY CONVICTED OF - SELLING OF MARIJUANA OR,0.0
Y2879001,0.0,Y28790.01,Q13-3G.06~000026,2012,behavioral/externalizing,BEHAVIOR PROBLEMS INDEX: CHILD IS DISOBEDIENT AT SCHOOL,0.0
Y2876003,0.0,Y28760.03,Q13-3A.06~000004,2012,behavioral/externalizing,BEHAVIOR PROBLEMS INDEX: CHILD CHEATS OR TELLS LIES,0.0
Y2876005,0.0,Y28760.05,Q13-3A.06~000006,2012,behavioral/externalizing,BEHAVIOR PROBLEMS INDEX: CHILD ARGUES TOO MUCH,0.0
Y0970100,0.0,Y09701.00,YASR-67B,1998,prior delinquency/contact,YA SELF-REPORT: STILL ON PROBATION,0.0
Y2876603,0.0,Y28766.03,Q13-3C.06~000010,2012,behavioral/externalizing,BEHAVIOR PROBLEMS INDEX: CHILD IS DISOBEDIENT AT HOME,0.0
Y2876604,0.0,Y28766.04,Q13-3C.06~000011,2012,behavioral/externalizing,BEHAVIOR PROBLEMS INDEX: CHILD DOES NOT SEEM TO FEEL SORRY AFTER,0.0
Y2877100,0.0,Y28771.00,Q13-3D.05~000013,2012,behavioral/externalizing,BEHAVIOR PROBLEMS INDEX: CHILD IS IMPULSIVE OR ACTS WITHOUT,0.0
Y3326201,0.0,Y33262.01,YASR-65A~000002,2014,prior delinquency/contact,CHARGES R MOST RECENTLY CONVICTED OF - ROBBERY,0.0
Y3326204,0.0,Y33262.04,YASR-65A~000005,2014,prior delinquency/contact,CHARGES R MOST RECENTLY CONVICTED OF - DESTRUCTION OF PROPERTY,0.0
C5971500,0.0,C59715.00,CSAS057B,2014,substance/risk behavior,CHILD SELF-ADMIN: CHILD'S AGE WHEN FIRST DRANK ALCOHOL MORE THAN,0.0
Y4208503,0.0,Y42085.03,Q13-3A.04~000004,2018,behavioral/externalizing,BEHAVIOR PROBLEMS INDEX: CHILD CHEATS OR TELLS LIES,0.0
Y4210801,0.0,Y42108.01,Q13-3G.02~000026,2018,behavioral/externalizing,BEHAVIOR PROBLEMS INDEX: CHILD IS DISOBEDIENT AT SCHOOL,0.0
Y4210901,0.0,Y42109.01,Q13-3G.03~000026,2018,behavioral/externalizing,BEHAVIOR PROBLEMS INDEX: CHILD IS DISOBEDIENT AT SCHOOL,0.0
Y4211001,0.0,Y42110.01,Q13-3G.04~000026,2018,behavioral/externalizing,BEHAVIOR PROBLEMS INDEX: CHILD IS DISOBEDIENT AT SCHOOL,0.0
Y4211101,0.0,Y42111.01,Q13-3G.05~000026,2018,behavioral/externalizing,BEHAVIOR PROBLEMS INDEX: CHILD IS DISOBEDIENT AT SCHOOL,0.0
Y4208303,0.0,Y42083.03,Q13-3A.02~000004,2018,behavioral/externalizing,BEHAVIOR PROBLEMS INDEX: CHILD CHEATS OR TELLS LIES,0.0
Y4208305,0.0,Y42083.05,Q13-3A.02~000006,2018,behavioral/externalizing,BEHAVIOR PROBLEMS INDEX: CHILD ARGUES TOO MUCH,0.0
Y4208403,0.0,Y42084.03,Q13-3A.03~000004,2018,behavioral/externalizing,BEHAVIOR PROBLEMS INDEX: CHILD CHEATS OR TELLS LIES,0.0
Y4208405,0.0,Y42084.05,Q13-3A.03~000006,2018,behavioral/externalizing,BEHAVIOR PROBLEMS INDEX: CHILD ARGUES TOO MUCH,0.0
Y4208505,0.0,Y42085.05,Q13-3A.04~000006,2018,behavioral/externalizing,BEHAVIOR PROBLEMS INDEX: CHILD ARGUES TOO MUCH,0.0
C5972100,0.0,C59721.00,CSAS063,2014,substance/risk behavior,CHILD SELF-ADMIN: CHILD'S AGE WHEN FIRST USED MARIJUANA,0.0
Y4208603,0.0,Y42086.03,Q13-3A.05~000004,2018,behavioral/externalizing,BEHAVIOR PROBLEMS INDEX: CHILD CHEATS OR TELLS LIES,0.0
Y4208605,0.0,Y42086.05,Q13-3A.05~000006,2018,behavioral/externalizing,BEHAVIOR PROBLEMS INDEX: CHILD ARGUES TOO MUCH,0.0
Y4208803,0.0,Y42088.03,Q13-3C.02~000010,2018,behavioral/externalizing,BEHAVIOR PROBLEMS INDEX: CHILD IS DISOBEDIENT AT HOME,0.0
Y4208804,0.0,Y42088.04,Q13-3C.02~000011,2018,behavioral/externalizing,BEHAVIOR PROBLEMS INDEX: CHILD DOES NOT SEEM TO FEEL SORRY AFTER,0.0
Y4208903,0.0,Y42089.03,Q13-3C.03~000010,2018,behavioral/externalizing,BEHAVIOR PROBLEMS INDEX: CHILD IS DISOBEDIENT AT HOME,0.0
Y4208904,0.0,Y42089.04,Q13-3C.03~000011,2018,behavioral/externalizing,BEHAVIOR PROBLEMS INDEX: CHILD DOES NOT SEEM TO FEEL SORRY AFTER,0.0
Y4209003,0.0,Y42090.03,Q13-3C.04~000010,2018,behavioral/externalizing,BEHAVIOR PROBLEMS INDEX: CHILD IS DISOBEDIENT AT HOME,0.0
Y4209004,0.0,Y42090.04,Q13-3C.04~000011,2018,behavioral/externalizing,BEHAVIOR PROBLEMS INDEX: CHILD DOES NOT SEEM TO FEEL SORRY AFTER,0.0
Y3671407,0.0,Y36714.07,YASR-65A~000008,2016,substance/risk behavior,CHARGES R MOST RECENTLY CONVICTED OF - SELLING OF MARIJUANA OR,0.0
Y3670804,0.0,Y36708.04,YASR-60B-J~000005,2016,school/achievement,HOW MANY TIMES IN LAST YEAR R DAMAGED SCHOOL PROPERTY ON PURPOSE,0.0
Y3671402,0.0,Y36714.02,YASR-65A~000003,2016,prior delinquency/contact,CHARGES R MOST RECENTLY CONVICTED OF - THEFT,0.0
Y3671401,0.0,Y36714.01,YASR-65A~000002,2016,prior delinquency/contact,CHARGES R MOST RECENTLY CONVICTED OF - ROBBERY,0.0
Y3326207,0.0,Y33262.07,YASR-65A~000008,2014,substance/risk behavior,CHARGES R MOST RECENTLY CONVICTED OF - SELLING OF MARIJUANA OR,0.0
Y3589701,0.0,Y35897.01,Q13-3G.05~000026,2016,behavioral/externalizing,BEHAVIOR PROBLEMS INDEX: CHILD IS DISOBEDIENT AT SCHOOL,0.0
Y3589801,0.0,Y35898.01,Q13-3G.06~000026,2016,behavioral/externalizing,BEHAVIOR PROBLEMS INDEX: CHILD IS DISOBEDIENT AT SCHOOL,0.0
C6052600,0.0,C60526.00,BPMIS22016,2016,behavioral/externalizing,BEHAVIOR PROBLEMS INDEX: EXTERNAL RAW SCORE TRICHOTOMOUS ITEMS -,0.0
Y3586703,0.0,Y35867.03,Q13-3A.05~000004,2016,behavioral/externalizing,BEHAVIOR PROBLEMS INDEX: CHILD CHEATS OR TELLS LIES,0.0
Y3586803,0.0,Y35868.03,Q13-3A.06~000004,2016,behavioral/externalizing,BEHAVIOR PROBLEMS INDEX: CHILD CHEATS OR TELLS LIES,0.0
Y3586805,0.0,Y35868.05,Q13-3A.06~000006,2016,behavioral/externalizing,BEHAVIOR PROBLEMS INDEX: CHILD ARGUES TOO MUCH,0.0
Y3587303,0.0,Y35873.03,Q13-3C.05~000010,2016,behavioral/externalizing,BEHAVIOR PROBLEMS INDEX: CHILD IS DISOBEDIENT AT HOME,0.0
Y3587304,0.0,Y35873.04,Q13-3C.05~000011,2016,behavioral/externalizing,BEHAVIOR PROBLEMS INDEX: CHILD DOES NOT SEEM TO FEEL SORRY AFTER,0.0
Y3587403,0.0,Y35874.03,Q13-3C.06~000010,2016,behavioral/externalizing,BEHAVIOR PROBLEMS INDEX: CHILD IS DISOBEDIENT AT HOME,0.0
Y3587404,0.0,Y35874.04,Q13-3C.06~000011,2016,behavioral/externalizing,BEHAVIOR PROBLEMS INDEX: CHILD DOES NOT SEEM TO FEEL SORRY AFTER,0.0
Y3588000,0.0,Y35880.00,Q13-3D.06~000013,2016,behavioral/externalizing,BEHAVIOR PROBLEMS INDEX: CHILD IS IMPULSIVE OR ACTS WITHOUT,0.0
Y3588500,0.0,Y35885.00,Q13-3E.05~000019,2016,behavioral/externalizing,BEHAVIOR PROBLEMS INDEX: CHILD HAS STRONG TEMPER AND LOSES IT,0.0
Y3588600,0.0,Y35886.00,Q13-3E.06~000019,2016,behavioral/externalizing,BEHAVIOR PROBLEMS INDEX: CHILD HAS STRONG TEMPER AND LOSES IT,0.0
Y3589103,0.0,Y35891.03,Q13-3F.05~000028,2016,behavioral/externalizing,BEHAVIOR PROBLEMS INDEX: CHILD HANGS AROUND WITH KIDS WHO GET INTO,0.0
Y3589203,0.0,Y35892.03,Q13-3F.06~000028,2016,behavioral/externalizing,BEHAVIOR PROBLEMS INDEX: CHILD HANGS AROUND WITH KIDS WHO GET INTO,0.0
Y3671400,0.0,Y36714.00,YASR-65A~000001,2016,prior delinquency/contact,CHARGES R MOST RECENTLY CONVICTED OF - ASSAULT,0.0
Y3247600,0.0,Y32476.00,Q13-3D.06~000013,2014,behavioral/externalizing,BEHAVIOR PROBLEMS INDEX: CHILD IS IMPULSIVE OR ACTS WITHOUT,0.0
