C0000100,target,model,y_true,probability,prediction,correct
103001,later_persistent_delinquency_contact_2000_2020,gradient_boosting_stumps_numpy,1,0.27321324014272375,0,False
372703,later_persistent_delinquency_contact_2000_2020,gradient_boosting_stumps_numpy,0,0.6449782650889719,1,False
253802,later_persistent_delinquency_contact_2000_2020,gradient_boosting_stumps_numpy,1,0.6692685333083949,1,True
493302,later_persistent_delinquency_contact_2000_2020,gradient_boosting_stumps_numpy,1,0.6796810957840221,1,True
56302,later_persistent_delinquency_contact_2000_2020,gradient_boosting_stumps_numpy,0,0.2541296827232477,0,True
475705,later_persistent_delinquency_contact_2000_2020,gradient_boosting_stumps_numpy,0,0.6449782650889719,1,False
373902,later_persistent_delinquency_contact_2000_2020,gradient_boosting_stumps_numpy,1,0.6449782650889719,1,True
136202,later_persistent_delinquency_contact_2000_2020,gradient_boosting_stumps_numpy,1,0.6449782650889719,1,True
268001,later_persistent_delinquency_contact_2000_2020,gradient_boosting_stumps_numpy,1,0.6874247325058647,1,True
477402,later_persistent_delinquency_contact_2000_2020,gradient_boosting_stumps_numpy,1,0.6951583556133828,1,True
311802,later_persistent_delinquency_contact_2000_2020,gradient_boosting_stumps_numpy,0,0.6449782650889719,1,False
211203,later_persistent_delinquency_contact_2000_2020,gradient_boosting_stumps_numpy,1,0.6692685333083949,1,True
75604,later_persistent_delinquency_contact_2000_2020,gradient_boosting_stumps_numpy,1,0.6796810957840221,1,True
435403,later_persistent_delinquency_contact_2000_2020,gradient_boosting_stumps_numpy,1,0.6951583556133828,1,True
246202,later_persistent_delinquency_contact_2000_2020,gradient_boosting_stumps_numpy,1,0.5878495583986331,1,True
107102,later_persistent_delinquency_contact_2000_2020,gradient_boosting_stumps_numpy,0,0.35443395095433133,0,True
206201,later_persistent_delinquency_contact_2000_2020,gradient_boosting_stumps_numpy,0,0.3381283483927029,0,True
207301,later_persistent_delinquency_contact_2000_2020,gradient_boosting_stumps_numpy,1,0.6874247325058647,1,True
319701,later_persistent_delinquency_contact_2000_2020,gradient_boosting_stumps_numpy,0,0.2541296827232477,0,True
369901,later_persistent_delinquency_contact_2000_2020,gradient_boosting_stumps_numpy,0,0.257632900525524,0,True
87602,later_persistent_delinquency_contact_2000_2020,gradient_boosting_stumps_numpy,0,0.6951583556133828,1,False
103403,later_persistent_delinquency_contact_2000_2020,gradient_boosting_stumps_numpy,1,0.27321324014272375,0,False
406001,later_persistent_delinquency_contact_2000_2020,gradient_boosting_stumps_numpy,0,0.26957509680766356,0,True
363701,later_persistent_delinquency_contact_2000_2020,gradient_boosting_stumps_numpy,0,0.27321324014272375,0,True
221001,later_persistent_delinquency_contact_2000_2020,gradient_boosting_stumps_numpy,1,0.35443395095433133,0,False
298302,later_persistent_delinquency_contact_2000_2020,gradient_boosting_stumps_numpy,0,0.6449782650889719,1,False
75903,later_persistent_delinquency_contact_2000_2020,gradient_boosting_stumps_numpy,1,0.6951583556133828,1,True
129702,later_persistent_delinquency_contact_2000_2020,gradient_boosting_stumps_numpy,0,0.26957509680766356,0,True
497801,later_persistent_delinquency_contact_2000_2020,gradient_boosting_stumps_numpy,1,0.27321324014272375,0,False
447801,later_persistent_delinquency_contact_2000_2020,gradient_boosting_stumps_numpy,1,0.6874247325058647,1,True
251402,later_persistent_delinquency_contact_2000_2020,gradient_boosting_stumps_numpy,1,0.6874247325058647,1,True
382401,later_persistent_delinquency_contact_2000_2020,gradient_boosting_stumps_numpy,0,0.27321324014272375,0,True
423204,later_persistent_delinquency_contact_2000_2020,gradient_boosting_stumps_numpy,1,0.6449782650889719,1,True
345803,later_persistent_delinquency_contact_2000_2020,gradient_boosting_stumps_numpy,1,0.6796810957840221,1,True
377104,later_persistent_delinquency_contact_2000_2020,gradient_boosting_stumps_numpy,0,0.6449782650889719,1,False
415001,later_persistent_delinquency_contact_2000_2020,gradient_boosting_stumps_numpy,0,0.6449782650889719,1,False
174701,later_persistent_delinquency_contact_2000_2020,gradient_boosting_stumps_numpy,1,0.2541296827232477,0,False
205801,later_persistent_delinquency_contact_2000_2020,gradient_boosting_stumps_numpy,1,0.6449782650889719,1,True
236203,later_persistent_delinquency_contact_2000_2020,gradient_boosting_stumps_numpy,1,0.6874247325058647,1,True
248804,later_persistent_delinquency_contact_2000_2020,gradient_boosting_stumps_numpy,0,0.257632900525524,0,True
38803,later_persistent_delinquency_contact_2000_2020,gradient_boosting_stumps_numpy,1,0.6449782650889719,1,True
365003,later_persistent_delinquency_contact_2000_2020,gradient_boosting_stumps_numpy,1,0.6874247325058647,1,True
281401,later_persistent_delinquency_contact_2000_2020,gradient_boosting_stumps_numpy,1,0.6796810957840221,1,True
454301,later_persistent_delinquency_contact_2000_2020,gradient_boosting_stumps_numpy,1,0.27321324014272375,0,False
443702,later_persistent_delinquency_contact_2000_2020,gradient_boosting_stumps_numpy,1,0.6449782650889719,1,True
159605,later_persistent_delinquency_contact_2000_2020,gradient_boosting_stumps_numpy,0,0.6241148705755858,1,False
22102,later_persistent_delinquency_contact_2000_2020,gradient_boosting_stumps_numpy,1,0.6692685333083949,1,True
317901,later_persistent_delinquency_contact_2000_2020,gradient_boosting_stumps_numpy,1,0.6874247325058647,1,True
139101,later_persistent_delinquency_contact_2000_2020,gradient_boosting_stumps_numpy,0,0.26957509680766356,0,True
231301,later_persistent_delinquency_contact_2000_2020,gradient_boosting_stumps_numpy,0,0.27321324014272375,0,True
449003,later_persistent_delinquency_contact_2000_2020,gradient_boosting_stumps_numpy,0,0.41921617629914787,0,True
226706,later_persistent_delinquency_contact_2000_2020,gradient_boosting_stumps_numpy,0,0.26957509680766356,0,True
417003,later_persistent_delinquency_contact_2000_2020,gradient_boosting_stumps_numpy,1,0.6874247325058647,1,True
14302,later_persistent_delinquency_contact_2000_2020,gradient_boosting_stumps_numpy,1,0.6531326951803195,1,True
282302,later_persistent_delinquency_contact_2000_2020,gradient_boosting_stumps_numpy,1,0.6449782650889719,1,True
186601,later_persistent_delinquency_contact_2000_2020,gradient_boosting_stumps_numpy,1,0.6692685333083949,1,True
360901,later_persistent_delinquency_contact_2000_2020,gradient_boosting_stumps_numpy,1,0.6874247325058647,1,True
93201,later_persistent_delinquency_contact_2000_2020,gradient_boosting_stumps_numpy,0,0.27321324014272375,0,True
351101,later_persistent_delinquency_contact_2000_2020,gradient_boosting_stumps_numpy,1,0.6796810957840221,1,True
437804,later_persistent_delinquency_contact_2000_2020,gradient_boosting_stumps_numpy,1,0.7026914991492642,1,True
285503,later_persistent_delinquency_contact_2000_2020,gradient_boosting_stumps_numpy,1,0.6796810957840221,1,True
116401,later_persistent_delinquency_contact_2000_2020,gradient_boosting_stumps_numpy,0,0.27321324014272375,0,True
66804,later_persistent_delinquency_contact_2000_2020,gradient_boosting_stumps_numpy,0,0.6796810957840221,1,False
377001,later_persistent_delinquency_contact_2000_2020,gradient_boosting_stumps_numpy,0,0.32047848881217716,0,True
60403,later_persistent_delinquency_contact_2000_2020,gradient_boosting_stumps_numpy,1,0.6951583556133828,1,True
108302,later_persistent_delinquency_contact_2000_2020,gradient_boosting_stumps_numpy,1,0.6449782650889719,1,True
448502,later_persistent_delinquency_contact_2000_2020,gradient_boosting_stumps_numpy,0,0.41921617629914787,0,True
324401,later_persistent_delinquency_contact_2000_2020,gradient_boosting_stumps_numpy,1,0.6951583556133828,1,True
438601,later_persistent_delinquency_contact_2000_2020,gradient_boosting_stumps_numpy,1,0.257632900525524,0,False
421202,later_persistent_delinquency_contact_2000_2020,gradient_boosting_stumps_numpy,1,0.5878495583986331,1,True
327301,later_persistent_delinquency_contact_2000_2020,gradient_boosting_stumps_numpy,0,0.27321324014272375,0,True
76404,later_persistent_delinquency_contact_2000_2020,gradient_boosting_stumps_numpy,1,0.6874247325058647,1,True
165602,later_persistent_delinquency_contact_2000_2020,gradient_boosting_stumps_numpy,1,0.6951583556133828,1,True
182503,later_persistent_delinquency_contact_2000_2020,gradient_boosting_stumps_numpy,0,0.26957509680766356,0,True
342601,later_persistent_delinquency_contact_2000_2020,gradient_boosting_stumps_numpy,1,0.6874247325058647,1,True
326808,later_persistent_delinquency_contact_2000_2020,gradient_boosting_stumps_numpy,0,0.6449782650889719,1,False
108704,later_persistent_delinquency_contact_2000_2020,gradient_boosting_stumps_numpy,0,0.6449782650889719,1,False
244201,later_persistent_delinquency_contact_2000_2020,gradient_boosting_stumps_numpy,0,0.41921617629914787,0,True
341101,later_persistent_delinquency_contact_2000_2020,gradient_boosting_stumps_numpy,0,0.6874247325058647,1,False
52901,later_persistent_delinquency_contact_2000_2020,gradient_boosting_stumps_numpy,0,0.27321324014272375,0,True
316302,later_persistent_delinquency_contact_2000_2020,gradient_boosting_stumps_numpy,0,0.2541296827232477,0,True
37902,later_persistent_delinquency_contact_2000_2020,gradient_boosting_stumps_numpy,1,0.41921617629914787,0,False
97402,later_persistent_delinquency_contact_2000_2020,gradient_boosting_stumps_numpy,1,0.6796810957840221,1,True
206401,later_persistent_delinquency_contact_2000_2020,gradient_boosting_stumps_numpy,0,0.27321324014272375,0,True
13701,later_persistent_delinquency_contact_2000_2020,gradient_boosting_stumps_numpy,1,0.6874247325058647,1,True
135602,later_persistent_delinquency_contact_2000_2020,gradient_boosting_stumps_numpy,1,0.6951583556133828,1,True
384602,later_persistent_delinquency_contact_2000_2020,gradient_boosting_stumps_numpy,0,0.6449782650889719,1,False
26501,later_persistent_delinquency_contact_2000_2020,gradient_boosting_stumps_numpy,0,0.7026914991492642,1,False
432601,later_persistent_delinquency_contact_2000_2020,gradient_boosting_stumps_numpy,0,0.27321324014272375,0,True
359701,later_persistent_delinquency_contact_2000_2020,gradient_boosting_stumps_numpy,0,0.27321324014272375,0,True
96601,later_persistent_delinquency_contact_2000_2020,gradient_boosting_stumps_numpy,0,0.6449782650889719,1,False
252302,later_persistent_delinquency_contact_2000_2020,gradient_boosting_stumps_numpy,0,0.26957509680766356,0,True
56701,later_persistent_delinquency_contact_2000_2020,gradient_boosting_stumps_numpy,1,0.6796810957840221,1,True
151202,later_persistent_delinquency_contact_2000_2020,gradient_boosting_stumps_numpy,1,0.6796810957840221,1,True
465702,later_persistent_delinquency_contact_2000_2020,gradient_boosting_stumps_numpy,0,0.27321324014272375,0,True
449903,later_persistent_delinquency_contact_2000_2020,gradient_boosting_stumps_numpy,1,0.6796810957840221,1,True
122704,later_persistent_delinquency_contact_2000_2020,gradient_boosting_stumps_numpy,1,0.6324754439067721,1,True
325401,later_persistent_delinquency_contact_2000_2020,gradient_boosting_stumps_numpy,1,0.7026914991492642,1,True
473001,later_persistent_delinquency_contact_2000_2020,gradient_boosting_stumps_numpy,0,0.27321324014272375,0,True
44901,later_persistent_delinquency_contact_2000_2020,gradient_boosting_stumps_numpy,0,0.6449782650889719,1,False
397002,later_persistent_delinquency_contact_2000_2020,gradient_boosting_stumps_numpy,1,0.7026914991492642,1,True
9901,later_persistent_delinquency_contact_2000_2020,gradient_boosting_stumps_numpy,1,0.6612967211914934,1,True
472601,later_persistent_delinquency_contact_2000_2020,gradient_boosting_stumps_numpy,0,0.26957509680766356,0,True
176002,later_persistent_delinquency_contact_2000_2020,gradient_boosting_stumps_numpy,0,0.26957509680766356,0,True
393601,later_persistent_delinquency_contact_2000_2020,gradient_boosting_stumps_numpy,0,0.6070694351728301,1,False
129301,later_persistent_delinquency_contact_2000_2020,gradient_boosting_stumps_numpy,0,0.257632900525524,0,True
265501,later_persistent_delinquency_contact_2000_2020,gradient_boosting_stumps_numpy,1,0.6874247325058647,1,True
267202,later_persistent_delinquency_contact_2000_2020,gradient_boosting_stumps_numpy,0,0.3381283483927029,0,True
15301,later_persistent_delinquency_contact_2000_2020,gradient_boosting_stumps_numpy,0,0.45660354594174746,0,True
94902,later_persistent_delinquency_contact_2000_2020,gradient_boosting_stumps_numpy,1,0.32047848881217716,0,False
152503,later_persistent_delinquency_contact_2000_2020,gradient_boosting_stumps_numpy,1,0.26957509680766356,0,False
493003,later_persistent_delinquency_contact_2000_2020,gradient_boosting_stumps_numpy,1,0.7026914991492642,1,True
242601,later_persistent_delinquency_contact_2000_2020,gradient_boosting_stumps_numpy,1,0.6531326951803195,1,True
274802,later_persistent_delinquency_contact_2000_2020,gradient_boosting_stumps_numpy,1,0.41921617629914787,0,False
352401,later_persistent_delinquency_contact_2000_2020,gradient_boosting_stumps_numpy,1,0.6874247325058647,1,True
164902,later_persistent_delinquency_contact_2000_2020,gradient_boosting_stumps_numpy,1,0.6449782650889719,1,True
172601,later_persistent_delinquency_contact_2000_2020,gradient_boosting_stumps_numpy,0,0.43879245432017683,0,True
328003,later_persistent_delinquency_contact_2000_2020,gradient_boosting_stumps_numpy,1,0.6449782650889719,1,True
415403,later_persistent_delinquency_contact_2000_2020,gradient_boosting_stumps_numpy,0,0.6449782650889719,1,False
241601,later_persistent_delinquency_contact_2000_2020,gradient_boosting_stumps_numpy,1,0.6874247325058647,1,True
370302,later_persistent_delinquency_contact_2000_2020,gradient_boosting_stumps_numpy,0,0.27321324014272375,0,True
224701,later_persistent_delinquency_contact_2000_2020,gradient_boosting_stumps_numpy,1,0.6951583556133828,1,True
71201,later_persistent_delinquency_contact_2000_2020,gradient_boosting_stumps_numpy,0,0.2541296827232477,0,True
142301,later_persistent_delinquency_contact_2000_2020,gradient_boosting_stumps_numpy,0,0.257632900525524,0,True
443701,later_persistent_delinquency_contact_2000_2020,gradient_boosting_stumps_numpy,1,0.6796810957840221,1,True
194801,later_persistent_delinquency_contact_2000_2020,gradient_boosting_stumps_numpy,1,0.6449782650889719,1,True
164201,later_persistent_delinquency_contact_2000_2020,gradient_boosting_stumps_numpy,0,0.27321324014272375,0,True
218602,later_persistent_delinquency_contact_2000_2020,gradient_boosting_stumps_numpy,0,0.6796810957840221,1,False
153202,later_persistent_delinquency_contact_2000_2020,gradient_boosting_stumps_numpy,1,0.7026914991492642,1,True
45502,later_persistent_delinquency_contact_2000_2020,gradient_boosting_stumps_numpy,1,0.6951583556133828,1,True
265503,later_persistent_delinquency_contact_2000_2020,gradient_boosting_stumps_numpy,1,0.6874247325058647,1,True
228801,later_persistent_delinquency_contact_2000_2020,gradient_boosting_stumps_numpy,0,0.6449782650889719,1,False
112305,later_persistent_delinquency_contact_2000_2020,gradient_boosting_stumps_numpy,1,0.6874247325058647,1,True
344701,later_persistent_delinquency_contact_2000_2020,gradient_boosting_stumps_numpy,0,0.27321324014272375,0,True
95001,later_persistent_delinquency_contact_2000_2020,gradient_boosting_stumps_numpy,1,0.6449782650889719,1,True
342603,later_persistent_delinquency_contact_2000_2020,gradient_boosting_stumps_numpy,1,0.6449782650889719,1,True
23601,later_persistent_delinquency_contact_2000_2020,gradient_boosting_stumps_numpy,0,0.6951583556133828,1,False
10201,later_persistent_delinquency_contact_2000_2020,gradient_boosting_stumps_numpy,0,0.6796810957840221,1,False
99902,later_persistent_delinquency_contact_2000_2020,gradient_boosting_stumps_numpy,1,0.6241148705755858,1,True
123602,later_persistent_delinquency_contact_2000_2020,gradient_boosting_stumps_numpy,0,0.6449782650889719,1,False
418201,later_persistent_delinquency_contact_2000_2020,gradient_boosting_stumps_numpy,0,0.27321324014272375,0,True
144601,later_persistent_delinquency_contact_2000_2020,gradient_boosting_stumps_numpy,1,0.257632900525524,0,False
118701,later_persistent_delinquency_contact_2000_2020,gradient_boosting_stumps_numpy,1,0.6449782650889719,1,True
240901,later_persistent_delinquency_contact_2000_2020,gradient_boosting_stumps_numpy,0,0.257632900525524,0,True
144301,later_persistent_delinquency_contact_2000_2020,gradient_boosting_stumps_numpy,1,0.257632900525524,0,False
120902,later_persistent_delinquency_contact_2000_2020,gradient_boosting_stumps_numpy,1,0.3363655080393281,0,False
371103,later_persistent_delinquency_contact_2000_2020,gradient_boosting_stumps_numpy,0,0.6951583556133828,1,False
60802,later_persistent_delinquency_contact_2000_2020,gradient_boosting_stumps_numpy,1,0.6874247325058647,1,True
210301,later_persistent_delinquency_contact_2000_2020,gradient_boosting_stumps_numpy,0,0.257632900525524,0,True
291801,later_persistent_delinquency_contact_2000_2020,gradient_boosting_stumps_numpy,1,0.6070694351728301,1,True
223201,later_persistent_delinquency_contact_2000_2020,gradient_boosting_stumps_numpy,1,0.6796810957840221,1,True
158301,later_persistent_delinquency_contact_2000_2020,gradient_boosting_stumps_numpy,0,0.27321324014272375,0,True
14303,later_persistent_delinquency_contact_2000_2020,gradient_boosting_stumps_numpy,1,0.6874247325058647,1,True
408403,later_persistent_delinquency_contact_2000_2020,gradient_boosting_stumps_numpy,0,0.6874247325058647,1,False
260501,later_persistent_delinquency_contact_2000_2020,gradient_boosting_stumps_numpy,0,0.41921617629914787,0,True
252902,later_persistent_delinquency_contact_2000_2020,gradient_boosting_stumps_numpy,1,0.6796810957840221,1,True
356601,later_persistent_delinquency_contact_2000_2020,gradient_boosting_stumps_numpy,0,0.2541296827232477,0,True
345102,later_persistent_delinquency_contact_2000_2020,gradient_boosting_stumps_numpy,1,0.6951583556133828,1,True
473403,later_persistent_delinquency_contact_2000_2020,gradient_boosting_stumps_numpy,0,0.43879245432017683,0,True
291101,later_persistent_delinquency_contact_2000_2020,gradient_boosting_stumps_numpy,0,0.2541296827232477,0,True
418001,later_persistent_delinquency_contact_2000_2020,gradient_boosting_stumps_numpy,0,0.2541296827232477,0,True
425402,later_persistent_delinquency_contact_2000_2020,gradient_boosting_stumps_numpy,1,0.6796810957840221,1,True
12101,later_persistent_delinquency_contact_2000_2020,gradient_boosting_stumps_numpy,1,0.6796810957840221,1,True
150204,later_persistent_delinquency_contact_2000_2020,gradient_boosting_stumps_numpy,0,0.6449782650889719,1,False
18303,later_persistent_delinquency_contact_2000_2020,gradient_boosting_stumps_numpy,1,0.6874247325058647,1,True
143802,later_persistent_delinquency_contact_2000_2020,gradient_boosting_stumps_numpy,0,0.43879245432017683,0,True
119902,later_persistent_delinquency_contact_2000_2020,gradient_boosting_stumps_numpy,1,0.6874247325058647,1,True
432302,later_persistent_delinquency_contact_2000_2020,gradient_boosting_stumps_numpy,0,0.27321324014272375,0,True
54803,later_persistent_delinquency_contact_2000_2020,gradient_boosting_stumps_numpy,1,0.6874247325058647,1,True
359703,later_persistent_delinquency_contact_2000_2020,gradient_boosting_stumps_numpy,1,0.45660354594174746,0,False
480103,later_persistent_delinquency_contact_2000_2020,gradient_boosting_stumps_numpy,1,0.27321324014272375,0,False
233901,later_persistent_delinquency_contact_2000_2020,gradient_boosting_stumps_numpy,0,0.6449782650889719,1,False
251501,later_persistent_delinquency_contact_2000_2020,gradient_boosting_stumps_numpy,0,0.5878495583986331,1,False
465101,later_persistent_delinquency_contact_2000_2020,gradient_boosting_stumps_numpy,0,0.6874247325058647,1,False
227002,later_persistent_delinquency_contact_2000_2020,gradient_boosting_stumps_numpy,0,0.7026914991492642,1,False
149501,later_persistent_delinquency_contact_2000_2020,gradient_boosting_stumps_numpy,0,0.257632900525524,0,True
38202,later_persistent_delinquency_contact_2000_2020,gradient_boosting_stumps_numpy,0,0.2541296827232477,0,True
32203,later_persistent_delinquency_contact_2000_2020,gradient_boosting_stumps_numpy,0,0.6796810957840221,1,False
9801,later_persistent_delinquency_contact_2000_2020,gradient_boosting_stumps_numpy,1,0.6612967211914934,1,True
400202,later_persistent_delinquency_contact_2000_2020,gradient_boosting_stumps_numpy,1,0.6951583556133828,1,True
470602,later_persistent_delinquency_contact_2000_2020,gradient_boosting_stumps_numpy,0,0.6449782650889719,1,False
484802,later_persistent_delinquency_contact_2000_2020,gradient_boosting_stumps_numpy,0,0.6874247325058647,1,False
172901,later_persistent_delinquency_contact_2000_2020,gradient_boosting_stumps_numpy,0,0.27321324014272375,0,True
403502,later_persistent_delinquency_contact_2000_2020,gradient_boosting_stumps_numpy,1,0.6449782650889719,1,True
55704,later_persistent_delinquency_contact_2000_2020,gradient_boosting_stumps_numpy,1,0.6951583556133828,1,True
342904,later_persistent_delinquency_contact_2000_2020,gradient_boosting_stumps_numpy,1,0.6874247325058647,1,True
372702,later_persistent_delinquency_contact_2000_2020,gradient_boosting_stumps_numpy,0,0.6449782650889719,1,False
487303,later_persistent_delinquency_contact_2000_2020,gradient_boosting_stumps_numpy,0,0.6449782650889719,1,False
354502,later_persistent_delinquency_contact_2000_2020,gradient_boosting_stumps_numpy,1,0.6449782650889719,1,True
464502,later_persistent_delinquency_contact_2000_2020,gradient_boosting_stumps_numpy,1,0.3363655080393281,0,False
377101,later_persistent_delinquency_contact_2000_2020,gradient_boosting_stumps_numpy,0,0.6796810957840221,1,False
161703,later_persistent_delinquency_contact_2000_2020,gradient_boosting_stumps_numpy,1,0.6051865111355619,1,True
336503,later_persistent_delinquency_contact_2000_2020,gradient_boosting_stumps_numpy,0,0.6796810957840221,1,False
402402,later_persistent_delinquency_contact_2000_2020,gradient_boosting_stumps_numpy,1,0.27321324014272375,0,False
116102,later_persistent_delinquency_contact_2000_2020,gradient_boosting_stumps_numpy,0,0.27321324014272375,0,True
190202,later_persistent_delinquency_contact_2000_2020,gradient_boosting_stumps_numpy,1,0.6449782650889719,1,True
273501,later_persistent_delinquency_contact_2000_2020,gradient_boosting_stumps_numpy,1,0.3363655080393281,0,False
415302,later_persistent_delinquency_contact_2000_2020,gradient_boosting_stumps_numpy,1,0.6874247325058647,1,True
444502,later_persistent_delinquency_contact_2000_2020,gradient_boosting_stumps_numpy,1,0.6449782650889719,1,True
476801,later_persistent_delinquency_contact_2000_2020,gradient_boosting_stumps_numpy,1,0.6449782650889719,1,True
478501,later_persistent_delinquency_contact_2000_2020,gradient_boosting_stumps_numpy,1,0.5878495583986331,1,True
73903,later_persistent_delinquency_contact_2000_2020,gradient_boosting_stumps_numpy,1,0.6796810957840221,1,True
117901,later_persistent_delinquency_contact_2000_2020,gradient_boosting_stumps_numpy,1,0.41921617629914787,0,False
294303,later_persistent_delinquency_contact_2000_2020,gradient_boosting_stumps_numpy,0,0.6449782650889719,1,False
107601,later_persistent_delinquency_contact_2000_2020,gradient_boosting_stumps_numpy,0,0.27321324014272375,0,True
401602,later_persistent_delinquency_contact_2000_2020,gradient_boosting_stumps_numpy,0,0.27321324014272375,0,True
279001,later_persistent_delinquency_contact_2000_2020,gradient_boosting_stumps_numpy,0,0.45660354594174746,0,True
40701,later_persistent_delinquency_contact_2000_2020,gradient_boosting_stumps_numpy,0,0.6951583556133828,1,False
487301,later_persistent_delinquency_contact_2000_2020,gradient_boosting_stumps_numpy,0,0.6449782650889719,1,False
110101,later_persistent_delinquency_contact_2000_2020,gradient_boosting_stumps_numpy,0,0.41921617629914787,0,True
455301,later_persistent_delinquency_contact_2000_2020,gradient_boosting_stumps_numpy,0,0.26957509680766356,0,True
401201,later_persistent_delinquency_contact_2000_2020,gradient_boosting_stumps_numpy,1,0.27321324014272375,0,False
483702,later_persistent_delinquency_contact_2000_2020,gradient_boosting_stumps_numpy,0,0.26957509680766356,0,True
297001,later_persistent_delinquency_contact_2000_2020,gradient_boosting_stumps_numpy,0,0.257632900525524,0,True
346502,later_persistent_delinquency_contact_2000_2020,gradient_boosting_stumps_numpy,0,0.7026914991492642,1,False
209901,later_persistent_delinquency_contact_2000_2020,gradient_boosting_stumps_numpy,1,0.6449782650889719,1,True
372001,later_persistent_delinquency_contact_2000_2020,gradient_boosting_stumps_numpy,0,0.32047848881217716,0,True
214001,later_persistent_delinquency_contact_2000_2020,gradient_boosting_stumps_numpy,0,0.6449782650889719,1,False
161702,later_persistent_delinquency_contact_2000_2020,gradient_boosting_stumps_numpy,1,0.3502354542336475,0,False
244704,later_persistent_delinquency_contact_2000_2020,gradient_boosting_stumps_numpy,0,0.27321324014272375,0,True
499101,later_persistent_delinquency_contact_2000_2020,gradient_boosting_stumps_numpy,0,0.6796810957840221,1,False
176601,later_persistent_delinquency_contact_2000_2020,gradient_boosting_stumps_numpy,0,0.26957509680766356,0,True
80103,later_persistent_delinquency_contact_2000_2020,gradient_boosting_stumps_numpy,1,0.7026914991492642,1,True
357601,later_persistent_delinquency_contact_2000_2020,gradient_boosting_stumps_numpy,0,0.26957509680766356,0,True
184802,later_persistent_delinquency_contact_2000_2020,gradient_boosting_stumps_numpy,1,0.6874247325058647,1,True
429601,later_persistent_delinquency_contact_2000_2020,gradient_boosting_stumps_numpy,1,0.6874247325058647,1,True
134302,later_persistent_delinquency_contact_2000_2020,gradient_boosting_stumps_numpy,1,0.3363655080393281,0,False
366101,later_persistent_delinquency_contact_2000_2020,gradient_boosting_stumps_numpy,1,0.6796810957840221,1,True
207202,later_persistent_delinquency_contact_2000_2020,gradient_boosting_stumps_numpy,1,0.6874247325058647,1,True
409502,later_persistent_delinquency_contact_2000_2020,gradient_boosting_stumps_numpy,1,0.6449782650889719,1,True
448101,later_persistent_delinquency_contact_2000_2020,gradient_boosting_stumps_numpy,0,0.2541296827232477,0,True
480401,later_persistent_delinquency_contact_2000_2020,gradient_boosting_stumps_numpy,0,0.6874247325058647,1,False
377002,later_persistent_delinquency_contact_2000_2020,gradient_boosting_stumps_numpy,1,0.6874247325058647,1,True
398203,later_persistent_delinquency_contact_2000_2020,gradient_boosting_stumps_numpy,0,0.45660354594174746,0,True
36902,later_persistent_delinquency_contact_2000_2020,gradient_boosting_stumps_numpy,1,0.6796810957840221,1,True
183301,later_persistent_delinquency_contact_2000_2020,gradient_boosting_stumps_numpy,0,0.27321324014272375,0,True
123301,later_persistent_delinquency_contact_2000_2020,gradient_boosting_stumps_numpy,0,0.2541296827232477,0,True
1602,later_persistent_delinquency_contact_2000_2020,gradient_boosting_stumps_numpy,1,0.6796810957840221,1,True
401503,later_persistent_delinquency_contact_2000_2020,gradient_boosting_stumps_numpy,1,0.6612967211914934,1,True
332101,later_persistent_delinquency_contact_2000_2020,gradient_boosting_stumps_numpy,0,0.257632900525524,0,True
495003,later_persistent_delinquency_contact_2000_2020,gradient_boosting_stumps_numpy,1,0.27321324014272375,0,False
141602,later_persistent_delinquency_contact_2000_2020,gradient_boosting_stumps_numpy,1,0.2541296827232477,0,False
73303,later_persistent_delinquency_contact_2000_2020,gradient_boosting_stumps_numpy,1,0.6951583556133828,1,True
62101,later_persistent_delinquency_contact_2000_2020,gradient_boosting_stumps_numpy,1,0.6612967211914934,1,True
20002,later_persistent_delinquency_contact_2000_2020,gradient_boosting_stumps_numpy,1,0.6951583556133828,1,True
187601,later_persistent_delinquency_contact_2000_2020,gradient_boosting_stumps_numpy,0,0.26957509680766356,0,True
188502,later_persistent_delinquency_contact_2000_2020,gradient_boosting_stumps_numpy,1,0.6449782650889719,1,True
207703,later_persistent_delinquency_contact_2000_2020,gradient_boosting_stumps_numpy,0,0.257632900525524,0,True
153901,later_persistent_delinquency_contact_2000_2020,gradient_boosting_stumps_numpy,0,0.257632900525524,0,True
495004,later_persistent_delinquency_contact_2000_2020,gradient_boosting_stumps_numpy,1,0.27321324014272375,0,False
475302,later_persistent_delinquency_contact_2000_2020,gradient_boosting_stumps_numpy,1,0.6951583556133828,1,True
37903,later_persistent_delinquency_contact_2000_2020,gradient_boosting_stumps_numpy,0,0.6137075131753097,1,False
288901,later_persistent_delinquency_contact_2000_2020,gradient_boosting_stumps_numpy,1,0.6449782650889719,1,True
180802,later_persistent_delinquency_contact_2000_2020,gradient_boosting_stumps_numpy,1,0.6070694351728301,1,True
265901,later_persistent_delinquency_contact_2000_2020,gradient_boosting_stumps_numpy,0,0.27321324014272375,0,True
224002,later_persistent_delinquency_contact_2000_2020,gradient_boosting_stumps_numpy,0,0.26957509680766356,0,True
338703,later_persistent_delinquency_contact_2000_2020,gradient_boosting_stumps_numpy,1,0.6951583556133828,1,True
108803,later_persistent_delinquency_contact_2000_2020,gradient_boosting_stumps_numpy,1,0.6874247325058647,1,True
137602,later_persistent_delinquency_contact_2000_2020,gradient_boosting_stumps_numpy,0,0.2541296827232477,0,True
445001,later_persistent_delinquency_contact_2000_2020,gradient_boosting_stumps_numpy,0,0.27321324014272375,0,True
240702,later_persistent_delinquency_contact_2000_2020,gradient_boosting_stumps_numpy,1,0.41921617629914787,0,False
463803,later_persistent_delinquency_contact_2000_2020,gradient_boosting_stumps_numpy,0,0.31648502817690455,0,True
138102,later_persistent_delinquency_contact_2000_2020,gradient_boosting_stumps_numpy,1,0.43879245432017683,0,False
122401,later_persistent_delinquency_contact_2000_2020,gradient_boosting_stumps_numpy,0,0.27321324014272375,0,True
280901,later_persistent_delinquency_contact_2000_2020,gradient_boosting_stumps_numpy,0,0.2541296827232477,0,True
10002,later_persistent_delinquency_contact_2000_2020,gradient_boosting_stumps_numpy,1,0.6874247325058647,1,True
378302,later_persistent_delinquency_contact_2000_2020,gradient_boosting_stumps_numpy,0,0.6449782650889719,1,False
75901,later_persistent_delinquency_contact_2000_2020,gradient_boosting_stumps_numpy,0,0.27321324014272375,0,True
241101,later_persistent_delinquency_contact_2000_2020,gradient_boosting_stumps_numpy,0,0.6449782650889719,1,False
371402,later_persistent_delinquency_contact_2000_2020,gradient_boosting_stumps_numpy,1,0.27321324014272375,0,False
239902,later_persistent_delinquency_contact_2000_2020,gradient_boosting_stumps_numpy,1,0.6796810957840221,1,True
209403,later_persistent_delinquency_contact_2000_2020,gradient_boosting_stumps_numpy,0,0.2541296827232477,0,True
453401,later_persistent_delinquency_contact_2000_2020,gradient_boosting_stumps_numpy,0,0.27321324014272375,0,True
418601,later_persistent_delinquency_contact_2000_2020,gradient_boosting_stumps_numpy,1,0.6070694351728301,1,True
206601,later_persistent_delinquency_contact_2000_2020,gradient_boosting_stumps_numpy,1,0.26957509680766356,0,False
499103,later_persistent_delinquency_contact_2000_2020,gradient_boosting_stumps_numpy,0,0.6449782650889719,1,False
354801,later_persistent_delinquency_contact_2000_2020,gradient_boosting_stumps_numpy,0,0.3363655080393281,0,True
346702,later_persistent_delinquency_contact_2000_2020,gradient_boosting_stumps_numpy,0,0.6796810957840221,1,False
65602,later_persistent_delinquency_contact_2000_2020,gradient_boosting_stumps_numpy,1,0.6796810957840221,1,True
102505,later_persistent_delinquency_contact_2000_2020,gradient_boosting_stumps_numpy,0,0.2541296827232477,0,True
418701,later_persistent_delinquency_contact_2000_2020,gradient_boosting_stumps_numpy,0,0.3340230638486559,0,True
349102,later_persistent_delinquency_contact_2000_2020,gradient_boosting_stumps_numpy,1,0.6796810957840221,1,True
435202,later_persistent_delinquency_contact_2000_2020,gradient_boosting_stumps_numpy,1,0.6449782650889719,1,True
447902,later_persistent_delinquency_contact_2000_2020,gradient_boosting_stumps_numpy,1,0.6874247325058647,1,True
346701,later_persistent_delinquency_contact_2000_2020,gradient_boosting_stumps_numpy,1,0.6874247325058647,1,True
27204,later_persistent_delinquency_contact_2000_2020,gradient_boosting_stumps_numpy,0,0.6796810957840221,1,False
334702,later_persistent_delinquency_contact_2000_2020,gradient_boosting_stumps_numpy,0,0.5878495583986331,1,False
27803,later_persistent_delinquency_contact_2000_2020,gradient_boosting_stumps_numpy,0,0.6449782650889719,1,False
122002,later_persistent_delinquency_contact_2000_2020,gradient_boosting_stumps_numpy,0,0.6692685333083949,1,False
355801,later_persistent_delinquency_contact_2000_2020,gradient_boosting_stumps_numpy,1,0.7026914991492642,1,True
459001,later_persistent_delinquency_contact_2000_2020,gradient_boosting_stumps_numpy,1,0.6874247325058647,1,True
84501,later_persistent_delinquency_contact_2000_2020,gradient_boosting_stumps_numpy,0,0.27321324014272375,0,True
192602,later_persistent_delinquency_contact_2000_2020,gradient_boosting_stumps_numpy,1,0.6874247325058647,1,True
58505,later_persistent_delinquency_contact_2000_2020,gradient_boosting_stumps_numpy,1,0.6796810957840221,1,True
24002,later_persistent_delinquency_contact_2000_2020,gradient_boosting_stumps_numpy,1,0.6434292249910374,1,True
200901,later_persistent_delinquency_contact_2000_2020,gradient_boosting_stumps_numpy,1,0.6796810957840221,1,True
165502,later_persistent_delinquency_contact_2000_2020,gradient_boosting_stumps_numpy,1,0.6874247325058647,1,True
243401,later_persistent_delinquency_contact_2000_2020,gradient_boosting_stumps_numpy,0,0.26957509680766356,0,True
264501,later_persistent_delinquency_contact_2000_2020,gradient_boosting_stumps_numpy,0,0.27321324014272375,0,True
186302,later_persistent_delinquency_contact_2000_2020,gradient_boosting_stumps_numpy,1,0.6874247325058647,1,True
265502,later_persistent_delinquency_contact_2000_2020,gradient_boosting_stumps_numpy,1,0.6874247325058647,1,True
486901,later_persistent_delinquency_contact_2000_2020,gradient_boosting_stumps_numpy,0,0.41921617629914787,0,True
109002,later_persistent_delinquency_contact_2000_2020,gradient_boosting_stumps_numpy,0,0.27321324014272375,0,True
373701,later_persistent_delinquency_contact_2000_2020,gradient_boosting_stumps_numpy,1,0.6449782650889719,1,True
211901,later_persistent_delinquency_contact_2000_2020,gradient_boosting_stumps_numpy,0,0.27321324014272375,0,True
341302,later_persistent_delinquency_contact_2000_2020,gradient_boosting_stumps_numpy,0,0.26957509680766356,0,True
66201,later_persistent_delinquency_contact_2000_2020,gradient_boosting_stumps_numpy,1,0.6874247325058647,1,True
475701,later_persistent_delinquency_contact_2000_2020,gradient_boosting_stumps_numpy,0,0.7026914991492642,1,False
474403,later_persistent_delinquency_contact_2000_2020,gradient_boosting_stumps_numpy,1,0.6449782650889719,1,True
370501,later_persistent_delinquency_contact_2000_2020,gradient_boosting_stumps_numpy,0,0.2541296827232477,0,True
279002,later_persistent_delinquency_contact_2000_2020,gradient_boosting_stumps_numpy,0,0.43879245432017683,0,True
379902,later_persistent_delinquency_contact_2000_2020,gradient_boosting_stumps_numpy,0,0.6449782650889719,1,False
201302,later_persistent_delinquency_contact_2000_2020,gradient_boosting_stumps_numpy,1,0.6796810957840221,1,True
116502,later_persistent_delinquency_contact_2000_2020,gradient_boosting_stumps_numpy,0,0.2541296827232477,0,True
62102,later_persistent_delinquency_contact_2000_2020,gradient_boosting_stumps_numpy,1,0.7026914991492642,1,True
310601,later_persistent_delinquency_contact_2000_2020,gradient_boosting_stumps_numpy,1,0.6449782650889719,1,True
330401,later_persistent_delinquency_contact_2000_2020,gradient_boosting_stumps_numpy,1,0.6951583556133828,1,True
190602,later_persistent_delinquency_contact_2000_2020,gradient_boosting_stumps_numpy,1,0.6449782650889719,1,True
474603,later_persistent_delinquency_contact_2000_2020,gradient_boosting_stumps_numpy,1,0.6951583556133828,1,True
271202,later_persistent_delinquency_contact_2000_2020,gradient_boosting_stumps_numpy,0,0.6796810957840221,1,False
357203,later_persistent_delinquency_contact_2000_2020,gradient_boosting_stumps_numpy,0,0.6796810957840221,1,False
172001,later_persistent_delinquency_contact_2000_2020,gradient_boosting_stumps_numpy,0,0.257632900525524,0,True
477702,later_persistent_delinquency_contact_2000_2020,gradient_boosting_stumps_numpy,1,0.6796810957840221,1,True
272301,later_persistent_delinquency_contact_2000_2020,gradient_boosting_stumps_numpy,1,0.6796810957840221,1,True
337002,later_persistent_delinquency_contact_2000_2020,gradient_boosting_stumps_numpy,0,0.6449782650889719,1,False
340203,later_persistent_delinquency_contact_2000_2020,gradient_boosting_stumps_numpy,1,0.6449782650889719,1,True
292601,later_persistent_delinquency_contact_2000_2020,gradient_boosting_stumps_numpy,0,0.6449782650889719,1,False
139902,later_persistent_delinquency_contact_2000_2020,gradient_boosting_stumps_numpy,1,0.6796810957840221,1,True
182903,later_persistent_delinquency_contact_2000_2020,gradient_boosting_stumps_numpy,1,0.7026914991492642,1,True
295501,later_persistent_delinquency_contact_2000_2020,gradient_boosting_stumps_numpy,0,0.6449782650889719,1,False
81101,later_persistent_delinquency_contact_2000_2020,gradient_boosting_stumps_numpy,1,0.6796810957840221,1,True
248302,later_persistent_delinquency_contact_2000_2020,gradient_boosting_stumps_numpy,0,0.6951583556133828,1,False
201601,later_persistent_delinquency_contact_2000_2020,gradient_boosting_stumps_numpy,1,0.6874247325058647,1,True
476904,later_persistent_delinquency_contact_2000_2020,gradient_boosting_stumps_numpy,1,0.6449782650889719,1,True
7802,later_persistent_delinquency_contact_2000_2020,gradient_boosting_stumps_numpy,0,0.6796810957840221,1,False
15903,later_persistent_delinquency_contact_2000_2020,gradient_boosting_stumps_numpy,0,0.6796810957840221,1,False
159901,later_persistent_delinquency_contact_2000_2020,gradient_boosting_stumps_numpy,0,0.27321324014272375,0,True
104902,later_persistent_delinquency_contact_2000_2020,gradient_boosting_stumps_numpy,1,0.6449782650889719,1,True
486303,later_persistent_delinquency_contact_2000_2020,gradient_boosting_stumps_numpy,0,0.3381283483927029,0,True
185801,later_persistent_delinquency_contact_2000_2020,gradient_boosting_stumps_numpy,0,0.257632900525524,0,True
421001,later_persistent_delinquency_contact_2000_2020,gradient_boosting_stumps_numpy,0,0.26957509680766356,0,True
265102,later_persistent_delinquency_contact_2000_2020,gradient_boosting_stumps_numpy,0,0.6449782650889719,1,False
484202,later_persistent_delinquency_contact_2000_2020,gradient_boosting_stumps_numpy,0,0.2541296827232477,0,True
75801,later_persistent_delinquency_contact_2000_2020,gradient_boosting_stumps_numpy,0,0.257632900525524,0,True
176902,later_persistent_delinquency_contact_2000_2020,gradient_boosting_stumps_numpy,1,0.6951583556133828,1,True
113202,later_persistent_delinquency_contact_2000_2020,gradient_boosting_stumps_numpy,1,0.7026914991492642,1,True
301001,later_persistent_delinquency_contact_2000_2020,gradient_boosting_stumps_numpy,0,0.7026914991492642,1,False
111102,later_persistent_delinquency_contact_2000_2020,gradient_boosting_stumps_numpy,0,0.41921617629914787,0,True
492001,later_persistent_delinquency_contact_2000_2020,gradient_boosting_stumps_numpy,0,0.2541296827232477,0,True
97801,later_persistent_delinquency_contact_2000_2020,gradient_boosting_stumps_numpy,0,0.31648502817690455,0,True
497304,later_persistent_delinquency_contact_2000_2020,gradient_boosting_stumps_numpy,1,0.6531326951803195,1,True
141402,later_persistent_delinquency_contact_2000_2020,gradient_boosting_stumps_numpy,0,0.27321324014272375,0,True
454401,later_persistent_delinquency_contact_2000_2020,gradient_boosting_stumps_numpy,0,0.26957509680766356,0,True
136201,later_persistent_delinquency_contact_2000_2020,gradient_boosting_stumps_numpy,1,0.6951583556133828,1,True
391901,later_persistent_delinquency_contact_2000_2020,gradient_boosting_stumps_numpy,0,0.45660354594174746,0,True
20402,later_persistent_delinquency_contact_2000_2020,gradient_boosting_stumps_numpy,0,0.3502354542336475,0,True
375601,later_persistent_delinquency_contact_2000_2020,gradient_boosting_stumps_numpy,1,0.26957509680766356,0,False
427201,later_persistent_delinquency_contact_2000_2020,gradient_boosting_stumps_numpy,1,0.6796810957840221,1,True
27202,later_persistent_delinquency_contact_2000_2020,gradient_boosting_stumps_numpy,1,0.6051865111355619,1,True
294902,later_persistent_delinquency_contact_2000_2020,gradient_boosting_stumps_numpy,1,0.6612967211914934,1,True
439104,later_persistent_delinquency_contact_2000_2020,gradient_boosting_stumps_numpy,1,0.6874247325058647,1,True
300403,later_persistent_delinquency_contact_2000_2020,gradient_boosting_stumps_numpy,1,0.43879245432017683,0,False
278501,later_persistent_delinquency_contact_2000_2020,gradient_boosting_stumps_numpy,0,0.27321324014272375,0,True
80402,later_persistent_delinquency_contact_2000_2020,gradient_boosting_stumps_numpy,1,0.6531326951803195,1,True
471403,later_persistent_delinquency_contact_2000_2020,gradient_boosting_stumps_numpy,1,0.6951583556133828,1,True
495404,later_persistent_delinquency_contact_2000_2020,gradient_boosting_stumps_numpy,1,0.6449782650889719,1,True
99502,later_persistent_delinquency_contact_2000_2020,gradient_boosting_stumps_numpy,0,0.26957509680766356,0,True
482602,later_persistent_delinquency_contact_2000_2020,gradient_boosting_stumps_numpy,1,0.6796810957840221,1,True
270401,later_persistent_delinquency_contact_2000_2020,gradient_boosting_stumps_numpy,0,0.6449782650889719,1,False
495502,later_persistent_delinquency_contact_2000_2020,gradient_boosting_stumps_numpy,0,0.6449782650889719,1,False
15701,later_persistent_delinquency_contact_2000_2020,gradient_boosting_stumps_numpy,0,0.4368511895554584,0,True
283401,later_persistent_delinquency_contact_2000_2020,gradient_boosting_stumps_numpy,0,0.2541296827232477,0,True
248203,later_persistent_delinquency_contact_2000_2020,gradient_boosting_stumps_numpy,0,0.26957509680766356,0,True
129503,later_persistent_delinquency_contact_2000_2020,gradient_boosting_stumps_numpy,1,0.6951583556133828,1,True
57901,later_persistent_delinquency_contact_2000_2020,gradient_boosting_stumps_numpy,1,0.6951583556133828,1,True
239901,later_persistent_delinquency_contact_2000_2020,gradient_boosting_stumps_numpy,1,0.27321324014272375,0,False
339703,later_persistent_delinquency_contact_2000_2020,gradient_boosting_stumps_numpy,1,0.7026914991492642,1,True
379302,later_persistent_delinquency_contact_2000_2020,gradient_boosting_stumps_numpy,0,0.6951583556133828,1,False
44902,later_persistent_delinquency_contact_2000_2020,gradient_boosting_stumps_numpy,1,0.6449782650889719,1,True
489901,later_persistent_delinquency_contact_2000_2020,gradient_boosting_stumps_numpy,0,0.4368511895554584,0,True
374002,later_persistent_delinquency_contact_2000_2020,gradient_boosting_stumps_numpy,1,0.7026914991492642,1,True
441602,later_persistent_delinquency_contact_2000_2020,gradient_boosting_stumps_numpy,0,0.27321324014272375,0,True
428203,later_persistent_delinquency_contact_2000_2020,gradient_boosting_stumps_numpy,0,0.6874247325058647,1,False
141405,later_persistent_delinquency_contact_2000_2020,gradient_boosting_stumps_numpy,0,0.3381283483927029,0,True
452501,later_persistent_delinquency_contact_2000_2020,gradient_boosting_stumps_numpy,0,0.6874247325058647,1,False
260702,later_persistent_delinquency_contact_2000_2020,gradient_boosting_stumps_numpy,1,0.6796810957840221,1,True
88602,later_persistent_delinquency_contact_2000_2020,gradient_boosting_stumps_numpy,1,0.6449782650889719,1,True
265505,later_persistent_delinquency_contact_2000_2020,gradient_boosting_stumps_numpy,1,0.6449782650889719,1,True
199401,later_persistent_delinquency_contact_2000_2020,gradient_boosting_stumps_numpy,0,0.2541296827232477,0,True
492002,later_persistent_delinquency_contact_2000_2020,gradient_boosting_stumps_numpy,0,0.257632900525524,0,True
143801,later_persistent_delinquency_contact_2000_2020,gradient_boosting_stumps_numpy,0,0.27321324014272375,0,True
466301,later_persistent_delinquency_contact_2000_2020,gradient_boosting_stumps_numpy,1,0.6796810957840221,1,True
472402,later_persistent_delinquency_contact_2000_2020,gradient_boosting_stumps_numpy,1,0.2541296827232477,0,False
468302,later_persistent_delinquency_contact_2000_2020,gradient_boosting_stumps_numpy,1,0.6449782650889719,1,True
129002,later_persistent_delinquency_contact_2000_2020,gradient_boosting_stumps_numpy,1,0.4368511895554584,0,False
378602,later_persistent_delinquency_contact_2000_2020,gradient_boosting_stumps_numpy,1,0.6796810957840221,1,True
319001,later_persistent_delinquency_contact_2000_2020,gradient_boosting_stumps_numpy,0,0.2541296827232477,0,True
420303,later_persistent_delinquency_contact_2000_2020,gradient_boosting_stumps_numpy,1,0.6796810957840221,1,True
199501,later_persistent_delinquency_contact_2000_2020,gradient_boosting_stumps_numpy,1,0.6449782650889719,1,True
400701,later_persistent_delinquency_contact_2000_2020,gradient_boosting_stumps_numpy,0,0.257632900525524,0,True
159604,later_persistent_delinquency_contact_2000_2020,gradient_boosting_stumps_numpy,1,0.3322708818237784,0,False
265506,later_persistent_delinquency_contact_2000_2020,gradient_boosting_stumps_numpy,0,0.6449782650889719,1,False
463103,later_persistent_delinquency_contact_2000_2020,gradient_boosting_stumps_numpy,0,0.6449782650889719,1,False
226001,later_persistent_delinquency_contact_2000_2020,gradient_boosting_stumps_numpy,0,0.27321324014272375,0,True
164901,later_persistent_delinquency_contact_2000_2020,gradient_boosting_stumps_numpy,1,0.2541296827232477,0,False
180302,later_persistent_delinquency_contact_2000_2020,gradient_boosting_stumps_numpy,1,0.6449782650889719,1,True
266301,later_persistent_delinquency_contact_2000_2020,gradient_boosting_stumps_numpy,0,0.27321324014272375,0,True
122701,later_persistent_delinquency_contact_2000_2020,gradient_boosting_stumps_numpy,0,0.27321324014272375,0,True
103801,later_persistent_delinquency_contact_2000_2020,gradient_boosting_stumps_numpy,1,0.6874247325058647,1,True
304702,later_persistent_delinquency_contact_2000_2020,gradient_boosting_stumps_numpy,0,0.27321324014272375,0,True
331501,later_persistent_delinquency_contact_2000_2020,gradient_boosting_stumps_numpy,0,0.26957509680766356,0,True
365901,later_persistent_delinquency_contact_2000_2020,gradient_boosting_stumps_numpy,0,0.2541296827232477,0,True
208802,later_persistent_delinquency_contact_2000_2020,gradient_boosting_stumps_numpy,0,0.6951583556133828,1,False
224702,later_persistent_delinquency_contact_2000_2020,gradient_boosting_stumps_numpy,1,0.6449782650889719,1,True
108805,later_persistent_delinquency_contact_2000_2020,gradient_boosting_stumps_numpy,0,0.6449782650889719,1,False
279203,later_persistent_delinquency_contact_2000_2020,gradient_boosting_stumps_numpy,1,0.6070694351728301,1,True
394802,later_persistent_delinquency_contact_2000_2020,gradient_boosting_stumps_numpy,0,0.27321324014272375,0,True
213701,later_persistent_delinquency_contact_2000_2020,gradient_boosting_stumps_numpy,0,0.2541296827232477,0,True
47501,later_persistent_delinquency_contact_2000_2020,gradient_boosting_stumps_numpy,1,0.6449782650889719,1,True
205001,later_persistent_delinquency_contact_2000_2020,gradient_boosting_stumps_numpy,0,0.26957509680766356,0,True
361102,later_persistent_delinquency_contact_2000_2020,gradient_boosting_stumps_numpy,0,0.41921617629914787,0,True
25405,later_persistent_delinquency_contact_2000_2020,gradient_boosting_stumps_numpy,1,0.6449782650889719,1,True
353701,later_persistent_delinquency_contact_2000_2020,gradient_boosting_stumps_numpy,1,0.6070694351728301,1,True
395303,later_persistent_delinquency_contact_2000_2020,gradient_boosting_stumps_numpy,1,0.6874247325058647,1,True
28802,later_persistent_delinquency_contact_2000_2020,gradient_boosting_stumps_numpy,1,0.6070694351728301,1,True
375303,later_persistent_delinquency_contact_2000_2020,gradient_boosting_stumps_numpy,0,0.31648502817690455,0,True
471402,later_persistent_delinquency_contact_2000_2020,gradient_boosting_stumps_numpy,1,0.7026914991492642,1,True
126902,later_persistent_delinquency_contact_2000_2020,gradient_boosting_stumps_numpy,0,0.32047848881217716,0,True
84301,later_persistent_delinquency_contact_2000_2020,gradient_boosting_stumps_numpy,0,0.26957509680766356,0,True
245903,later_persistent_delinquency_contact_2000_2020,gradient_boosting_stumps_numpy,1,0.6531326951803195,1,True
215304,later_persistent_delinquency_contact_2000_2020,gradient_boosting_stumps_numpy,1,0.6951583556133828,1,True
24401,later_persistent_delinquency_contact_2000_2020,gradient_boosting_stumps_numpy,0,0.27321324014272375,0,True
391301,later_persistent_delinquency_contact_2000_2020,gradient_boosting_stumps_numpy,1,0.6449782650889719,1,True
376901,later_persistent_delinquency_contact_2000_2020,gradient_boosting_stumps_numpy,0,0.26957509680766356,0,True
41601,later_persistent_delinquency_contact_2000_2020,gradient_boosting_stumps_numpy,1,0.31648502817690455,0,False
335503,later_persistent_delinquency_contact_2000_2020,gradient_boosting_stumps_numpy,0,0.6874247325058647,1,False
196201,later_persistent_delinquency_contact_2000_2020,gradient_boosting_stumps_numpy,0,0.257632900525524,0,True
320101,later_persistent_delinquency_contact_2000_2020,gradient_boosting_stumps_numpy,0,0.27321324014272375,0,True
498102,later_persistent_delinquency_contact_2000_2020,gradient_boosting_stumps_numpy,1,0.3322708818237784,0,False
63502,later_persistent_delinquency_contact_2000_2020,gradient_boosting_stumps_numpy,0,0.26957509680766356,0,True
309801,later_persistent_delinquency_contact_2000_2020,gradient_boosting_stumps_numpy,1,0.6051865111355619,1,True
132801,later_persistent_delinquency_contact_2000_2020,gradient_boosting_stumps_numpy,0,0.6449782650889719,1,False
108802,later_persistent_delinquency_contact_2000_2020,gradient_boosting_stumps_numpy,1,0.7026914991492642,1,True
179401,later_persistent_delinquency_contact_2000_2020,gradient_boosting_stumps_numpy,1,0.45660354594174746,0,False
273701,later_persistent_delinquency_contact_2000_2020,gradient_boosting_stumps_numpy,1,0.26957509680766356,0,False
129703,later_persistent_delinquency_contact_2000_2020,gradient_boosting_stumps_numpy,0,0.45660354594174746,0,True
410302,later_persistent_delinquency_contact_2000_2020,gradient_boosting_stumps_numpy,1,0.6449782650889719,1,True
379402,later_persistent_delinquency_contact_2000_2020,gradient_boosting_stumps_numpy,1,0.6796810957840221,1,True
240002,later_persistent_delinquency_contact_2000_2020,gradient_boosting_stumps_numpy,1,0.6951583556133828,1,True
343203,later_persistent_delinquency_contact_2000_2020,gradient_boosting_stumps_numpy,0,0.6449782650889719,1,False
77503,later_persistent_delinquency_contact_2000_2020,gradient_boosting_stumps_numpy,1,0.6070694351728301,1,True
326805,later_persistent_delinquency_contact_2000_2020,gradient_boosting_stumps_numpy,1,0.6874247325058647,1,True
26503,later_persistent_delinquency_contact_2000_2020,gradient_boosting_stumps_numpy,0,0.6796810957840221,1,False
447304,later_persistent_delinquency_contact_2000_2020,gradient_boosting_stumps_numpy,1,0.6449782650889719,1,True
473303,later_persistent_delinquency_contact_2000_2020,gradient_boosting_stumps_numpy,1,0.6241148705755858,1,True
34001,later_persistent_delinquency_contact_2000_2020,gradient_boosting_stumps_numpy,0,0.27321324014272375,0,True
230101,later_persistent_delinquency_contact_2000_2020,gradient_boosting_stumps_numpy,0,0.43879245432017683,0,True
158402,later_persistent_delinquency_contact_2000_2020,gradient_boosting_stumps_numpy,1,0.6692685333083949,1,True
301301,later_persistent_delinquency_contact_2000_2020,gradient_boosting_stumps_numpy,0,0.6449782650889719,1,False
177002,later_persistent_delinquency_contact_2000_2020,gradient_boosting_stumps_numpy,0,0.45660354594174746,0,True
288301,later_persistent_delinquency_contact_2000_2020,gradient_boosting_stumps_numpy,1,0.7026914991492642,1,True
159301,later_persistent_delinquency_contact_2000_2020,gradient_boosting_stumps_numpy,0,0.3381283483927029,0,True
200210,later_persistent_delinquency_contact_2000_2020,gradient_boosting_stumps_numpy,1,0.6449782650889719,1,True
342202,later_persistent_delinquency_contact_2000_2020,gradient_boosting_stumps_numpy,0,0.6449782650889719,1,False
28806,later_persistent_delinquency_contact_2000_2020,gradient_boosting_stumps_numpy,0,0.6449782650889719,1,False
421204,later_persistent_delinquency_contact_2000_2020,gradient_boosting_stumps_numpy,1,0.7026914991492642,1,True
100901,later_persistent_delinquency_contact_2000_2020,gradient_boosting_stumps_numpy,0,0.27321324014272375,0,True
129504,later_persistent_delinquency_contact_2000_2020,gradient_boosting_stumps_numpy,0,0.6449782650889719,1,False
471103,later_persistent_delinquency_contact_2000_2020,gradient_boosting_stumps_numpy,1,0.6874247325058647,1,True
122702,later_persistent_delinquency_contact_2000_2020,gradient_boosting_stumps_numpy,0,0.27321324014272375,0,True
396402,later_persistent_delinquency_contact_2000_2020,gradient_boosting_stumps_numpy,0,0.6449782650889719,1,False
213702,later_persistent_delinquency_contact_2000_2020,gradient_boosting_stumps_numpy,0,0.41921617629914787,0,True
273101,later_persistent_delinquency_contact_2000_2020,gradient_boosting_stumps_numpy,1,0.6531326951803195,1,True
213001,later_persistent_delinquency_contact_2000_2020,gradient_boosting_stumps_numpy,0,0.26957509680766356,0,True
155901,later_persistent_delinquency_contact_2000_2020,gradient_boosting_stumps_numpy,1,0.27321324014272375,0,False
145504,later_persistent_delinquency_contact_2000_2020,gradient_boosting_stumps_numpy,0,0.2541296827232477,0,True
365002,later_persistent_delinquency_contact_2000_2020,gradient_boosting_stumps_numpy,0,0.45660354594174746,0,True
290902,later_persistent_delinquency_contact_2000_2020,gradient_boosting_stumps_numpy,0,0.6874247325058647,1,False
199002,later_persistent_delinquency_contact_2000_2020,gradient_boosting_stumps_numpy,0,0.257632900525524,0,True
215801,later_persistent_delinquency_contact_2000_2020,gradient_boosting_stumps_numpy,0,0.2541296827232477,0,True
161001,later_persistent_delinquency_contact_2000_2020,gradient_boosting_stumps_numpy,0,0.2541296827232477,0,True
58802,later_persistent_delinquency_contact_2000_2020,gradient_boosting_stumps_numpy,0,0.27321324014272375,0,True
361401,later_persistent_delinquency_contact_2000_2020,gradient_boosting_stumps_numpy,0,0.2541296827232477,0,True
93601,later_persistent_delinquency_contact_2000_2020,gradient_boosting_stumps_numpy,1,0.6070694351728301,1,True
247802,later_persistent_delinquency_contact_2000_2020,gradient_boosting_stumps_numpy,1,0.5878495583986331,1,True
435401,later_persistent_delinquency_contact_2000_2020,gradient_boosting_stumps_numpy,0,0.2541296827232477,0,True
87604,later_persistent_delinquency_contact_2000_2020,gradient_boosting_stumps_numpy,0,0.6449782650889719,1,False
14403,later_persistent_delinquency_contact_2000_2020,gradient_boosting_stumps_numpy,0,0.6449782650889719,1,False
96201,later_persistent_delinquency_contact_2000_2020,gradient_boosting_stumps_numpy,0,0.2541296827232477,0,True
469003,later_persistent_delinquency_contact_2000_2020,gradient_boosting_stumps_numpy,1,0.6874247325058647,1,True
267503,later_persistent_delinquency_contact_2000_2020,gradient_boosting_stumps_numpy,1,0.6796810957840221,1,True
356001,later_persistent_delinquency_contact_2000_2020,gradient_boosting_stumps_numpy,0,0.26957509680766356,0,True
383903,later_persistent_delinquency_contact_2000_2020,gradient_boosting_stumps_numpy,1,0.7026914991492642,1,True
223702,later_persistent_delinquency_contact_2000_2020,gradient_boosting_stumps_numpy,1,0.7026914991492642,1,True
58801,later_persistent_delinquency_contact_2000_2020,gradient_boosting_stumps_numpy,0,0.257632900525524,0,True
188501,later_persistent_delinquency_contact_2000_2020,gradient_boosting_stumps_numpy,1,0.6796810957840221,1,True
141001,later_persistent_delinquency_contact_2000_2020,gradient_boosting_stumps_numpy,0,0.2541296827232477,0,True
377201,later_persistent_delinquency_contact_2000_2020,gradient_boosting_stumps_numpy,1,0.43879245432017683,0,False
360102,later_persistent_delinquency_contact_2000_2020,gradient_boosting_stumps_numpy,1,0.6874247325058647,1,True
195302,later_persistent_delinquency_contact_2000_2020,gradient_boosting_stumps_numpy,1,0.6449782650889719,1,True
374101,later_persistent_delinquency_contact_2000_2020,gradient_boosting_stumps_numpy,0,0.6692685333083949,1,False
406503,later_persistent_delinquency_contact_2000_2020,gradient_boosting_stumps_numpy,1,0.6449782650889719,1,True
285501,later_persistent_delinquency_contact_2000_2020,gradient_boosting_stumps_numpy,1,0.32047848881217716,0,False
151902,later_persistent_delinquency_contact_2000_2020,gradient_boosting_stumps_numpy,0,0.257632900525524,0,True
280802,later_persistent_delinquency_contact_2000_2020,gradient_boosting_stumps_numpy,1,0.6796810957840221,1,True
308001,later_persistent_delinquency_contact_2000_2020,gradient_boosting_stumps_numpy,1,0.6874247325058647,1,True
475702,later_persistent_delinquency_contact_2000_2020,gradient_boosting_stumps_numpy,0,0.6796810957840221,1,False
120002,later_persistent_delinquency_contact_2000_2020,gradient_boosting_stumps_numpy,1,0.6874247325058647,1,True
176801,later_persistent_delinquency_contact_2000_2020,gradient_boosting_stumps_numpy,1,0.6874247325058647,1,True
359704,later_persistent_delinquency_contact_2000_2020,gradient_boosting_stumps_numpy,1,0.6612967211914934,1,True
267002,later_persistent_delinquency_contact_2000_2020,gradient_boosting_stumps_numpy,1,0.6796810957840221,1,True
131002,later_persistent_delinquency_contact_2000_2020,gradient_boosting_stumps_numpy,0,0.6449782650889719,1,False
44201,later_persistent_delinquency_contact_2000_2020,gradient_boosting_stumps_numpy,0,0.26957509680766356,0,True
495304,later_persistent_delinquency_contact_2000_2020,gradient_boosting_stumps_numpy,1,0.6796810957840221,1,True
392901,later_persistent_delinquency_contact_2000_2020,gradient_boosting_stumps_numpy,0,0.2541296827232477,0,True
217501,later_persistent_delinquency_contact_2000_2020,gradient_boosting_stumps_numpy,0,0.26957509680766356,0,True
102503,later_persistent_delinquency_contact_2000_2020,gradient_boosting_stumps_numpy,0,0.27321324014272375,0,True
341202,later_persistent_delinquency_contact_2000_2020,gradient_boosting_stumps_numpy,1,0.35443395095433133,0,False
270501,later_persistent_delinquency_contact_2000_2020,gradient_boosting_stumps_numpy,1,0.257632900525524,0,False
422402,later_persistent_delinquency_contact_2000_2020,gradient_boosting_stumps_numpy,1,0.6796810957840221,1,True
337105,later_persistent_delinquency_contact_2000_2020,gradient_boosting_stumps_numpy,0,0.6449782650889719,1,False
238301,later_persistent_delinquency_contact_2000_2020,gradient_boosting_stumps_numpy,0,0.257632900525524,0,True
200301,later_persistent_delinquency_contact_2000_2020,gradient_boosting_stumps_numpy,0,0.6449782650889719,1,False
13802,later_persistent_delinquency_contact_2000_2020,gradient_boosting_stumps_numpy,1,0.6796810957840221,1,True
429501,later_persistent_delinquency_contact_2000_2020,gradient_boosting_stumps_numpy,0,0.26957509680766356,0,True
276901,later_persistent_delinquency_contact_2000_2020,gradient_boosting_stumps_numpy,0,0.257632900525524,0,True
360103,later_persistent_delinquency_contact_2000_2020,gradient_boosting_stumps_numpy,1,0.6796810957840221,1,True
440002,later_persistent_delinquency_contact_2000_2020,gradient_boosting_stumps_numpy,0,0.27321324014272375,0,True
207902,later_persistent_delinquency_contact_2000_2020,gradient_boosting_stumps_numpy,0,0.6796810957840221,1,False
483701,later_persistent_delinquency_contact_2000_2020,gradient_boosting_stumps_numpy,0,0.2541296827232477,0,True
204901,later_persistent_delinquency_contact_2000_2020,gradient_boosting_stumps_numpy,1,0.6796810957840221,1,True
342402,later_persistent_delinquency_contact_2000_2020,gradient_boosting_stumps_numpy,1,0.6874247325058647,1,True
28502,later_persistent_delinquency_contact_2000_2020,gradient_boosting_stumps_numpy,0,0.27321324014272375,0,True
463702,later_persistent_delinquency_contact_2000_2020,gradient_boosting_stumps_numpy,1,0.41921617629914787,0,False
465703,later_persistent_delinquency_contact_2000_2020,gradient_boosting_stumps_numpy,1,0.7026914991492642,1,True
444503,later_persistent_delinquency_contact_2000_2020,gradient_boosting_stumps_numpy,1,0.6449782650889719,1,True
143803,later_persistent_delinquency_contact_2000_2020,gradient_boosting_stumps_numpy,1,0.7026914991492642,1,True
16702,later_persistent_delinquency_contact_2000_2020,gradient_boosting_stumps_numpy,1,0.6796810957840221,1,True
58804,later_persistent_delinquency_contact_2000_2020,gradient_boosting_stumps_numpy,1,0.6796810957840221,1,True
83102,later_persistent_delinquency_contact_2000_2020,gradient_boosting_stumps_numpy,1,0.6612967211914934,1,True
43902,later_persistent_delinquency_contact_2000_2020,gradient_boosting_stumps_numpy,1,0.6449782650889719,1,True
463104,later_persistent_delinquency_contact_2000_2020,gradient_boosting_stumps_numpy,0,0.6449782650889719,1,False
236201,later_persistent_delinquency_contact_2000_2020,gradient_boosting_stumps_numpy,1,0.27321324014272375,0,False
344603,later_persistent_delinquency_contact_2000_2020,gradient_boosting_stumps_numpy,0,0.6449782650889719,1,False
366902,later_persistent_delinquency_contact_2000_2020,gradient_boosting_stumps_numpy,0,0.7026914991492642,1,False
271001,later_persistent_delinquency_contact_2000_2020,gradient_boosting_stumps_numpy,0,0.2541296827232477,0,True
223701,later_persistent_delinquency_contact_2000_2020,gradient_boosting_stumps_numpy,1,0.6692685333083949,1,True
50601,later_persistent_delinquency_contact_2000_2020,gradient_boosting_stumps_numpy,0,0.6796810957840221,1,False
354601,later_persistent_delinquency_contact_2000_2020,gradient_boosting_stumps_numpy,0,0.6531326951803195,1,False
469102,later_persistent_delinquency_contact_2000_2020,gradient_boosting_stumps_numpy,0,0.6449782650889719,1,False
228101,later_persistent_delinquency_contact_2000_2020,gradient_boosting_stumps_numpy,0,0.26957509680766356,0,True
116501,later_persistent_delinquency_contact_2000_2020,gradient_boosting_stumps_numpy,0,0.26957509680766356,0,True
83602,later_persistent_delinquency_contact_2000_2020,gradient_boosting_stumps_numpy,1,0.6951583556133828,1,True
348103,later_persistent_delinquency_contact_2000_2020,gradient_boosting_stumps_numpy,1,0.6874247325058647,1,True
341301,later_persistent_delinquency_contact_2000_2020,gradient_boosting_stumps_numpy,0,0.26957509680766356,0,True
478702,later_persistent_delinquency_contact_2000_2020,gradient_boosting_stumps_numpy,1,0.27321324014272375,0,False
180401,later_persistent_delinquency_contact_2000_2020,gradient_boosting_stumps_numpy,1,0.5878495583986331,1,True
437102,later_persistent_delinquency_contact_2000_2020,gradient_boosting_stumps_numpy,1,0.6692685333083949,1,True
414501,later_persistent_delinquency_contact_2000_2020,gradient_boosting_stumps_numpy,1,0.6796810957840221,1,True
289202,later_persistent_delinquency_contact_2000_2020,gradient_boosting_stumps_numpy,1,0.6449782650889719,1,True
72002,later_persistent_delinquency_contact_2000_2020,gradient_boosting_stumps_numpy,0,0.27321324014272375,0,True
465301,later_persistent_delinquency_contact_2000_2020,gradient_boosting_stumps_numpy,1,0.6612967211914934,1,True
61903,later_persistent_delinquency_contact_2000_2020,gradient_boosting_stumps_numpy,0,0.2541296827232477,0,True
99202,later_persistent_delinquency_contact_2000_2020,gradient_boosting_stumps_numpy,0,0.27321324014272375,0,True
29702,later_persistent_delinquency_contact_2000_2020,gradient_boosting_stumps_numpy,1,0.6796810957840221,1,True
118902,later_persistent_delinquency_contact_2000_2020,gradient_boosting_stumps_numpy,0,0.27321324014272375,0,True
326807,later_persistent_delinquency_contact_2000_2020,gradient_boosting_stumps_numpy,1,0.6449782650889719,1,True
223401,later_persistent_delinquency_contact_2000_2020,gradient_boosting_stumps_numpy,1,0.6070694351728301,1,True
225701,later_persistent_delinquency_contact_2000_2020,gradient_boosting_stumps_numpy,1,0.2541296827232477,0,False
187603,later_persistent_delinquency_contact_2000_2020,gradient_boosting_stumps_numpy,0,0.257632900525524,0,True
365101,later_persistent_delinquency_contact_2000_2020,gradient_boosting_stumps_numpy,0,0.2541296827232477,0,True
101501,later_persistent_delinquency_contact_2000_2020,gradient_boosting_stumps_numpy,0,0.31648502817690455,0,True
231701,later_persistent_delinquency_contact_2000_2020,gradient_boosting_stumps_numpy,0,0.6531326951803195,1,False
373801,later_persistent_delinquency_contact_2000_2020,gradient_boosting_stumps_numpy,0,0.27321324014272375,0,True
272001,later_persistent_delinquency_contact_2000_2020,gradient_boosting_stumps_numpy,0,0.27321324014272375,0,True
48502,later_persistent_delinquency_contact_2000_2020,gradient_boosting_stumps_numpy,0,0.6874247325058647,1,False
229001,later_persistent_delinquency_contact_2000_2020,gradient_boosting_stumps_numpy,1,0.7026914991492642,1,True
356002,later_persistent_delinquency_contact_2000_2020,gradient_boosting_stumps_numpy,0,0.6449782650889719,1,False
495701,later_persistent_delinquency_contact_2000_2020,gradient_boosting_stumps_numpy,1,0.27321324014272375,0,False
177602,later_persistent_delinquency_contact_2000_2020,gradient_boosting_stumps_numpy,1,0.6796810957840221,1,True
291901,later_persistent_delinquency_contact_2000_2020,gradient_boosting_stumps_numpy,0,0.6449782650889719,1,False
356501,later_persistent_delinquency_contact_2000_2020,gradient_boosting_stumps_numpy,0,0.257632900525524,0,True
297901,later_persistent_delinquency_contact_2000_2020,gradient_boosting_stumps_numpy,1,0.6796810957840221,1,True
259201,later_persistent_delinquency_contact_2000_2020,gradient_boosting_stumps_numpy,0,0.257632900525524,0,True
498901,later_persistent_delinquency_contact_2000_2020,gradient_boosting_stumps_numpy,0,0.6449782650889719,1,False
159607,later_persistent_delinquency_contact_2000_2020,gradient_boosting_stumps_numpy,1,0.6692685333083949,1,True
328702,later_persistent_delinquency_contact_2000_2020,gradient_boosting_stumps_numpy,1,0.6449782650889719,1,True
399301,later_persistent_delinquency_contact_2000_2020,gradient_boosting_stumps_numpy,0,0.27321324014272375,0,True
178903,later_persistent_delinquency_contact_2000_2020,gradient_boosting_stumps_numpy,0,0.6796810957840221,1,False
460001,later_persistent_delinquency_contact_2000_2020,gradient_boosting_stumps_numpy,0,0.32047848881217716,0,True
427703,later_persistent_delinquency_contact_2000_2020,gradient_boosting_stumps_numpy,0,0.257632900525524,0,True
190502,later_persistent_delinquency_contact_2000_2020,gradient_boosting_stumps_numpy,1,0.6449782650889719,1,True
294804,later_persistent_delinquency_contact_2000_2020,gradient_boosting_stumps_numpy,1,0.6874247325058647,1,True
328701,later_persistent_delinquency_contact_2000_2020,gradient_boosting_stumps_numpy,0,0.27321324014272375,0,True
343303,later_persistent_delinquency_contact_2000_2020,gradient_boosting_stumps_numpy,1,0.6874247325058647,1,True
463703,later_persistent_delinquency_contact_2000_2020,gradient_boosting_stumps_numpy,1,0.6796810957840221,1,True
5802,later_persistent_delinquency_contact_2000_2020,gradient_boosting_stumps_numpy,0,0.31648502817690455,0,True
251503,later_persistent_delinquency_contact_2000_2020,gradient_boosting_stumps_numpy,0,0.6796810957840221,1,False
277102,later_persistent_delinquency_contact_2000_2020,gradient_boosting_stumps_numpy,1,0.6449782650889719,1,True
94201,later_persistent_delinquency_contact_2000_2020,gradient_boosting_stumps_numpy,1,0.6531326951803195,1,True
60801,later_persistent_delinquency_contact_2000_2020,gradient_boosting_stumps_numpy,1,0.5878495583986331,1,True
24201,later_persistent_delinquency_contact_2000_2020,gradient_boosting_stumps_numpy,1,0.6070694351728301,1,True
221503,later_persistent_delinquency_contact_2000_2020,gradient_boosting_stumps_numpy,0,0.6449782650889719,1,False
315502,later_persistent_delinquency_contact_2000_2020,gradient_boosting_stumps_numpy,1,0.6796810957840221,1,True
144003,later_persistent_delinquency_contact_2000_2020,gradient_boosting_stumps_numpy,0,0.31648502817690455,0,True
252802,later_persistent_delinquency_contact_2000_2020,gradient_boosting_stumps_numpy,0,0.45660354594174746,0,True
43801,later_persistent_delinquency_contact_2000_2020,gradient_boosting_stumps_numpy,1,0.6874247325058647,1,True
27802,later_persistent_delinquency_contact_2000_2020,gradient_boosting_stumps_numpy,1,0.6951583556133828,1,True
271203,later_persistent_delinquency_contact_2000_2020,gradient_boosting_stumps_numpy,1,0.6951583556133828,1,True
119501,later_persistent_delinquency_contact_2000_2020,gradient_boosting_stumps_numpy,0,0.6449782650889719,1,False
139103,later_persistent_delinquency_contact_2000_2020,gradient_boosting_stumps_numpy,0,0.26957509680766356,0,True
297801,later_persistent_delinquency_contact_2000_2020,gradient_boosting_stumps_numpy,0,0.31648502817690455,0,True
140107,later_persistent_delinquency_contact_2000_2020,gradient_boosting_stumps_numpy,0,0.43879245432017683,0,True
420801,later_persistent_delinquency_contact_2000_2020,gradient_boosting_stumps_numpy,1,0.6796810957840221,1,True
241602,later_persistent_delinquency_contact_2000_2020,gradient_boosting_stumps_numpy,1,0.6874247325058647,1,True
182901,later_persistent_delinquency_contact_2000_2020,gradient_boosting_stumps_numpy,0,0.27321324014272375,0,True
373901,later_persistent_delinquency_contact_2000_2020,gradient_boosting_stumps_numpy,1,0.6796810957840221,1,True
80102,later_persistent_delinquency_contact_2000_2020,gradient_boosting_stumps_numpy,1,0.3381283483927029,0,False
429101,later_persistent_delinquency_contact_2000_2020,gradient_boosting_stumps_numpy,1,0.27321324014272375,0,False
457802,later_persistent_delinquency_contact_2000_2020,gradient_boosting_stumps_numpy,1,0.6796810957840221,1,True
70302,later_persistent_delinquency_contact_2000_2020,gradient_boosting_stumps_numpy,1,0.5878495583986331,1,True
22703,later_persistent_delinquency_contact_2000_2020,gradient_boosting_stumps_numpy,1,0.477316772934398,0,False
429602,later_persistent_delinquency_contact_2000_2020,gradient_boosting_stumps_numpy,1,0.6796810957840221,1,True
20001,later_persistent_delinquency_contact_2000_2020,gradient_boosting_stumps_numpy,0,0.26957509680766356,0,True
355701,later_persistent_delinquency_contact_2000_2020,gradient_boosting_stumps_numpy,1,0.7026914991492642,1,True
194001,later_persistent_delinquency_contact_2000_2020,gradient_boosting_stumps_numpy,1,0.6155756131646035,1,True
125301,later_persistent_delinquency_contact_2000_2020,gradient_boosting_stumps_numpy,1,0.6531326951803195,1,True
203001,later_persistent_delinquency_contact_2000_2020,gradient_boosting_stumps_numpy,1,0.6449782650889719,1,True
165006,later_persistent_delinquency_contact_2000_2020,gradient_boosting_stumps_numpy,1,0.6449782650889719,1,True
272701,later_persistent_delinquency_contact_2000_2020,gradient_boosting_stumps_numpy,0,0.6449782650889719,1,False
103003,later_persistent_delinquency_contact_2000_2020,gradient_boosting_stumps_numpy,1,0.6612967211914934,1,True
380401,later_persistent_delinquency_contact_2000_2020,gradient_boosting_stumps_numpy,1,0.6874247325058647,1,True
370502,later_persistent_delinquency_contact_2000_2020,gradient_boosting_stumps_numpy,0,0.26957509680766356,0,True
326002,later_persistent_delinquency_contact_2000_2020,gradient_boosting_stumps_numpy,0,0.26957509680766356,0,True
83401,later_persistent_delinquency_contact_2000_2020,gradient_boosting_stumps_numpy,0,0.257632900525524,0,True
150702,later_persistent_delinquency_contact_2000_2020,gradient_boosting_stumps_numpy,1,0.6951583556133828,1,True
345403,later_persistent_delinquency_contact_2000_2020,gradient_boosting_stumps_numpy,0,0.5878495583986331,1,False
463102,later_persistent_delinquency_contact_2000_2020,gradient_boosting_stumps_numpy,1,0.6874247325058647,1,True
423104,later_persistent_delinquency_contact_2000_2020,gradient_boosting_stumps_numpy,1,0.6449782650889719,1,True
33801,later_persistent_delinquency_contact_2000_2020,gradient_boosting_stumps_numpy,0,0.26957509680766356,0,True
15802,later_persistent_delinquency_contact_2000_2020,gradient_boosting_stumps_numpy,0,0.6874247325058647,1,False
407701,later_persistent_delinquency_contact_2000_2020,gradient_boosting_stumps_numpy,1,0.6070694351728301,1,True
322501,later_persistent_delinquency_contact_2000_2020,gradient_boosting_stumps_numpy,0,0.43879245432017683,0,True
104903,later_persistent_delinquency_contact_2000_2020,gradient_boosting_stumps_numpy,1,0.6449782650889719,1,True
81202,later_persistent_delinquency_contact_2000_2020,gradient_boosting_stumps_numpy,1,0.6531326951803195,1,True
497404,later_persistent_delinquency_contact_2000_2020,gradient_boosting_stumps_numpy,1,0.6051865111355619,1,True
116801,later_persistent_delinquency_contact_2000_2020,gradient_boosting_stumps_numpy,0,0.27321324014272375,0,True
191201,later_persistent_delinquency_contact_2000_2020,gradient_boosting_stumps_numpy,1,0.6951583556133828,1,True
472701,later_persistent_delinquency_contact_2000_2020,gradient_boosting_stumps_numpy,0,0.26957509680766356,0,True
272302,later_persistent_delinquency_contact_2000_2020,gradient_boosting_stumps_numpy,1,0.6796810957840221,1,True
344704,later_persistent_delinquency_contact_2000_2020,gradient_boosting_stumps_numpy,1,0.6796810957840221,1,True
22901,later_persistent_delinquency_contact_2000_2020,gradient_boosting_stumps_numpy,1,0.6951583556133828,1,True
24904,later_persistent_delinquency_contact_2000_2020,gradient_boosting_stumps_numpy,1,0.6449782650889719,1,True
279201,later_persistent_delinquency_contact_2000_2020,gradient_boosting_stumps_numpy,0,0.27321324014272375,0,True
446502,later_persistent_delinquency_contact_2000_2020,gradient_boosting_stumps_numpy,1,0.6449782650889719,1,True
106503,later_persistent_delinquency_contact_2000_2020,gradient_boosting_stumps_numpy,1,0.6796810957840221,1,True
224902,later_persistent_delinquency_contact_2000_2020,gradient_boosting_stumps_numpy,1,0.6951583556133828,1,True
469203,later_persistent_delinquency_contact_2000_2020,gradient_boosting_stumps_numpy,0,0.6449782650889719,1,False
80303,later_persistent_delinquency_contact_2000_2020,gradient_boosting_stumps_numpy,1,0.7026914991492642,1,True
344501,later_persistent_delinquency_contact_2000_2020,gradient_boosting_stumps_numpy,0,0.2541296827232477,0,True
270503,later_persistent_delinquency_contact_2000_2020,gradient_boosting_stumps_numpy,1,0.6449782650889719,1,True
497303,later_persistent_delinquency_contact_2000_2020,gradient_boosting_stumps_numpy,1,0.6434292249910374,1,True
182601,later_persistent_delinquency_contact_2000_2020,gradient_boosting_stumps_numpy,0,0.2541296827232477,0,True
379301,later_persistent_delinquency_contact_2000_2020,gradient_boosting_stumps_numpy,0,0.3363655080393281,0,True
223001,later_persistent_delinquency_contact_2000_2020,gradient_boosting_stumps_numpy,1,0.6449782650889719,1,True
22801,later_persistent_delinquency_contact_2000_2020,gradient_boosting_stumps_numpy,0,0.27321324014272375,0,True
220001,later_persistent_delinquency_contact_2000_2020,gradient_boosting_stumps_numpy,0,0.6449782650889719,1,False
496202,later_persistent_delinquency_contact_2000_2020,gradient_boosting_stumps_numpy,1,0.6051865111355619,1,True
375902,later_persistent_delinquency_contact_2000_2020,gradient_boosting_stumps_numpy,0,0.43879245432017683,0,True
71301,later_persistent_delinquency_contact_2000_2020,gradient_boosting_stumps_numpy,1,0.6951583556133828,1,True
401501,later_persistent_delinquency_contact_2000_2020,gradient_boosting_stumps_numpy,0,0.27321324014272375,0,True
282301,later_persistent_delinquency_contact_2000_2020,gradient_boosting_stumps_numpy,0,0.3502354542336475,0,True
336902,later_persistent_delinquency_contact_2000_2020,gradient_boosting_stumps_numpy,1,0.6951583556133828,1,True
199302,later_persistent_delinquency_contact_2000_2020,gradient_boosting_stumps_numpy,0,0.41921617629914787,0,True
146903,later_persistent_delinquency_contact_2000_2020,gradient_boosting_stumps_numpy,0,0.27321324014272375,0,True
343601,later_persistent_delinquency_contact_2000_2020,gradient_boosting_stumps_numpy,0,0.27321324014272375,0,True
305401,later_persistent_delinquency_contact_2000_2020,gradient_boosting_stumps_numpy,1,0.6796810957840221,1,True
7801,later_persistent_delinquency_contact_2000_2020,gradient_boosting_stumps_numpy,1,0.7026914991492642,1,True
497203,later_persistent_delinquency_contact_2000_2020,gradient_boosting_stumps_numpy,1,0.6951583556133828,1,True
9102,later_persistent_delinquency_contact_2000_2020,gradient_boosting_stumps_numpy,1,0.6449782650889719,1,True
34401,later_persistent_delinquency_contact_2000_2020,gradient_boosting_stumps_numpy,1,0.7026914991492642,1,True
384301,later_persistent_delinquency_contact_2000_2020,gradient_boosting_stumps_numpy,1,0.6874247325058647,1,True
380402,later_persistent_delinquency_contact_2000_2020,gradient_boosting_stumps_numpy,1,0.6874247325058647,1,True
180402,later_persistent_delinquency_contact_2000_2020,gradient_boosting_stumps_numpy,1,0.6874247325058647,1,True
190501,later_persistent_delinquency_contact_2000_2020,gradient_boosting_stumps_numpy,1,0.6796810957840221,1,True
148203,later_persistent_delinquency_contact_2000_2020,gradient_boosting_stumps_numpy,0,0.27321324014272375,0,True
135903,later_persistent_delinquency_contact_2000_2020,gradient_boosting_stumps_numpy,1,0.6449782650889719,1,True
181801,later_persistent_delinquency_contact_2000_2020,gradient_boosting_stumps_numpy,0,0.27321324014272375,0,True
18601,later_persistent_delinquency_contact_2000_2020,gradient_boosting_stumps_numpy,1,0.7026914991492642,1,True
234003,later_persistent_delinquency_contact_2000_2020,gradient_boosting_stumps_numpy,1,0.6874247325058647,1,True
473401,later_persistent_delinquency_contact_2000_2020,gradient_boosting_stumps_numpy,0,0.27321324014272375,0,True
414803,later_persistent_delinquency_contact_2000_2020,gradient_boosting_stumps_numpy,1,0.6449782650889719,1,True
228703,later_persistent_delinquency_contact_2000_2020,gradient_boosting_stumps_numpy,1,0.6449782650889719,1,True
273703,later_persistent_delinquency_contact_2000_2020,gradient_boosting_stumps_numpy,1,0.6531326951803195,1,True
295901,later_persistent_delinquency_contact_2000_2020,gradient_boosting_stumps_numpy,1,0.6449782650889719,1,True
306901,later_persistent_delinquency_contact_2000_2020,gradient_boosting_stumps_numpy,1,0.27321324014272375,0,False
42801,later_persistent_delinquency_contact_2000_2020,gradient_boosting_stumps_numpy,0,0.2541296827232477,0,True
236001,later_persistent_delinquency_contact_2000_2020,gradient_boosting_stumps_numpy,0,0.2541296827232477,0,True
14702,later_persistent_delinquency_contact_2000_2020,gradient_boosting_stumps_numpy,1,0.6449782650889719,1,True
339302,later_persistent_delinquency_contact_2000_2020,gradient_boosting_stumps_numpy,0,0.6449782650889719,1,False
55001,later_persistent_delinquency_contact_2000_2020,gradient_boosting_stumps_numpy,0,0.27321324014272375,0,True
397202,later_persistent_delinquency_contact_2000_2020,gradient_boosting_stumps_numpy,0,0.6874247325058647,1,False
202101,later_persistent_delinquency_contact_2000_2020,gradient_boosting_stumps_numpy,0,0.27321324014272375,0,True
412002,later_persistent_delinquency_contact_2000_2020,gradient_boosting_stumps_numpy,0,0.2541296827232477,0,True
210504,later_persistent_delinquency_contact_2000_2020,gradient_boosting_stumps_numpy,1,0.6951583556133828,1,True
269201,later_persistent_delinquency_contact_2000_2020,gradient_boosting_stumps_numpy,1,0.26957509680766356,0,False
320402,later_persistent_delinquency_contact_2000_2020,gradient_boosting_stumps_numpy,1,0.6951583556133828,1,True
342304,later_persistent_delinquency_contact_2000_2020,gradient_boosting_stumps_numpy,0,0.6449782650889719,1,False
456502,later_persistent_delinquency_contact_2000_2020,gradient_boosting_stumps_numpy,1,0.6449782650889719,1,True
190401,later_persistent_delinquency_contact_2000_2020,gradient_boosting_stumps_numpy,0,0.26957509680766356,0,True
195301,later_persistent_delinquency_contact_2000_2020,gradient_boosting_stumps_numpy,1,0.6796810957840221,1,True
344703,later_persistent_delinquency_contact_2000_2020,gradient_boosting_stumps_numpy,1,0.27321324014272375,0,False
9803,later_persistent_delinquency_contact_2000_2020,gradient_boosting_stumps_numpy,1,0.6449782650889719,1,True
493401,later_persistent_delinquency_contact_2000_2020,gradient_boosting_stumps_numpy,0,0.26957509680766356,0,True
449002,later_persistent_delinquency_contact_2000_2020,gradient_boosting_stumps_numpy,0,0.2541296827232477,0,True
193703,later_persistent_delinquency_contact_2000_2020,gradient_boosting_stumps_numpy,1,0.6796810957840221,1,True
210202,later_persistent_delinquency_contact_2000_2020,gradient_boosting_stumps_numpy,0,0.2541296827232477,0,True
154903,later_persistent_delinquency_contact_2000_2020,gradient_boosting_stumps_numpy,1,0.6241148705755858,1,True
484801,later_persistent_delinquency_contact_2000_2020,gradient_boosting_stumps_numpy,0,0.26957509680766356,0,True
75902,later_persistent_delinquency_contact_2000_2020,gradient_boosting_stumps_numpy,0,0.2541296827232477,0,True
429201,later_persistent_delinquency_contact_2000_2020,gradient_boosting_stumps_numpy,1,0.6449782650889719,1,True
244103,later_persistent_delinquency_contact_2000_2020,gradient_boosting_stumps_numpy,1,0.6248889081755963,1,True
274801,later_persistent_delinquency_contact_2000_2020,gradient_boosting_stumps_numpy,0,0.26957509680766356,0,True
329302,later_persistent_delinquency_contact_2000_2020,gradient_boosting_stumps_numpy,0,0.32047848881217716,0,True
482101,later_persistent_delinquency_contact_2000_2020,gradient_boosting_stumps_numpy,1,0.6951583556133828,1,True
355703,later_persistent_delinquency_contact_2000_2020,gradient_boosting_stumps_numpy,1,0.6951583556133828,1,True
309802,later_persistent_delinquency_contact_2000_2020,gradient_boosting_stumps_numpy,1,0.6874247325058647,1,True
426801,later_persistent_delinquency_contact_2000_2020,gradient_boosting_stumps_numpy,0,0.27321324014272375,0,True
426201,later_persistent_delinquency_contact_2000_2020,gradient_boosting_stumps_numpy,0,0.26957509680766356,0,True
397502,later_persistent_delinquency_contact_2000_2020,gradient_boosting_stumps_numpy,0,0.27321324014272375,0,True
267201,later_persistent_delinquency_contact_2000_2020,gradient_boosting_stumps_numpy,0,0.27321324014272375,0,True
307901,later_persistent_delinquency_contact_2000_2020,gradient_boosting_stumps_numpy,0,0.41921617629914787,0,True
265402,later_persistent_delinquency_contact_2000_2020,gradient_boosting_stumps_numpy,1,0.6434292249910374,1,True
311102,later_persistent_delinquency_contact_2000_2020,gradient_boosting_stumps_numpy,1,0.6874247325058647,1,True
108002,later_persistent_delinquency_contact_2000_2020,gradient_boosting_stumps_numpy,1,0.6796810957840221,1,True
466501,later_persistent_delinquency_contact_2000_2020,gradient_boosting_stumps_numpy,0,0.6796810957840221,1,False
427402,later_persistent_delinquency_contact_2000_2020,gradient_boosting_stumps_numpy,0,0.2541296827232477,0,True
280803,later_persistent_delinquency_contact_2000_2020,gradient_boosting_stumps_numpy,0,0.6449782650889719,1,False
290801,later_persistent_delinquency_contact_2000_2020,gradient_boosting_stumps_numpy,1,0.6874247325058647,1,True
149401,later_persistent_delinquency_contact_2000_2020,gradient_boosting_stumps_numpy,0,0.27321324014272375,0,True
394401,later_persistent_delinquency_contact_2000_2020,gradient_boosting_stumps_numpy,0,0.27321324014272375,0,True
11101,later_persistent_delinquency_contact_2000_2020,gradient_boosting_stumps_numpy,0,0.2541296827232477,0,True
302701,later_persistent_delinquency_contact_2000_2020,gradient_boosting_stumps_numpy,0,0.26957509680766356,0,True
332102,later_persistent_delinquency_contact_2000_2020,gradient_boosting_stumps_numpy,0,0.3381283483927029,0,True
38901,later_persistent_delinquency_contact_2000_2020,gradient_boosting_stumps_numpy,0,0.27321324014272375,0,True
303601,later_persistent_delinquency_contact_2000_2020,gradient_boosting_stumps_numpy,0,0.26957509680766356,0,True
124201,later_persistent_delinquency_contact_2000_2020,gradient_boosting_stumps_numpy,1,0.7026914991492642,1,True
239802,later_persistent_delinquency_contact_2000_2020,gradient_boosting_stumps_numpy,1,0.257632900525524,0,False
17503,later_persistent_delinquency_contact_2000_2020,gradient_boosting_stumps_numpy,0,0.6070694351728301,1,False
202702,later_persistent_delinquency_contact_2000_2020,gradient_boosting_stumps_numpy,0,0.26957509680766356,0,True
434603,later_persistent_delinquency_contact_2000_2020,gradient_boosting_stumps_numpy,1,0.6612967211914934,1,True
106301,later_persistent_delinquency_contact_2000_2020,gradient_boosting_stumps_numpy,0,0.27321324014272375,0,True
143703,later_persistent_delinquency_contact_2000_2020,gradient_boosting_stumps_numpy,1,0.5878495583986331,1,True
231302,later_persistent_delinquency_contact_2000_2020,gradient_boosting_stumps_numpy,1,0.6874247325058647,1,True
453402,later_persistent_delinquency_contact_2000_2020,gradient_boosting_stumps_numpy,1,0.6070694351728301,1,True
310102,later_persistent_delinquency_contact_2000_2020,gradient_boosting_stumps_numpy,1,0.3363655080393281,0,False
242001,later_persistent_delinquency_contact_2000_2020,gradient_boosting_stumps_numpy,0,0.32047848881217716,0,True
347604,later_persistent_delinquency_contact_2000_2020,gradient_boosting_stumps_numpy,0,0.6449782650889719,1,False
107703,later_persistent_delinquency_contact_2000_2020,gradient_boosting_stumps_numpy,0,0.6874247325058647,1,False
327302,later_persistent_delinquency_contact_2000_2020,gradient_boosting_stumps_numpy,0,0.45660354594174746,0,True
228501,later_persistent_delinquency_contact_2000_2020,gradient_boosting_stumps_numpy,0,0.3363655080393281,0,True
59004,later_persistent_delinquency_contact_2000_2020,gradient_boosting_stumps_numpy,0,0.27321324014272375,0,True
352301,later_persistent_delinquency_contact_2000_2020,gradient_boosting_stumps_numpy,1,0.6874247325058647,1,True
359702,later_persistent_delinquency_contact_2000_2020,gradient_boosting_stumps_numpy,0,0.3381283483927029,0,True
305805,later_persistent_delinquency_contact_2000_2020,gradient_boosting_stumps_numpy,1,0.6796810957840221,1,True
379801,later_persistent_delinquency_contact_2000_2020,gradient_boosting_stumps_numpy,1,0.6449782650889719,1,True
398204,later_persistent_delinquency_contact_2000_2020,gradient_boosting_stumps_numpy,1,0.6241148705755858,1,True
400702,later_persistent_delinquency_contact_2000_2020,gradient_boosting_stumps_numpy,0,0.41921617629914787,0,True
282901,later_persistent_delinquency_contact_2000_2020,gradient_boosting_stumps_numpy,0,0.7026914991492642,1,False
140902,later_persistent_delinquency_contact_2000_2020,gradient_boosting_stumps_numpy,1,0.6241148705755858,1,True
245801,later_persistent_delinquency_contact_2000_2020,gradient_boosting_stumps_numpy,0,0.26957509680766356,0,True
498701,later_persistent_delinquency_contact_2000_2020,gradient_boosting_stumps_numpy,1,0.6796810957840221,1,True
331602,later_persistent_delinquency_contact_2000_2020,gradient_boosting_stumps_numpy,0,0.26957509680766356,0,True
268102,later_persistent_delinquency_contact_2000_2020,gradient_boosting_stumps_numpy,1,0.6951583556133828,1,True
371504,later_persistent_delinquency_contact_2000_2020,gradient_boosting_stumps_numpy,0,0.7026914991492642,1,False
183802,later_persistent_delinquency_contact_2000_2020,gradient_boosting_stumps_numpy,0,0.45660354594174746,0,True
227402,later_persistent_delinquency_contact_2000_2020,gradient_boosting_stumps_numpy,0,0.6531326951803195,1,False
33302,later_persistent_delinquency_contact_2000_2020,gradient_boosting_stumps_numpy,1,0.6692685333083949,1,True
429503,later_persistent_delinquency_contact_2000_2020,gradient_boosting_stumps_numpy,1,0.3502354542336475,0,False
41801,later_persistent_delinquency_contact_2000_2020,gradient_boosting_stumps_numpy,1,0.6531326951803195,1,True
128602,later_persistent_delinquency_contact_2000_2020,gradient_boosting_stumps_numpy,1,0.6796810957840221,1,True
408903,later_persistent_delinquency_contact_2000_2020,gradient_boosting_stumps_numpy,0,0.3381283483927029,0,True
64201,later_persistent_delinquency_contact_2000_2020,gradient_boosting_stumps_numpy,0,0.6531326951803195,1,False
102504,later_persistent_delinquency_contact_2000_2020,gradient_boosting_stumps_numpy,0,0.27321324014272375,0,True
61401,later_persistent_delinquency_contact_2000_2020,gradient_boosting_stumps_numpy,0,0.27321324014272375,0,True
215301,later_persistent_delinquency_contact_2000_2020,gradient_boosting_stumps_numpy,0,0.35443395095433133,0,True
307401,later_persistent_delinquency_contact_2000_2020,gradient_boosting_stumps_numpy,1,0.4368511895554584,0,False
344705,later_persistent_delinquency_contact_2000_2020,gradient_boosting_stumps_numpy,1,0.6796810957840221,1,True
493301,later_persistent_delinquency_contact_2000_2020,gradient_boosting_stumps_numpy,0,0.41921617629914787,0,True
3001,later_persistent_delinquency_contact_2000_2020,gradient_boosting_stumps_numpy,0,0.2541296827232477,0,True
256404,later_persistent_delinquency_contact_2000_2020,gradient_boosting_stumps_numpy,1,0.6692685333083949,1,True
395301,later_persistent_delinquency_contact_2000_2020,gradient_boosting_stumps_numpy,0,0.2541296827232477,0,True
193701,later_persistent_delinquency_contact_2000_2020,gradient_boosting_stumps_numpy,1,0.6449782650889719,1,True
15702,later_persistent_delinquency_contact_2000_2020,gradient_boosting_stumps_numpy,0,0.6796810957840221,1,False
372601,later_persistent_delinquency_contact_2000_2020,gradient_boosting_stumps_numpy,0,0.2541296827232477,0,True
377402,later_persistent_delinquency_contact_2000_2020,gradient_boosting_stumps_numpy,0,0.43879245432017683,0,True
354202,later_persistent_delinquency_contact_2000_2020,gradient_boosting_stumps_numpy,1,0.27321324014272375,0,False
373504,later_persistent_delinquency_contact_2000_2020,gradient_boosting_stumps_numpy,0,0.6449782650889719,1,False
139901,later_persistent_delinquency_contact_2000_2020,gradient_boosting_stumps_numpy,1,0.6531326951803195,1,True
470601,later_persistent_delinquency_contact_2000_2020,gradient_boosting_stumps_numpy,0,0.6796810957840221,1,False
101801,later_persistent_delinquency_contact_2000_2020,gradient_boosting_stumps_numpy,0,0.6796810957840221,1,False
107103,later_persistent_delinquency_contact_2000_2020,gradient_boosting_stumps_numpy,0,0.43879245432017683,0,True
283501,later_persistent_delinquency_contact_2000_2020,gradient_boosting_stumps_numpy,0,0.31648502817690455,0,True
152505,later_persistent_delinquency_contact_2000_2020,gradient_boosting_stumps_numpy,1,0.6796810957840221,1,True
37301,later_persistent_delinquency_contact_2000_2020,gradient_boosting_stumps_numpy,0,0.257632900525524,0,True
39003,later_persistent_delinquency_contact_2000_2020,gradient_boosting_stumps_numpy,1,0.6796810957840221,1,True
343803,later_persistent_delinquency_contact_2000_2020,gradient_boosting_stumps_numpy,0,0.6796810957840221,1,False
121604,later_persistent_delinquency_contact_2000_2020,gradient_boosting_stumps_numpy,1,0.6692685333083949,1,True
248404,later_persistent_delinquency_contact_2000_2020,gradient_boosting_stumps_numpy,1,0.6449782650889719,1,True
193802,later_persistent_delinquency_contact_2000_2020,gradient_boosting_stumps_numpy,1,0.6874247325058647,1,True
267502,later_persistent_delinquency_contact_2000_2020,gradient_boosting_stumps_numpy,0,0.27321324014272375,0,True
473301,later_persistent_delinquency_contact_2000_2020,gradient_boosting_stumps_numpy,0,0.27321324014272375,0,True
379102,later_persistent_delinquency_contact_2000_2020,gradient_boosting_stumps_numpy,0,0.257632900525524,0,True
474502,later_persistent_delinquency_contact_2000_2020,gradient_boosting_stumps_numpy,0,0.26957509680766356,0,True
377401,later_persistent_delinquency_contact_2000_2020,gradient_boosting_stumps_numpy,0,0.26957509680766356,0,True
354602,later_persistent_delinquency_contact_2000_2020,gradient_boosting_stumps_numpy,0,0.6449782650889719,1,False
280801,later_persistent_delinquency_contact_2000_2020,gradient_boosting_stumps_numpy,0,0.2541296827232477,0,True
454101,later_persistent_delinquency_contact_2000_2020,gradient_boosting_stumps_numpy,0,0.27321324014272375,0,True
85404,later_persistent_delinquency_contact_2000_2020,gradient_boosting_stumps_numpy,1,0.6449782650889719,1,True
93501,later_persistent_delinquency_contact_2000_2020,gradient_boosting_stumps_numpy,0,0.32047848881217716,0,True
361101,later_persistent_delinquency_contact_2000_2020,gradient_boosting_stumps_numpy,0,0.2541296827232477,0,True
225301,later_persistent_delinquency_contact_2000_2020,gradient_boosting_stumps_numpy,0,0.27321324014272375,0,True
111201,later_persistent_delinquency_contact_2000_2020,gradient_boosting_stumps_numpy,0,0.32047848881217716,0,True
205701,later_persistent_delinquency_contact_2000_2020,gradient_boosting_stumps_numpy,1,0.35443395095433133,0,False
95302,later_persistent_delinquency_contact_2000_2020,gradient_boosting_stumps_numpy,1,0.37369978425343436,0,False
332201,later_persistent_delinquency_contact_2000_2020,gradient_boosting_stumps_numpy,1,0.6796810957840221,1,True
433901,later_persistent_delinquency_contact_2000_2020,gradient_boosting_stumps_numpy,1,0.6449782650889719,1,True
409201,later_persistent_delinquency_contact_2000_2020,gradient_boosting_stumps_numpy,1,0.6449782650889719,1,True
494801,later_persistent_delinquency_contact_2000_2020,gradient_boosting_stumps_numpy,0,0.27321324014272375,0,True
385901,later_persistent_delinquency_contact_2000_2020,gradient_boosting_stumps_numpy,1,0.6874247325058647,1,True
136102,later_persistent_delinquency_contact_2000_2020,gradient_boosting_stumps_numpy,1,0.6449782650889719,1,True
130603,later_persistent_delinquency_contact_2000_2020,gradient_boosting_stumps_numpy,1,0.6874247325058647,1,True
457002,later_persistent_delinquency_contact_2000_2020,gradient_boosting_stumps_numpy,0,0.3363655080393281,0,True
226708,later_persistent_delinquency_contact_2000_2020,gradient_boosting_stumps_numpy,1,0.6449782650889719,1,True
45201,later_persistent_delinquency_contact_2000_2020,gradient_boosting_stumps_numpy,1,0.6951583556133828,1,True
42301,later_persistent_delinquency_contact_2000_2020,gradient_boosting_stumps_numpy,1,0.6449782650889719,1,True
497305,later_persistent_delinquency_contact_2000_2020,gradient_boosting_stumps_numpy,1,0.6874247325058647,1,True
430602,later_persistent_delinquency_contact_2000_2020,gradient_boosting_stumps_numpy,0,0.6796810957840221,1,False
422301,later_persistent_delinquency_contact_2000_2020,gradient_boosting_stumps_numpy,1,0.6449782650889719,1,True
94002,later_persistent_delinquency_contact_2000_2020,gradient_boosting_stumps_numpy,0,0.35443395095433133,0,True
239401,later_persistent_delinquency_contact_2000_2020,gradient_boosting_stumps_numpy,0,0.2541296827232477,0,True
167501,later_persistent_delinquency_contact_2000_2020,gradient_boosting_stumps_numpy,1,0.6796810957840221,1,True
66501,later_persistent_delinquency_contact_2000_2020,gradient_boosting_stumps_numpy,1,0.6449782650889719,1,True
65601,later_persistent_delinquency_contact_2000_2020,gradient_boosting_stumps_numpy,1,0.6874247325058647,1,True
308101,later_persistent_delinquency_contact_2000_2020,gradient_boosting_stumps_numpy,0,0.41921617629914787,0,True
97802,later_persistent_delinquency_contact_2000_2020,gradient_boosting_stumps_numpy,1,0.6796810957840221,1,True
497402,later_persistent_delinquency_contact_2000_2020,gradient_boosting_stumps_numpy,0,0.2541296827232477,0,True
348102,later_persistent_delinquency_contact_2000_2020,gradient_boosting_stumps_numpy,0,0.32047848881217716,0,True
182401,later_persistent_delinquency_contact_2000_2020,gradient_boosting_stumps_numpy,0,0.26957509680766356,0,True
345103,later_persistent_delinquency_contact_2000_2020,gradient_boosting_stumps_numpy,1,0.6449782650889719,1,True
28501,later_persistent_delinquency_contact_2000_2020,gradient_boosting_stumps_numpy,0,0.26957509680766356,0,True
471401,later_persistent_delinquency_contact_2000_2020,gradient_boosting_stumps_numpy,0,0.31648502817690455,0,True
372901,later_persistent_delinquency_contact_2000_2020,gradient_boosting_stumps_numpy,0,0.27321324014272375,0,True
27203,later_persistent_delinquency_contact_2000_2020,gradient_boosting_stumps_numpy,1,0.7026914991492642,1,True
200201,later_persistent_delinquency_contact_2000_2020,gradient_boosting_stumps_numpy,0,0.27321324014272375,0,True
343802,later_persistent_delinquency_contact_2000_2020,gradient_boosting_stumps_numpy,1,0.6796810957840221,1,True
272901,later_persistent_delinquency_contact_2000_2020,gradient_boosting_stumps_numpy,0,0.27321324014272375,0,True
363502,later_persistent_delinquency_contact_2000_2020,gradient_boosting_stumps_numpy,0,0.257632900525524,0,True
131301,later_persistent_delinquency_contact_2000_2020,gradient_boosting_stumps_numpy,0,0.26957509680766356,0,True
137502,later_persistent_delinquency_contact_2000_2020,gradient_boosting_stumps_numpy,1,0.6951583556133828,1,True
89501,later_persistent_delinquency_contact_2000_2020,gradient_boosting_stumps_numpy,0,0.6796810957840221,1,False
131302,later_persistent_delinquency_contact_2000_2020,gradient_boosting_stumps_numpy,1,0.6796810957840221,1,True
88902,later_persistent_delinquency_contact_2000_2020,gradient_boosting_stumps_numpy,0,0.3381283483927029,0,True
259101,later_persistent_delinquency_contact_2000_2020,gradient_boosting_stumps_numpy,0,0.27321324014272375,0,True
254901,later_persistent_delinquency_contact_2000_2020,gradient_boosting_stumps_numpy,1,0.6241148705755858,1,True
391401,later_persistent_delinquency_contact_2000_2020,gradient_boosting_stumps_numpy,0,0.27321324014272375,0,True
148202,later_persistent_delinquency_contact_2000_2020,gradient_boosting_stumps_numpy,0,0.257632900525524,0,True
118702,later_persistent_delinquency_contact_2000_2020,gradient_boosting_stumps_numpy,1,0.6874247325058647,1,True
432501,later_persistent_delinquency_contact_2000_2020,gradient_boosting_stumps_numpy,1,0.27321324014272375,0,False
164002,later_persistent_delinquency_contact_2000_2020,gradient_boosting_stumps_numpy,0,0.7026914991492642,1,False
55803,later_persistent_delinquency_contact_2000_2020,gradient_boosting_stumps_numpy,1,0.6449782650889719,1,True
269202,later_persistent_delinquency_contact_2000_2020,gradient_boosting_stumps_numpy,1,0.43879245432017683,0,False
303505,later_persistent_delinquency_contact_2000_2020,gradient_boosting_stumps_numpy,1,0.6449782650889719,1,True
459002,later_persistent_delinquency_contact_2000_2020,gradient_boosting_stumps_numpy,1,0.6796810957840221,1,True
399502,later_persistent_delinquency_contact_2000_2020,gradient_boosting_stumps_numpy,0,0.2541296827232477,0,True
115501,later_persistent_delinquency_contact_2000_2020,gradient_boosting_stumps_numpy,0,0.26957509680766356,0,True
475703,later_persistent_delinquency_contact_2000_2020,gradient_boosting_stumps_numpy,0,0.6796810957840221,1,False
225001,later_persistent_delinquency_contact_2000_2020,gradient_boosting_stumps_numpy,1,0.27321324014272375,0,False
334101,later_persistent_delinquency_contact_2000_2020,gradient_boosting_stumps_numpy,1,0.6449782650889719,1,True
98101,later_persistent_delinquency_contact_2000_2020,gradient_boosting_stumps_numpy,1,0.6070694351728301,1,True
16502,later_persistent_delinquency_contact_2000_2020,gradient_boosting_stumps_numpy,1,0.6951583556133828,1,True
360602,later_persistent_delinquency_contact_2000_2020,gradient_boosting_stumps_numpy,1,0.27321324014272375,0,False
144004,later_persistent_delinquency_contact_2000_2020,gradient_boosting_stumps_numpy,1,0.41921617629914787,0,False
270502,later_persistent_delinquency_contact_2000_2020,gradient_boosting_stumps_numpy,0,0.2541296827232477,0,True
422701,later_persistent_delinquency_contact_2000_2020,gradient_boosting_stumps_numpy,1,0.6796810957840221,1,True
281402,later_persistent_delinquency_contact_2000_2020,gradient_boosting_stumps_numpy,0,0.6796810957840221,1,False
302502,later_persistent_delinquency_contact_2000_2020,gradient_boosting_stumps_numpy,0,0.3363655080393281,0,True
330602,later_persistent_delinquency_contact_2000_2020,gradient_boosting_stumps_numpy,0,0.2541296827232477,0,True
316202,later_persistent_delinquency_contact_2000_2020,gradient_boosting_stumps_numpy,1,0.6951583556133828,1,True
461401,later_persistent_delinquency_contact_2000_2020,gradient_boosting_stumps_numpy,0,0.27321324014272375,0,True
355102,later_persistent_delinquency_contact_2000_2020,gradient_boosting_stumps_numpy,0,0.6796810957840221,1,False
167403,later_persistent_delinquency_contact_2000_2020,gradient_boosting_stumps_numpy,0,0.6449782650889719,1,False
149102,later_persistent_delinquency_contact_2000_2020,gradient_boosting_stumps_numpy,0,0.26957509680766356,0,True
356502,later_persistent_delinquency_contact_2000_2020,gradient_boosting_stumps_numpy,0,0.45660354594174746,0,True
190402,later_persistent_delinquency_contact_2000_2020,gradient_boosting_stumps_numpy,0,0.43879245432017683,0,True
178503,later_persistent_delinquency_contact_2000_2020,gradient_boosting_stumps_numpy,1,0.6692685333083949,1,True
455102,later_persistent_delinquency_contact_2000_2020,gradient_boosting_stumps_numpy,1,0.6874247325058647,1,True
448102,later_persistent_delinquency_contact_2000_2020,gradient_boosting_stumps_numpy,1,0.6612967211914934,1,True
53301,later_persistent_delinquency_contact_2000_2020,gradient_boosting_stumps_numpy,1,0.6796810957840221,1,True
80101,later_persistent_delinquency_contact_2000_2020,gradient_boosting_stumps_numpy,0,0.2541296827232477,0,True
23603,later_persistent_delinquency_contact_2000_2020,gradient_boosting_stumps_numpy,0,0.6449782650889719,1,False
454403,later_persistent_delinquency_contact_2000_2020,gradient_boosting_stumps_numpy,0,0.6449782650889719,1,False
61904,later_persistent_delinquency_contact_2000_2020,gradient_boosting_stumps_numpy,0,0.2541296827232477,0,True
121301,later_persistent_delinquency_contact_2000_2020,gradient_boosting_stumps_numpy,0,0.27321324014272375,0,True
175802,later_persistent_delinquency_contact_2000_2020,gradient_boosting_stumps_numpy,1,0.6449782650889719,1,True
448302,later_persistent_delinquency_contact_2000_2020,gradient_boosting_stumps_numpy,0,0.27321324014272375,0,True
437601,later_persistent_delinquency_contact_2000_2020,gradient_boosting_stumps_numpy,0,0.257632900525524,0,True
478302,later_persistent_delinquency_contact_2000_2020,gradient_boosting_stumps_numpy,1,0.6449782650889719,1,True
295201,later_persistent_delinquency_contact_2000_2020,gradient_boosting_stumps_numpy,1,0.6874247325058647,1,True
322101,later_persistent_delinquency_contact_2000_2020,gradient_boosting_stumps_numpy,0,0.6692685333083949,1,False
20302,later_persistent_delinquency_contact_2000_2020,gradient_boosting_stumps_numpy,0,0.6449782650889719,1,False
449001,later_persistent_delinquency_contact_2000_2020,gradient_boosting_stumps_numpy,0,0.27321324014272375,0,True
392102,later_persistent_delinquency_contact_2000_2020,gradient_boosting_stumps_numpy,1,0.6874247325058647,1,True
274201,later_persistent_delinquency_contact_2000_2020,gradient_boosting_stumps_numpy,0,0.2541296827232477,0,True
243602,later_persistent_delinquency_contact_2000_2020,gradient_boosting_stumps_numpy,0,0.5878495583986331,1,False
4902,later_persistent_delinquency_contact_2000_2020,gradient_boosting_stumps_numpy,1,0.6692685333083949,1,True
73304,later_persistent_delinquency_contact_2000_2020,gradient_boosting_stumps_numpy,1,0.6951583556133828,1,True
379403,later_persistent_delinquency_contact_2000_2020,gradient_boosting_stumps_numpy,0,0.6449782650889719,1,False
221502,later_persistent_delinquency_contact_2000_2020,gradient_boosting_stumps_numpy,0,0.6692685333083949,1,False
97501,later_persistent_delinquency_contact_2000_2020,gradient_boosting_stumps_numpy,0,0.27321324014272375,0,True
390802,later_persistent_delinquency_contact_2000_2020,gradient_boosting_stumps_numpy,0,0.6449782650889719,1,False
343007,later_persistent_delinquency_contact_2000_2020,gradient_boosting_stumps_numpy,0,0.6449782650889719,1,False
51401,later_persistent_delinquency_contact_2000_2020,gradient_boosting_stumps_numpy,1,0.5878495583986331,1,True
151903,later_persistent_delinquency_contact_2000_2020,gradient_boosting_stumps_numpy,1,0.6070694351728301,1,True
311801,later_persistent_delinquency_contact_2000_2020,gradient_boosting_stumps_numpy,1,0.6449782650889719,1,True
213201,later_persistent_delinquency_contact_2000_2020,gradient_boosting_stumps_numpy,1,0.41921617629914787,0,False
488002,later_persistent_delinquency_contact_2000_2020,gradient_boosting_stumps_numpy,1,0.6449782650889719,1,True
156603,later_persistent_delinquency_contact_2000_2020,gradient_boosting_stumps_numpy,1,0.27321324014272375,0,False
317802,later_persistent_delinquency_contact_2000_2020,gradient_boosting_stumps_numpy,0,0.6796810957840221,1,False
372902,later_persistent_delinquency_contact_2000_2020,gradient_boosting_stumps_numpy,1,0.257632900525524,0,False
14001,later_persistent_delinquency_contact_2000_2020,gradient_boosting_stumps_numpy,1,0.6796810957840221,1,True
9701,later_persistent_delinquency_contact_2000_2020,gradient_boosting_stumps_numpy,1,0.6531326951803195,1,True
4303,later_persistent_delinquency_contact_2000_2020,gradient_boosting_stumps_numpy,1,0.6449782650889719,1,True
122803,later_persistent_delinquency_contact_2000_2020,gradient_boosting_stumps_numpy,1,0.6796810957840221,1,True
306601,later_persistent_delinquency_contact_2000_2020,gradient_boosting_stumps_numpy,1,0.27321324014272375,0,False
156605,later_persistent_delinquency_contact_2000_2020,gradient_boosting_stumps_numpy,1,0.6449782650889719,1,True
3003,later_persistent_delinquency_contact_2000_2020,gradient_boosting_stumps_numpy,1,0.6796810957840221,1,True
222402,later_persistent_delinquency_contact_2000_2020,gradient_boosting_stumps_numpy,1,0.6449782650889719,1,True
179901,later_persistent_delinquency_contact_2000_2020,gradient_boosting_stumps_numpy,0,0.6449782650889719,1,False
245901,later_persistent_delinquency_contact_2000_2020,gradient_boosting_stumps_numpy,0,0.27321324014272375,0,True
357602,later_persistent_delinquency_contact_2000_2020,gradient_boosting_stumps_numpy,1,0.6874247325058647,1,True
269901,later_persistent_delinquency_contact_2000_2020,gradient_boosting_stumps_numpy,0,0.26957509680766356,0,True
82802,later_persistent_delinquency_contact_2000_2020,gradient_boosting_stumps_numpy,1,0.6796810957840221,1,True
116005,later_persistent_delinquency_contact_2000_2020,gradient_boosting_stumps_numpy,1,0.6449782650889719,1,True
108201,later_persistent_delinquency_contact_2000_2020,gradient_boosting_stumps_numpy,1,0.6796810957840221,1,True
164904,later_persistent_delinquency_contact_2000_2020,gradient_boosting_stumps_numpy,1,0.6449782650889719,1,True
166101,later_persistent_delinquency_contact_2000_2020,gradient_boosting_stumps_numpy,1,0.43879245432017683,0,False
439601,later_persistent_delinquency_contact_2000_2020,gradient_boosting_stumps_numpy,0,0.26957509680766356,0,True
163803,later_persistent_delinquency_contact_2000_2020,gradient_boosting_stumps_numpy,0,0.6449782650889719,1,False
73601,later_persistent_delinquency_contact_2000_2020,gradient_boosting_stumps_numpy,0,0.31648502817690455,0,True
464103,later_persistent_delinquency_contact_2000_2020,gradient_boosting_stumps_numpy,1,0.6796810957840221,1,True
353203,later_persistent_delinquency_contact_2000_2020,gradient_boosting_stumps_numpy,1,0.6796810957840221,1,True
425401,later_persistent_delinquency_contact_2000_2020,gradient_boosting_stumps_numpy,1,0.7026914991492642,1,True
143502,later_persistent_delinquency_contact_2000_2020,gradient_boosting_stumps_numpy,1,0.6796810957840221,1,True
408901,later_persistent_delinquency_contact_2000_2020,gradient_boosting_stumps_numpy,1,0.26957509680766356,0,False
183801,later_persistent_delinquency_contact_2000_2020,gradient_boosting_stumps_numpy,0,0.27321324014272375,0,True
302104,later_persistent_delinquency_contact_2000_2020,gradient_boosting_stumps_numpy,0,0.6449782650889719,1,False
221402,later_persistent_delinquency_contact_2000_2020,gradient_boosting_stumps_numpy,1,0.6796810957840221,1,True
165004,later_persistent_delinquency_contact_2000_2020,gradient_boosting_stumps_numpy,1,0.6449782650889719,1,True
362402,later_persistent_delinquency_contact_2000_2020,gradient_boosting_stumps_numpy,1,0.6796810957840221,1,True
273902,later_persistent_delinquency_contact_2000_2020,gradient_boosting_stumps_numpy,1,0.6449782650889719,1,True
310701,later_persistent_delinquency_contact_2000_2020,gradient_boosting_stumps_numpy,1,0.7026914991492642,1,True
376902,later_persistent_delinquency_contact_2000_2020,gradient_boosting_stumps_numpy,0,0.26957509680766356,0,True
163401,later_persistent_delinquency_contact_2000_2020,gradient_boosting_stumps_numpy,1,0.6951583556133828,1,True
405101,later_persistent_delinquency_contact_2000_2020,gradient_boosting_stumps_numpy,1,0.35443395095433133,0,False
28803,later_persistent_delinquency_contact_2000_2020,gradient_boosting_stumps_numpy,1,0.6796810957840221,1,True
305402,later_persistent_delinquency_contact_2000_2020,gradient_boosting_stumps_numpy,0,0.6796810957840221,1,False
461801,later_persistent_delinquency_contact_2000_2020,gradient_boosting_stumps_numpy,1,0.27321324014272375,0,False
144302,later_persistent_delinquency_contact_2000_2020,gradient_boosting_stumps_numpy,0,0.41921617629914787,0,True
369704,later_persistent_delinquency_contact_2000_2020,gradient_boosting_stumps_numpy,1,0.6796810957840221,1,True
328703,later_persistent_delinquency_contact_2000_2020,gradient_boosting_stumps_numpy,1,0.6449782650889719,1,True
453801,later_persistent_delinquency_contact_2000_2020,gradient_boosting_stumps_numpy,0,0.27321324014272375,0,True
149502,later_persistent_delinquency_contact_2000_2020,gradient_boosting_stumps_numpy,0,0.257632900525524,0,True
55802,later_persistent_delinquency_contact_2000_2020,gradient_boosting_stumps_numpy,1,0.6796810957840221,1,True
476601,later_persistent_delinquency_contact_2000_2020,gradient_boosting_stumps_numpy,1,0.6692685333083949,1,True
274301,later_persistent_delinquency_contact_2000_2020,gradient_boosting_stumps_numpy,0,0.26957509680766356,0,True
255803,later_persistent_delinquency_contact_2000_2020,gradient_boosting_stumps_numpy,1,0.6449782650889719,1,True
9602,later_persistent_delinquency_contact_2000_2020,gradient_boosting_stumps_numpy,1,0.6241148705755858,1,True
499002,later_persistent_delinquency_contact_2000_2020,gradient_boosting_stumps_numpy,1,0.6449782650889719,1,True
18801,later_persistent_delinquency_contact_2000_2020,gradient_boosting_stumps_numpy,0,0.43879245432017683,0,True
486501,later_persistent_delinquency_contact_2000_2020,gradient_boosting_stumps_numpy,1,0.6796810957840221,1,True
41401,later_persistent_delinquency_contact_2000_2020,gradient_boosting_stumps_numpy,0,0.5878495583986331,1,False
466203,later_persistent_delinquency_contact_2000_2020,gradient_boosting_stumps_numpy,1,0.6449782650889719,1,True
391902,later_persistent_delinquency_contact_2000_2020,gradient_boosting_stumps_numpy,0,0.6796810957840221,1,False
354401,later_persistent_delinquency_contact_2000_2020,gradient_boosting_stumps_numpy,0,0.27321324014272375,0,True
175404,later_persistent_delinquency_contact_2000_2020,gradient_boosting_stumps_numpy,1,0.5878495583986331,1,True
116302,later_persistent_delinquency_contact_2000_2020,gradient_boosting_stumps_numpy,1,0.6241148705755858,1,True
117701,later_persistent_delinquency_contact_2000_2020,gradient_boosting_stumps_numpy,1,0.6874247325058647,1,True
186801,later_persistent_delinquency_contact_2000_2020,gradient_boosting_stumps_numpy,0,0.26957509680766356,0,True
80305,later_persistent_delinquency_contact_2000_2020,gradient_boosting_stumps_numpy,1,0.6449782650889719,1,True
493801,later_persistent_delinquency_contact_2000_2020,gradient_boosting_stumps_numpy,0,0.2541296827232477,0,True
221201,later_persistent_delinquency_contact_2000_2020,gradient_boosting_stumps_numpy,1,0.5878495583986331,1,True
15904,later_persistent_delinquency_contact_2000_2020,gradient_boosting_stumps_numpy,0,0.6796810957840221,1,False
479002,later_persistent_delinquency_contact_2000_2020,gradient_boosting_stumps_numpy,0,0.6796810957840221,1,False
397701,later_persistent_delinquency_contact_2000_2020,gradient_boosting_stumps_numpy,0,0.27321324014272375,0,True
497401,later_persistent_delinquency_contact_2000_2020,gradient_boosting_stumps_numpy,0,0.26957509680766356,0,True
240501,later_persistent_delinquency_contact_2000_2020,gradient_boosting_stumps_numpy,1,0.27321324014272375,0,False
396204,later_persistent_delinquency_contact_2000_2020,gradient_boosting_stumps_numpy,1,0.7026914991492642,1,True
264502,later_persistent_delinquency_contact_2000_2020,gradient_boosting_stumps_numpy,0,0.45660354594174746,0,True
32101,later_persistent_delinquency_contact_2000_2020,gradient_boosting_stumps_numpy,1,0.6874247325058647,1,True
428002,later_persistent_delinquency_contact_2000_2020,gradient_boosting_stumps_numpy,0,0.27321324014272375,0,True
319006,later_persistent_delinquency_contact_2000_2020,gradient_boosting_stumps_numpy,1,0.6449782650889719,1,True
287702,later_persistent_delinquency_contact_2000_2020,gradient_boosting_stumps_numpy,1,0.6449782650889719,1,True
64801,later_persistent_delinquency_contact_2000_2020,gradient_boosting_stumps_numpy,1,0.31648502817690455,0,False
360601,later_persistent_delinquency_contact_2000_2020,gradient_boosting_stumps_numpy,0,0.27321324014272375,0,True
445101,later_persistent_delinquency_contact_2000_2020,gradient_boosting_stumps_numpy,0,0.6449782650889719,1,False
206301,later_persistent_delinquency_contact_2000_2020,gradient_boosting_stumps_numpy,0,0.2541296827232477,0,True
27502,later_persistent_delinquency_contact_2000_2020,gradient_boosting_stumps_numpy,1,0.6796810957840221,1,True
42503,later_persistent_delinquency_contact_2000_2020,gradient_boosting_stumps_numpy,0,0.27321324014272375,0,True
358401,later_persistent_delinquency_contact_2000_2020,gradient_boosting_stumps_numpy,1,0.27321324014272375,0,False
181603,later_persistent_delinquency_contact_2000_2020,gradient_boosting_stumps_numpy,1,0.3340230638486559,0,False
290001,later_persistent_delinquency_contact_2000_2020,gradient_boosting_stumps_numpy,1,0.6874247325058647,1,True
397504,later_persistent_delinquency_contact_2000_2020,gradient_boosting_stumps_numpy,0,0.3381283483927029,0,True
248301,later_persistent_delinquency_contact_2000_2020,gradient_boosting_stumps_numpy,0,0.26957509680766356,0,True
442801,later_persistent_delinquency_contact_2000_2020,gradient_boosting_stumps_numpy,1,0.7026914991492642,1,True
123401,later_persistent_delinquency_contact_2000_2020,gradient_boosting_stumps_numpy,1,0.6796810957840221,1,True
40503,later_persistent_delinquency_contact_2000_2020,gradient_boosting_stumps_numpy,0,0.6449782650889719,1,False
25803,later_persistent_delinquency_contact_2000_2020,gradient_boosting_stumps_numpy,0,0.3322708818237784,0,True
178601,later_persistent_delinquency_contact_2000_2020,gradient_boosting_stumps_numpy,0,0.26957509680766356,0,True
379002,later_persistent_delinquency_contact_2000_2020,gradient_boosting_stumps_numpy,1,0.6692685333083949,1,True
122502,later_persistent_delinquency_contact_2000_2020,gradient_boosting_stumps_numpy,1,0.27321324014272375,0,False
430801,later_persistent_delinquency_contact_2000_2020,gradient_boosting_stumps_numpy,0,0.3381283483927029,0,True
167504,later_persistent_delinquency_contact_2000_2020,gradient_boosting_stumps_numpy,1,0.6449782650889719,1,True
165005,later_persistent_delinquency_contact_2000_2020,gradient_boosting_stumps_numpy,1,0.6449782650889719,1,True
351401,later_persistent_delinquency_contact_2000_2020,gradient_boosting_stumps_numpy,0,0.6874247325058647,1,False
331506,later_persistent_delinquency_contact_2000_2020,gradient_boosting_stumps_numpy,0,0.27321324014272375,0,True
258501,later_persistent_delinquency_contact_2000_2020,gradient_boosting_stumps_numpy,0,0.6449782650889719,1,False
119101,later_persistent_delinquency_contact_2000_2020,gradient_boosting_stumps_numpy,0,0.257632900525524,0,True
398801,later_persistent_delinquency_contact_2000_2020,gradient_boosting_stumps_numpy,0,0.27321324014272375,0,True
357301,later_persistent_delinquency_contact_2000_2020,gradient_boosting_stumps_numpy,0,0.4368511895554584,0,True
74402,later_persistent_delinquency_contact_2000_2020,gradient_boosting_stumps_numpy,1,0.6449782650889719,1,True
458101,later_persistent_delinquency_contact_2000_2020,gradient_boosting_stumps_numpy,0,0.27321324014272375,0,True
229602,later_persistent_delinquency_contact_2000_2020,gradient_boosting_stumps_numpy,1,0.6449782650889719,1,True
371503,later_persistent_delinquency_contact_2000_2020,gradient_boosting_stumps_numpy,0,0.45660354594174746,0,True
47401,later_persistent_delinquency_contact_2000_2020,gradient_boosting_stumps_numpy,1,0.7026914991492642,1,True
43101,later_persistent_delinquency_contact_2000_2020,gradient_boosting_stumps_numpy,1,0.6612967211914934,1,True
249902,later_persistent_delinquency_contact_2000_2020,gradient_boosting_stumps_numpy,0,0.2541296827232477,0,True
295902,later_persistent_delinquency_contact_2000_2020,gradient_boosting_stumps_numpy,0,0.6449782650889719,1,False
330303,later_persistent_delinquency_contact_2000_2020,gradient_boosting_stumps_numpy,1,0.6449782650889719,1,True
380901,later_persistent_delinquency_contact_2000_2020,gradient_boosting_stumps_numpy,0,0.6449782650889719,1,False
387601,later_persistent_delinquency_contact_2000_2020,gradient_boosting_stumps_numpy,0,0.6449782650889719,1,False
458201,later_persistent_delinquency_contact_2000_2020,gradient_boosting_stumps_numpy,0,0.2541296827232477,0,True
318201,later_persistent_delinquency_contact_2000_2020,gradient_boosting_stumps_numpy,1,0.6796810957840221,1,True
391502,later_persistent_delinquency_contact_2000_2020,gradient_boosting_stumps_numpy,1,0.6449782650889719,1,True
207201,later_persistent_delinquency_contact_2000_2020,gradient_boosting_stumps_numpy,1,0.5878495583986331,1,True
324301,later_persistent_delinquency_contact_2000_2020,gradient_boosting_stumps_numpy,0,0.3363655080393281,0,True
24503,later_persistent_delinquency_contact_2000_2020,gradient_boosting_stumps_numpy,1,0.6449782650889719,1,True
405702,later_persistent_delinquency_contact_2000_2020,gradient_boosting_stumps_numpy,0,0.6449782650889719,1,False
471701,later_persistent_delinquency_contact_2000_2020,gradient_boosting_stumps_numpy,1,0.6531326951803195,1,True
379103,later_persistent_delinquency_contact_2000_2020,gradient_boosting_stumps_numpy,1,0.6449782650889719,1,True
498801,later_persistent_delinquency_contact_2000_2020,gradient_boosting_stumps_numpy,0,0.6449782650889719,1,False
115802,later_persistent_delinquency_contact_2000_2020,gradient_boosting_stumps_numpy,1,0.6796810957840221,1,True
441601,later_persistent_delinquency_contact_2000_2020,gradient_boosting_stumps_numpy,0,0.26957509680766356,0,True
144303,later_persistent_delinquency_contact_2000_2020,gradient_boosting_stumps_numpy,1,0.6449782650889719,1,True
39102,later_persistent_delinquency_contact_2000_2020,gradient_boosting_stumps_numpy,1,0.45660354594174746,0,False
136601,later_persistent_delinquency_contact_2000_2020,gradient_boosting_stumps_numpy,1,0.6449782650889719,1,True
436801,later_persistent_delinquency_contact_2000_2020,gradient_boosting_stumps_numpy,1,0.26957509680766356,0,False
38802,later_persistent_delinquency_contact_2000_2020,gradient_boosting_stumps_numpy,1,0.6692685333083949,1,True
479004,later_persistent_delinquency_contact_2000_2020,gradient_boosting_stumps_numpy,0,0.6449782650889719,1,False
243301,later_persistent_delinquency_contact_2000_2020,gradient_boosting_stumps_numpy,1,0.6874247325058647,1,True
361301,later_persistent_delinquency_contact_2000_2020,gradient_boosting_stumps_numpy,1,0.6449782650889719,1,True
278101,later_persistent_delinquency_contact_2000_2020,gradient_boosting_stumps_numpy,0,0.26957509680766356,0,True
19702,later_persistent_delinquency_contact_2000_2020,gradient_boosting_stumps_numpy,1,0.6874247325058647,1,True
9902,later_persistent_delinquency_contact_2000_2020,gradient_boosting_stumps_numpy,1,0.6796810957840221,1,True
394803,later_persistent_delinquency_contact_2000_2020,gradient_boosting_stumps_numpy,0,0.27321324014272375,0,True
22803,later_persistent_delinquency_contact_2000_2020,gradient_boosting_stumps_numpy,1,0.6612967211914934,1,True
346703,later_persistent_delinquency_contact_2000_2020,gradient_boosting_stumps_numpy,1,0.6449782650889719,1,True
71202,later_persistent_delinquency_contact_2000_2020,gradient_boosting_stumps_numpy,1,0.6241148705755858,1,True
421402,later_persistent_delinquency_contact_2000_2020,gradient_boosting_stumps_numpy,1,0.6449782650889719,1,True
209402,later_persistent_delinquency_contact_2000_2020,gradient_boosting_stumps_numpy,0,0.26957509680766356,0,True
274401,later_persistent_delinquency_contact_2000_2020,gradient_boosting_stumps_numpy,1,0.6241148705755858,1,True
270601,later_persistent_delinquency_contact_2000_2020,gradient_boosting_stumps_numpy,1,0.6612967211914934,1,True
6103,later_persistent_delinquency_contact_2000_2020,gradient_boosting_stumps_numpy,1,0.6449782650889719,1,True
401502,later_persistent_delinquency_contact_2000_2020,gradient_boosting_stumps_numpy,0,0.45660354594174746,0,True
62202,later_persistent_delinquency_contact_2000_2020,gradient_boosting_stumps_numpy,1,0.6449782650889719,1,True
79204,later_persistent_delinquency_contact_2000_2020,gradient_boosting_stumps_numpy,1,0.6449782650889719,1,True
397501,later_persistent_delinquency_contact_2000_2020,gradient_boosting_stumps_numpy,0,0.27321324014272375,0,True
217903,later_persistent_delinquency_contact_2000_2020,gradient_boosting_stumps_numpy,0,0.3322708818237784,0,True
33501,later_persistent_delinquency_contact_2000_2020,gradient_boosting_stumps_numpy,1,0.7026914991492642,1,True
9101,later_persistent_delinquency_contact_2000_2020,gradient_boosting_stumps_numpy,0,0.6951583556133828,1,False
215501,later_persistent_delinquency_contact_2000_2020,gradient_boosting_stumps_numpy,1,0.6449782650889719,1,True
303501,later_persistent_delinquency_contact_2000_2020,gradient_boosting_stumps_numpy,0,0.2541296827232477,0,True
83603,later_persistent_delinquency_contact_2000_2020,gradient_boosting_stumps_numpy,1,0.6951583556133828,1,True
240803,later_persistent_delinquency_contact_2000_2020,gradient_boosting_stumps_numpy,1,0.6796810957840221,1,True
175101,later_persistent_delinquency_contact_2000_2020,gradient_boosting_stumps_numpy,0,0.27321324014272375,0,True
47801,later_persistent_delinquency_contact_2000_2020,gradient_boosting_stumps_numpy,0,0.27321324014272375,0,True
241204,later_persistent_delinquency_contact_2000_2020,gradient_boosting_stumps_numpy,0,0.6449782650889719,1,False
226205,later_persistent_delinquency_contact_2000_2020,gradient_boosting_stumps_numpy,0,0.27321324014272375,0,True
52202,later_persistent_delinquency_contact_2000_2020,gradient_boosting_stumps_numpy,0,0.6449782650889719,1,False
379804,later_persistent_delinquency_contact_2000_2020,gradient_boosting_stumps_numpy,1,0.6796810957840221,1,True
142304,later_persistent_delinquency_contact_2000_2020,gradient_boosting_stumps_numpy,0,0.257632900525524,0,True
312202,later_persistent_delinquency_contact_2000_2020,gradient_boosting_stumps_numpy,1,0.6951583556133828,1,True
485201,later_persistent_delinquency_contact_2000_2020,gradient_boosting_stumps_numpy,0,0.3340230638486559,0,True
266902,later_persistent_delinquency_contact_2000_2020,gradient_boosting_stumps_numpy,0,0.6874247325058647,1,False
434101,later_persistent_delinquency_contact_2000_2020,gradient_boosting_stumps_numpy,0,0.27321324014272375,0,True
404903,later_persistent_delinquency_contact_2000_2020,gradient_boosting_stumps_numpy,0,0.6874247325058647,1,False
83001,later_persistent_delinquency_contact_2000_2020,gradient_boosting_stumps_numpy,0,0.27321324014272375,0,True
479601,later_persistent_delinquency_contact_2000_2020,gradient_boosting_stumps_numpy,0,0.6874247325058647,1,False
342301,later_persistent_delinquency_contact_2000_2020,gradient_boosting_stumps_numpy,1,0.6796810957840221,1,True
118901,later_persistent_delinquency_contact_2000_2020,gradient_boosting_stumps_numpy,0,0.26957509680766356,0,True
167602,later_persistent_delinquency_contact_2000_2020,gradient_boosting_stumps_numpy,1,0.6874247325058647,1,True
155102,later_persistent_delinquency_contact_2000_2020,gradient_boosting_stumps_numpy,0,0.2541296827232477,0,True
392301,later_persistent_delinquency_contact_2000_2020,gradient_boosting_stumps_numpy,1,0.6874247325058647,1,True
439602,later_persistent_delinquency_contact_2000_2020,gradient_boosting_stumps_numpy,0,0.41921617629914787,0,True
115702,later_persistent_delinquency_contact_2000_2020,gradient_boosting_stumps_numpy,1,0.6449782650889719,1,True
335501,later_persistent_delinquency_contact_2000_2020,gradient_boosting_stumps_numpy,1,0.45660354594174746,0,False
465701,later_persistent_delinquency_contact_2000_2020,gradient_boosting_stumps_numpy,0,0.27321324014272375,0,True
478502,later_persistent_delinquency_contact_2000_2020,gradient_boosting_stumps_numpy,1,0.6796810957840221,1,True
115801,later_persistent_delinquency_contact_2000_2020,gradient_boosting_stumps_numpy,1,0.45742264902696356,0,False
140001,later_persistent_delinquency_contact_2000_2020,gradient_boosting_stumps_numpy,0,0.27321324014272375,0,True
458403,later_persistent_delinquency_contact_2000_2020,gradient_boosting_stumps_numpy,0,0.6449782650889719,1,False
130602,later_persistent_delinquency_contact_2000_2020,gradient_boosting_stumps_numpy,1,0.6241148705755858,1,True
399302,later_persistent_delinquency_contact_2000_2020,gradient_boosting_stumps_numpy,0,0.27321324014272375,0,True
466402,later_persistent_delinquency_contact_2000_2020,gradient_boosting_stumps_numpy,1,0.6449782650889719,1,True
311302,later_persistent_delinquency_contact_2000_2020,gradient_boosting_stumps_numpy,0,0.2541296827232477,0,True
141002,later_persistent_delinquency_contact_2000_2020,gradient_boosting_stumps_numpy,0,0.6874247325058647,1,False
229901,later_persistent_delinquency_contact_2000_2020,gradient_boosting_stumps_numpy,0,0.41921617629914787,0,True
85602,later_persistent_delinquency_contact_2000_2020,gradient_boosting_stumps_numpy,1,0.4368511895554584,0,False
198601,later_persistent_delinquency_contact_2000_2020,gradient_boosting_stumps_numpy,0,0.6449782650889719,1,False
374401,later_persistent_delinquency_contact_2000_2020,gradient_boosting_stumps_numpy,0,0.2541296827232477,0,True
103401,later_persistent_delinquency_contact_2000_2020,gradient_boosting_stumps_numpy,1,0.257632900525524,0,False
52201,later_persistent_delinquency_contact_2000_2020,gradient_boosting_stumps_numpy,0,0.27321324014272375,0,True
187602,later_persistent_delinquency_contact_2000_2020,gradient_boosting_stumps_numpy,0,0.257632900525524,0,True
267001,later_persistent_delinquency_contact_2000_2020,gradient_boosting_stumps_numpy,0,0.2541296827232477,0,True
103601,later_persistent_delinquency_contact_2000_2020,gradient_boosting_stumps_numpy,0,0.6449782650889719,1,False
101901,later_persistent_delinquency_contact_2000_2020,gradient_boosting_stumps_numpy,1,0.6449782650889719,1,True
62103,later_persistent_delinquency_contact_2000_2020,gradient_boosting_stumps_numpy,1,0.6951583556133828,1,True
274002,later_persistent_delinquency_contact_2000_2020,gradient_boosting_stumps_numpy,0,0.6449782650889719,1,False
335001,later_persistent_delinquency_contact_2000_2020,gradient_boosting_stumps_numpy,1,0.6796810957840221,1,True
290803,later_persistent_delinquency_contact_2000_2020,gradient_boosting_stumps_numpy,1,0.6449782650889719,1,True
438301,later_persistent_delinquency_contact_2000_2020,gradient_boosting_stumps_numpy,1,0.27321324014272375,0,False
8601,later_persistent_delinquency_contact_2000_2020,gradient_boosting_stumps_numpy,0,0.257632900525524,0,True
50303,later_persistent_delinquency_contact_2000_2020,gradient_boosting_stumps_numpy,0,0.6796810957840221,1,False
378701,later_persistent_delinquency_contact_2000_2020,gradient_boosting_stumps_numpy,1,0.2541296827232477,0,False
84201,later_persistent_delinquency_contact_2000_2020,gradient_boosting_stumps_numpy,0,0.27321324014272375,0,True
380601,later_persistent_delinquency_contact_2000_2020,gradient_boosting_stumps_numpy,1,0.6874247325058647,1,True
419402,later_persistent_delinquency_contact_2000_2020,gradient_boosting_stumps_numpy,0,0.2541296827232477,0,True
200401,later_persistent_delinquency_contact_2000_2020,gradient_boosting_stumps_numpy,1,0.6449782650889719,1,True
143503,later_persistent_delinquency_contact_2000_2020,gradient_boosting_stumps_numpy,1,0.6796810957840221,1,True
476302,later_persistent_delinquency_contact_2000_2020,gradient_boosting_stumps_numpy,0,0.257632900525524,0,True
210205,later_persistent_delinquency_contact_2000_2020,gradient_boosting_stumps_numpy,1,0.6612967211914934,1,True
190603,later_persistent_delinquency_contact_2000_2020,gradient_boosting_stumps_numpy,0,0.6449782650889719,1,False
127902,later_persistent_delinquency_contact_2000_2020,gradient_boosting_stumps_numpy,1,0.6051865111355619,1,True
219302,later_persistent_delinquency_contact_2000_2020,gradient_boosting_stumps_numpy,0,0.26957509680766356,0,True
331504,later_persistent_delinquency_contact_2000_2020,gradient_boosting_stumps_numpy,0,0.27321324014272375,0,True
381701,later_persistent_delinquency_contact_2000_2020,gradient_boosting_stumps_numpy,1,0.6449782650889719,1,True
135201,later_persistent_delinquency_contact_2000_2020,gradient_boosting_stumps_numpy,0,0.27321324014272375,0,True
268101,later_persistent_delinquency_contact_2000_2020,gradient_boosting_stumps_numpy,1,0.45660354594174746,0,False
215402,later_persistent_delinquency_contact_2000_2020,gradient_boosting_stumps_numpy,0,0.6796810957840221,1,False
93503,later_persistent_delinquency_contact_2000_2020,gradient_boosting_stumps_numpy,1,0.6692685333083949,1,True
4304,later_persistent_delinquency_contact_2000_2020,gradient_boosting_stumps_numpy,0,0.6449782650889719,1,False
159802,later_persistent_delinquency_contact_2000_2020,gradient_boosting_stumps_numpy,1,0.6449782650889719,1,True
240401,later_persistent_delinquency_contact_2000_2020,gradient_boosting_stumps_numpy,0,0.6449782650889719,1,False
236002,later_persistent_delinquency_contact_2000_2020,gradient_boosting_stumps_numpy,0,0.27321324014272375,0,True
316402,later_persistent_delinquency_contact_2000_2020,gradient_boosting_stumps_numpy,1,0.6070694351728301,1,True
217403,later_persistent_delinquency_contact_2000_2020,gradient_boosting_stumps_numpy,1,0.6449782650889719,1,True
365201,later_persistent_delinquency_contact_2000_2020,gradient_boosting_stumps_numpy,0,0.26957509680766356,0,True
366302,later_persistent_delinquency_contact_2000_2020,gradient_boosting_stumps_numpy,0,0.6796810957840221,1,False
113002,later_persistent_delinquency_contact_2000_2020,gradient_boosting_stumps_numpy,1,0.6796810957840221,1,True
334201,later_persistent_delinquency_contact_2000_2020,gradient_boosting_stumps_numpy,1,0.6874247325058647,1,True
489302,later_persistent_delinquency_contact_2000_2020,gradient_boosting_stumps_numpy,1,0.6796810957840221,1,True
452801,later_persistent_delinquency_contact_2000_2020,gradient_boosting_stumps_numpy,1,0.6796810957840221,1,True
358601,later_persistent_delinquency_contact_2000_2020,gradient_boosting_stumps_numpy,1,0.7026914991492642,1,True
336001,later_persistent_delinquency_contact_2000_2020,gradient_boosting_stumps_numpy,1,0.6796810957840221,1,True
96701,later_persistent_delinquency_contact_2000_2020,gradient_boosting_stumps_numpy,1,0.6874247325058647,1,True
211202,later_persistent_delinquency_contact_2000_2020,gradient_boosting_stumps_numpy,0,0.257632900525524,0,True
81402,later_persistent_delinquency_contact_2000_2020,gradient_boosting_stumps_numpy,1,0.43879245432017683,0,False
364804,later_persistent_delinquency_contact_2000_2020,gradient_boosting_stumps_numpy,0,0.45660354594174746,0,True
54601,later_persistent_delinquency_contact_2000_2020,gradient_boosting_stumps_numpy,0,0.27321324014272375,0,True
145103,later_persistent_delinquency_contact_2000_2020,gradient_boosting_stumps_numpy,0,0.6796810957840221,1,False
437902,later_persistent_delinquency_contact_2000_2020,gradient_boosting_stumps_numpy,1,0.6951583556133828,1,True
306902,later_persistent_delinquency_contact_2000_2020,gradient_boosting_stumps_numpy,1,0.6531326951803195,1,True
31402,later_persistent_delinquency_contact_2000_2020,gradient_boosting_stumps_numpy,0,0.257632900525524,0,True
118102,later_persistent_delinquency_contact_2000_2020,gradient_boosting_stumps_numpy,0,0.6874247325058647,1,False
290802,later_persistent_delinquency_contact_2000_2020,gradient_boosting_stumps_numpy,1,0.6874247325058647,1,True
65702,later_persistent_delinquency_contact_2000_2020,gradient_boosting_stumps_numpy,1,0.6449782650889719,1,True
92303,later_persistent_delinquency_contact_2000_2020,gradient_boosting_stumps_numpy,1,0.7026914991492642,1,True
284103,later_persistent_delinquency_contact_2000_2020,gradient_boosting_stumps_numpy,1,0.6692685333083949,1,True
392401,later_persistent_delinquency_contact_2000_2020,gradient_boosting_stumps_numpy,0,0.6449782650889719,1,False
144201,later_persistent_delinquency_contact_2000_2020,gradient_boosting_stumps_numpy,1,0.6241148705755858,1,True
195402,later_persistent_delinquency_contact_2000_2020,gradient_boosting_stumps_numpy,1,0.6874247325058647,1,True
287701,later_persistent_delinquency_contact_2000_2020,gradient_boosting_stumps_numpy,1,0.7026914991492642,1,True
139102,later_persistent_delinquency_contact_2000_2020,gradient_boosting_stumps_numpy,0,0.26957509680766356,0,True
315503,later_persistent_delinquency_contact_2000_2020,gradient_boosting_stumps_numpy,1,0.6796810957840221,1,True
364803,later_persistent_delinquency_contact_2000_2020,gradient_boosting_stumps_numpy,1,0.35443395095433133,0,False
209803,later_persistent_delinquency_contact_2000_2020,gradient_boosting_stumps_numpy,1,0.6796810957840221,1,True
347501,later_persistent_delinquency_contact_2000_2020,gradient_boosting_stumps_numpy,1,0.3340230638486559,0,False
314501,later_persistent_delinquency_contact_2000_2020,gradient_boosting_stumps_numpy,1,0.6796810957840221,1,True
110802,later_persistent_delinquency_contact_2000_2020,gradient_boosting_stumps_numpy,1,0.6874247325058647,1,True
473302,later_persistent_delinquency_contact_2000_2020,gradient_boosting_stumps_numpy,0,0.27321324014272375,0,True
85501,later_persistent_delinquency_contact_2000_2020,gradient_boosting_stumps_numpy,0,0.2541296827232477,0,True
425403,later_persistent_delinquency_contact_2000_2020,gradient_boosting_stumps_numpy,1,0.6796810957840221,1,True
144602,later_persistent_delinquency_contact_2000_2020,gradient_boosting_stumps_numpy,1,0.7026914991492642,1,True
331601,later_persistent_delinquency_contact_2000_2020,gradient_boosting_stumps_numpy,0,0.26957509680766356,0,True
170401,later_persistent_delinquency_contact_2000_2020,gradient_boosting_stumps_numpy,0,0.27321324014272375,0,True
266203,later_persistent_delinquency_contact_2000_2020,gradient_boosting_stumps_numpy,1,0.41921617629914787,0,False
227102,later_persistent_delinquency_contact_2000_2020,gradient_boosting_stumps_numpy,1,0.6796810957840221,1,True
6202,later_persistent_delinquency_contact_2000_2020,gradient_boosting_stumps_numpy,1,0.6449782650889719,1,True
111703,later_persistent_delinquency_contact_2000_2020,gradient_boosting_stumps_numpy,1,0.6449782650889719,1,True
141101,later_persistent_delinquency_contact_2000_2020,gradient_boosting_stumps_numpy,1,0.27321324014272375,0,False
220601,later_persistent_delinquency_contact_2000_2020,gradient_boosting_stumps_numpy,0,0.26957509680766356,0,True
91202,later_persistent_delinquency_contact_2000_2020,gradient_boosting_stumps_numpy,1,0.6449782650889719,1,True
183901,later_persistent_delinquency_contact_2000_2020,gradient_boosting_stumps_numpy,1,0.4368511895554584,0,False
166202,later_persistent_delinquency_contact_2000_2020,gradient_boosting_stumps_numpy,1,0.6449782650889719,1,True
114101,later_persistent_delinquency_contact_2000_2020,gradient_boosting_stumps_numpy,1,0.3363655080393281,0,False
482001,later_persistent_delinquency_contact_2000_2020,gradient_boosting_stumps_numpy,0,0.6449782650889719,1,False
367903,later_persistent_delinquency_contact_2000_2020,gradient_boosting_stumps_numpy,1,0.6796810957840221,1,True
381401,later_persistent_delinquency_contact_2000_2020,gradient_boosting_stumps_numpy,0,0.6449782650889719,1,False
211902,later_persistent_delinquency_contact_2000_2020,gradient_boosting_stumps_numpy,0,0.26957509680766356,0,True
319002,later_persistent_delinquency_contact_2000_2020,gradient_boosting_stumps_numpy,0,0.6874247325058647,1,False
320401,later_persistent_delinquency_contact_2000_2020,gradient_boosting_stumps_numpy,1,0.6796810957840221,1,True
340702,later_persistent_delinquency_contact_2000_2020,gradient_boosting_stumps_numpy,0,0.31648502817690455,0,True
319801,later_persistent_delinquency_contact_2000_2020,gradient_boosting_stumps_numpy,0,0.26957509680766356,0,True
383602,later_persistent_delinquency_contact_2000_2020,gradient_boosting_stumps_numpy,1,0.6449782650889719,1,True
207601,later_persistent_delinquency_contact_2000_2020,gradient_boosting_stumps_numpy,0,0.26957509680766356,0,True
87601,later_persistent_delinquency_contact_2000_2020,gradient_boosting_stumps_numpy,0,0.6796810957840221,1,False
295903,later_persistent_delinquency_contact_2000_2020,gradient_boosting_stumps_numpy,0,0.6449782650889719,1,False
304602,later_persistent_delinquency_contact_2000_2020,gradient_boosting_stumps_numpy,1,0.27321324014272375,0,False
149301,later_persistent_delinquency_contact_2000_2020,gradient_boosting_stumps_numpy,0,0.2541296827232477,0,True
212502,later_persistent_delinquency_contact_2000_2020,gradient_boosting_stumps_numpy,1,0.45660354594174746,0,False
240804,later_persistent_delinquency_contact_2000_2020,gradient_boosting_stumps_numpy,0,0.6796810957840221,1,False
10001,later_persistent_delinquency_contact_2000_2020,gradient_boosting_stumps_numpy,0,0.45660354594174746,0,True
110102,later_persistent_delinquency_contact_2000_2020,gradient_boosting_stumps_numpy,0,0.6796810957840221,1,False
413204,later_persistent_delinquency_contact_2000_2020,gradient_boosting_stumps_numpy,1,0.6796810957840221,1,True
275701,later_persistent_delinquency_contact_2000_2020,gradient_boosting_stumps_numpy,0,0.26957509680766356,0,True
159603,later_persistent_delinquency_contact_2000_2020,gradient_boosting_stumps_numpy,0,0.26957509680766356,0,True
11102,later_persistent_delinquency_contact_2000_2020,gradient_boosting_stumps_numpy,0,0.2541296827232477,0,True
401902,later_persistent_delinquency_contact_2000_2020,gradient_boosting_stumps_numpy,0,0.6449782650889719,1,False
170405,later_persistent_delinquency_contact_2000_2020,gradient_boosting_stumps_numpy,1,0.6449782650889719,1,True
448801,later_persistent_delinquency_contact_2000_2020,gradient_boosting_stumps_numpy,1,0.6449782650889719,1,True
294903,later_persistent_delinquency_contact_2000_2020,gradient_boosting_stumps_numpy,1,0.6874247325058647,1,True
356602,later_persistent_delinquency_contact_2000_2020,gradient_boosting_stumps_numpy,0,0.41921617629914787,0,True
258001,later_persistent_delinquency_contact_2000_2020,gradient_boosting_stumps_numpy,1,0.6796810957840221,1,True
235502,later_persistent_delinquency_contact_2000_2020,gradient_boosting_stumps_numpy,1,0.45660354594174746,0,False
215502,later_persistent_delinquency_contact_2000_2020,gradient_boosting_stumps_numpy,0,0.6449782650889719,1,False
324302,later_persistent_delinquency_contact_2000_2020,gradient_boosting_stumps_numpy,1,0.6051865111355619,1,True
132401,later_persistent_delinquency_contact_2000_2020,gradient_boosting_stumps_numpy,0,0.5878495583986331,1,False
