C0000100,target,model,y_true,probability,prediction,correct
103001,later_persistent_delinquency_contact_2000_2020,l2_logistic_regression_numpy,1,0.390203334137843,0,False
372703,later_persistent_delinquency_contact_2000_2020,l2_logistic_regression_numpy,0,0.6688909480778301,1,False
253802,later_persistent_delinquency_contact_2000_2020,l2_logistic_regression_numpy,1,0.9276318164468796,1,True
493302,later_persistent_delinquency_contact_2000_2020,l2_logistic_regression_numpy,1,0.49159215397858314,0,False
56302,later_persistent_delinquency_contact_2000_2020,l2_logistic_regression_numpy,0,0.0035831525018424045,0,True
475705,later_persistent_delinquency_contact_2000_2020,l2_logistic_regression_numpy,0,0.6390556621473427,1,False
373902,later_persistent_delinquency_contact_2000_2020,l2_logistic_regression_numpy,1,0.6426761206236967,1,True
136202,later_persistent_delinquency_contact_2000_2020,l2_logistic_regression_numpy,1,0.5771368998802796,1,True
268001,later_persistent_delinquency_contact_2000_2020,l2_logistic_regression_numpy,1,0.8779667575573049,1,True
477402,later_persistent_delinquency_contact_2000_2020,l2_logistic_regression_numpy,1,0.8496797884239873,1,True
311802,later_persistent_delinquency_contact_2000_2020,l2_logistic_regression_numpy,0,0.5028233876692102,1,False
211203,later_persistent_delinquency_contact_2000_2020,l2_logistic_regression_numpy,1,0.8025655495028288,1,True
75604,later_persistent_delinquency_contact_2000_2020,l2_logistic_regression_numpy,1,0.8816452765292482,1,True
435403,later_persistent_delinquency_contact_2000_2020,l2_logistic_regression_numpy,1,0.7737011887320738,1,True
246202,later_persistent_delinquency_contact_2000_2020,l2_logistic_regression_numpy,1,0.33691434138384335,0,False
107102,later_persistent_delinquency_contact_2000_2020,l2_logistic_regression_numpy,0,0.07022752749391091,0,True
206201,later_persistent_delinquency_contact_2000_2020,l2_logistic_regression_numpy,0,0.5444313746467946,1,False
207301,later_persistent_delinquency_contact_2000_2020,l2_logistic_regression_numpy,1,0.8471166707567412,1,True
319701,later_persistent_delinquency_contact_2000_2020,l2_logistic_regression_numpy,0,0.27040710253108635,0,True
369901,later_persistent_delinquency_contact_2000_2020,l2_logistic_regression_numpy,0,0.2219406918869736,0,True
87602,later_persistent_delinquency_contact_2000_2020,l2_logistic_regression_numpy,0,0.6296225173784603,1,False
103403,later_persistent_delinquency_contact_2000_2020,l2_logistic_regression_numpy,1,0.31250519268462934,0,False
406001,later_persistent_delinquency_contact_2000_2020,l2_logistic_regression_numpy,0,0.12161775719175742,0,True
363701,later_persistent_delinquency_contact_2000_2020,l2_logistic_regression_numpy,0,0.07356366409074741,0,True
221001,later_persistent_delinquency_contact_2000_2020,l2_logistic_regression_numpy,1,0.6256422949146472,1,True
298302,later_persistent_delinquency_contact_2000_2020,l2_logistic_regression_numpy,0,0.5100128778315772,1,False
75903,later_persistent_delinquency_contact_2000_2020,l2_logistic_regression_numpy,1,0.8460803422445929,1,True
129702,later_persistent_delinquency_contact_2000_2020,l2_logistic_regression_numpy,0,0.016187967406961472,0,True
497801,later_persistent_delinquency_contact_2000_2020,l2_logistic_regression_numpy,1,0.5863257775522845,1,True
447801,later_persistent_delinquency_contact_2000_2020,l2_logistic_regression_numpy,1,0.8474448273598668,1,True
251402,later_persistent_delinquency_contact_2000_2020,l2_logistic_regression_numpy,1,0.7900116337250609,1,True
382401,later_persistent_delinquency_contact_2000_2020,l2_logistic_regression_numpy,0,0.07189753171984874,0,True
423204,later_persistent_delinquency_contact_2000_2020,l2_logistic_regression_numpy,1,0.5630426156908652,1,True
345803,later_persistent_delinquency_contact_2000_2020,l2_logistic_regression_numpy,1,0.7838829508273134,1,True
377104,later_persistent_delinquency_contact_2000_2020,l2_logistic_regression_numpy,0,0.7069016333228602,1,False
415001,later_persistent_delinquency_contact_2000_2020,l2_logistic_regression_numpy,0,0.6439436151150795,1,False
174701,later_persistent_delinquency_contact_2000_2020,l2_logistic_regression_numpy,1,0.09607631901793177,0,False
205801,later_persistent_delinquency_contact_2000_2020,l2_logistic_regression_numpy,1,0.8919923164075085,1,True
236203,later_persistent_delinquency_contact_2000_2020,l2_logistic_regression_numpy,1,0.9491700273488047,1,True
248804,later_persistent_delinquency_contact_2000_2020,l2_logistic_regression_numpy,0,0.030673837267681768,0,True
38803,later_persistent_delinquency_contact_2000_2020,l2_logistic_regression_numpy,1,0.6935402071132232,1,True
365003,later_persistent_delinquency_contact_2000_2020,l2_logistic_regression_numpy,1,0.8458622466559218,1,True
281401,later_persistent_delinquency_contact_2000_2020,l2_logistic_regression_numpy,1,0.544302274501315,1,True
454301,later_persistent_delinquency_contact_2000_2020,l2_logistic_regression_numpy,1,0.19335931104606083,0,False
443702,later_persistent_delinquency_contact_2000_2020,l2_logistic_regression_numpy,1,0.5478799850202201,1,True
159605,later_persistent_delinquency_contact_2000_2020,l2_logistic_regression_numpy,0,0.8242232219278658,1,False
22102,later_persistent_delinquency_contact_2000_2020,l2_logistic_regression_numpy,1,0.9488382567382989,1,True
317901,later_persistent_delinquency_contact_2000_2020,l2_logistic_regression_numpy,1,0.8219113449261419,1,True
139101,later_persistent_delinquency_contact_2000_2020,l2_logistic_regression_numpy,0,0.05492206035827628,0,True
231301,later_persistent_delinquency_contact_2000_2020,l2_logistic_regression_numpy,0,0.04205570069592178,0,True
449003,later_persistent_delinquency_contact_2000_2020,l2_logistic_regression_numpy,0,0.4641425041343199,0,True
226706,later_persistent_delinquency_contact_2000_2020,l2_logistic_regression_numpy,0,0.5643939936263187,1,False
417003,later_persistent_delinquency_contact_2000_2020,l2_logistic_regression_numpy,1,0.8746547182019674,1,True
14302,later_persistent_delinquency_contact_2000_2020,l2_logistic_regression_numpy,1,0.6756020380682543,1,True
282302,later_persistent_delinquency_contact_2000_2020,l2_logistic_regression_numpy,1,0.8223957019030741,1,True
186601,later_persistent_delinquency_contact_2000_2020,l2_logistic_regression_numpy,1,0.7176606300073577,1,True
360901,later_persistent_delinquency_contact_2000_2020,l2_logistic_regression_numpy,1,0.8459355382139419,1,True
93201,later_persistent_delinquency_contact_2000_2020,l2_logistic_regression_numpy,0,0.039497138581178586,0,True
351101,later_persistent_delinquency_contact_2000_2020,l2_logistic_regression_numpy,1,0.8777864801762524,1,True
437804,later_persistent_delinquency_contact_2000_2020,l2_logistic_regression_numpy,1,0.9683566116508681,1,True
285503,later_persistent_delinquency_contact_2000_2020,l2_logistic_regression_numpy,1,0.8679612818263646,1,True
116401,later_persistent_delinquency_contact_2000_2020,l2_logistic_regression_numpy,0,0.188828877644612,0,True
66804,later_persistent_delinquency_contact_2000_2020,l2_logistic_regression_numpy,0,0.7722233312343796,1,False
377001,later_persistent_delinquency_contact_2000_2020,l2_logistic_regression_numpy,0,0.08737677521921505,0,True
60403,later_persistent_delinquency_contact_2000_2020,l2_logistic_regression_numpy,1,0.8615164897644815,1,True
108302,later_persistent_delinquency_contact_2000_2020,l2_logistic_regression_numpy,1,0.603712278739239,1,True
448502,later_persistent_delinquency_contact_2000_2020,l2_logistic_regression_numpy,0,0.2672552586288827,0,True
324401,later_persistent_delinquency_contact_2000_2020,l2_logistic_regression_numpy,1,0.7638435454518834,1,True
438601,later_persistent_delinquency_contact_2000_2020,l2_logistic_regression_numpy,1,0.18194130255041022,0,False
421202,later_persistent_delinquency_contact_2000_2020,l2_logistic_regression_numpy,1,0.41663132965776895,0,False
327301,later_persistent_delinquency_contact_2000_2020,l2_logistic_regression_numpy,0,0.18309575030704936,0,True
76404,later_persistent_delinquency_contact_2000_2020,l2_logistic_regression_numpy,1,0.9164448664395393,1,True
165602,later_persistent_delinquency_contact_2000_2020,l2_logistic_regression_numpy,1,0.866103879648533,1,True
182503,later_persistent_delinquency_contact_2000_2020,l2_logistic_regression_numpy,0,0.028253042386940812,0,True
342601,later_persistent_delinquency_contact_2000_2020,l2_logistic_regression_numpy,1,0.8922452606855631,1,True
326808,later_persistent_delinquency_contact_2000_2020,l2_logistic_regression_numpy,0,0.8030411956989465,1,False
108704,later_persistent_delinquency_contact_2000_2020,l2_logistic_regression_numpy,0,0.7760282198671199,1,False
244201,later_persistent_delinquency_contact_2000_2020,l2_logistic_regression_numpy,0,0.29365022280430214,0,True
341101,later_persistent_delinquency_contact_2000_2020,l2_logistic_regression_numpy,0,0.46927652229801703,0,True
52901,later_persistent_delinquency_contact_2000_2020,l2_logistic_regression_numpy,0,0.12874863582933346,0,True
316302,later_persistent_delinquency_contact_2000_2020,l2_logistic_regression_numpy,0,0.10982924955627361,0,True
37902,later_persistent_delinquency_contact_2000_2020,l2_logistic_regression_numpy,1,0.20637746053937708,0,False
97402,later_persistent_delinquency_contact_2000_2020,l2_logistic_regression_numpy,1,0.9005790695732114,1,True
206401,later_persistent_delinquency_contact_2000_2020,l2_logistic_regression_numpy,0,0.10605031784266054,0,True
13701,later_persistent_delinquency_contact_2000_2020,l2_logistic_regression_numpy,1,0.8878345138830129,1,True
135602,later_persistent_delinquency_contact_2000_2020,l2_logistic_regression_numpy,1,0.9240352451115079,1,True
384602,later_persistent_delinquency_contact_2000_2020,l2_logistic_regression_numpy,0,0.5768573659364685,1,False
26501,later_persistent_delinquency_contact_2000_2020,l2_logistic_regression_numpy,0,0.8799238155238432,1,False
432601,later_persistent_delinquency_contact_2000_2020,l2_logistic_regression_numpy,0,0.053372753146577884,0,True
359701,later_persistent_delinquency_contact_2000_2020,l2_logistic_regression_numpy,0,0.35168457727250735,0,True
96601,later_persistent_delinquency_contact_2000_2020,l2_logistic_regression_numpy,0,0.38300019455722484,0,True
252302,later_persistent_delinquency_contact_2000_2020,l2_logistic_regression_numpy,0,0.042007793700989726,0,True
56701,later_persistent_delinquency_contact_2000_2020,l2_logistic_regression_numpy,1,0.8005355714857951,1,True
151202,later_persistent_delinquency_contact_2000_2020,l2_logistic_regression_numpy,1,0.7511931289966316,1,True
465702,later_persistent_delinquency_contact_2000_2020,l2_logistic_regression_numpy,0,0.1050488205091534,0,True
449903,later_persistent_delinquency_contact_2000_2020,l2_logistic_regression_numpy,1,0.9147393096094151,1,True
122704,later_persistent_delinquency_contact_2000_2020,l2_logistic_regression_numpy,1,0.9926988732185302,1,True
325401,later_persistent_delinquency_contact_2000_2020,l2_logistic_regression_numpy,1,0.9374771005361404,1,True
473001,later_persistent_delinquency_contact_2000_2020,l2_logistic_regression_numpy,0,0.12064566737612746,0,True
44901,later_persistent_delinquency_contact_2000_2020,l2_logistic_regression_numpy,0,0.5392989640178835,1,False
397002,later_persistent_delinquency_contact_2000_2020,l2_logistic_regression_numpy,1,0.9049230764820018,1,True
9901,later_persistent_delinquency_contact_2000_2020,l2_logistic_regression_numpy,1,0.7256598127608809,1,True
472601,later_persistent_delinquency_contact_2000_2020,l2_logistic_regression_numpy,0,0.008748585452885772,0,True
176002,later_persistent_delinquency_contact_2000_2020,l2_logistic_regression_numpy,0,0.3603216614230408,0,True
393601,later_persistent_delinquency_contact_2000_2020,l2_logistic_regression_numpy,0,0.5704764901668758,1,False
129301,later_persistent_delinquency_contact_2000_2020,l2_logistic_regression_numpy,0,0.2555431512228568,0,True
265501,later_persistent_delinquency_contact_2000_2020,l2_logistic_regression_numpy,1,0.8867593469154188,1,True
267202,later_persistent_delinquency_contact_2000_2020,l2_logistic_regression_numpy,0,0.6843476827087657,1,False
15301,later_persistent_delinquency_contact_2000_2020,l2_logistic_regression_numpy,0,0.5292513927681487,1,False
94902,later_persistent_delinquency_contact_2000_2020,l2_logistic_regression_numpy,1,0.43273686221170526,0,False
152503,later_persistent_delinquency_contact_2000_2020,l2_logistic_regression_numpy,1,0.1578248263894299,0,False
493003,later_persistent_delinquency_contact_2000_2020,l2_logistic_regression_numpy,1,0.9181420512246639,1,True
242601,later_persistent_delinquency_contact_2000_2020,l2_logistic_regression_numpy,1,0.6286389061869323,1,True
274802,later_persistent_delinquency_contact_2000_2020,l2_logistic_regression_numpy,1,0.3755179743191624,0,False
352401,later_persistent_delinquency_contact_2000_2020,l2_logistic_regression_numpy,1,0.6455038740118887,1,True
164902,later_persistent_delinquency_contact_2000_2020,l2_logistic_regression_numpy,1,0.6283474817387559,1,True
172601,later_persistent_delinquency_contact_2000_2020,l2_logistic_regression_numpy,0,0.5756200744568423,1,False
328003,later_persistent_delinquency_contact_2000_2020,l2_logistic_regression_numpy,1,0.5257408743801677,1,True
415403,later_persistent_delinquency_contact_2000_2020,l2_logistic_regression_numpy,0,0.7077708789265815,1,False
241601,later_persistent_delinquency_contact_2000_2020,l2_logistic_regression_numpy,1,0.6169810707880206,1,True
370302,later_persistent_delinquency_contact_2000_2020,l2_logistic_regression_numpy,0,0.734095695578475,1,False
224701,later_persistent_delinquency_contact_2000_2020,l2_logistic_regression_numpy,1,0.7217825784908619,1,True
71201,later_persistent_delinquency_contact_2000_2020,l2_logistic_regression_numpy,0,0.1287059715646163,0,True
142301,later_persistent_delinquency_contact_2000_2020,l2_logistic_regression_numpy,0,0.052502597227452194,0,True
443701,later_persistent_delinquency_contact_2000_2020,l2_logistic_regression_numpy,1,0.694447615409532,1,True
194801,later_persistent_delinquency_contact_2000_2020,l2_logistic_regression_numpy,1,0.5695958467081249,1,True
164201,later_persistent_delinquency_contact_2000_2020,l2_logistic_regression_numpy,0,0.03523637535063848,0,True
218602,later_persistent_delinquency_contact_2000_2020,l2_logistic_regression_numpy,0,0.7384073098948267,1,False
153202,later_persistent_delinquency_contact_2000_2020,l2_logistic_regression_numpy,1,0.92280013154849,1,True
45502,later_persistent_delinquency_contact_2000_2020,l2_logistic_regression_numpy,1,0.7836388250651566,1,True
265503,later_persistent_delinquency_contact_2000_2020,l2_logistic_regression_numpy,1,0.9441131559911676,1,True
228801,later_persistent_delinquency_contact_2000_2020,l2_logistic_regression_numpy,0,0.5251794538740983,1,False
112305,later_persistent_delinquency_contact_2000_2020,l2_logistic_regression_numpy,1,0.933746505833853,1,True
344701,later_persistent_delinquency_contact_2000_2020,l2_logistic_regression_numpy,0,0.21968737219605436,0,True
95001,later_persistent_delinquency_contact_2000_2020,l2_logistic_regression_numpy,1,0.49484238480542125,0,False
342603,later_persistent_delinquency_contact_2000_2020,l2_logistic_regression_numpy,1,0.5295862506981253,1,True
23601,later_persistent_delinquency_contact_2000_2020,l2_logistic_regression_numpy,0,0.8209073524414532,1,False
10201,later_persistent_delinquency_contact_2000_2020,l2_logistic_regression_numpy,0,0.5057766128045044,1,False
99902,later_persistent_delinquency_contact_2000_2020,l2_logistic_regression_numpy,1,0.7976241339941785,1,True
123602,later_persistent_delinquency_contact_2000_2020,l2_logistic_regression_numpy,0,0.6020433418692055,1,False
418201,later_persistent_delinquency_contact_2000_2020,l2_logistic_regression_numpy,0,0.013034282656272288,0,True
144601,later_persistent_delinquency_contact_2000_2020,l2_logistic_regression_numpy,1,0.07213357315364274,0,False
118701,later_persistent_delinquency_contact_2000_2020,l2_logistic_regression_numpy,1,0.8169757287493564,1,True
240901,later_persistent_delinquency_contact_2000_2020,l2_logistic_regression_numpy,0,0.030945542854335577,0,True
144301,later_persistent_delinquency_contact_2000_2020,l2_logistic_regression_numpy,1,0.03412399541476454,0,False
120902,later_persistent_delinquency_contact_2000_2020,l2_logistic_regression_numpy,1,0.6856120876265689,1,True
371103,later_persistent_delinquency_contact_2000_2020,l2_logistic_regression_numpy,0,0.8679755427539546,1,False
60802,later_persistent_delinquency_contact_2000_2020,l2_logistic_regression_numpy,1,0.9011282077402921,1,True
210301,later_persistent_delinquency_contact_2000_2020,l2_logistic_regression_numpy,0,0.1752555803989447,0,True
291801,later_persistent_delinquency_contact_2000_2020,l2_logistic_regression_numpy,1,0.6009783773976749,1,True
223201,later_persistent_delinquency_contact_2000_2020,l2_logistic_regression_numpy,1,0.8337635909612717,1,True
158301,later_persistent_delinquency_contact_2000_2020,l2_logistic_regression_numpy,0,0.05476319693109712,0,True
14303,later_persistent_delinquency_contact_2000_2020,l2_logistic_regression_numpy,1,0.8177557047127868,1,True
408403,later_persistent_delinquency_contact_2000_2020,l2_logistic_regression_numpy,0,0.8504428761334833,1,False
260501,later_persistent_delinquency_contact_2000_2020,l2_logistic_regression_numpy,0,0.24732182392953497,0,True
252902,later_persistent_delinquency_contact_2000_2020,l2_logistic_regression_numpy,1,0.9060561698617949,1,True
356601,later_persistent_delinquency_contact_2000_2020,l2_logistic_regression_numpy,0,0.007605401329285124,0,True
345102,later_persistent_delinquency_contact_2000_2020,l2_logistic_regression_numpy,1,0.78362767059689,1,True
473403,later_persistent_delinquency_contact_2000_2020,l2_logistic_regression_numpy,0,0.2521489155276891,0,True
291101,later_persistent_delinquency_contact_2000_2020,l2_logistic_regression_numpy,0,0.046244380461210634,0,True
418001,later_persistent_delinquency_contact_2000_2020,l2_logistic_regression_numpy,0,0.02681936799592994,0,True
425402,later_persistent_delinquency_contact_2000_2020,l2_logistic_regression_numpy,1,0.8588998501290975,1,True
12101,later_persistent_delinquency_contact_2000_2020,l2_logistic_regression_numpy,1,0.7917760447989375,1,True
150204,later_persistent_delinquency_contact_2000_2020,l2_logistic_regression_numpy,0,0.6009760518356635,1,False
18303,later_persistent_delinquency_contact_2000_2020,l2_logistic_regression_numpy,1,0.8000732090828222,1,True
143802,later_persistent_delinquency_contact_2000_2020,l2_logistic_regression_numpy,0,0.308247071537575,0,True
119902,later_persistent_delinquency_contact_2000_2020,l2_logistic_regression_numpy,1,0.8150837780781146,1,True
432302,later_persistent_delinquency_contact_2000_2020,l2_logistic_regression_numpy,0,0.08770667570227804,0,True
54803,later_persistent_delinquency_contact_2000_2020,l2_logistic_regression_numpy,1,0.8095623020059329,1,True
359703,later_persistent_delinquency_contact_2000_2020,l2_logistic_regression_numpy,1,0.7592974161923255,1,True
480103,later_persistent_delinquency_contact_2000_2020,l2_logistic_regression_numpy,1,0.13080680813161663,0,False
233901,later_persistent_delinquency_contact_2000_2020,l2_logistic_regression_numpy,0,0.5535869843938949,1,False
251501,later_persistent_delinquency_contact_2000_2020,l2_logistic_regression_numpy,0,0.43706754799299,0,True
465101,later_persistent_delinquency_contact_2000_2020,l2_logistic_regression_numpy,0,0.9133311052637993,1,False
227002,later_persistent_delinquency_contact_2000_2020,l2_logistic_regression_numpy,0,0.9023660516879903,1,False
149501,later_persistent_delinquency_contact_2000_2020,l2_logistic_regression_numpy,0,0.04682534687358599,0,True
38202,later_persistent_delinquency_contact_2000_2020,l2_logistic_regression_numpy,0,0.08256124351662783,0,True
32203,later_persistent_delinquency_contact_2000_2020,l2_logistic_regression_numpy,0,0.8001929865551493,1,False
9801,later_persistent_delinquency_contact_2000_2020,l2_logistic_regression_numpy,1,0.8434749170291111,1,True
400202,later_persistent_delinquency_contact_2000_2020,l2_logistic_regression_numpy,1,0.7548666573017183,1,True
470602,later_persistent_delinquency_contact_2000_2020,l2_logistic_regression_numpy,0,0.5181125272444804,1,False
484802,later_persistent_delinquency_contact_2000_2020,l2_logistic_regression_numpy,0,0.8083054287802284,1,False
172901,later_persistent_delinquency_contact_2000_2020,l2_logistic_regression_numpy,0,0.3814737028033862,0,True
403502,later_persistent_delinquency_contact_2000_2020,l2_logistic_regression_numpy,1,0.6474026522637977,1,True
55704,later_persistent_delinquency_contact_2000_2020,l2_logistic_regression_numpy,1,0.7883206126724717,1,True
342904,later_persistent_delinquency_contact_2000_2020,l2_logistic_regression_numpy,1,0.8473663753429768,1,True
372702,later_persistent_delinquency_contact_2000_2020,l2_logistic_regression_numpy,0,0.46394842628399147,0,True
487303,later_persistent_delinquency_contact_2000_2020,l2_logistic_regression_numpy,0,0.5665282537004879,1,False
354502,later_persistent_delinquency_contact_2000_2020,l2_logistic_regression_numpy,1,0.7802706568596787,1,True
464502,later_persistent_delinquency_contact_2000_2020,l2_logistic_regression_numpy,1,0.2958097174608631,0,False
377101,later_persistent_delinquency_contact_2000_2020,l2_logistic_regression_numpy,0,0.7907912293955764,1,False
161703,later_persistent_delinquency_contact_2000_2020,l2_logistic_regression_numpy,1,0.6235258439517003,1,True
336503,later_persistent_delinquency_contact_2000_2020,l2_logistic_regression_numpy,0,0.40278661034320895,0,True
402402,later_persistent_delinquency_contact_2000_2020,l2_logistic_regression_numpy,1,0.11935455407519252,0,False
116102,later_persistent_delinquency_contact_2000_2020,l2_logistic_regression_numpy,0,0.11425107373224737,0,True
190202,later_persistent_delinquency_contact_2000_2020,l2_logistic_regression_numpy,1,0.569050350657961,1,True
273501,later_persistent_delinquency_contact_2000_2020,l2_logistic_regression_numpy,1,0.8669598091216597,1,True
415302,later_persistent_delinquency_contact_2000_2020,l2_logistic_regression_numpy,1,0.8855354119743087,1,True
444502,later_persistent_delinquency_contact_2000_2020,l2_logistic_regression_numpy,1,0.5600268974398676,1,True
476801,later_persistent_delinquency_contact_2000_2020,l2_logistic_regression_numpy,1,0.3878926531194022,0,False
478501,later_persistent_delinquency_contact_2000_2020,l2_logistic_regression_numpy,1,0.46230233110828467,0,False
73903,later_persistent_delinquency_contact_2000_2020,l2_logistic_regression_numpy,1,0.7427509240038713,1,True
117901,later_persistent_delinquency_contact_2000_2020,l2_logistic_regression_numpy,1,0.6535347300360234,1,True
294303,later_persistent_delinquency_contact_2000_2020,l2_logistic_regression_numpy,0,0.6352914827706474,1,False
107601,later_persistent_delinquency_contact_2000_2020,l2_logistic_regression_numpy,0,0.6397089626772262,1,False
401602,later_persistent_delinquency_contact_2000_2020,l2_logistic_regression_numpy,0,0.0993847943483989,0,True
279001,later_persistent_delinquency_contact_2000_2020,l2_logistic_regression_numpy,0,0.4173719361337001,0,True
40701,later_persistent_delinquency_contact_2000_2020,l2_logistic_regression_numpy,0,0.7860989961881117,1,False
487301,later_persistent_delinquency_contact_2000_2020,l2_logistic_regression_numpy,0,0.5258650478418315,1,False
110101,later_persistent_delinquency_contact_2000_2020,l2_logistic_regression_numpy,0,0.4702281008267534,0,True
455301,later_persistent_delinquency_contact_2000_2020,l2_logistic_regression_numpy,0,0.42643783142983116,0,True
401201,later_persistent_delinquency_contact_2000_2020,l2_logistic_regression_numpy,1,0.329265501731146,0,False
483702,later_persistent_delinquency_contact_2000_2020,l2_logistic_regression_numpy,0,0.05684997985053486,0,True
297001,later_persistent_delinquency_contact_2000_2020,l2_logistic_regression_numpy,0,0.09358016576994009,0,True
346502,later_persistent_delinquency_contact_2000_2020,l2_logistic_regression_numpy,0,0.7043141837546526,1,False
209901,later_persistent_delinquency_contact_2000_2020,l2_logistic_regression_numpy,1,0.4104528920751981,0,False
372001,later_persistent_delinquency_contact_2000_2020,l2_logistic_regression_numpy,0,0.27035759692920297,0,True
214001,later_persistent_delinquency_contact_2000_2020,l2_logistic_regression_numpy,0,0.45154378699012127,0,True
161702,later_persistent_delinquency_contact_2000_2020,l2_logistic_regression_numpy,1,0.5964437031119517,1,True
244704,later_persistent_delinquency_contact_2000_2020,l2_logistic_regression_numpy,0,0.10391461200161012,0,True
499101,later_persistent_delinquency_contact_2000_2020,l2_logistic_regression_numpy,0,0.715420415146617,1,False
176601,later_persistent_delinquency_contact_2000_2020,l2_logistic_regression_numpy,0,0.057406393546054174,0,True
80103,later_persistent_delinquency_contact_2000_2020,l2_logistic_regression_numpy,1,0.894354276198924,1,True
357601,later_persistent_delinquency_contact_2000_2020,l2_logistic_regression_numpy,0,0.16959581837633156,0,True
184802,later_persistent_delinquency_contact_2000_2020,l2_logistic_regression_numpy,1,0.9222712590578444,1,True
429601,later_persistent_delinquency_contact_2000_2020,l2_logistic_regression_numpy,1,0.6728507289382581,1,True
134302,later_persistent_delinquency_contact_2000_2020,l2_logistic_regression_numpy,1,0.7365100106405638,1,True
366101,later_persistent_delinquency_contact_2000_2020,l2_logistic_regression_numpy,1,0.45545086750150565,0,False
207202,later_persistent_delinquency_contact_2000_2020,l2_logistic_regression_numpy,1,0.6750842751349898,1,True
409502,later_persistent_delinquency_contact_2000_2020,l2_logistic_regression_numpy,1,0.6090870639876472,1,True
448101,later_persistent_delinquency_contact_2000_2020,l2_logistic_regression_numpy,0,0.002314408830317742,0,True
480401,later_persistent_delinquency_contact_2000_2020,l2_logistic_regression_numpy,0,0.5859788615086813,1,False
377002,later_persistent_delinquency_contact_2000_2020,l2_logistic_regression_numpy,1,0.8694835283799823,1,True
398203,later_persistent_delinquency_contact_2000_2020,l2_logistic_regression_numpy,0,0.560125410117208,1,False
36902,later_persistent_delinquency_contact_2000_2020,l2_logistic_regression_numpy,1,0.8469222022646307,1,True
183301,later_persistent_delinquency_contact_2000_2020,l2_logistic_regression_numpy,0,0.2984628246096114,0,True
123301,later_persistent_delinquency_contact_2000_2020,l2_logistic_regression_numpy,0,0.2048898683174617,0,True
1602,later_persistent_delinquency_contact_2000_2020,l2_logistic_regression_numpy,1,0.8063708442048484,1,True
401503,later_persistent_delinquency_contact_2000_2020,l2_logistic_regression_numpy,1,0.8625379068091591,1,True
332101,later_persistent_delinquency_contact_2000_2020,l2_logistic_regression_numpy,0,0.15371248172581775,0,True
495003,later_persistent_delinquency_contact_2000_2020,l2_logistic_regression_numpy,1,0.998778127494421,1,True
141602,later_persistent_delinquency_contact_2000_2020,l2_logistic_regression_numpy,1,0.0752441574515958,0,False
73303,later_persistent_delinquency_contact_2000_2020,l2_logistic_regression_numpy,1,0.6004106538201179,1,True
62101,later_persistent_delinquency_contact_2000_2020,l2_logistic_regression_numpy,1,0.8126255683476863,1,True
20002,later_persistent_delinquency_contact_2000_2020,l2_logistic_regression_numpy,1,0.7426668530172079,1,True
187601,later_persistent_delinquency_contact_2000_2020,l2_logistic_regression_numpy,0,0.02528914031154636,0,True
188502,later_persistent_delinquency_contact_2000_2020,l2_logistic_regression_numpy,1,0.5150419379832365,1,True
207703,later_persistent_delinquency_contact_2000_2020,l2_logistic_regression_numpy,0,0.11703138260704452,0,True
153901,later_persistent_delinquency_contact_2000_2020,l2_logistic_regression_numpy,0,0.17956604387678138,0,True
495004,later_persistent_delinquency_contact_2000_2020,l2_logistic_regression_numpy,1,0.7040487567808331,1,True
475302,later_persistent_delinquency_contact_2000_2020,l2_logistic_regression_numpy,1,0.8339382214951645,1,True
37903,later_persistent_delinquency_contact_2000_2020,l2_logistic_regression_numpy,0,0.6242468943346594,1,False
288901,later_persistent_delinquency_contact_2000_2020,l2_logistic_regression_numpy,1,0.5842483754588558,1,True
180802,later_persistent_delinquency_contact_2000_2020,l2_logistic_regression_numpy,1,0.711119692500195,1,True
265901,later_persistent_delinquency_contact_2000_2020,l2_logistic_regression_numpy,0,0.07847861688696385,0,True
224002,later_persistent_delinquency_contact_2000_2020,l2_logistic_regression_numpy,0,0.2670084617111436,0,True
338703,later_persistent_delinquency_contact_2000_2020,l2_logistic_regression_numpy,1,0.8078167294873098,1,True
108803,later_persistent_delinquency_contact_2000_2020,l2_logistic_regression_numpy,1,0.9308946008406138,1,True
137602,later_persistent_delinquency_contact_2000_2020,l2_logistic_regression_numpy,0,0.11516474871799066,0,True
445001,later_persistent_delinquency_contact_2000_2020,l2_logistic_regression_numpy,0,0.3083997176193133,0,True
240702,later_persistent_delinquency_contact_2000_2020,l2_logistic_regression_numpy,1,0.2805214096245482,0,False
463803,later_persistent_delinquency_contact_2000_2020,l2_logistic_regression_numpy,0,0.12766285163849628,0,True
138102,later_persistent_delinquency_contact_2000_2020,l2_logistic_regression_numpy,1,0.9096657300077248,1,True
122401,later_persistent_delinquency_contact_2000_2020,l2_logistic_regression_numpy,0,0.16974491985762022,0,True
280901,later_persistent_delinquency_contact_2000_2020,l2_logistic_regression_numpy,0,0.0050506088496971024,0,True
10002,later_persistent_delinquency_contact_2000_2020,l2_logistic_regression_numpy,1,0.9041587480016804,1,True
378302,later_persistent_delinquency_contact_2000_2020,l2_logistic_regression_numpy,0,0.557907426808231,1,False
75901,later_persistent_delinquency_contact_2000_2020,l2_logistic_regression_numpy,0,0.02550687011983368,0,True
241101,later_persistent_delinquency_contact_2000_2020,l2_logistic_regression_numpy,0,0.3639394200013506,0,True
371402,later_persistent_delinquency_contact_2000_2020,l2_logistic_regression_numpy,1,0.5854288233845174,1,True
239902,later_persistent_delinquency_contact_2000_2020,l2_logistic_regression_numpy,1,0.5888451272776147,1,True
209403,later_persistent_delinquency_contact_2000_2020,l2_logistic_regression_numpy,0,0.10905238589030844,0,True
453401,later_persistent_delinquency_contact_2000_2020,l2_logistic_regression_numpy,0,0.07049169624566706,0,True
418601,later_persistent_delinquency_contact_2000_2020,l2_logistic_regression_numpy,1,0.8890791288018006,1,True
206601,later_persistent_delinquency_contact_2000_2020,l2_logistic_regression_numpy,1,0.16862869146745543,0,False
499103,later_persistent_delinquency_contact_2000_2020,l2_logistic_regression_numpy,0,0.7899175739260895,1,False
354801,later_persistent_delinquency_contact_2000_2020,l2_logistic_regression_numpy,0,0.04207147242004934,0,True
346702,later_persistent_delinquency_contact_2000_2020,l2_logistic_regression_numpy,0,0.7772655587019622,1,False
65602,later_persistent_delinquency_contact_2000_2020,l2_logistic_regression_numpy,1,0.7653168694929376,1,True
102505,later_persistent_delinquency_contact_2000_2020,l2_logistic_regression_numpy,0,0.27854881414941335,0,True
418701,later_persistent_delinquency_contact_2000_2020,l2_logistic_regression_numpy,0,0.16145557837102237,0,True
349102,later_persistent_delinquency_contact_2000_2020,l2_logistic_regression_numpy,1,0.7843443026011084,1,True
435202,later_persistent_delinquency_contact_2000_2020,l2_logistic_regression_numpy,1,0.485966032741733,0,False
447902,later_persistent_delinquency_contact_2000_2020,l2_logistic_regression_numpy,1,0.776989844946325,1,True
346701,later_persistent_delinquency_contact_2000_2020,l2_logistic_regression_numpy,1,0.8970943011948138,1,True
27204,later_persistent_delinquency_contact_2000_2020,l2_logistic_regression_numpy,0,0.7200268232402264,1,False
334702,later_persistent_delinquency_contact_2000_2020,l2_logistic_regression_numpy,0,0.4055235792787271,0,True
27803,later_persistent_delinquency_contact_2000_2020,l2_logistic_regression_numpy,0,0.6208263028649216,1,False
122002,later_persistent_delinquency_contact_2000_2020,l2_logistic_regression_numpy,0,0.8361776245536937,1,False
355801,later_persistent_delinquency_contact_2000_2020,l2_logistic_regression_numpy,1,0.7141447983283141,1,True
459001,later_persistent_delinquency_contact_2000_2020,l2_logistic_regression_numpy,1,0.7417357889796022,1,True
84501,later_persistent_delinquency_contact_2000_2020,l2_logistic_regression_numpy,0,0.33687087419196354,0,True
192602,later_persistent_delinquency_contact_2000_2020,l2_logistic_regression_numpy,1,0.8989272918802601,1,True
58505,later_persistent_delinquency_contact_2000_2020,l2_logistic_regression_numpy,1,0.8787806067273695,1,True
24002,later_persistent_delinquency_contact_2000_2020,l2_logistic_regression_numpy,1,0.5997829711456489,1,True
200901,later_persistent_delinquency_contact_2000_2020,l2_logistic_regression_numpy,1,0.681483406264624,1,True
165502,later_persistent_delinquency_contact_2000_2020,l2_logistic_regression_numpy,1,0.7469166080097099,1,True
243401,later_persistent_delinquency_contact_2000_2020,l2_logistic_regression_numpy,0,0.11352554185633343,0,True
264501,later_persistent_delinquency_contact_2000_2020,l2_logistic_regression_numpy,0,0.022829770919512028,0,True
186302,later_persistent_delinquency_contact_2000_2020,l2_logistic_regression_numpy,1,0.9202225248301958,1,True
265502,later_persistent_delinquency_contact_2000_2020,l2_logistic_regression_numpy,1,0.98361413115595,1,True
486901,later_persistent_delinquency_contact_2000_2020,l2_logistic_regression_numpy,0,0.2873660043796185,0,True
109002,later_persistent_delinquency_contact_2000_2020,l2_logistic_regression_numpy,0,0.062245906956464876,0,True
373701,later_persistent_delinquency_contact_2000_2020,l2_logistic_regression_numpy,1,0.542497149766214,1,True
211901,later_persistent_delinquency_contact_2000_2020,l2_logistic_regression_numpy,0,0.7103036869523972,1,False
341302,later_persistent_delinquency_contact_2000_2020,l2_logistic_regression_numpy,0,0.07137466013639313,0,True
66201,later_persistent_delinquency_contact_2000_2020,l2_logistic_regression_numpy,1,0.7421475928681661,1,True
475701,later_persistent_delinquency_contact_2000_2020,l2_logistic_regression_numpy,0,0.8938961244265031,1,False
474403,later_persistent_delinquency_contact_2000_2020,l2_logistic_regression_numpy,1,0.5657881917853226,1,True
370501,later_persistent_delinquency_contact_2000_2020,l2_logistic_regression_numpy,0,0.011641234389096167,0,True
279002,later_persistent_delinquency_contact_2000_2020,l2_logistic_regression_numpy,0,0.6091106977936885,1,False
379902,later_persistent_delinquency_contact_2000_2020,l2_logistic_regression_numpy,0,0.5731695261671181,1,False
201302,later_persistent_delinquency_contact_2000_2020,l2_logistic_regression_numpy,1,0.6681354538741274,1,True
116502,later_persistent_delinquency_contact_2000_2020,l2_logistic_regression_numpy,0,0.003608071230569698,0,True
62102,later_persistent_delinquency_contact_2000_2020,l2_logistic_regression_numpy,1,0.9853567756021931,1,True
310601,later_persistent_delinquency_contact_2000_2020,l2_logistic_regression_numpy,1,0.5167980398034108,1,True
330401,later_persistent_delinquency_contact_2000_2020,l2_logistic_regression_numpy,1,0.8938880737118562,1,True
190602,later_persistent_delinquency_contact_2000_2020,l2_logistic_regression_numpy,1,0.5426679919390515,1,True
474603,later_persistent_delinquency_contact_2000_2020,l2_logistic_regression_numpy,1,0.873428374035222,1,True
271202,later_persistent_delinquency_contact_2000_2020,l2_logistic_regression_numpy,0,0.7843829436751778,1,False
357203,later_persistent_delinquency_contact_2000_2020,l2_logistic_regression_numpy,0,0.7641260081822601,1,False
172001,later_persistent_delinquency_contact_2000_2020,l2_logistic_regression_numpy,0,0.021565868380661143,0,True
477702,later_persistent_delinquency_contact_2000_2020,l2_logistic_regression_numpy,1,0.7390879881935062,1,True
272301,later_persistent_delinquency_contact_2000_2020,l2_logistic_regression_numpy,1,0.8017696066534725,1,True
337002,later_persistent_delinquency_contact_2000_2020,l2_logistic_regression_numpy,0,0.6466368834521059,1,False
340203,later_persistent_delinquency_contact_2000_2020,l2_logistic_regression_numpy,1,0.6026310524024131,1,True
292601,later_persistent_delinquency_contact_2000_2020,l2_logistic_regression_numpy,0,0.47269692061955926,0,True
139902,later_persistent_delinquency_contact_2000_2020,l2_logistic_regression_numpy,1,0.7935189892427291,1,True
182903,later_persistent_delinquency_contact_2000_2020,l2_logistic_regression_numpy,1,0.9499511848210251,1,True
295501,later_persistent_delinquency_contact_2000_2020,l2_logistic_regression_numpy,0,0.5250562766133092,1,False
81101,later_persistent_delinquency_contact_2000_2020,l2_logistic_regression_numpy,1,0.6255400192791977,1,True
248302,later_persistent_delinquency_contact_2000_2020,l2_logistic_regression_numpy,0,0.6601282621937856,1,False
201601,later_persistent_delinquency_contact_2000_2020,l2_logistic_regression_numpy,1,0.9004602008383142,1,True
476904,later_persistent_delinquency_contact_2000_2020,l2_logistic_regression_numpy,1,0.5441527854400631,1,True
7802,later_persistent_delinquency_contact_2000_2020,l2_logistic_regression_numpy,0,0.6872231596830781,1,False
15903,later_persistent_delinquency_contact_2000_2020,l2_logistic_regression_numpy,0,0.6017315940203698,1,False
159901,later_persistent_delinquency_contact_2000_2020,l2_logistic_regression_numpy,0,0.030352229644052726,0,True
104902,later_persistent_delinquency_contact_2000_2020,l2_logistic_regression_numpy,1,0.5594203632671585,1,True
486303,later_persistent_delinquency_contact_2000_2020,l2_logistic_regression_numpy,0,0.42957727346089175,0,True
185801,later_persistent_delinquency_contact_2000_2020,l2_logistic_regression_numpy,0,0.22542541497246063,0,True
421001,later_persistent_delinquency_contact_2000_2020,l2_logistic_regression_numpy,0,0.016912406671234476,0,True
265102,later_persistent_delinquency_contact_2000_2020,l2_logistic_regression_numpy,0,0.6518352339971337,1,False
484202,later_persistent_delinquency_contact_2000_2020,l2_logistic_regression_numpy,0,0.2403990878970007,0,True
75801,later_persistent_delinquency_contact_2000_2020,l2_logistic_regression_numpy,0,0.0034987894134820533,0,True
176902,later_persistent_delinquency_contact_2000_2020,l2_logistic_regression_numpy,1,0.8284109863044904,1,True
113202,later_persistent_delinquency_contact_2000_2020,l2_logistic_regression_numpy,1,0.9359671482914972,1,True
301001,later_persistent_delinquency_contact_2000_2020,l2_logistic_regression_numpy,0,0.6665535543217015,1,False
111102,later_persistent_delinquency_contact_2000_2020,l2_logistic_regression_numpy,0,0.08851563274188967,0,True
492001,later_persistent_delinquency_contact_2000_2020,l2_logistic_regression_numpy,0,0.00996798149345035,0,True
97801,later_persistent_delinquency_contact_2000_2020,l2_logistic_regression_numpy,0,0.16893900118484503,0,True
497304,later_persistent_delinquency_contact_2000_2020,l2_logistic_regression_numpy,1,0.8905552129389972,1,True
141402,later_persistent_delinquency_contact_2000_2020,l2_logistic_regression_numpy,0,0.30577561832034383,0,True
454401,later_persistent_delinquency_contact_2000_2020,l2_logistic_regression_numpy,0,0.18416561660147943,0,True
136201,later_persistent_delinquency_contact_2000_2020,l2_logistic_regression_numpy,1,0.6218235346716134,1,True
391901,later_persistent_delinquency_contact_2000_2020,l2_logistic_regression_numpy,0,0.9428207043904415,1,False
20402,later_persistent_delinquency_contact_2000_2020,l2_logistic_regression_numpy,0,0.5667911000917867,1,False
375601,later_persistent_delinquency_contact_2000_2020,l2_logistic_regression_numpy,1,0.48912723003083525,0,False
427201,later_persistent_delinquency_contact_2000_2020,l2_logistic_regression_numpy,1,0.6452057156143733,1,True
27202,later_persistent_delinquency_contact_2000_2020,l2_logistic_regression_numpy,1,0.4074352441022661,0,False
294902,later_persistent_delinquency_contact_2000_2020,l2_logistic_regression_numpy,1,0.7427420144170944,1,True
439104,later_persistent_delinquency_contact_2000_2020,l2_logistic_regression_numpy,1,0.8899849925527858,1,True
300403,later_persistent_delinquency_contact_2000_2020,l2_logistic_regression_numpy,1,0.5276425378007455,1,True
278501,later_persistent_delinquency_contact_2000_2020,l2_logistic_regression_numpy,0,0.07752825445906142,0,True
80402,later_persistent_delinquency_contact_2000_2020,l2_logistic_regression_numpy,1,0.7090559718735606,1,True
471403,later_persistent_delinquency_contact_2000_2020,l2_logistic_regression_numpy,1,0.6370816869892411,1,True
495404,later_persistent_delinquency_contact_2000_2020,l2_logistic_regression_numpy,1,0.6302824695086092,1,True
99502,later_persistent_delinquency_contact_2000_2020,l2_logistic_regression_numpy,0,0.651853714233434,1,False
482602,later_persistent_delinquency_contact_2000_2020,l2_logistic_regression_numpy,1,0.7451033183335233,1,True
270401,later_persistent_delinquency_contact_2000_2020,l2_logistic_regression_numpy,0,0.6629897963928236,1,False
495502,later_persistent_delinquency_contact_2000_2020,l2_logistic_regression_numpy,0,0.6271432617643143,1,False
15701,later_persistent_delinquency_contact_2000_2020,l2_logistic_regression_numpy,0,0.38084507248825505,0,True
283401,later_persistent_delinquency_contact_2000_2020,l2_logistic_regression_numpy,0,0.009152616958478597,0,True
248203,later_persistent_delinquency_contact_2000_2020,l2_logistic_regression_numpy,0,0.30513375003475535,0,True
129503,later_persistent_delinquency_contact_2000_2020,l2_logistic_regression_numpy,1,0.9659861030425515,1,True
57901,later_persistent_delinquency_contact_2000_2020,l2_logistic_regression_numpy,1,0.7578703153995786,1,True
239901,later_persistent_delinquency_contact_2000_2020,l2_logistic_regression_numpy,1,0.8608230873849648,1,True
339703,later_persistent_delinquency_contact_2000_2020,l2_logistic_regression_numpy,1,0.9638808941814252,1,True
379302,later_persistent_delinquency_contact_2000_2020,l2_logistic_regression_numpy,0,0.835527879980414,1,False
44902,later_persistent_delinquency_contact_2000_2020,l2_logistic_regression_numpy,1,0.5165947826709374,1,True
489901,later_persistent_delinquency_contact_2000_2020,l2_logistic_regression_numpy,0,0.6017227108481666,1,False
374002,later_persistent_delinquency_contact_2000_2020,l2_logistic_regression_numpy,1,0.7605954052211694,1,True
441602,later_persistent_delinquency_contact_2000_2020,l2_logistic_regression_numpy,0,0.02198619777495024,0,True
428203,later_persistent_delinquency_contact_2000_2020,l2_logistic_regression_numpy,0,0.8804089584772138,1,False
141405,later_persistent_delinquency_contact_2000_2020,l2_logistic_regression_numpy,0,0.6082028796515084,1,False
452501,later_persistent_delinquency_contact_2000_2020,l2_logistic_regression_numpy,0,0.8142219198749012,1,False
260702,later_persistent_delinquency_contact_2000_2020,l2_logistic_regression_numpy,1,0.7067777583824433,1,True
88602,later_persistent_delinquency_contact_2000_2020,l2_logistic_regression_numpy,1,0.5731695261671181,1,True
265505,later_persistent_delinquency_contact_2000_2020,l2_logistic_regression_numpy,1,0.8250556957062474,1,True
199401,later_persistent_delinquency_contact_2000_2020,l2_logistic_regression_numpy,0,0.163548814500916,0,True
492002,later_persistent_delinquency_contact_2000_2020,l2_logistic_regression_numpy,0,0.13088582134289686,0,True
143801,later_persistent_delinquency_contact_2000_2020,l2_logistic_regression_numpy,0,0.11060506670298566,0,True
466301,later_persistent_delinquency_contact_2000_2020,l2_logistic_regression_numpy,1,0.8864615838073567,1,True
472402,later_persistent_delinquency_contact_2000_2020,l2_logistic_regression_numpy,1,0.034813093838997396,0,False
468302,later_persistent_delinquency_contact_2000_2020,l2_logistic_regression_numpy,1,0.64791131755371,1,True
129002,later_persistent_delinquency_contact_2000_2020,l2_logistic_regression_numpy,1,0.42084198703927633,0,False
378602,later_persistent_delinquency_contact_2000_2020,l2_logistic_regression_numpy,1,0.578171397885563,1,True
319001,later_persistent_delinquency_contact_2000_2020,l2_logistic_regression_numpy,0,0.024028401760387882,0,True
420303,later_persistent_delinquency_contact_2000_2020,l2_logistic_regression_numpy,1,0.8392028305309595,1,True
199501,later_persistent_delinquency_contact_2000_2020,l2_logistic_regression_numpy,1,0.5543917380046667,1,True
400701,later_persistent_delinquency_contact_2000_2020,l2_logistic_regression_numpy,0,0.10593075412023815,0,True
159604,later_persistent_delinquency_contact_2000_2020,l2_logistic_regression_numpy,1,0.2588258087549672,0,False
265506,later_persistent_delinquency_contact_2000_2020,l2_logistic_regression_numpy,0,0.7143757126602113,1,False
463103,later_persistent_delinquency_contact_2000_2020,l2_logistic_regression_numpy,0,0.6459379838424733,1,False
226001,later_persistent_delinquency_contact_2000_2020,l2_logistic_regression_numpy,0,0.07295023745374496,0,True
164901,later_persistent_delinquency_contact_2000_2020,l2_logistic_regression_numpy,1,0.15129534535976574,0,False
180302,later_persistent_delinquency_contact_2000_2020,l2_logistic_regression_numpy,1,0.6319874177758699,1,True
266301,later_persistent_delinquency_contact_2000_2020,l2_logistic_regression_numpy,0,0.031241106922769615,0,True
122701,later_persistent_delinquency_contact_2000_2020,l2_logistic_regression_numpy,0,0.23786853624692883,0,True
103801,later_persistent_delinquency_contact_2000_2020,l2_logistic_regression_numpy,1,0.9148430954357356,1,True
304702,later_persistent_delinquency_contact_2000_2020,l2_logistic_regression_numpy,0,0.31167913400930825,0,True
331501,later_persistent_delinquency_contact_2000_2020,l2_logistic_regression_numpy,0,0.09396605546529352,0,True
365901,later_persistent_delinquency_contact_2000_2020,l2_logistic_regression_numpy,0,0.05100435735575013,0,True
208802,later_persistent_delinquency_contact_2000_2020,l2_logistic_regression_numpy,0,0.7546474165206127,1,False
224702,later_persistent_delinquency_contact_2000_2020,l2_logistic_regression_numpy,1,0.4927252617524628,0,False
108805,later_persistent_delinquency_contact_2000_2020,l2_logistic_regression_numpy,0,0.5332459545799345,1,False
279203,later_persistent_delinquency_contact_2000_2020,l2_logistic_regression_numpy,1,0.5695674152867231,1,True
394802,later_persistent_delinquency_contact_2000_2020,l2_logistic_regression_numpy,0,0.02462834141267795,0,True
213701,later_persistent_delinquency_contact_2000_2020,l2_logistic_regression_numpy,0,0.022018593707136068,0,True
47501,later_persistent_delinquency_contact_2000_2020,l2_logistic_regression_numpy,1,0.5790000490344361,1,True
205001,later_persistent_delinquency_contact_2000_2020,l2_logistic_regression_numpy,0,0.12740684023750593,0,True
361102,later_persistent_delinquency_contact_2000_2020,l2_logistic_regression_numpy,0,0.6048650560606675,1,False
25405,later_persistent_delinquency_contact_2000_2020,l2_logistic_regression_numpy,1,0.5795109811045251,1,True
353701,later_persistent_delinquency_contact_2000_2020,l2_logistic_regression_numpy,1,0.5241217683418707,1,True
395303,later_persistent_delinquency_contact_2000_2020,l2_logistic_regression_numpy,1,0.8991396294641486,1,True
28802,later_persistent_delinquency_contact_2000_2020,l2_logistic_regression_numpy,1,0.7245365333504051,1,True
375303,later_persistent_delinquency_contact_2000_2020,l2_logistic_regression_numpy,0,0.0787843785199,0,True
471402,later_persistent_delinquency_contact_2000_2020,l2_logistic_regression_numpy,1,0.9039459299758605,1,True
126902,later_persistent_delinquency_contact_2000_2020,l2_logistic_regression_numpy,0,0.47239215825903663,0,True
84301,later_persistent_delinquency_contact_2000_2020,l2_logistic_regression_numpy,0,0.003965696964653825,0,True
245903,later_persistent_delinquency_contact_2000_2020,l2_logistic_regression_numpy,1,0.8291091354360236,1,True
215304,later_persistent_delinquency_contact_2000_2020,l2_logistic_regression_numpy,1,0.7852099157664456,1,True
24401,later_persistent_delinquency_contact_2000_2020,l2_logistic_regression_numpy,0,0.17919383214780035,0,True
391301,later_persistent_delinquency_contact_2000_2020,l2_logistic_regression_numpy,1,0.41141547807444623,0,False
376901,later_persistent_delinquency_contact_2000_2020,l2_logistic_regression_numpy,0,0.6904322601249665,1,False
41601,later_persistent_delinquency_contact_2000_2020,l2_logistic_regression_numpy,1,0.3398308706081345,0,False
335503,later_persistent_delinquency_contact_2000_2020,l2_logistic_regression_numpy,0,0.8369092795151578,1,False
196201,later_persistent_delinquency_contact_2000_2020,l2_logistic_regression_numpy,0,0.14778204669708792,0,True
320101,later_persistent_delinquency_contact_2000_2020,l2_logistic_regression_numpy,0,0.1462757976949026,0,True
498102,later_persistent_delinquency_contact_2000_2020,l2_logistic_regression_numpy,1,0.32415152650405715,0,False
63502,later_persistent_delinquency_contact_2000_2020,l2_logistic_regression_numpy,0,0.01907839882913059,0,True
309801,later_persistent_delinquency_contact_2000_2020,l2_logistic_regression_numpy,1,0.34070120694976996,0,False
132801,later_persistent_delinquency_contact_2000_2020,l2_logistic_regression_numpy,0,0.3941062717072746,0,True
108802,later_persistent_delinquency_contact_2000_2020,l2_logistic_regression_numpy,1,0.9320461552330919,1,True
179401,later_persistent_delinquency_contact_2000_2020,l2_logistic_regression_numpy,1,0.3807986536421132,0,False
273701,later_persistent_delinquency_contact_2000_2020,l2_logistic_regression_numpy,1,0.0005888891486694336,0,False
129703,later_persistent_delinquency_contact_2000_2020,l2_logistic_regression_numpy,0,0.512740748467623,1,False
410302,later_persistent_delinquency_contact_2000_2020,l2_logistic_regression_numpy,1,0.5184922636178068,1,True
379402,later_persistent_delinquency_contact_2000_2020,l2_logistic_regression_numpy,1,0.6414675590156803,1,True
240002,later_persistent_delinquency_contact_2000_2020,l2_logistic_regression_numpy,1,0.9337673515979814,1,True
343203,later_persistent_delinquency_contact_2000_2020,l2_logistic_regression_numpy,0,0.4772738981688574,0,True
77503,later_persistent_delinquency_contact_2000_2020,l2_logistic_regression_numpy,1,0.8505356652825725,1,True
326805,later_persistent_delinquency_contact_2000_2020,l2_logistic_regression_numpy,1,0.9565748963266799,1,True
26503,later_persistent_delinquency_contact_2000_2020,l2_logistic_regression_numpy,0,0.7093784328437402,1,False
447304,later_persistent_delinquency_contact_2000_2020,l2_logistic_regression_numpy,1,0.5546501340802527,1,True
473303,later_persistent_delinquency_contact_2000_2020,l2_logistic_regression_numpy,1,0.7628841325605981,1,True
34001,later_persistent_delinquency_contact_2000_2020,l2_logistic_regression_numpy,0,0.1810942161208415,0,True
230101,later_persistent_delinquency_contact_2000_2020,l2_logistic_regression_numpy,0,0.2280675439455742,0,True
158402,later_persistent_delinquency_contact_2000_2020,l2_logistic_regression_numpy,1,0.9269312060636802,1,True
301301,later_persistent_delinquency_contact_2000_2020,l2_logistic_regression_numpy,0,0.5686711387209646,1,False
177002,later_persistent_delinquency_contact_2000_2020,l2_logistic_regression_numpy,0,0.6233821208787105,1,False
288301,later_persistent_delinquency_contact_2000_2020,l2_logistic_regression_numpy,1,0.9223871568354908,1,True
159301,later_persistent_delinquency_contact_2000_2020,l2_logistic_regression_numpy,0,0.33530637327264906,0,True
200210,later_persistent_delinquency_contact_2000_2020,l2_logistic_regression_numpy,1,0.6921362477958738,1,True
342202,later_persistent_delinquency_contact_2000_2020,l2_logistic_regression_numpy,0,0.5405804442742655,1,False
28806,later_persistent_delinquency_contact_2000_2020,l2_logistic_regression_numpy,0,0.6886137619842976,1,False
421204,later_persistent_delinquency_contact_2000_2020,l2_logistic_regression_numpy,1,0.8760045916952496,1,True
100901,later_persistent_delinquency_contact_2000_2020,l2_logistic_regression_numpy,0,0.31679879278290113,0,True
129504,later_persistent_delinquency_contact_2000_2020,l2_logistic_regression_numpy,0,0.6974011270847268,1,False
471103,later_persistent_delinquency_contact_2000_2020,l2_logistic_regression_numpy,1,0.9159771363567472,1,True
122702,later_persistent_delinquency_contact_2000_2020,l2_logistic_regression_numpy,0,0.5890385065082805,1,False
396402,later_persistent_delinquency_contact_2000_2020,l2_logistic_regression_numpy,0,0.9055409355346968,1,False
213702,later_persistent_delinquency_contact_2000_2020,l2_logistic_regression_numpy,0,0.3722260578817772,0,True
273101,later_persistent_delinquency_contact_2000_2020,l2_logistic_regression_numpy,1,0.5668041624097666,1,True
213001,later_persistent_delinquency_contact_2000_2020,l2_logistic_regression_numpy,0,0.10304297582443878,0,True
155901,later_persistent_delinquency_contact_2000_2020,l2_logistic_regression_numpy,1,0.2343794374287255,0,False
145504,later_persistent_delinquency_contact_2000_2020,l2_logistic_regression_numpy,0,0.15313138468360252,0,True
365002,later_persistent_delinquency_contact_2000_2020,l2_logistic_regression_numpy,0,0.2664096744608091,0,True
290902,later_persistent_delinquency_contact_2000_2020,l2_logistic_regression_numpy,0,0.9104368753390163,1,False
199002,later_persistent_delinquency_contact_2000_2020,l2_logistic_regression_numpy,0,0.07878268815166921,0,True
215801,later_persistent_delinquency_contact_2000_2020,l2_logistic_regression_numpy,0,0.002541455761299834,0,True
161001,later_persistent_delinquency_contact_2000_2020,l2_logistic_regression_numpy,0,0.008794706326573556,0,True
58802,later_persistent_delinquency_contact_2000_2020,l2_logistic_regression_numpy,0,0.043820010010409874,0,True
361401,later_persistent_delinquency_contact_2000_2020,l2_logistic_regression_numpy,0,0.10425979385886283,0,True
93601,later_persistent_delinquency_contact_2000_2020,l2_logistic_regression_numpy,1,0.2816388099014593,0,False
247802,later_persistent_delinquency_contact_2000_2020,l2_logistic_regression_numpy,1,0.4751500668688377,0,False
435401,later_persistent_delinquency_contact_2000_2020,l2_logistic_regression_numpy,0,0.011941601256371524,0,True
87604,later_persistent_delinquency_contact_2000_2020,l2_logistic_regression_numpy,0,0.6478078905833049,1,False
14403,later_persistent_delinquency_contact_2000_2020,l2_logistic_regression_numpy,0,0.5977079863315099,1,False
96201,later_persistent_delinquency_contact_2000_2020,l2_logistic_regression_numpy,0,0.10435805239253279,0,True
469003,later_persistent_delinquency_contact_2000_2020,l2_logistic_regression_numpy,1,0.7810234036349318,1,True
267503,later_persistent_delinquency_contact_2000_2020,l2_logistic_regression_numpy,1,0.7324601747786619,1,True
356001,later_persistent_delinquency_contact_2000_2020,l2_logistic_regression_numpy,0,0.14378712902459886,0,True
383903,later_persistent_delinquency_contact_2000_2020,l2_logistic_regression_numpy,1,0.8559898044599961,1,True
223702,later_persistent_delinquency_contact_2000_2020,l2_logistic_regression_numpy,1,0.9075751309163079,1,True
58801,later_persistent_delinquency_contact_2000_2020,l2_logistic_regression_numpy,0,0.019149898292428184,0,True
188501,later_persistent_delinquency_contact_2000_2020,l2_logistic_regression_numpy,1,0.7214211619799334,1,True
141001,later_persistent_delinquency_contact_2000_2020,l2_logistic_regression_numpy,0,0.03312308082170858,0,True
377201,later_persistent_delinquency_contact_2000_2020,l2_logistic_regression_numpy,1,0.26571015975941237,0,False
360102,later_persistent_delinquency_contact_2000_2020,l2_logistic_regression_numpy,1,0.8833412955411052,1,True
195302,later_persistent_delinquency_contact_2000_2020,l2_logistic_regression_numpy,1,0.7075543351501677,1,True
374101,later_persistent_delinquency_contact_2000_2020,l2_logistic_regression_numpy,0,0.779274795215324,1,False
406503,later_persistent_delinquency_contact_2000_2020,l2_logistic_regression_numpy,1,0.6082844742048529,1,True
285501,later_persistent_delinquency_contact_2000_2020,l2_logistic_regression_numpy,1,0.6136459124974107,1,True
151902,later_persistent_delinquency_contact_2000_2020,l2_logistic_regression_numpy,0,0.2862106522375587,0,True
280802,later_persistent_delinquency_contact_2000_2020,l2_logistic_regression_numpy,1,0.7384406912812093,1,True
308001,later_persistent_delinquency_contact_2000_2020,l2_logistic_regression_numpy,1,0.6437406706646543,1,True
475702,later_persistent_delinquency_contact_2000_2020,l2_logistic_regression_numpy,0,0.7935163473703111,1,False
120002,later_persistent_delinquency_contact_2000_2020,l2_logistic_regression_numpy,1,0.598564668022868,1,True
176801,later_persistent_delinquency_contact_2000_2020,l2_logistic_regression_numpy,1,0.7535034011070053,1,True
359704,later_persistent_delinquency_contact_2000_2020,l2_logistic_regression_numpy,1,0.907868122922979,1,True
267002,later_persistent_delinquency_contact_2000_2020,l2_logistic_regression_numpy,1,0.7057467982110949,1,True
131002,later_persistent_delinquency_contact_2000_2020,l2_logistic_regression_numpy,0,0.5773503857719361,1,False
44201,later_persistent_delinquency_contact_2000_2020,l2_logistic_regression_numpy,0,0.014251130925483,0,True
495304,later_persistent_delinquency_contact_2000_2020,l2_logistic_regression_numpy,1,0.7146159455071848,1,True
392901,later_persistent_delinquency_contact_2000_2020,l2_logistic_regression_numpy,0,0.07485697560146137,0,True
217501,later_persistent_delinquency_contact_2000_2020,l2_logistic_regression_numpy,0,0.13657357906911757,0,True
102503,later_persistent_delinquency_contact_2000_2020,l2_logistic_regression_numpy,0,0.06302711295780236,0,True
341202,later_persistent_delinquency_contact_2000_2020,l2_logistic_regression_numpy,1,0.5346578157000088,1,True
270501,later_persistent_delinquency_contact_2000_2020,l2_logistic_regression_numpy,1,0.058551406197791415,0,False
422402,later_persistent_delinquency_contact_2000_2020,l2_logistic_regression_numpy,1,0.7001673278092667,1,True
337105,later_persistent_delinquency_contact_2000_2020,l2_logistic_regression_numpy,0,0.7791465433796897,1,False
238301,later_persistent_delinquency_contact_2000_2020,l2_logistic_regression_numpy,0,0.05946418878334941,0,True
200301,later_persistent_delinquency_contact_2000_2020,l2_logistic_regression_numpy,0,0.663239433066889,1,False
13802,later_persistent_delinquency_contact_2000_2020,l2_logistic_regression_numpy,1,0.8523955954546324,1,True
429501,later_persistent_delinquency_contact_2000_2020,l2_logistic_regression_numpy,0,0.23046320613694238,0,True
276901,later_persistent_delinquency_contact_2000_2020,l2_logistic_regression_numpy,0,0.02339659062859758,0,True
360103,later_persistent_delinquency_contact_2000_2020,l2_logistic_regression_numpy,1,0.8460304075959328,1,True
440002,later_persistent_delinquency_contact_2000_2020,l2_logistic_regression_numpy,0,0.3679024284262663,0,True
207902,later_persistent_delinquency_contact_2000_2020,l2_logistic_regression_numpy,0,0.5873022198883566,1,False
483701,later_persistent_delinquency_contact_2000_2020,l2_logistic_regression_numpy,0,0.07699873852221743,0,True
204901,later_persistent_delinquency_contact_2000_2020,l2_logistic_regression_numpy,1,0.7444506305522027,1,True
342402,later_persistent_delinquency_contact_2000_2020,l2_logistic_regression_numpy,1,0.8042413040781711,1,True
28502,later_persistent_delinquency_contact_2000_2020,l2_logistic_regression_numpy,0,0.0747846479651513,0,True
463702,later_persistent_delinquency_contact_2000_2020,l2_logistic_regression_numpy,1,0.5833204361041587,1,True
465703,later_persistent_delinquency_contact_2000_2020,l2_logistic_regression_numpy,1,0.7494020305043284,1,True
444503,later_persistent_delinquency_contact_2000_2020,l2_logistic_regression_numpy,1,0.7194343619933665,1,True
143803,later_persistent_delinquency_contact_2000_2020,l2_logistic_regression_numpy,1,0.89860136131584,1,True
16702,later_persistent_delinquency_contact_2000_2020,l2_logistic_regression_numpy,1,0.7722154080413131,1,True
58804,later_persistent_delinquency_contact_2000_2020,l2_logistic_regression_numpy,1,0.6247093256870936,1,True
83102,later_persistent_delinquency_contact_2000_2020,l2_logistic_regression_numpy,1,0.5644969296506266,1,True
43902,later_persistent_delinquency_contact_2000_2020,l2_logistic_regression_numpy,1,0.5800292282536277,1,True
463104,later_persistent_delinquency_contact_2000_2020,l2_logistic_regression_numpy,0,0.591452098574418,1,False
236201,later_persistent_delinquency_contact_2000_2020,l2_logistic_regression_numpy,1,0.02555974564905072,0,False
344603,later_persistent_delinquency_contact_2000_2020,l2_logistic_regression_numpy,0,0.6001654642960499,1,False
366902,later_persistent_delinquency_contact_2000_2020,l2_logistic_regression_numpy,0,0.9150788162073674,1,False
271001,later_persistent_delinquency_contact_2000_2020,l2_logistic_regression_numpy,0,0.16879230452345043,0,True
223701,later_persistent_delinquency_contact_2000_2020,l2_logistic_regression_numpy,1,0.8058020412654652,1,True
50601,later_persistent_delinquency_contact_2000_2020,l2_logistic_regression_numpy,0,0.7297654433917065,1,False
354601,later_persistent_delinquency_contact_2000_2020,l2_logistic_regression_numpy,0,0.752678819241588,1,False
469102,later_persistent_delinquency_contact_2000_2020,l2_logistic_regression_numpy,0,0.679138696046007,1,False
228101,later_persistent_delinquency_contact_2000_2020,l2_logistic_regression_numpy,0,0.21411747809504858,0,True
116501,later_persistent_delinquency_contact_2000_2020,l2_logistic_regression_numpy,0,0.062406807692474635,0,True
83602,later_persistent_delinquency_contact_2000_2020,l2_logistic_regression_numpy,1,0.9858544438263832,1,True
348103,later_persistent_delinquency_contact_2000_2020,l2_logistic_regression_numpy,1,0.570767061962013,1,True
341301,later_persistent_delinquency_contact_2000_2020,l2_logistic_regression_numpy,0,0.09054547941765113,0,True
478702,later_persistent_delinquency_contact_2000_2020,l2_logistic_regression_numpy,1,0.1361656647884034,0,False
180401,later_persistent_delinquency_contact_2000_2020,l2_logistic_regression_numpy,1,0.4410800146860926,0,False
437102,later_persistent_delinquency_contact_2000_2020,l2_logistic_regression_numpy,1,0.6261307613854448,1,True
414501,later_persistent_delinquency_contact_2000_2020,l2_logistic_regression_numpy,1,0.7276324928552614,1,True
289202,later_persistent_delinquency_contact_2000_2020,l2_logistic_regression_numpy,1,0.6173148847944678,1,True
72002,later_persistent_delinquency_contact_2000_2020,l2_logistic_regression_numpy,0,0.02522767226899013,0,True
465301,later_persistent_delinquency_contact_2000_2020,l2_logistic_regression_numpy,1,0.7987281288966851,1,True
61903,later_persistent_delinquency_contact_2000_2020,l2_logistic_regression_numpy,0,0.0076277741759719795,0,True
99202,later_persistent_delinquency_contact_2000_2020,l2_logistic_regression_numpy,0,0.12947572907002589,0,True
29702,later_persistent_delinquency_contact_2000_2020,l2_logistic_regression_numpy,1,0.7124616366985363,1,True
118902,later_persistent_delinquency_contact_2000_2020,l2_logistic_regression_numpy,0,0.19977865514424084,0,True
326807,later_persistent_delinquency_contact_2000_2020,l2_logistic_regression_numpy,1,0.912853025281023,1,True
223401,later_persistent_delinquency_contact_2000_2020,l2_logistic_regression_numpy,1,0.5481041350015068,1,True
225701,later_persistent_delinquency_contact_2000_2020,l2_logistic_regression_numpy,1,0.43027055769546374,0,False
187603,later_persistent_delinquency_contact_2000_2020,l2_logistic_regression_numpy,0,0.13497226224659561,0,True
365101,later_persistent_delinquency_contact_2000_2020,l2_logistic_regression_numpy,0,0.13162571687192332,0,True
101501,later_persistent_delinquency_contact_2000_2020,l2_logistic_regression_numpy,0,0.04770939322648832,0,True
231701,later_persistent_delinquency_contact_2000_2020,l2_logistic_regression_numpy,0,0.9030607502852107,1,False
373801,later_persistent_delinquency_contact_2000_2020,l2_logistic_regression_numpy,0,0.3206256756835268,0,True
272001,later_persistent_delinquency_contact_2000_2020,l2_logistic_regression_numpy,0,0.14465014149620012,0,True
48502,later_persistent_delinquency_contact_2000_2020,l2_logistic_regression_numpy,0,0.8170320393549232,1,False
229001,later_persistent_delinquency_contact_2000_2020,l2_logistic_regression_numpy,1,0.9185737460635606,1,True
356002,later_persistent_delinquency_contact_2000_2020,l2_logistic_regression_numpy,0,0.5871367828149271,1,False
495701,later_persistent_delinquency_contact_2000_2020,l2_logistic_regression_numpy,1,0.3610484320479596,0,False
177602,later_persistent_delinquency_contact_2000_2020,l2_logistic_regression_numpy,1,0.7830223321254344,1,True
291901,later_persistent_delinquency_contact_2000_2020,l2_logistic_regression_numpy,0,0.5043378375522354,1,False
356501,later_persistent_delinquency_contact_2000_2020,l2_logistic_regression_numpy,0,0.09735798959911957,0,True
297901,later_persistent_delinquency_contact_2000_2020,l2_logistic_regression_numpy,1,0.688068720551531,1,True
259201,later_persistent_delinquency_contact_2000_2020,l2_logistic_regression_numpy,0,0.014783311618662512,0,True
498901,later_persistent_delinquency_contact_2000_2020,l2_logistic_regression_numpy,0,0.7112582832385522,1,False
159607,later_persistent_delinquency_contact_2000_2020,l2_logistic_regression_numpy,1,0.9000075877138272,1,True
328702,later_persistent_delinquency_contact_2000_2020,l2_logistic_regression_numpy,1,0.48160732773591547,0,False
399301,later_persistent_delinquency_contact_2000_2020,l2_logistic_regression_numpy,0,0.10764741477085407,0,True
178903,later_persistent_delinquency_contact_2000_2020,l2_logistic_regression_numpy,0,0.6871451680678224,1,False
460001,later_persistent_delinquency_contact_2000_2020,l2_logistic_regression_numpy,0,0.23080147299742135,0,True
427703,later_persistent_delinquency_contact_2000_2020,l2_logistic_regression_numpy,0,0.14698695234993323,0,True
190502,later_persistent_delinquency_contact_2000_2020,l2_logistic_regression_numpy,1,0.5954732836039921,1,True
294804,later_persistent_delinquency_contact_2000_2020,l2_logistic_regression_numpy,1,0.8265701683727422,1,True
328701,later_persistent_delinquency_contact_2000_2020,l2_logistic_regression_numpy,0,0.010225426912367464,0,True
343303,later_persistent_delinquency_contact_2000_2020,l2_logistic_regression_numpy,1,0.8932980504191607,1,True
463703,later_persistent_delinquency_contact_2000_2020,l2_logistic_regression_numpy,1,0.8397024722932113,1,True
5802,later_persistent_delinquency_contact_2000_2020,l2_logistic_regression_numpy,0,0.15986886910961515,0,True
251503,later_persistent_delinquency_contact_2000_2020,l2_logistic_regression_numpy,0,0.7643316610749542,1,False
277102,later_persistent_delinquency_contact_2000_2020,l2_logistic_regression_numpy,1,0.7641664552100962,1,True
94201,later_persistent_delinquency_contact_2000_2020,l2_logistic_regression_numpy,1,0.7866510842475255,1,True
60801,later_persistent_delinquency_contact_2000_2020,l2_logistic_regression_numpy,1,0.49240200187813404,0,False
24201,later_persistent_delinquency_contact_2000_2020,l2_logistic_regression_numpy,1,0.227334845107728,0,False
221503,later_persistent_delinquency_contact_2000_2020,l2_logistic_regression_numpy,0,0.6468468945850302,1,False
315502,later_persistent_delinquency_contact_2000_2020,l2_logistic_regression_numpy,1,0.731768834285054,1,True
144003,later_persistent_delinquency_contact_2000_2020,l2_logistic_regression_numpy,0,0.09084210983752782,0,True
252802,later_persistent_delinquency_contact_2000_2020,l2_logistic_regression_numpy,0,0.4338980292144072,0,True
43801,later_persistent_delinquency_contact_2000_2020,l2_logistic_regression_numpy,1,0.7509824796287645,1,True
27802,later_persistent_delinquency_contact_2000_2020,l2_logistic_regression_numpy,1,0.8619322671237041,1,True
271203,later_persistent_delinquency_contact_2000_2020,l2_logistic_regression_numpy,1,0.8479070090721542,1,True
119501,later_persistent_delinquency_contact_2000_2020,l2_logistic_regression_numpy,0,0.6412690708272405,1,False
139103,later_persistent_delinquency_contact_2000_2020,l2_logistic_regression_numpy,0,0.09038178869432827,0,True
297801,later_persistent_delinquency_contact_2000_2020,l2_logistic_regression_numpy,0,0.1791278761864327,0,True
140107,later_persistent_delinquency_contact_2000_2020,l2_logistic_regression_numpy,0,0.916136133824043,1,False
420801,later_persistent_delinquency_contact_2000_2020,l2_logistic_regression_numpy,1,0.8047449399201626,1,True
241602,later_persistent_delinquency_contact_2000_2020,l2_logistic_regression_numpy,1,0.854949833982324,1,True
182901,later_persistent_delinquency_contact_2000_2020,l2_logistic_regression_numpy,0,0.6147762215259239,1,False
373901,later_persistent_delinquency_contact_2000_2020,l2_logistic_regression_numpy,1,0.6217863572883274,1,True
80102,later_persistent_delinquency_contact_2000_2020,l2_logistic_regression_numpy,1,0.19661368085885103,0,False
429101,later_persistent_delinquency_contact_2000_2020,l2_logistic_regression_numpy,1,0.4727030959188252,0,False
457802,later_persistent_delinquency_contact_2000_2020,l2_logistic_regression_numpy,1,0.7017844092276314,1,True
70302,later_persistent_delinquency_contact_2000_2020,l2_logistic_regression_numpy,1,0.6384798672140396,1,True
22703,later_persistent_delinquency_contact_2000_2020,l2_logistic_regression_numpy,1,0.4362688131088996,0,False
429602,later_persistent_delinquency_contact_2000_2020,l2_logistic_regression_numpy,1,0.7454855695768989,1,True
20001,later_persistent_delinquency_contact_2000_2020,l2_logistic_regression_numpy,0,0.3946243726772813,0,True
355701,later_persistent_delinquency_contact_2000_2020,l2_logistic_regression_numpy,1,0.7387763164548109,1,True
194001,later_persistent_delinquency_contact_2000_2020,l2_logistic_regression_numpy,1,0.7960781142304565,1,True
125301,later_persistent_delinquency_contact_2000_2020,l2_logistic_regression_numpy,1,0.4964388069401391,0,False
203001,later_persistent_delinquency_contact_2000_2020,l2_logistic_regression_numpy,1,0.5313866829471118,1,True
165006,later_persistent_delinquency_contact_2000_2020,l2_logistic_regression_numpy,1,0.7965205052774821,1,True
272701,later_persistent_delinquency_contact_2000_2020,l2_logistic_regression_numpy,0,0.6184793418848934,1,False
103003,later_persistent_delinquency_contact_2000_2020,l2_logistic_regression_numpy,1,0.8111631164424589,1,True
380401,later_persistent_delinquency_contact_2000_2020,l2_logistic_regression_numpy,1,0.8014905083678806,1,True
370502,later_persistent_delinquency_contact_2000_2020,l2_logistic_regression_numpy,0,0.12543713238565388,0,True
326002,later_persistent_delinquency_contact_2000_2020,l2_logistic_regression_numpy,0,0.50130767446755,1,False
83401,later_persistent_delinquency_contact_2000_2020,l2_logistic_regression_numpy,0,0.14291347878112146,0,True
150702,later_persistent_delinquency_contact_2000_2020,l2_logistic_regression_numpy,1,0.915880946609802,1,True
345403,later_persistent_delinquency_contact_2000_2020,l2_logistic_regression_numpy,0,0.36793561942841324,0,True
463102,later_persistent_delinquency_contact_2000_2020,l2_logistic_regression_numpy,1,0.8788314289980808,1,True
423104,later_persistent_delinquency_contact_2000_2020,l2_logistic_regression_numpy,1,0.7006871922961473,1,True
33801,later_persistent_delinquency_contact_2000_2020,l2_logistic_regression_numpy,0,0.030520536056089995,0,True
15802,later_persistent_delinquency_contact_2000_2020,l2_logistic_regression_numpy,0,0.8970533054266543,1,False
407701,later_persistent_delinquency_contact_2000_2020,l2_logistic_regression_numpy,1,0.8140716807474493,1,True
322501,later_persistent_delinquency_contact_2000_2020,l2_logistic_regression_numpy,0,0.6478126378648142,1,False
104903,later_persistent_delinquency_contact_2000_2020,l2_logistic_regression_numpy,1,0.5956390885476863,1,True
81202,later_persistent_delinquency_contact_2000_2020,l2_logistic_regression_numpy,1,0.8462472217398431,1,True
497404,later_persistent_delinquency_contact_2000_2020,l2_logistic_regression_numpy,1,0.4212955469957026,0,False
116801,later_persistent_delinquency_contact_2000_2020,l2_logistic_regression_numpy,0,0.20630347113409242,0,True
191201,later_persistent_delinquency_contact_2000_2020,l2_logistic_regression_numpy,1,0.609285483707387,1,True
472701,later_persistent_delinquency_contact_2000_2020,l2_logistic_regression_numpy,0,0.13303840366852168,0,True
272302,later_persistent_delinquency_contact_2000_2020,l2_logistic_regression_numpy,1,0.7189933195817338,1,True
344704,later_persistent_delinquency_contact_2000_2020,l2_logistic_regression_numpy,1,0.7784733081122549,1,True
22901,later_persistent_delinquency_contact_2000_2020,l2_logistic_regression_numpy,1,0.8987597292995583,1,True
24904,later_persistent_delinquency_contact_2000_2020,l2_logistic_regression_numpy,1,0.6825385465370796,1,True
279201,later_persistent_delinquency_contact_2000_2020,l2_logistic_regression_numpy,0,0.0945773435603966,0,True
446502,later_persistent_delinquency_contact_2000_2020,l2_logistic_regression_numpy,1,0.594851873103391,1,True
106503,later_persistent_delinquency_contact_2000_2020,l2_logistic_regression_numpy,1,0.7028753055628986,1,True
224902,later_persistent_delinquency_contact_2000_2020,l2_logistic_regression_numpy,1,0.8238065868913647,1,True
469203,later_persistent_delinquency_contact_2000_2020,l2_logistic_regression_numpy,0,0.5868015888744724,1,False
80303,later_persistent_delinquency_contact_2000_2020,l2_logistic_regression_numpy,1,0.9101613339197931,1,True
344501,later_persistent_delinquency_contact_2000_2020,l2_logistic_regression_numpy,0,0.019213971883620846,0,True
270503,later_persistent_delinquency_contact_2000_2020,l2_logistic_regression_numpy,1,0.7370745528400071,1,True
497303,later_persistent_delinquency_contact_2000_2020,l2_logistic_regression_numpy,1,0.6904161377935948,1,True
182601,later_persistent_delinquency_contact_2000_2020,l2_logistic_regression_numpy,0,0.01592193422831478,0,True
379301,later_persistent_delinquency_contact_2000_2020,l2_logistic_regression_numpy,0,0.8022025624406521,1,False
223001,later_persistent_delinquency_contact_2000_2020,l2_logistic_regression_numpy,1,0.635401801061597,1,True
22801,later_persistent_delinquency_contact_2000_2020,l2_logistic_regression_numpy,0,0.06696592794577845,0,True
220001,later_persistent_delinquency_contact_2000_2020,l2_logistic_regression_numpy,0,0.4828146343824648,0,True
496202,later_persistent_delinquency_contact_2000_2020,l2_logistic_regression_numpy,1,0.2961123112881189,0,False
375902,later_persistent_delinquency_contact_2000_2020,l2_logistic_regression_numpy,0,0.14726385806642725,0,True
71301,later_persistent_delinquency_contact_2000_2020,l2_logistic_regression_numpy,1,0.9886165735341217,1,True
401501,later_persistent_delinquency_contact_2000_2020,l2_logistic_regression_numpy,0,0.4215007384899666,0,True
282301,later_persistent_delinquency_contact_2000_2020,l2_logistic_regression_numpy,0,0.6180527774722308,1,False
336902,later_persistent_delinquency_contact_2000_2020,l2_logistic_regression_numpy,1,0.9084045610014613,1,True
199302,later_persistent_delinquency_contact_2000_2020,l2_logistic_regression_numpy,0,0.23074382205696103,0,True
146903,later_persistent_delinquency_contact_2000_2020,l2_logistic_regression_numpy,0,0.1153084033429033,0,True
343601,later_persistent_delinquency_contact_2000_2020,l2_logistic_regression_numpy,0,0.5312225800163579,1,False
305401,later_persistent_delinquency_contact_2000_2020,l2_logistic_regression_numpy,1,0.6475205267969174,1,True
7801,later_persistent_delinquency_contact_2000_2020,l2_logistic_regression_numpy,1,0.7119931467917248,1,True
497203,later_persistent_delinquency_contact_2000_2020,l2_logistic_regression_numpy,1,0.6368760841929247,1,True
9102,later_persistent_delinquency_contact_2000_2020,l2_logistic_regression_numpy,1,0.6281790202300871,1,True
34401,later_persistent_delinquency_contact_2000_2020,l2_logistic_regression_numpy,1,0.8412867984061252,1,True
384301,later_persistent_delinquency_contact_2000_2020,l2_logistic_regression_numpy,1,0.6817880433267474,1,True
380402,later_persistent_delinquency_contact_2000_2020,l2_logistic_regression_numpy,1,0.8847720578696403,1,True
180402,later_persistent_delinquency_contact_2000_2020,l2_logistic_regression_numpy,1,0.8226865926916972,1,True
190501,later_persistent_delinquency_contact_2000_2020,l2_logistic_regression_numpy,1,0.7513594306131102,1,True
148203,later_persistent_delinquency_contact_2000_2020,l2_logistic_regression_numpy,0,0.1886256951448234,0,True
135903,later_persistent_delinquency_contact_2000_2020,l2_logistic_regression_numpy,1,0.5518596367931997,1,True
181801,later_persistent_delinquency_contact_2000_2020,l2_logistic_regression_numpy,0,0.09679369334902359,0,True
18601,later_persistent_delinquency_contact_2000_2020,l2_logistic_regression_numpy,1,0.8767878625495741,1,True
234003,later_persistent_delinquency_contact_2000_2020,l2_logistic_regression_numpy,1,0.7577130553339883,1,True
473401,later_persistent_delinquency_contact_2000_2020,l2_logistic_regression_numpy,0,0.016175058067906287,0,True
414803,later_persistent_delinquency_contact_2000_2020,l2_logistic_regression_numpy,1,0.6107568275368512,1,True
228703,later_persistent_delinquency_contact_2000_2020,l2_logistic_regression_numpy,1,0.668244757961195,1,True
273703,later_persistent_delinquency_contact_2000_2020,l2_logistic_regression_numpy,1,0.8342917680050698,1,True
295901,later_persistent_delinquency_contact_2000_2020,l2_logistic_regression_numpy,1,0.5109066943260094,1,True
306901,later_persistent_delinquency_contact_2000_2020,l2_logistic_regression_numpy,1,0.8315118484587761,1,True
42801,later_persistent_delinquency_contact_2000_2020,l2_logistic_regression_numpy,0,0.038970609530398895,0,True
236001,later_persistent_delinquency_contact_2000_2020,l2_logistic_regression_numpy,0,0.01900436982835899,0,True
14702,later_persistent_delinquency_contact_2000_2020,l2_logistic_regression_numpy,1,0.6941102657262533,1,True
339302,later_persistent_delinquency_contact_2000_2020,l2_logistic_regression_numpy,0,0.5965001606988961,1,False
55001,later_persistent_delinquency_contact_2000_2020,l2_logistic_regression_numpy,0,0.04123421634541481,0,True
397202,later_persistent_delinquency_contact_2000_2020,l2_logistic_regression_numpy,0,0.8756316848590826,1,False
202101,later_persistent_delinquency_contact_2000_2020,l2_logistic_regression_numpy,0,0.04998163566984774,0,True
412002,later_persistent_delinquency_contact_2000_2020,l2_logistic_regression_numpy,0,0.04835981946440989,0,True
210504,later_persistent_delinquency_contact_2000_2020,l2_logistic_regression_numpy,1,0.7406380480059445,1,True
269201,later_persistent_delinquency_contact_2000_2020,l2_logistic_regression_numpy,1,0.37847732570570536,0,False
320402,later_persistent_delinquency_contact_2000_2020,l2_logistic_regression_numpy,1,0.803763576374472,1,True
342304,later_persistent_delinquency_contact_2000_2020,l2_logistic_regression_numpy,0,0.611602898639141,1,False
456502,later_persistent_delinquency_contact_2000_2020,l2_logistic_regression_numpy,1,0.6048804589068757,1,True
190401,later_persistent_delinquency_contact_2000_2020,l2_logistic_regression_numpy,0,0.23048997794045442,0,True
195301,later_persistent_delinquency_contact_2000_2020,l2_logistic_regression_numpy,1,0.7595281742231049,1,True
344703,later_persistent_delinquency_contact_2000_2020,l2_logistic_regression_numpy,1,0.13556398898945052,0,False
9803,later_persistent_delinquency_contact_2000_2020,l2_logistic_regression_numpy,1,0.6532774832305809,1,True
493401,later_persistent_delinquency_contact_2000_2020,l2_logistic_regression_numpy,0,0.014456870113957805,0,True
449002,later_persistent_delinquency_contact_2000_2020,l2_logistic_regression_numpy,0,0.045278548163482125,0,True
193703,later_persistent_delinquency_contact_2000_2020,l2_logistic_regression_numpy,1,0.8073294460833217,1,True
210202,later_persistent_delinquency_contact_2000_2020,l2_logistic_regression_numpy,0,0.006054518655130029,0,True
154903,later_persistent_delinquency_contact_2000_2020,l2_logistic_regression_numpy,1,0.9731090533922295,1,True
484801,later_persistent_delinquency_contact_2000_2020,l2_logistic_regression_numpy,0,0.053429924330722356,0,True
75902,later_persistent_delinquency_contact_2000_2020,l2_logistic_regression_numpy,0,0.02978410639940049,0,True
429201,later_persistent_delinquency_contact_2000_2020,l2_logistic_regression_numpy,1,0.5227983592021375,1,True
244103,later_persistent_delinquency_contact_2000_2020,l2_logistic_regression_numpy,1,0.40621136458657964,0,False
274801,later_persistent_delinquency_contact_2000_2020,l2_logistic_regression_numpy,0,0.02481897279134638,0,True
329302,later_persistent_delinquency_contact_2000_2020,l2_logistic_regression_numpy,0,0.09459130431990188,0,True
482101,later_persistent_delinquency_contact_2000_2020,l2_logistic_regression_numpy,1,0.701169088181414,1,True
355703,later_persistent_delinquency_contact_2000_2020,l2_logistic_regression_numpy,1,0.8588535752887776,1,True
309802,later_persistent_delinquency_contact_2000_2020,l2_logistic_regression_numpy,1,0.7470047759602517,1,True
426801,later_persistent_delinquency_contact_2000_2020,l2_logistic_regression_numpy,0,0.3190826109326096,0,True
426201,later_persistent_delinquency_contact_2000_2020,l2_logistic_regression_numpy,0,0.8297897012622627,1,False
397502,later_persistent_delinquency_contact_2000_2020,l2_logistic_regression_numpy,0,0.40915144940924875,0,True
267201,later_persistent_delinquency_contact_2000_2020,l2_logistic_regression_numpy,0,0.06869529976494043,0,True
307901,later_persistent_delinquency_contact_2000_2020,l2_logistic_regression_numpy,0,0.17690749517371507,0,True
265402,later_persistent_delinquency_contact_2000_2020,l2_logistic_regression_numpy,1,0.8850790769603021,1,True
311102,later_persistent_delinquency_contact_2000_2020,l2_logistic_regression_numpy,1,0.7988762653754963,1,True
108002,later_persistent_delinquency_contact_2000_2020,l2_logistic_regression_numpy,1,0.6858360028802847,1,True
466501,later_persistent_delinquency_contact_2000_2020,l2_logistic_regression_numpy,0,0.7368647529036217,1,False
427402,later_persistent_delinquency_contact_2000_2020,l2_logistic_regression_numpy,0,0.6717031742066988,1,False
280803,later_persistent_delinquency_contact_2000_2020,l2_logistic_regression_numpy,0,0.5854466653248612,1,False
290801,later_persistent_delinquency_contact_2000_2020,l2_logistic_regression_numpy,1,0.8492516739085256,1,True
149401,later_persistent_delinquency_contact_2000_2020,l2_logistic_regression_numpy,0,0.024136423891044086,0,True
394401,later_persistent_delinquency_contact_2000_2020,l2_logistic_regression_numpy,0,0.009575307287007659,0,True
11101,later_persistent_delinquency_contact_2000_2020,l2_logistic_regression_numpy,0,0.014891972012096036,0,True
302701,later_persistent_delinquency_contact_2000_2020,l2_logistic_regression_numpy,0,0.3016594554200488,0,True
332102,later_persistent_delinquency_contact_2000_2020,l2_logistic_regression_numpy,0,0.4394605031189136,0,True
38901,later_persistent_delinquency_contact_2000_2020,l2_logistic_regression_numpy,0,0.2590607056012926,0,True
303601,later_persistent_delinquency_contact_2000_2020,l2_logistic_regression_numpy,0,0.024468304650317855,0,True
124201,later_persistent_delinquency_contact_2000_2020,l2_logistic_regression_numpy,1,0.8873162904324049,1,True
239802,later_persistent_delinquency_contact_2000_2020,l2_logistic_regression_numpy,1,0.2778379987583591,0,False
17503,later_persistent_delinquency_contact_2000_2020,l2_logistic_regression_numpy,0,0.3911717660094213,0,True
202702,later_persistent_delinquency_contact_2000_2020,l2_logistic_regression_numpy,0,0.38257286227262705,0,True
434603,later_persistent_delinquency_contact_2000_2020,l2_logistic_regression_numpy,1,0.5792205095520636,1,True
106301,later_persistent_delinquency_contact_2000_2020,l2_logistic_regression_numpy,0,0.1199322244640514,0,True
143703,later_persistent_delinquency_contact_2000_2020,l2_logistic_regression_numpy,1,0.4328506691675975,0,False
231302,later_persistent_delinquency_contact_2000_2020,l2_logistic_regression_numpy,1,0.7870401680914193,1,True
453402,later_persistent_delinquency_contact_2000_2020,l2_logistic_regression_numpy,1,0.5269596713915391,1,True
310102,later_persistent_delinquency_contact_2000_2020,l2_logistic_regression_numpy,1,0.6479056668993661,1,True
242001,later_persistent_delinquency_contact_2000_2020,l2_logistic_regression_numpy,0,0.42602534013386667,0,True
347604,later_persistent_delinquency_contact_2000_2020,l2_logistic_regression_numpy,0,0.5367585630758541,1,False
107703,later_persistent_delinquency_contact_2000_2020,l2_logistic_regression_numpy,0,0.7860589496947076,1,False
327302,later_persistent_delinquency_contact_2000_2020,l2_logistic_regression_numpy,0,0.39347365272375145,0,True
228501,later_persistent_delinquency_contact_2000_2020,l2_logistic_regression_numpy,0,0.09638854637604455,0,True
59004,later_persistent_delinquency_contact_2000_2020,l2_logistic_regression_numpy,0,0.9004233724295784,1,False
352301,later_persistent_delinquency_contact_2000_2020,l2_logistic_regression_numpy,1,0.8275036617485557,1,True
359702,later_persistent_delinquency_contact_2000_2020,l2_logistic_regression_numpy,0,0.027810527294715066,0,True
305805,later_persistent_delinquency_contact_2000_2020,l2_logistic_regression_numpy,1,0.7358159365629217,1,True
379801,later_persistent_delinquency_contact_2000_2020,l2_logistic_regression_numpy,1,0.6157039099194491,1,True
398204,later_persistent_delinquency_contact_2000_2020,l2_logistic_regression_numpy,1,0.6393990272951227,1,True
400702,later_persistent_delinquency_contact_2000_2020,l2_logistic_regression_numpy,0,0.0798357160712754,0,True
282901,later_persistent_delinquency_contact_2000_2020,l2_logistic_regression_numpy,0,0.8017711434635567,1,False
140902,later_persistent_delinquency_contact_2000_2020,l2_logistic_regression_numpy,1,0.8173509944638634,1,True
245801,later_persistent_delinquency_contact_2000_2020,l2_logistic_regression_numpy,0,0.0926107721721088,0,True
498701,later_persistent_delinquency_contact_2000_2020,l2_logistic_regression_numpy,1,0.6702175641461132,1,True
331602,later_persistent_delinquency_contact_2000_2020,l2_logistic_regression_numpy,0,0.014917779105481055,0,True
268102,later_persistent_delinquency_contact_2000_2020,l2_logistic_regression_numpy,1,0.8373353712118554,1,True
371504,later_persistent_delinquency_contact_2000_2020,l2_logistic_regression_numpy,0,0.9162569681212341,1,False
183802,later_persistent_delinquency_contact_2000_2020,l2_logistic_regression_numpy,0,0.6392246241037804,1,False
227402,later_persistent_delinquency_contact_2000_2020,l2_logistic_regression_numpy,0,0.8042747600640209,1,False
33302,later_persistent_delinquency_contact_2000_2020,l2_logistic_regression_numpy,1,0.9653998712255869,1,True
429503,later_persistent_delinquency_contact_2000_2020,l2_logistic_regression_numpy,1,0.7353604838183829,1,True
41801,later_persistent_delinquency_contact_2000_2020,l2_logistic_regression_numpy,1,0.7450623110807062,1,True
128602,later_persistent_delinquency_contact_2000_2020,l2_logistic_regression_numpy,1,0.7181647177906811,1,True
408903,later_persistent_delinquency_contact_2000_2020,l2_logistic_regression_numpy,0,0.1397471585157705,0,True
64201,later_persistent_delinquency_contact_2000_2020,l2_logistic_regression_numpy,0,0.5706011562890798,1,False
102504,later_persistent_delinquency_contact_2000_2020,l2_logistic_regression_numpy,0,0.21715563259248521,0,True
61401,later_persistent_delinquency_contact_2000_2020,l2_logistic_regression_numpy,0,0.06142520899754435,0,True
215301,later_persistent_delinquency_contact_2000_2020,l2_logistic_regression_numpy,0,0.2334692540117754,0,True
307401,later_persistent_delinquency_contact_2000_2020,l2_logistic_regression_numpy,1,0.6840902202217204,1,True
344705,later_persistent_delinquency_contact_2000_2020,l2_logistic_regression_numpy,1,0.8354741154068828,1,True
493301,later_persistent_delinquency_contact_2000_2020,l2_logistic_regression_numpy,0,0.10391704121478583,0,True
3001,later_persistent_delinquency_contact_2000_2020,l2_logistic_regression_numpy,0,0.1348045969555943,0,True
256404,later_persistent_delinquency_contact_2000_2020,l2_logistic_regression_numpy,1,0.7143372966551608,1,True
395301,later_persistent_delinquency_contact_2000_2020,l2_logistic_regression_numpy,0,0.12338536423683065,0,True
193701,later_persistent_delinquency_contact_2000_2020,l2_logistic_regression_numpy,1,0.7631868212856553,1,True
15702,later_persistent_delinquency_contact_2000_2020,l2_logistic_regression_numpy,0,0.6767364448428512,1,False
372601,later_persistent_delinquency_contact_2000_2020,l2_logistic_regression_numpy,0,0.05784076909601767,0,True
377402,later_persistent_delinquency_contact_2000_2020,l2_logistic_regression_numpy,0,0.16361527975478243,0,True
354202,later_persistent_delinquency_contact_2000_2020,l2_logistic_regression_numpy,1,0.41958446214909584,0,False
373504,later_persistent_delinquency_contact_2000_2020,l2_logistic_regression_numpy,0,0.6270366791282439,1,False
139901,later_persistent_delinquency_contact_2000_2020,l2_logistic_regression_numpy,1,0.7908894472156004,1,True
470601,later_persistent_delinquency_contact_2000_2020,l2_logistic_regression_numpy,0,0.6301893194735908,1,False
101801,later_persistent_delinquency_contact_2000_2020,l2_logistic_regression_numpy,0,0.5624963545135425,1,False
107103,later_persistent_delinquency_contact_2000_2020,l2_logistic_regression_numpy,0,0.23719459651337582,0,True
283501,later_persistent_delinquency_contact_2000_2020,l2_logistic_regression_numpy,0,0.13398839177176503,0,True
152505,later_persistent_delinquency_contact_2000_2020,l2_logistic_regression_numpy,1,0.8694781195618511,1,True
37301,later_persistent_delinquency_contact_2000_2020,l2_logistic_regression_numpy,0,0.12555766237379512,0,True
39003,later_persistent_delinquency_contact_2000_2020,l2_logistic_regression_numpy,1,0.7526560631451441,1,True
343803,later_persistent_delinquency_contact_2000_2020,l2_logistic_regression_numpy,0,0.6836248511870213,1,False
121604,later_persistent_delinquency_contact_2000_2020,l2_logistic_regression_numpy,1,0.6985406738585331,1,True
248404,later_persistent_delinquency_contact_2000_2020,l2_logistic_regression_numpy,1,0.6714277091816587,1,True
193802,later_persistent_delinquency_contact_2000_2020,l2_logistic_regression_numpy,1,0.6150171987343351,1,True
267502,later_persistent_delinquency_contact_2000_2020,l2_logistic_regression_numpy,0,0.34521620378350487,0,True
473301,later_persistent_delinquency_contact_2000_2020,l2_logistic_regression_numpy,0,0.2664174055494716,0,True
379102,later_persistent_delinquency_contact_2000_2020,l2_logistic_regression_numpy,0,0.03359928299030513,0,True
474502,later_persistent_delinquency_contact_2000_2020,l2_logistic_regression_numpy,0,0.0156380640710981,0,True
377401,later_persistent_delinquency_contact_2000_2020,l2_logistic_regression_numpy,0,0.303485454094872,0,True
354602,later_persistent_delinquency_contact_2000_2020,l2_logistic_regression_numpy,0,0.6112565003805456,1,False
280801,later_persistent_delinquency_contact_2000_2020,l2_logistic_regression_numpy,0,0.04821936377969246,0,True
454101,later_persistent_delinquency_contact_2000_2020,l2_logistic_regression_numpy,0,0.6348194384506486,1,False
85404,later_persistent_delinquency_contact_2000_2020,l2_logistic_regression_numpy,1,0.6064535200471033,1,True
93501,later_persistent_delinquency_contact_2000_2020,l2_logistic_regression_numpy,0,0.4084789014580699,0,True
361101,later_persistent_delinquency_contact_2000_2020,l2_logistic_regression_numpy,0,0.08776784728681182,0,True
225301,later_persistent_delinquency_contact_2000_2020,l2_logistic_regression_numpy,0,0.5565965984997683,1,False
111201,later_persistent_delinquency_contact_2000_2020,l2_logistic_regression_numpy,0,0.27861510096628767,0,True
205701,later_persistent_delinquency_contact_2000_2020,l2_logistic_regression_numpy,1,0.9554199265904931,1,True
95302,later_persistent_delinquency_contact_2000_2020,l2_logistic_regression_numpy,1,0.3731330012404939,0,False
332201,later_persistent_delinquency_contact_2000_2020,l2_logistic_regression_numpy,1,0.6991558385342853,1,True
433901,later_persistent_delinquency_contact_2000_2020,l2_logistic_regression_numpy,1,0.47583900339952595,0,False
409201,later_persistent_delinquency_contact_2000_2020,l2_logistic_regression_numpy,1,0.49980506365352967,0,False
494801,later_persistent_delinquency_contact_2000_2020,l2_logistic_regression_numpy,0,0.2358446018943914,0,True
385901,later_persistent_delinquency_contact_2000_2020,l2_logistic_regression_numpy,1,0.8438558537107446,1,True
136102,later_persistent_delinquency_contact_2000_2020,l2_logistic_regression_numpy,1,0.5524198153745555,1,True
130603,later_persistent_delinquency_contact_2000_2020,l2_logistic_regression_numpy,1,0.8467426672228078,1,True
457002,later_persistent_delinquency_contact_2000_2020,l2_logistic_regression_numpy,0,0.48934911579721213,0,True
226708,later_persistent_delinquency_contact_2000_2020,l2_logistic_regression_numpy,1,0.723259256351686,1,True
45201,later_persistent_delinquency_contact_2000_2020,l2_logistic_regression_numpy,1,0.7516708941342749,1,True
42301,later_persistent_delinquency_contact_2000_2020,l2_logistic_regression_numpy,1,0.47991081242546263,0,False
497305,later_persistent_delinquency_contact_2000_2020,l2_logistic_regression_numpy,1,0.913539561364812,1,True
430602,later_persistent_delinquency_contact_2000_2020,l2_logistic_regression_numpy,0,0.5437099278436934,1,False
422301,later_persistent_delinquency_contact_2000_2020,l2_logistic_regression_numpy,1,0.59146036958966,1,True
94002,later_persistent_delinquency_contact_2000_2020,l2_logistic_regression_numpy,0,0.7283648210939021,1,False
239401,later_persistent_delinquency_contact_2000_2020,l2_logistic_regression_numpy,0,0.06522764549867117,0,True
167501,later_persistent_delinquency_contact_2000_2020,l2_logistic_regression_numpy,1,0.828240265709742,1,True
66501,later_persistent_delinquency_contact_2000_2020,l2_logistic_regression_numpy,1,0.5574122218956672,1,True
65601,later_persistent_delinquency_contact_2000_2020,l2_logistic_regression_numpy,1,0.7595855988363781,1,True
308101,later_persistent_delinquency_contact_2000_2020,l2_logistic_regression_numpy,0,0.2583825158247332,0,True
97802,later_persistent_delinquency_contact_2000_2020,l2_logistic_regression_numpy,1,0.5088043141145095,1,True
497402,later_persistent_delinquency_contact_2000_2020,l2_logistic_regression_numpy,0,0.16564937991301856,0,True
348102,later_persistent_delinquency_contact_2000_2020,l2_logistic_regression_numpy,0,0.1107288045922631,0,True
182401,later_persistent_delinquency_contact_2000_2020,l2_logistic_regression_numpy,0,0.07532819755629228,0,True
345103,later_persistent_delinquency_contact_2000_2020,l2_logistic_regression_numpy,1,0.544800101470737,1,True
28501,later_persistent_delinquency_contact_2000_2020,l2_logistic_regression_numpy,0,0.08068043429363314,0,True
471401,later_persistent_delinquency_contact_2000_2020,l2_logistic_regression_numpy,0,0.20305637336227408,0,True
372901,later_persistent_delinquency_contact_2000_2020,l2_logistic_regression_numpy,0,0.09810576656697438,0,True
27203,later_persistent_delinquency_contact_2000_2020,l2_logistic_regression_numpy,1,0.8915530762904272,1,True
200201,later_persistent_delinquency_contact_2000_2020,l2_logistic_regression_numpy,0,0.161490877475924,0,True
343802,later_persistent_delinquency_contact_2000_2020,l2_logistic_regression_numpy,1,0.570838264262645,1,True
272901,later_persistent_delinquency_contact_2000_2020,l2_logistic_regression_numpy,0,0.7370320987583282,1,False
363502,later_persistent_delinquency_contact_2000_2020,l2_logistic_regression_numpy,0,0.022960357565478637,0,True
131301,later_persistent_delinquency_contact_2000_2020,l2_logistic_regression_numpy,0,0.0600561005269665,0,True
137502,later_persistent_delinquency_contact_2000_2020,l2_logistic_regression_numpy,1,0.7529960551698512,1,True
89501,later_persistent_delinquency_contact_2000_2020,l2_logistic_regression_numpy,0,0.6092648196828099,1,False
131302,later_persistent_delinquency_contact_2000_2020,l2_logistic_regression_numpy,1,0.6562066321078766,1,True
88902,later_persistent_delinquency_contact_2000_2020,l2_logistic_regression_numpy,0,0.5928938781047344,1,False
259101,later_persistent_delinquency_contact_2000_2020,l2_logistic_regression_numpy,0,0.12830388145647126,0,True
254901,later_persistent_delinquency_contact_2000_2020,l2_logistic_regression_numpy,1,0.43649160416750216,0,False
391401,later_persistent_delinquency_contact_2000_2020,l2_logistic_regression_numpy,0,0.09643291708747787,0,True
148202,later_persistent_delinquency_contact_2000_2020,l2_logistic_regression_numpy,0,0.019281119999202397,0,True
118702,later_persistent_delinquency_contact_2000_2020,l2_logistic_regression_numpy,1,0.8449935481004529,1,True
432501,later_persistent_delinquency_contact_2000_2020,l2_logistic_regression_numpy,1,0.49496446208836453,0,False
164002,later_persistent_delinquency_contact_2000_2020,l2_logistic_regression_numpy,0,0.9383233584978992,1,False
55803,later_persistent_delinquency_contact_2000_2020,l2_logistic_regression_numpy,1,0.5295862506981253,1,True
269202,later_persistent_delinquency_contact_2000_2020,l2_logistic_regression_numpy,1,0.7206542994597596,1,True
303505,later_persistent_delinquency_contact_2000_2020,l2_logistic_regression_numpy,1,0.6618652826928845,1,True
459002,later_persistent_delinquency_contact_2000_2020,l2_logistic_regression_numpy,1,0.6083330562466204,1,True
399502,later_persistent_delinquency_contact_2000_2020,l2_logistic_regression_numpy,0,0.05787846450548898,0,True
115501,later_persistent_delinquency_contact_2000_2020,l2_logistic_regression_numpy,0,0.20328824198536805,0,True
475703,later_persistent_delinquency_contact_2000_2020,l2_logistic_regression_numpy,0,0.7477671628942715,1,False
225001,later_persistent_delinquency_contact_2000_2020,l2_logistic_regression_numpy,1,0.42552771884931184,0,False
334101,later_persistent_delinquency_contact_2000_2020,l2_logistic_regression_numpy,1,0.5201534174579244,1,True
98101,later_persistent_delinquency_contact_2000_2020,l2_logistic_regression_numpy,1,0.8657720919423405,1,True
16502,later_persistent_delinquency_contact_2000_2020,l2_logistic_regression_numpy,1,0.8211682246682159,1,True
360602,later_persistent_delinquency_contact_2000_2020,l2_logistic_regression_numpy,1,0.14613959487387826,0,False
144004,later_persistent_delinquency_contact_2000_2020,l2_logistic_regression_numpy,1,0.5995754824358934,1,True
270502,later_persistent_delinquency_contact_2000_2020,l2_logistic_regression_numpy,0,0.12431541648391375,0,True
422701,later_persistent_delinquency_contact_2000_2020,l2_logistic_regression_numpy,1,0.7543604565635472,1,True
281402,later_persistent_delinquency_contact_2000_2020,l2_logistic_regression_numpy,0,0.5183010410035486,1,False
302502,later_persistent_delinquency_contact_2000_2020,l2_logistic_regression_numpy,0,0.3689795732637709,0,True
330602,later_persistent_delinquency_contact_2000_2020,l2_logistic_regression_numpy,0,0.04774923372584853,0,True
316202,later_persistent_delinquency_contact_2000_2020,l2_logistic_regression_numpy,1,0.9064847412447554,1,True
461401,later_persistent_delinquency_contact_2000_2020,l2_logistic_regression_numpy,0,0.48969673183164575,0,True
355102,later_persistent_delinquency_contact_2000_2020,l2_logistic_regression_numpy,0,0.6674670578064087,1,False
167403,later_persistent_delinquency_contact_2000_2020,l2_logistic_regression_numpy,0,0.6039159080415705,1,False
149102,later_persistent_delinquency_contact_2000_2020,l2_logistic_regression_numpy,0,0.24180465809828214,0,True
356502,later_persistent_delinquency_contact_2000_2020,l2_logistic_regression_numpy,0,0.598299335085616,1,False
190402,later_persistent_delinquency_contact_2000_2020,l2_logistic_regression_numpy,0,0.5711933345158418,1,False
178503,later_persistent_delinquency_contact_2000_2020,l2_logistic_regression_numpy,1,0.8809651857593671,1,True
455102,later_persistent_delinquency_contact_2000_2020,l2_logistic_regression_numpy,1,0.7855157745680893,1,True
448102,later_persistent_delinquency_contact_2000_2020,l2_logistic_regression_numpy,1,0.578871731668568,1,True
53301,later_persistent_delinquency_contact_2000_2020,l2_logistic_regression_numpy,1,0.6884037073685426,1,True
80101,later_persistent_delinquency_contact_2000_2020,l2_logistic_regression_numpy,0,0.02200206904119612,0,True
23603,later_persistent_delinquency_contact_2000_2020,l2_logistic_regression_numpy,0,0.5994589746563914,1,False
454403,later_persistent_delinquency_contact_2000_2020,l2_logistic_regression_numpy,0,0.5697693713769431,1,False
61904,later_persistent_delinquency_contact_2000_2020,l2_logistic_regression_numpy,0,0.11999682514263521,0,True
121301,later_persistent_delinquency_contact_2000_2020,l2_logistic_regression_numpy,0,0.12459092675185286,0,True
175802,later_persistent_delinquency_contact_2000_2020,l2_logistic_regression_numpy,1,0.5946346286346826,1,True
448302,later_persistent_delinquency_contact_2000_2020,l2_logistic_regression_numpy,0,0.05863925390939485,0,True
437601,later_persistent_delinquency_contact_2000_2020,l2_logistic_regression_numpy,0,0.006177484199370199,0,True
478302,later_persistent_delinquency_contact_2000_2020,l2_logistic_regression_numpy,1,0.5488286562975269,1,True
295201,later_persistent_delinquency_contact_2000_2020,l2_logistic_regression_numpy,1,0.8450877745572535,1,True
322101,later_persistent_delinquency_contact_2000_2020,l2_logistic_regression_numpy,0,0.6672065193723404,1,False
20302,later_persistent_delinquency_contact_2000_2020,l2_logistic_regression_numpy,0,0.4817699276573584,0,True
449001,later_persistent_delinquency_contact_2000_2020,l2_logistic_regression_numpy,0,0.06808615913550024,0,True
392102,later_persistent_delinquency_contact_2000_2020,l2_logistic_regression_numpy,1,0.8537916353157347,1,True
274201,later_persistent_delinquency_contact_2000_2020,l2_logistic_regression_numpy,0,0.014917614925310447,0,True
243602,later_persistent_delinquency_contact_2000_2020,l2_logistic_regression_numpy,0,0.07152140511377103,0,True
4902,later_persistent_delinquency_contact_2000_2020,l2_logistic_regression_numpy,1,0.7596871166387673,1,True
73304,later_persistent_delinquency_contact_2000_2020,l2_logistic_regression_numpy,1,0.7853248133130061,1,True
379403,later_persistent_delinquency_contact_2000_2020,l2_logistic_regression_numpy,0,0.5725648336713248,1,False
221502,later_persistent_delinquency_contact_2000_2020,l2_logistic_regression_numpy,0,0.7399517835175906,1,False
97501,later_persistent_delinquency_contact_2000_2020,l2_logistic_regression_numpy,0,0.3295338908498662,0,True
390802,later_persistent_delinquency_contact_2000_2020,l2_logistic_regression_numpy,0,0.5676785596464198,1,False
343007,later_persistent_delinquency_contact_2000_2020,l2_logistic_regression_numpy,0,0.7375021841476792,1,False
51401,later_persistent_delinquency_contact_2000_2020,l2_logistic_regression_numpy,1,0.30637655181798534,0,False
151903,later_persistent_delinquency_contact_2000_2020,l2_logistic_regression_numpy,1,0.7854243154130223,1,True
311801,later_persistent_delinquency_contact_2000_2020,l2_logistic_regression_numpy,1,0.6310078423444838,1,True
213201,later_persistent_delinquency_contact_2000_2020,l2_logistic_regression_numpy,1,0.3784880497993648,0,False
488002,later_persistent_delinquency_contact_2000_2020,l2_logistic_regression_numpy,1,0.6669009279845357,1,True
156603,later_persistent_delinquency_contact_2000_2020,l2_logistic_regression_numpy,1,0.11184734077659485,0,False
317802,later_persistent_delinquency_contact_2000_2020,l2_logistic_regression_numpy,0,0.641172912482272,1,False
372902,later_persistent_delinquency_contact_2000_2020,l2_logistic_regression_numpy,1,0.0881213520675987,0,False
14001,later_persistent_delinquency_contact_2000_2020,l2_logistic_regression_numpy,1,0.7105610389176803,1,True
9701,later_persistent_delinquency_contact_2000_2020,l2_logistic_regression_numpy,1,0.813809083704111,1,True
4303,later_persistent_delinquency_contact_2000_2020,l2_logistic_regression_numpy,1,0.4803754701004201,0,False
122803,later_persistent_delinquency_contact_2000_2020,l2_logistic_regression_numpy,1,0.6972579682094855,1,True
306601,later_persistent_delinquency_contact_2000_2020,l2_logistic_regression_numpy,1,0.23809261155606848,0,False
156605,later_persistent_delinquency_contact_2000_2020,l2_logistic_regression_numpy,1,0.7618221603475073,1,True
3003,later_persistent_delinquency_contact_2000_2020,l2_logistic_regression_numpy,1,0.806413195705913,1,True
222402,later_persistent_delinquency_contact_2000_2020,l2_logistic_regression_numpy,1,0.48136440311450734,0,False
179901,later_persistent_delinquency_contact_2000_2020,l2_logistic_regression_numpy,0,0.5750441889416223,1,False
245901,later_persistent_delinquency_contact_2000_2020,l2_logistic_regression_numpy,0,0.1839983602363969,0,True
357602,later_persistent_delinquency_contact_2000_2020,l2_logistic_regression_numpy,1,0.8869069312808038,1,True
269901,later_persistent_delinquency_contact_2000_2020,l2_logistic_regression_numpy,0,0.35752574861633707,0,True
82802,later_persistent_delinquency_contact_2000_2020,l2_logistic_regression_numpy,1,0.8271826251832904,1,True
116005,later_persistent_delinquency_contact_2000_2020,l2_logistic_regression_numpy,1,0.7836050606114533,1,True
108201,later_persistent_delinquency_contact_2000_2020,l2_logistic_regression_numpy,1,0.8145299203786365,1,True
164904,later_persistent_delinquency_contact_2000_2020,l2_logistic_regression_numpy,1,0.705910240727822,1,True
166101,later_persistent_delinquency_contact_2000_2020,l2_logistic_regression_numpy,1,0.30991448264827004,0,False
439601,later_persistent_delinquency_contact_2000_2020,l2_logistic_regression_numpy,0,0.0321869960776724,0,True
163803,later_persistent_delinquency_contact_2000_2020,l2_logistic_regression_numpy,0,0.3625442063174023,0,True
73601,later_persistent_delinquency_contact_2000_2020,l2_logistic_regression_numpy,0,0.07362438759502203,0,True
464103,later_persistent_delinquency_contact_2000_2020,l2_logistic_regression_numpy,1,0.6873409806684584,1,True
353203,later_persistent_delinquency_contact_2000_2020,l2_logistic_regression_numpy,1,0.8067775339019779,1,True
425401,later_persistent_delinquency_contact_2000_2020,l2_logistic_regression_numpy,1,0.8942807697593641,1,True
143502,later_persistent_delinquency_contact_2000_2020,l2_logistic_regression_numpy,1,0.8181924258275058,1,True
408901,later_persistent_delinquency_contact_2000_2020,l2_logistic_regression_numpy,1,0.283228156501451,0,False
183801,later_persistent_delinquency_contact_2000_2020,l2_logistic_regression_numpy,0,0.009330857698536131,0,True
302104,later_persistent_delinquency_contact_2000_2020,l2_logistic_regression_numpy,0,0.5327811053680941,1,False
221402,later_persistent_delinquency_contact_2000_2020,l2_logistic_regression_numpy,1,0.7593029885070822,1,True
165004,later_persistent_delinquency_contact_2000_2020,l2_logistic_regression_numpy,1,0.6634315723237291,1,True
362402,later_persistent_delinquency_contact_2000_2020,l2_logistic_regression_numpy,1,0.6940807494558829,1,True
273902,later_persistent_delinquency_contact_2000_2020,l2_logistic_regression_numpy,1,0.5067940594324201,1,True
310701,later_persistent_delinquency_contact_2000_2020,l2_logistic_regression_numpy,1,0.9160997327843821,1,True
376902,later_persistent_delinquency_contact_2000_2020,l2_logistic_regression_numpy,0,0.14745103957923786,0,True
163401,later_persistent_delinquency_contact_2000_2020,l2_logistic_regression_numpy,1,0.8751909716148368,1,True
405101,later_persistent_delinquency_contact_2000_2020,l2_logistic_regression_numpy,1,0.9159200180787882,1,True
28803,later_persistent_delinquency_contact_2000_2020,l2_logistic_regression_numpy,1,0.7284619627633113,1,True
305402,later_persistent_delinquency_contact_2000_2020,l2_logistic_regression_numpy,0,0.6352273289627517,1,False
461801,later_persistent_delinquency_contact_2000_2020,l2_logistic_regression_numpy,1,0.11562956843478342,0,False
144302,later_persistent_delinquency_contact_2000_2020,l2_logistic_regression_numpy,0,0.1548125084525603,0,True
369704,later_persistent_delinquency_contact_2000_2020,l2_logistic_regression_numpy,1,0.7325796270953568,1,True
328703,later_persistent_delinquency_contact_2000_2020,l2_logistic_regression_numpy,1,0.6226140933855578,1,True
453801,later_persistent_delinquency_contact_2000_2020,l2_logistic_regression_numpy,0,0.16232490323307527,0,True
149502,later_persistent_delinquency_contact_2000_2020,l2_logistic_regression_numpy,0,0.01375500947430143,0,True
55802,later_persistent_delinquency_contact_2000_2020,l2_logistic_regression_numpy,1,0.7220580872830413,1,True
476601,later_persistent_delinquency_contact_2000_2020,l2_logistic_regression_numpy,1,0.8732689374718826,1,True
274301,later_persistent_delinquency_contact_2000_2020,l2_logistic_regression_numpy,0,0.03259307025002891,0,True
255803,later_persistent_delinquency_contact_2000_2020,l2_logistic_regression_numpy,1,0.6474994269596093,1,True
9602,later_persistent_delinquency_contact_2000_2020,l2_logistic_regression_numpy,1,0.8904418658414045,1,True
499002,later_persistent_delinquency_contact_2000_2020,l2_logistic_regression_numpy,1,0.6673625986128906,1,True
18801,later_persistent_delinquency_contact_2000_2020,l2_logistic_regression_numpy,0,0.36902849658049414,0,True
486501,later_persistent_delinquency_contact_2000_2020,l2_logistic_regression_numpy,1,0.633855487358055,1,True
41401,later_persistent_delinquency_contact_2000_2020,l2_logistic_regression_numpy,0,0.39920163741351433,0,True
466203,later_persistent_delinquency_contact_2000_2020,l2_logistic_regression_numpy,1,0.670872431326756,1,True
391902,later_persistent_delinquency_contact_2000_2020,l2_logistic_regression_numpy,0,0.8438279783333762,1,False
354401,later_persistent_delinquency_contact_2000_2020,l2_logistic_regression_numpy,0,0.3389808339536191,0,True
175404,later_persistent_delinquency_contact_2000_2020,l2_logistic_regression_numpy,1,0.9575543485976789,1,True
116302,later_persistent_delinquency_contact_2000_2020,l2_logistic_regression_numpy,1,0.9268823020311969,1,True
117701,later_persistent_delinquency_contact_2000_2020,l2_logistic_regression_numpy,1,0.8752554712603771,1,True
186801,later_persistent_delinquency_contact_2000_2020,l2_logistic_regression_numpy,0,0.047122494939086275,0,True
80305,later_persistent_delinquency_contact_2000_2020,l2_logistic_regression_numpy,1,0.6318803800696382,1,True
493801,later_persistent_delinquency_contact_2000_2020,l2_logistic_regression_numpy,0,0.07737763663977047,0,True
221201,later_persistent_delinquency_contact_2000_2020,l2_logistic_regression_numpy,1,0.5586093196578674,1,True
15904,later_persistent_delinquency_contact_2000_2020,l2_logistic_regression_numpy,0,0.595145276001999,1,False
479002,later_persistent_delinquency_contact_2000_2020,l2_logistic_regression_numpy,0,0.46955926696305383,0,True
397701,later_persistent_delinquency_contact_2000_2020,l2_logistic_regression_numpy,0,0.5404510253767606,1,False
497401,later_persistent_delinquency_contact_2000_2020,l2_logistic_regression_numpy,0,0.1467752889389791,0,True
240501,later_persistent_delinquency_contact_2000_2020,l2_logistic_regression_numpy,1,0.13418869687691484,0,False
396204,later_persistent_delinquency_contact_2000_2020,l2_logistic_regression_numpy,1,0.861638093427265,1,True
264502,later_persistent_delinquency_contact_2000_2020,l2_logistic_regression_numpy,0,0.6781170299165629,1,False
32101,later_persistent_delinquency_contact_2000_2020,l2_logistic_regression_numpy,1,0.9518279337950242,1,True
428002,later_persistent_delinquency_contact_2000_2020,l2_logistic_regression_numpy,0,0.09136059534379641,0,True
319006,later_persistent_delinquency_contact_2000_2020,l2_logistic_regression_numpy,1,0.6738441363219295,1,True
287702,later_persistent_delinquency_contact_2000_2020,l2_logistic_regression_numpy,1,0.5939850137757889,1,True
64801,later_persistent_delinquency_contact_2000_2020,l2_logistic_regression_numpy,1,0.10749442150136491,0,False
360601,later_persistent_delinquency_contact_2000_2020,l2_logistic_regression_numpy,0,0.31134239420223564,0,True
445101,later_persistent_delinquency_contact_2000_2020,l2_logistic_regression_numpy,0,0.691607439480912,1,False
206301,later_persistent_delinquency_contact_2000_2020,l2_logistic_regression_numpy,0,0.04374106967396656,0,True
27502,later_persistent_delinquency_contact_2000_2020,l2_logistic_regression_numpy,1,0.889179149422222,1,True
42503,later_persistent_delinquency_contact_2000_2020,l2_logistic_regression_numpy,0,0.24743932260183044,0,True
358401,later_persistent_delinquency_contact_2000_2020,l2_logistic_regression_numpy,1,0.16287346525513033,0,False
181603,later_persistent_delinquency_contact_2000_2020,l2_logistic_regression_numpy,1,0.30943236933019147,0,False
290001,later_persistent_delinquency_contact_2000_2020,l2_logistic_regression_numpy,1,0.9004698404841992,1,True
397504,later_persistent_delinquency_contact_2000_2020,l2_logistic_regression_numpy,0,0.6338482701313091,1,False
248301,later_persistent_delinquency_contact_2000_2020,l2_logistic_regression_numpy,0,0.1460775413027065,0,True
442801,later_persistent_delinquency_contact_2000_2020,l2_logistic_regression_numpy,1,0.9543646352204294,1,True
123401,later_persistent_delinquency_contact_2000_2020,l2_logistic_regression_numpy,1,0.7621832046240329,1,True
40503,later_persistent_delinquency_contact_2000_2020,l2_logistic_regression_numpy,0,0.48980979302896716,0,True
25803,later_persistent_delinquency_contact_2000_2020,l2_logistic_regression_numpy,0,0.07216550560902715,0,True
178601,later_persistent_delinquency_contact_2000_2020,l2_logistic_regression_numpy,0,0.07736495736137466,0,True
379002,later_persistent_delinquency_contact_2000_2020,l2_logistic_regression_numpy,1,0.7570884160562407,1,True
122502,later_persistent_delinquency_contact_2000_2020,l2_logistic_regression_numpy,1,0.21734281102031336,0,False
430801,later_persistent_delinquency_contact_2000_2020,l2_logistic_regression_numpy,0,0.46986145705684057,0,True
167504,later_persistent_delinquency_contact_2000_2020,l2_logistic_regression_numpy,1,0.575852611464702,1,True
165005,later_persistent_delinquency_contact_2000_2020,l2_logistic_regression_numpy,1,0.7321949049745099,1,True
351401,later_persistent_delinquency_contact_2000_2020,l2_logistic_regression_numpy,0,0.7619887420514766,1,False
331506,later_persistent_delinquency_contact_2000_2020,l2_logistic_regression_numpy,0,0.6779078368032961,1,False
258501,later_persistent_delinquency_contact_2000_2020,l2_logistic_regression_numpy,0,0.6210290271685737,1,False
119101,later_persistent_delinquency_contact_2000_2020,l2_logistic_regression_numpy,0,0.108694241647791,0,True
398801,later_persistent_delinquency_contact_2000_2020,l2_logistic_regression_numpy,0,0.07368067090632822,0,True
357301,later_persistent_delinquency_contact_2000_2020,l2_logistic_regression_numpy,0,0.4310912866549158,0,True
74402,later_persistent_delinquency_contact_2000_2020,l2_logistic_regression_numpy,1,0.5809756416194795,1,True
458101,later_persistent_delinquency_contact_2000_2020,l2_logistic_regression_numpy,0,0.08397404102981083,0,True
229602,later_persistent_delinquency_contact_2000_2020,l2_logistic_regression_numpy,1,0.595692676179821,1,True
371503,later_persistent_delinquency_contact_2000_2020,l2_logistic_regression_numpy,0,0.9002453334971839,1,False
47401,later_persistent_delinquency_contact_2000_2020,l2_logistic_regression_numpy,1,0.7386261948974435,1,True
43101,later_persistent_delinquency_contact_2000_2020,l2_logistic_regression_numpy,1,0.8796318304550524,1,True
249902,later_persistent_delinquency_contact_2000_2020,l2_logistic_regression_numpy,0,0.09557286148847766,0,True
295902,later_persistent_delinquency_contact_2000_2020,l2_logistic_regression_numpy,0,0.6383954630763158,1,False
330303,later_persistent_delinquency_contact_2000_2020,l2_logistic_regression_numpy,1,0.621357664970357,1,True
380901,later_persistent_delinquency_contact_2000_2020,l2_logistic_regression_numpy,0,0.6268102545707245,1,False
387601,later_persistent_delinquency_contact_2000_2020,l2_logistic_regression_numpy,0,0.6356178520287245,1,False
458201,later_persistent_delinquency_contact_2000_2020,l2_logistic_regression_numpy,0,0.3131556684055652,0,True
318201,later_persistent_delinquency_contact_2000_2020,l2_logistic_regression_numpy,1,0.6576859596586334,1,True
391502,later_persistent_delinquency_contact_2000_2020,l2_logistic_regression_numpy,1,0.6240473826343523,1,True
207201,later_persistent_delinquency_contact_2000_2020,l2_logistic_regression_numpy,1,0.4089667284315078,0,False
324301,later_persistent_delinquency_contact_2000_2020,l2_logistic_regression_numpy,0,0.3320249292254679,0,True
24503,later_persistent_delinquency_contact_2000_2020,l2_logistic_regression_numpy,1,0.662260759378278,1,True
405702,later_persistent_delinquency_contact_2000_2020,l2_logistic_regression_numpy,0,0.6432631527138302,1,False
471701,later_persistent_delinquency_contact_2000_2020,l2_logistic_regression_numpy,1,0.879507137497473,1,True
379103,later_persistent_delinquency_contact_2000_2020,l2_logistic_regression_numpy,1,0.6483177739857436,1,True
498801,later_persistent_delinquency_contact_2000_2020,l2_logistic_regression_numpy,0,0.6066486316907893,1,False
115802,later_persistent_delinquency_contact_2000_2020,l2_logistic_regression_numpy,1,0.6408962760218114,1,True
441601,later_persistent_delinquency_contact_2000_2020,l2_logistic_regression_numpy,0,0.08580382530579808,0,True
144303,later_persistent_delinquency_contact_2000_2020,l2_logistic_regression_numpy,1,0.6065759261714112,1,True
39102,later_persistent_delinquency_contact_2000_2020,l2_logistic_regression_numpy,1,0.7537056505810987,1,True
136601,later_persistent_delinquency_contact_2000_2020,l2_logistic_regression_numpy,1,0.5413873946039742,1,True
436801,later_persistent_delinquency_contact_2000_2020,l2_logistic_regression_numpy,1,0.530462250933195,1,True
38802,later_persistent_delinquency_contact_2000_2020,l2_logistic_regression_numpy,1,0.9081182579228909,1,True
479004,later_persistent_delinquency_contact_2000_2020,l2_logistic_regression_numpy,0,0.7008463558426904,1,False
243301,later_persistent_delinquency_contact_2000_2020,l2_logistic_regression_numpy,1,0.8602594021589669,1,True
361301,later_persistent_delinquency_contact_2000_2020,l2_logistic_regression_numpy,1,0.7524867425607566,1,True
278101,later_persistent_delinquency_contact_2000_2020,l2_logistic_regression_numpy,0,0.004206943061523433,0,True
19702,later_persistent_delinquency_contact_2000_2020,l2_logistic_regression_numpy,1,0.8891005849462408,1,True
9902,later_persistent_delinquency_contact_2000_2020,l2_logistic_regression_numpy,1,0.7587994209248394,1,True
394803,later_persistent_delinquency_contact_2000_2020,l2_logistic_regression_numpy,0,0.18084401029316974,0,True
22803,later_persistent_delinquency_contact_2000_2020,l2_logistic_regression_numpy,1,0.9261144661940567,1,True
346703,later_persistent_delinquency_contact_2000_2020,l2_logistic_regression_numpy,1,0.6661201381662024,1,True
71202,later_persistent_delinquency_contact_2000_2020,l2_logistic_regression_numpy,1,0.7476996412045804,1,True
421402,later_persistent_delinquency_contact_2000_2020,l2_logistic_regression_numpy,1,0.515126382237809,1,True
209402,later_persistent_delinquency_contact_2000_2020,l2_logistic_regression_numpy,0,0.07631138340148914,0,True
274401,later_persistent_delinquency_contact_2000_2020,l2_logistic_regression_numpy,1,0.6245541117154819,1,True
270601,later_persistent_delinquency_contact_2000_2020,l2_logistic_regression_numpy,1,0.8506344307296305,1,True
6103,later_persistent_delinquency_contact_2000_2020,l2_logistic_regression_numpy,1,0.6956263998828112,1,True
401502,later_persistent_delinquency_contact_2000_2020,l2_logistic_regression_numpy,0,0.6969606094679335,1,False
62202,later_persistent_delinquency_contact_2000_2020,l2_logistic_regression_numpy,1,0.7358371836466541,1,True
79204,later_persistent_delinquency_contact_2000_2020,l2_logistic_regression_numpy,1,0.590528313388312,1,True
397501,later_persistent_delinquency_contact_2000_2020,l2_logistic_regression_numpy,0,0.46742433235992314,0,True
217903,later_persistent_delinquency_contact_2000_2020,l2_logistic_regression_numpy,0,0.049748263593142966,0,True
33501,later_persistent_delinquency_contact_2000_2020,l2_logistic_regression_numpy,1,0.6904041020606522,1,True
9101,later_persistent_delinquency_contact_2000_2020,l2_logistic_regression_numpy,0,0.6011888234259993,1,False
215501,later_persistent_delinquency_contact_2000_2020,l2_logistic_regression_numpy,1,0.6304122302946746,1,True
303501,later_persistent_delinquency_contact_2000_2020,l2_logistic_regression_numpy,0,0.014036462336110767,0,True
83603,later_persistent_delinquency_contact_2000_2020,l2_logistic_regression_numpy,1,0.921847679955289,1,True
240803,later_persistent_delinquency_contact_2000_2020,l2_logistic_regression_numpy,1,0.5886272674381711,1,True
175101,later_persistent_delinquency_contact_2000_2020,l2_logistic_regression_numpy,0,0.07094077153637421,0,True
47801,later_persistent_delinquency_contact_2000_2020,l2_logistic_regression_numpy,0,0.3103942897423101,0,True
241204,later_persistent_delinquency_contact_2000_2020,l2_logistic_regression_numpy,0,0.6412314771651569,1,False
226205,later_persistent_delinquency_contact_2000_2020,l2_logistic_regression_numpy,0,0.21629002963568597,0,True
52202,later_persistent_delinquency_contact_2000_2020,l2_logistic_regression_numpy,0,0.5543140681179805,1,False
379804,later_persistent_delinquency_contact_2000_2020,l2_logistic_regression_numpy,1,0.8644741727972957,1,True
142304,later_persistent_delinquency_contact_2000_2020,l2_logistic_regression_numpy,0,0.11191551380726557,0,True
312202,later_persistent_delinquency_contact_2000_2020,l2_logistic_regression_numpy,1,0.7265978333162443,1,True
485201,later_persistent_delinquency_contact_2000_2020,l2_logistic_regression_numpy,0,0.025461916216058075,0,True
266902,later_persistent_delinquency_contact_2000_2020,l2_logistic_regression_numpy,0,0.8709689781863408,1,False
434101,later_persistent_delinquency_contact_2000_2020,l2_logistic_regression_numpy,0,0.30588867571551526,0,True
404903,later_persistent_delinquency_contact_2000_2020,l2_logistic_regression_numpy,0,0.8135335461577285,1,False
83001,later_persistent_delinquency_contact_2000_2020,l2_logistic_regression_numpy,0,0.14816684792876078,0,True
479601,later_persistent_delinquency_contact_2000_2020,l2_logistic_regression_numpy,0,0.9390208844072236,1,False
342301,later_persistent_delinquency_contact_2000_2020,l2_logistic_regression_numpy,1,0.5960569096459422,1,True
118901,later_persistent_delinquency_contact_2000_2020,l2_logistic_regression_numpy,0,0.18037310409859078,0,True
167602,later_persistent_delinquency_contact_2000_2020,l2_logistic_regression_numpy,1,0.8360283391477844,1,True
155102,later_persistent_delinquency_contact_2000_2020,l2_logistic_regression_numpy,0,0.053548826460529705,0,True
392301,later_persistent_delinquency_contact_2000_2020,l2_logistic_regression_numpy,1,0.8268250980081537,1,True
439602,later_persistent_delinquency_contact_2000_2020,l2_logistic_regression_numpy,0,0.5997426989207514,1,False
115702,later_persistent_delinquency_contact_2000_2020,l2_logistic_regression_numpy,1,0.6936484738033504,1,True
335501,later_persistent_delinquency_contact_2000_2020,l2_logistic_regression_numpy,1,0.28955384553816294,0,False
465701,later_persistent_delinquency_contact_2000_2020,l2_logistic_regression_numpy,0,0.373630123831976,0,True
478502,later_persistent_delinquency_contact_2000_2020,l2_logistic_regression_numpy,1,0.6748663395389791,1,True
115801,later_persistent_delinquency_contact_2000_2020,l2_logistic_regression_numpy,1,0.4735626921753574,0,False
140001,later_persistent_delinquency_contact_2000_2020,l2_logistic_regression_numpy,0,0.38421149447342956,0,True
458403,later_persistent_delinquency_contact_2000_2020,l2_logistic_regression_numpy,0,0.5498812503663694,1,False
130602,later_persistent_delinquency_contact_2000_2020,l2_logistic_regression_numpy,1,0.7748518283108009,1,True
399302,later_persistent_delinquency_contact_2000_2020,l2_logistic_regression_numpy,0,0.4578430288845102,0,True
466402,later_persistent_delinquency_contact_2000_2020,l2_logistic_regression_numpy,1,0.6573881311663514,1,True
311302,later_persistent_delinquency_contact_2000_2020,l2_logistic_regression_numpy,0,0.016865571739634426,0,True
141002,later_persistent_delinquency_contact_2000_2020,l2_logistic_regression_numpy,0,0.7942322109610808,1,False
229901,later_persistent_delinquency_contact_2000_2020,l2_logistic_regression_numpy,0,0.2401407025335371,0,True
85602,later_persistent_delinquency_contact_2000_2020,l2_logistic_regression_numpy,1,0.48521987913361303,0,False
198601,later_persistent_delinquency_contact_2000_2020,l2_logistic_regression_numpy,0,0.610449933691071,1,False
374401,later_persistent_delinquency_contact_2000_2020,l2_logistic_regression_numpy,0,0.37543966856357897,0,True
103401,later_persistent_delinquency_contact_2000_2020,l2_logistic_regression_numpy,1,0.051890101227254834,0,False
52201,later_persistent_delinquency_contact_2000_2020,l2_logistic_regression_numpy,0,0.35709682518086194,0,True
187602,later_persistent_delinquency_contact_2000_2020,l2_logistic_regression_numpy,0,0.2366000336195637,0,True
267001,later_persistent_delinquency_contact_2000_2020,l2_logistic_regression_numpy,0,0.06856559077647265,0,True
103601,later_persistent_delinquency_contact_2000_2020,l2_logistic_regression_numpy,0,0.5047533032376202,1,False
101901,later_persistent_delinquency_contact_2000_2020,l2_logistic_regression_numpy,1,0.5724397166322781,1,True
62103,later_persistent_delinquency_contact_2000_2020,l2_logistic_regression_numpy,1,0.8892115250116485,1,True
274002,later_persistent_delinquency_contact_2000_2020,l2_logistic_regression_numpy,0,0.5923001286314223,1,False
335001,later_persistent_delinquency_contact_2000_2020,l2_logistic_regression_numpy,1,0.7615333450106909,1,True
290803,later_persistent_delinquency_contact_2000_2020,l2_logistic_regression_numpy,1,0.5533879101875483,1,True
438301,later_persistent_delinquency_contact_2000_2020,l2_logistic_regression_numpy,1,0.08879803293819807,0,False
8601,later_persistent_delinquency_contact_2000_2020,l2_logistic_regression_numpy,0,0.03579683042730187,0,True
50303,later_persistent_delinquency_contact_2000_2020,l2_logistic_regression_numpy,0,0.5980455074279302,1,False
378701,later_persistent_delinquency_contact_2000_2020,l2_logistic_regression_numpy,1,0.20214500991104284,0,False
84201,later_persistent_delinquency_contact_2000_2020,l2_logistic_regression_numpy,0,0.016443060569129232,0,True
380601,later_persistent_delinquency_contact_2000_2020,l2_logistic_regression_numpy,1,0.8251705518980688,1,True
419402,later_persistent_delinquency_contact_2000_2020,l2_logistic_regression_numpy,0,0.09131090009067058,0,True
200401,later_persistent_delinquency_contact_2000_2020,l2_logistic_regression_numpy,1,0.4598805820983402,0,False
143503,later_persistent_delinquency_contact_2000_2020,l2_logistic_regression_numpy,1,0.803734292043896,1,True
476302,later_persistent_delinquency_contact_2000_2020,l2_logistic_regression_numpy,0,0.02878663878438374,0,True
210205,later_persistent_delinquency_contact_2000_2020,l2_logistic_regression_numpy,1,0.8129152837593879,1,True
190603,later_persistent_delinquency_contact_2000_2020,l2_logistic_regression_numpy,0,0.5049836049905925,1,False
127902,later_persistent_delinquency_contact_2000_2020,l2_logistic_regression_numpy,1,0.6239928638168878,1,True
219302,later_persistent_delinquency_contact_2000_2020,l2_logistic_regression_numpy,0,0.023077382458107656,0,True
331504,later_persistent_delinquency_contact_2000_2020,l2_logistic_regression_numpy,0,0.05622793776056961,0,True
381701,later_persistent_delinquency_contact_2000_2020,l2_logistic_regression_numpy,1,0.6152833718857731,1,True
135201,later_persistent_delinquency_contact_2000_2020,l2_logistic_regression_numpy,0,0.09067236054492915,0,True
268101,later_persistent_delinquency_contact_2000_2020,l2_logistic_regression_numpy,1,0.8377664322431502,1,True
215402,later_persistent_delinquency_contact_2000_2020,l2_logistic_regression_numpy,0,0.700509528588696,1,False
93503,later_persistent_delinquency_contact_2000_2020,l2_logistic_regression_numpy,1,0.9013858981913083,1,True
4304,later_persistent_delinquency_contact_2000_2020,l2_logistic_regression_numpy,0,0.5742666493265614,1,False
159802,later_persistent_delinquency_contact_2000_2020,l2_logistic_regression_numpy,1,0.6828480969446484,1,True
240401,later_persistent_delinquency_contact_2000_2020,l2_logistic_regression_numpy,0,0.4480211136132252,0,True
236002,later_persistent_delinquency_contact_2000_2020,l2_logistic_regression_numpy,0,0.1758479816514895,0,True
316402,later_persistent_delinquency_contact_2000_2020,l2_logistic_regression_numpy,1,0.7143729201153364,1,True
217403,later_persistent_delinquency_contact_2000_2020,l2_logistic_regression_numpy,1,0.5384822527284663,1,True
365201,later_persistent_delinquency_contact_2000_2020,l2_logistic_regression_numpy,0,0.1564324791244016,0,True
366302,later_persistent_delinquency_contact_2000_2020,l2_logistic_regression_numpy,0,0.8590168035605439,1,False
113002,later_persistent_delinquency_contact_2000_2020,l2_logistic_regression_numpy,1,0.6775596547152957,1,True
334201,later_persistent_delinquency_contact_2000_2020,l2_logistic_regression_numpy,1,0.7855254967954239,1,True
489302,later_persistent_delinquency_contact_2000_2020,l2_logistic_regression_numpy,1,0.5708607951024564,1,True
452801,later_persistent_delinquency_contact_2000_2020,l2_logistic_regression_numpy,1,0.5694673291494239,1,True
358601,later_persistent_delinquency_contact_2000_2020,l2_logistic_regression_numpy,1,0.9712101139222201,1,True
336001,later_persistent_delinquency_contact_2000_2020,l2_logistic_regression_numpy,1,0.7398088543120904,1,True
96701,later_persistent_delinquency_contact_2000_2020,l2_logistic_regression_numpy,1,0.8684279928254508,1,True
211202,later_persistent_delinquency_contact_2000_2020,l2_logistic_regression_numpy,0,0.02246460260343034,0,True
81402,later_persistent_delinquency_contact_2000_2020,l2_logistic_regression_numpy,1,0.263052255538678,0,False
364804,later_persistent_delinquency_contact_2000_2020,l2_logistic_regression_numpy,0,0.17509125822483296,0,True
54601,later_persistent_delinquency_contact_2000_2020,l2_logistic_regression_numpy,0,0.09145327754770609,0,True
145103,later_persistent_delinquency_contact_2000_2020,l2_logistic_regression_numpy,0,0.6550530454796367,1,False
437902,later_persistent_delinquency_contact_2000_2020,l2_logistic_regression_numpy,1,0.825064474635791,1,True
306902,later_persistent_delinquency_contact_2000_2020,l2_logistic_regression_numpy,1,0.8617280408567314,1,True
31402,later_persistent_delinquency_contact_2000_2020,l2_logistic_regression_numpy,0,0.07120948510456322,0,True
118102,later_persistent_delinquency_contact_2000_2020,l2_logistic_regression_numpy,0,0.7059886897135513,1,False
290802,later_persistent_delinquency_contact_2000_2020,l2_logistic_regression_numpy,1,0.9079587506623668,1,True
65702,later_persistent_delinquency_contact_2000_2020,l2_logistic_regression_numpy,1,0.6317682938824939,1,True
92303,later_persistent_delinquency_contact_2000_2020,l2_logistic_regression_numpy,1,0.8943551374869473,1,True
284103,later_persistent_delinquency_contact_2000_2020,l2_logistic_regression_numpy,1,0.7892467983781862,1,True
392401,later_persistent_delinquency_contact_2000_2020,l2_logistic_regression_numpy,0,0.6938526359406763,1,False
144201,later_persistent_delinquency_contact_2000_2020,l2_logistic_regression_numpy,1,0.8986890060005949,1,True
195402,later_persistent_delinquency_contact_2000_2020,l2_logistic_regression_numpy,1,0.8264705147778177,1,True
287701,later_persistent_delinquency_contact_2000_2020,l2_logistic_regression_numpy,1,0.8622066986552462,1,True
139102,later_persistent_delinquency_contact_2000_2020,l2_logistic_regression_numpy,0,0.022623043784181684,0,True
315503,later_persistent_delinquency_contact_2000_2020,l2_logistic_regression_numpy,1,0.8334040948943192,1,True
364803,later_persistent_delinquency_contact_2000_2020,l2_logistic_regression_numpy,1,0.24674853712636327,0,False
209803,later_persistent_delinquency_contact_2000_2020,l2_logistic_regression_numpy,1,0.629016903769164,1,True
347501,later_persistent_delinquency_contact_2000_2020,l2_logistic_regression_numpy,1,0.07398368416354413,0,False
314501,later_persistent_delinquency_contact_2000_2020,l2_logistic_regression_numpy,1,0.7807229146099753,1,True
110802,later_persistent_delinquency_contact_2000_2020,l2_logistic_regression_numpy,1,0.6157292961045946,1,True
473302,later_persistent_delinquency_contact_2000_2020,l2_logistic_regression_numpy,0,0.04111145799893178,0,True
85501,later_persistent_delinquency_contact_2000_2020,l2_logistic_regression_numpy,0,0.20674516529470507,0,True
425403,later_persistent_delinquency_contact_2000_2020,l2_logistic_regression_numpy,1,0.7352437240179145,1,True
144602,later_persistent_delinquency_contact_2000_2020,l2_logistic_regression_numpy,1,0.8686769930954096,1,True
331601,later_persistent_delinquency_contact_2000_2020,l2_logistic_regression_numpy,0,0.15468977424984232,0,True
170401,later_persistent_delinquency_contact_2000_2020,l2_logistic_regression_numpy,0,0.26973826392552874,0,True
266203,later_persistent_delinquency_contact_2000_2020,l2_logistic_regression_numpy,1,0.35933167571054,0,False
227102,later_persistent_delinquency_contact_2000_2020,l2_logistic_regression_numpy,1,0.7942978674646584,1,True
6202,later_persistent_delinquency_contact_2000_2020,l2_logistic_regression_numpy,1,0.5644049408230319,1,True
111703,later_persistent_delinquency_contact_2000_2020,l2_logistic_regression_numpy,1,0.796640609560466,1,True
141101,later_persistent_delinquency_contact_2000_2020,l2_logistic_regression_numpy,1,0.36264992702597776,0,False
220601,later_persistent_delinquency_contact_2000_2020,l2_logistic_regression_numpy,0,0.060839934474951445,0,True
91202,later_persistent_delinquency_contact_2000_2020,l2_logistic_regression_numpy,1,0.7302209057277762,1,True
183901,later_persistent_delinquency_contact_2000_2020,l2_logistic_regression_numpy,1,0.6022921938801862,1,True
166202,later_persistent_delinquency_contact_2000_2020,l2_logistic_regression_numpy,1,0.5629536609611373,1,True
114101,later_persistent_delinquency_contact_2000_2020,l2_logistic_regression_numpy,1,0.7777740583315199,1,True
482001,later_persistent_delinquency_contact_2000_2020,l2_logistic_regression_numpy,0,0.5647996830270646,1,False
367903,later_persistent_delinquency_contact_2000_2020,l2_logistic_regression_numpy,1,0.7244311362109653,1,True
381401,later_persistent_delinquency_contact_2000_2020,l2_logistic_regression_numpy,0,0.5209913638138244,1,False
211902,later_persistent_delinquency_contact_2000_2020,l2_logistic_regression_numpy,0,0.13099387385881603,0,True
319002,later_persistent_delinquency_contact_2000_2020,l2_logistic_regression_numpy,0,0.8942938193677027,1,False
320401,later_persistent_delinquency_contact_2000_2020,l2_logistic_regression_numpy,1,0.6671727401487781,1,True
340702,later_persistent_delinquency_contact_2000_2020,l2_logistic_regression_numpy,0,0.07247803312360629,0,True
319801,later_persistent_delinquency_contact_2000_2020,l2_logistic_regression_numpy,0,0.0596955344181222,0,True
383602,later_persistent_delinquency_contact_2000_2020,l2_logistic_regression_numpy,1,0.5316224762896917,1,True
207601,later_persistent_delinquency_contact_2000_2020,l2_logistic_regression_numpy,0,0.018230087389100987,0,True
87601,later_persistent_delinquency_contact_2000_2020,l2_logistic_regression_numpy,0,0.46004602793679983,0,True
295903,later_persistent_delinquency_contact_2000_2020,l2_logistic_regression_numpy,0,0.60166379989442,1,False
304602,later_persistent_delinquency_contact_2000_2020,l2_logistic_regression_numpy,1,0.04818992051184024,0,False
149301,later_persistent_delinquency_contact_2000_2020,l2_logistic_regression_numpy,0,0.08465699738884429,0,True
212502,later_persistent_delinquency_contact_2000_2020,l2_logistic_regression_numpy,1,0.7124489751898603,1,True
240804,later_persistent_delinquency_contact_2000_2020,l2_logistic_regression_numpy,0,0.6241132833276233,1,False
10001,later_persistent_delinquency_contact_2000_2020,l2_logistic_regression_numpy,0,0.37174843321472334,0,True
110102,later_persistent_delinquency_contact_2000_2020,l2_logistic_regression_numpy,0,0.7418889745575965,1,False
413204,later_persistent_delinquency_contact_2000_2020,l2_logistic_regression_numpy,1,0.8116129508489074,1,True
275701,later_persistent_delinquency_contact_2000_2020,l2_logistic_regression_numpy,0,0.08954778269806078,0,True
159603,later_persistent_delinquency_contact_2000_2020,l2_logistic_regression_numpy,0,0.004392194888054892,0,True
11102,later_persistent_delinquency_contact_2000_2020,l2_logistic_regression_numpy,0,0.06827237281031477,0,True
401902,later_persistent_delinquency_contact_2000_2020,l2_logistic_regression_numpy,0,0.5082139366661929,1,False
170405,later_persistent_delinquency_contact_2000_2020,l2_logistic_regression_numpy,1,0.8247610840523775,1,True
448801,later_persistent_delinquency_contact_2000_2020,l2_logistic_regression_numpy,1,0.6590105568860378,1,True
294903,later_persistent_delinquency_contact_2000_2020,l2_logistic_regression_numpy,1,0.8453586828751161,1,True
356602,later_persistent_delinquency_contact_2000_2020,l2_logistic_regression_numpy,0,0.44658582527671115,0,True
258001,later_persistent_delinquency_contact_2000_2020,l2_logistic_regression_numpy,1,0.4423749521774617,0,False
235502,later_persistent_delinquency_contact_2000_2020,l2_logistic_regression_numpy,1,0.8777264946186216,1,True
215502,later_persistent_delinquency_contact_2000_2020,l2_logistic_regression_numpy,0,0.5777913871338592,1,False
324302,later_persistent_delinquency_contact_2000_2020,l2_logistic_regression_numpy,1,0.6137458417922201,1,True
132401,later_persistent_delinquency_contact_2000_2020,l2_logistic_regression_numpy,0,0.4629482079205249,0,True
